time,angle,velocity,torque,control
0.000000,-0.375563,0.004396,-0.092308,0.000000
0.010000,-0.375563,-0.004396,0.246757,0.000000
0.020000,-0.375563,-0.004396,0.077945,0.000000
0.030000,-0.375563,-0.004396,-0.126421,0.000000
0.040000,-0.375563,-0.004396,0.045973,0.000000
0.050000,-0.375563,-0.015649,-0.397565,0.000000
0.060000,-0.375563,-0.017692,0.149254,0.000000
0.070000,-0.375563,-0.013187,0.196933,0.000000
0.080000,-0.375563,0.000914,-0.175147,0.000000
0.090000,-0.375563,-0.006280,0.345080,0.000000
0.100000,-0.375563,0.002750,0.453954,0.000000
0.110000,-0.375563,-0.000030,0.032459,0.000000
0.120000,-0.375563,-0.011425,0.430711,0.000000
0.130000,-0.375563,-0.004396,-0.295283,0.000000
0.140000,-0.375563,-0.013187,-0.177398,0.000000
0.150000,-0.375563,-0.004396,-0.303816,0.000000
0.160000,-0.375563,-0.008534,-0.155707,0.000000
0.170000,-0.375563,-0.004396,-0.155188,0.000000
0.180000,-0.375563,-0.013187,-0.194407,0.000000
0.190000,-0.375563,-0.004396,-0.140378,0.000000
0.200000,-0.375563,-0.004396,0.692018,0.000000
0.210000,-0.375563,0.004396,0.666978,0.000000
0.220000,-0.375563,-0.004396,0.274175,0.000000
0.230000,-0.375563,0.003176,0.105109,0.000000
0.240000,-0.375563,-0.004396,0.207665,0.000000
0.250000,-0.375563,-0.004396,-0.243413,0.000000
0.260000,-0.375563,-0.001353,0.274575,0.000000
0.270000,-0.375563,-0.013187,-0.012627,0.000000
0.280000,-0.375563,-0.005802,-0.798757,0.000000
0.290000,-0.375563,-0.008918,-0.150309,0.000000
0.300000,-0.375563,-0.004396,-0.030769,0.000000
0.310000,-0.375563,-0.004396,0.216949,0.000000
0.320000,-0.375563,-0.000787,0.150627,0.000000
0.330000,-0.375563,-0.004396,-0.209061,0.000000
0.340000,-0.375563,-0.004396,0.335680,0.000000
0.350000,-0.375563,0.002174,0.121438,0.000000
0.360000,-0.375563,-0.006518,-0.170810,0.000000
0.370000,-0.375563,-0.004396,0.276923,0.000000
0.380000,-0.375563,-0.004396,0.512344,0.000000
0.390000,-0.375563,-0.007726,-0.070867,0.000000
0.400000,-0.375563,-0.011652,0.022949,0.000000
0.410000,-0.375563,-0.004396,0.083351,0.000000
0.420000,-0.375563,0.000940,0.063492,0.000000
0.430000,-0.375563,-0.004396,0.273928,0.000000
0.440000,-0.375563,-0.013187,-0.024159,0.000000
0.450000,-0.375563,-0.011001,0.186065,0.000000
0.460000,-0.375563,-0.009669,-0.560181,0.000000
0.470000,-0.375563,-0.004396,-0.172619,0.000000
0.480000,-0.375563,-0.010198,0.276923,0.000000
0.490000,-0.375563,-0.001682,-0.338462,0.000000
0.500000,-0.375563,-0.004396,-0.030769,0.000000
0.510000,-0.375563,0.003575,0.482885,0.000000
0.520000,-0.375563,-0.001450,-0.133879,0.000000
0.530000,-0.375563,-0.004396,0.206703,0.000000
0.540000,-0.375563,0.004396,-0.046443,0.000000
0.550000,-0.375563,0.003983,0.271150,0.000000
0.560000,-0.375563,-0.004396,0.276923,0.000000
0.570000,-0.375563,0.004086,0.268255,0.000000
0.580000,-0.375563,-0.004396,-0.030769,0.000000
0.590000,-0.375563,0.000375,-0.255905,0.000000
0.600000,-0.375563,-0.005137,-0.481574,0.000000
0.610000,-0.375563,-0.004396,-0.277450,0.000000
0.620000,-0.375563,-0.001917,0.676255,0.000000
0.630000,-0.375563,-0.001166,0.086019,0.000000
0.640000,-0.375563,-0.008421,0.369522,0.000000
0.650000,-0.375563,-0.004396,0.066389,0.000000
0.660000,-0.375563,-0.004396,0.278382,0.000000
0.670000,-0.375563,-0.008932,-0.207359,0.000000
0.680000,-0.375563,0.004396,0.039578,0.000000
0.690000,-0.375563,-0.004396,0.276923,0.000000
0.700000,-0.375563,-0.004396,0.483057,0.000000
0.710000,-0.375563,-0.005145,-0.004536,0.000000
0.720000,-0.375563,-0.004396,-0.047343,0.000000
0.730000,-0.375563,-0.007542,0.997891,0.000000
0.740000,-0.375563,-0.004396,0.057682,0.000000
0.750000,-0.375563,-0.013004,0.096145,0.000000
0.760000,-0.375563,-0.009131,-0.092308,0.000000
0.770000,-0.375563,0.001784,-0.210482,0.000000
0.780000,-0.375563,-0.004396,0.243637,0.000000
0.790000,-0.375563,-0.010970,0.276923,0.000000
0.800000,-0.375563,-0.000805,0.083653,0.000000
0.810000,-0.375563,-0.007791,0.831393,0.000000
0.820000,-0.375563,-0.004396,0.276737,0.000000
0.830000,-0.375563,-0.013047,0.030769,0.000000
0.840000,-0.375563,0.001405,-0.013607,0.000000
0.850000,-0.375563,0.003088,0.135536,0.000000
0.860000,-0.375563,-0.004396,0.014541,0.000000
0.870000,-0.375563,-0.004396,-0.443153,0.000000
0.880000,-0.375563,-0.009793,-0.100924,0.000000
0.890000,-0.375563,-0.004062,0.345466,0.000000
0.900000,-0.375563,0.000903,0.151378,0.000000
0.910000,-0.375563,-0.004396,0.135636,0.000000
0.920000,-0.375563,0.004396,0.040091,0.000000
0.930000,-0.375563,-0.012585,0.321604,0.000000
0.940000,-0.375563,-0.004396,0.078993,0.000000
0.950000,-0.375563,-0.004396,0.088170,0.000000
0.960000,-0.375563,-0.013005,0.269294,0.000000
0.970000,-0.375563,-0.004396,-0.164581,0.000000
0.980000,-0.375563,-0.004396,0.276923,0.000000
0.990000,-0.375563,-0.005714,-0.049206,0.000000
1.000000,-0.375563,-0.004579,-0.512830,0.000000
1.010000,-0.375563,-0.004396,0.652401,0.000000
1.020000,-0.375563,-0.000423,0.025282,0.000000
1.030000,-0.375563,-0.007281,-0.267766,0.000000
1.040000,-0.375563,-0.005702,-0.216621,0.000000
1.050000,-0.375563,-0.004396,0.285150,0.000000
1.060000,-0.375563,0.003563,0.432391,0.000000
1.070000,-0.375563,-0.004396,-0.253647,0.000000
1.080000,-0.375563,-0.001414,0.070897,0.000000
1.090000,-0.375563,-0.004396,-0.236550,0.000000
1.100000,-0.375563,-0.004396,-0.536905,0.000000
1.110000,-0.375563,-0.000220,0.056913,0.000000
1.120000,-0.375563,-0.003254,0.062731,0.000000
1.130000,-0.375563,-0.013187,0.046492,0.000000
1.140000,-0.375563,-0.002592,-0.338462,0.000000
1.150000,-0.375563,-0.007319,-0.030769,0.000000
1.160000,-0.375563,-0.004396,0.107542,0.000000
1.170000,-0.375563,-0.011349,-0.351323,0.000000
1.180000,-0.375563,-0.005289,0.000506,0.000000
1.190000,-0.375563,-0.004396,0.347465,0.000000
1.200000,-0.375563,-0.004396,0.062441,0.000000
1.210000,-0.375563,0.000574,-0.750692,0.000000
1.220000,-0.375563,-0.010024,0.065277,0.000000
1.230000,-0.375563,-0.006302,0.355273,0.000000
1.240000,-0.375563,-0.010309,0.378749,0.000000
1.250000,-0.375563,-0.007845,-0.360255,0.000000
1.260000,-0.375563,-0.009226,0.221471,0.000000
1.270000,-0.375563,-0.007068,0.068179,0.000000
1.280000,-0.375563,0.001755,0.535246,0.000000
1.290000,-0.375563,0.003172,-0.347030,0.000000
1.300000,-0.375563,0.000941,0.004434,0.000000
1.310000,-0.375563,-0.003943,-0.073317,0.000000
1.320000,-0.375563,0.002867,-0.092308,0.000000
1.330000,-0.375563,-0.004396,-0.030769,0.000000
1.340000,-0.375563,-0.004396,-0.085286,0.000000
1.350000,-0.375563,0.000609,0.301610,0.000000
1.360000,-0.375563,-0.000318,0.164599,0.000000
1.370000,-0.375563,-0.004396,0.314923,0.000000
1.380000,-0.375563,-0.004396,0.117888,0.000000
1.390000,-0.375563,0.002529,-0.194695,0.000000
1.400000,-0.375563,-0.001155,-0.105353,0.000000
1.410000,-0.375563,-0.007762,0.537488,0.000000
1.420000,-0.375563,0.004396,0.107514,0.000000
1.430000,-0.375563,-0.003880,0.034380,0.000000
1.440000,-0.375563,-0.005275,0.061530,0.000000
1.450000,-0.375563,0.004172,0.396874,0.000000
1.460000,-0.375563,-0.013187,-0.163450,0.000000
1.470000,-0.375563,-0.012006,-0.190585,0.000000
1.480000,-0.375563,-0.002501,-0.449636,0.000000
1.490000,-0.375563,-0.009171,0.220701,0.000000
1.500000,-0.375563,-0.004137,-0.030769,0.000000
1.510000,-0.375563,-0.005313,-0.066628,0.000000
1.520000,-0.375563,-0.005237,0.242211,0.000000
1.530000,-0.375563,-0.004396,-0.030769,0.000000
1.540000,-0.375563,-0.004396,-0.328298,0.000000
1.550000,-0.375563,-0.011905,-0.433318,0.000000
1.560000,-0.375563,0.004396,0.236189,0.000000
1.570000,-0.375563,-0.012042,0.169869,0.000000
1.580000,-0.375563,-0.004396,0.210098,0.000000
1.590000,-0.375563,0.002191,0.169281,0.000000
1.600000,-0.375563,-0.004396,-0.163860,0.000000
1.610000,-0.375563,-0.004396,-0.106534,0.000000
1.620000,-0.375563,-0.004396,0.276923,0.000000
1.630000,-0.375563,-0.004396,-0.214335,0.000000
1.640000,-0.375563,-0.003375,0.262637,0.000000
1.650000,-0.375563,0.003222,-0.215385,0.000000
1.660000,-0.375563,-0.003653,0.110075,0.000000
1.670000,-0.375563,-0.004396,-0.355002,0.000000
1.680000,-0.375563,-0.006252,-0.257083,0.000000
1.690000,-0.375563,-0.004396,0.003326,0.000000
1.700000,-0.375563,-0.004396,0.338983,0.000000
1.710000,-0.375563,0.002618,-0.141406,0.000000
1.720000,-0.375563,-0.013187,0.351340,0.000000
1.730000,-0.375563,0.002937,0.153846,0.000000
1.740000,-0.375563,0.004090,-0.385040,0.000000
1.750000,-0.375563,-0.003341,0.190768,0.000000
1.760000,-0.375563,-0.004396,0.043801,0.000000
1.770000,-0.375563,-0.012542,-0.066897,0.000000
1.780000,-0.375563,-0.004396,0.057428,0.000000
1.790000,-0.375563,0.003982,0.454301,0.000000
1.800000,-0.375563,-0.007814,0.454733,0.000000
1.810000,-0.375563,-0.004396,0.058089,0.000000
1.820000,-0.375563,-0.004396,0.347182,0.000000
1.830000,-0.375563,0.004396,-0.030769,0.000000
1.840000,-0.375563,-0.004396,-0.301029,0.000000
1.850000,-0.375563,-0.004396,-0.258478,0.000000
1.860000,-0.375563,-0.010804,-0.005746,0.000000
1.870000,-0.375563,-0.002925,0.174436,0.000000
1.880000,-0.375563,-0.008514,-0.011390,0.000000
1.890000,-0.375563,0.004045,0.304083,0.000000
1.900000,-0.375563,-0.004396,0.138948,0.000000
1.910000,-0.375563,-0.008033,0.281167,0.000000
1.920000,-0.375563,0.004396,0.202509,0.000000
1.930000,-0.375563,-0.008351,0.429250,0.000000
1.940000,-0.375563,0.001098,-0.246133,0.000000
1.950000,-0.375563,-0.007667,-0.030769,0.000000
1.960000,-0.375563,0.002096,-0.298216,0.000000
1.970000,-0.375563,-0.004919,0.001833,0.000000
1.980000,-0.375563,0.003686,0.141982,0.000000
1.990000,-0.375563,-0.004396,0.052588,0.000000
2.000000,-0.375563,-0.004396,-0.275787,0.000000
2.010000,-0.375563,-0.006404,0.466834,0.000000
2.020000,-0.375563,-0.005903,0.030769,0.000000
2.030000,-0.375563,-0.006471,0.204289,0.000000
2.040000,-0.375563,-0.004396,-0.051787,0.000000
2.050000,-0.375563,-0.012531,0.039945,0.000000
2.060000,-0.375563,-0.011897,-0.206355,0.000000
2.070000,-0.375563,-0.012268,0.244772,0.000000
2.080000,-0.375563,-0.005490,0.076991,0.000000
2.090000,-0.375563,-0.012577,-0.096576,0.000000
2.100000,-0.375563,-0.012607,-0.387177,0.000000
2.110000,-0.375563,-0.004396,-0.337905,0.000000
2.120000,-0.375563,-0.004396,-0.048645,0.000000
2.130000,-0.375563,-0.004958,0.206072,0.000000
2.140000,-0.375563,-0.007263,-0.013320,0.000000
2.150000,-0.375563,-0.002610,0.200952,0.000000
2.160000,-0.375563,-0.015238,0.041036,0.000000
2.170000,-0.375563,-0.004396,0.132720,0.000000
2.180000,-0.375563,-0.013908,0.087259,0.000000
2.190000,-0.375563,-0.004396,0.672267,0.000000
2.200000,-0.375563,-0.001424,-0.419080,0.000000
2.210000,-0.375563,-0.007138,-0.011572,0.000000
2.220000,-0.375563,-0.011815,-0.105831,0.000000
2.230000,-0.375563,0.002079,-0.224934,0.000000
2.240000,-0.375563,-0.004396,0.465547,0.000000
2.250000,-0.375563,0.005980,-0.117531,0.000000
2.260000,-0.375563,-0.008092,0.202114,0.000000
2.270000,-0.375563,-0.004396,0.065847,0.000000
2.280000,-0.375563,-0.004396,0.050235,0.000000
2.290000,-0.375563,0.000085,-0.247934,0.000000
2.300000,-0.375563,-0.012327,0.127041,0.000000
2.310000,-0.375563,-0.004396,0.202144,0.000000
2.320000,-0.375563,-0.003505,-0.110219,0.000000
2.330000,-0.375563,0.003821,0.117673,0.000000
2.340000,-0.375563,-0.011329,-0.008248,0.000000
2.350000,-0.375563,0.004396,-0.205024,0.000000
2.360000,-0.375563,-0.004396,-0.218979,0.000000
2.370000,-0.375563,-0.004396,-0.077538,0.000000
2.380000,-0.375563,-0.004396,0.011156,0.000000
2.390000,-0.375563,-0.004396,0.265144,0.000000
2.400000,-0.375563,-0.013187,0.332753,0.000000
2.410000,-0.375563,-0.004396,0.249200,0.000000
2.420000,-0.375563,-0.004396,-0.007731,0.000000
2.430000,-0.375563,-0.007074,0.298319,0.000000
2.440000,-0.375563,-0.006651,-0.201202,0.000000
2.450000,-0.375563,0.004247,0.096985,0.000000
2.460000,-0.375563,-0.010915,0.372351,0.000000
2.470000,-0.375563,-0.004396,-0.619663,0.000000
2.480000,-0.375563,0.004396,-0.113729,0.000000
2.490000,-0.375563,-0.004396,0.494683,0.000000
2.500000,-0.375563,0.003704,0.252732,0.000000
2.510000,-0.375563,-0.011429,-0.104624,0.000000
2.520000,-0.375563,-0.004396,-0.263256,0.000000
2.530000,-0.375563,0.004327,0.522120,0.000000
2.540000,-0.375563,-0.004396,-0.733667,0.000000
2.550000,-0.375563,-0.002995,-0.338462,0.000000
2.560000,-0.375563,-0.008779,0.216247,0.000000
2.570000,-0.375563,-0.004396,0.502241,0.000000
2.580000,-0.375563,0.000540,-0.131170,0.000000
2.590000,-0.375563,-0.004396,-0.022863,0.000000
2.600000,-0.375563,-0.004396,0.334437,0.000000
2.610000,-0.375563,0.001782,-0.067363,0.000000
2.620000,-0.375563,-0.003509,-0.246427,0.000000
2.630000,-0.375563,-0.013187,-0.336366,0.000000
2.640000,-0.375563,-0.004396,-0.299983,0.000000
2.650000,-0.375563,-0.013187,0.063051,0.000000
2.660000,-0.375563,0.003526,1.256100,0.000000
2.670000,-0.375563,-0.010250,-0.132910,0.000000
2.680000,-0.375563,-0.010630,-0.175122,0.000000
2.690000,-0.375563,-0.010197,0.235059,0.000000
2.700000,-0.375563,-0.004396,0.219951,0.000000
2.710000,-0.375563,-0.004396,0.452800,0.000000
2.720000,-0.375563,-0.009477,0.224990,0.000000
2.730000,-0.375563,-0.004396,-0.158692,0.000000
2.740000,-0.375563,-0.004396,0.043739,0.000000
2.750000,-0.375563,-0.007981,-0.320240,0.000000
2.760000,-0.375563,-0.004396,0.074925,0.000000
2.770000,-0.375563,-0.004396,-0.268565,0.000000
2.780000,-0.375563,0.000055,0.307305,0.000000
2.790000,-0.375563,0.001982,0.666593,0.000000
2.800000,-0.375563,-0.012796,1.153533,0.000000
2.810000,-0.375563,-0.004396,-0.030769,0.000000
2.820000,-0.375563,-0.004396,0.228020,0.000000
2.830000,-0.375563,-0.004396,0.078006,0.000000
2.840000,-0.375563,-0.002973,0.411760,0.000000
2.850000,-0.375563,-0.001373,0.236544,0.000000
2.860000,-0.375563,0.002870,-0.081628,0.000000
2.870000,-0.375563,-0.007920,0.006934,0.000000
2.880000,-0.375563,-0.007039,0.467565,0.000000
2.890000,-0.375563,-0.004396,0.088933,0.000000
2.900000,-0.375563,0.002953,0.206246,0.000000
2.910000,-0.375563,0.001261,0.135661,0.000000
2.920000,-0.375563,-0.004396,0.187955,0.000000
2.930000,-0.375563,-0.008330,-0.026001,0.000000
2.940000,-0.375563,-0.004396,-0.479891,0.000000
2.950000,-0.375563,-0.008227,0.008697,0.000000
2.960000,-0.375563,-0.004396,0.201469,0.000000
2.970000,-0.375563,-0.004577,0.507827,0.000000
2.980000,-0.375563,0.004396,0.027842,0.000000
2.990000,-0.375563,-0.000235,0.218672,0.000000
3.000000,-0.375563,-0.012514,0.125577,0.000000
3.010000,-0.375563,-0.004396,-0.311622,0.000000
3.020000,-0.375563,-0.001123,-0.032142,0.000000
3.030000,-0.375563,-0.004396,-0.026131,0.000000
3.040000,-0.375563,0.001494,-0.318749,0.000000
3.050000,-0.375563,-0.011039,-0.037359,0.000000
3.060000,-0.375563,-0.013187,-0.021467,0.000000
3.070000,-0.375563,-0.004396,0.231814,0.000000
3.080000,-0.375563,-0.004823,-0.734601,0.000000
3.090000,-0.375563,-0.004396,0.000455,0.000000
3.100000,-0.375563,-0.004396,0.003175,0.000000
3.110000,-0.375563,-0.004726,0.212225,0.000000
3.120000,-0.375563,-0.012385,-0.131386,0.000000
3.130000,-0.375563,-0.009546,-0.090138,0.000000
3.140000,-0.375563,-0.004396,-0.009095,0.000000
3.150000,-0.375563,-0.002111,-0.158706,0.000000
3.160000,-0.375563,-0.003160,-0.075005,0.000000
3.170000,-0.375563,-0.016917,0.187423,0.000000
3.180000,-0.375563,0.003728,0.608741,0.000000
3.190000,-0.375563,0.004131,-0.040027,0.000000
3.200000,-0.375563,-0.004396,-0.040748,0.000000
3.210000,-0.375563,-0.006183,0.208102,0.000000
3.220000,-0.375563,-0.008103,0.159726,0.000000
3.230000,-0.375563,-0.001426,0.003326,0.000000
3.240000,-0.375563,-0.006053,0.276923,0.000000
3.250000,-0.375563,-0.001940,-0.000847,0.000000
3.260000,-0.375563,-0.004396,0.046737,0.000000
3.270000,-0.375563,-0.010081,0.276923,0.000000
3.280000,-0.375563,-0.005571,-0.205189,0.000000
3.290000,-0.375563,-0.020395,-0.019688,0.000000
3.300000,-0.375563,-0.002489,0.105655,0.000000
3.310000,-0.375563,0.001568,0.847159,0.000000
3.320000,-0.375563,-0.004396,-0.001564,0.000000
3.330000,-0.375563,-0.004396,0.222664,0.000000
3.340000,-0.375563,-0.004396,0.103740,0.000000
3.350000,-0.375563,-0.012335,0.024804,0.000000
3.360000,-0.375563,-0.004396,0.639219,0.000000
3.370000,-0.375563,-0.013187,0.131715,0.000000
3.380000,-0.375563,-0.008193,0.205557,0.000000
3.390000,-0.375563,0.000802,-0.106227,0.000000
3.400000,-0.375563,-0.001044,0.209629,0.000000
3.410000,-0.375563,-0.003873,-0.164811,0.000000
3.420000,-0.375563,-0.000710,0.231244,0.000000
3.430000,-0.375563,-0.004396,0.304779,0.000000
3.440000,-0.375563,-0.004396,-0.216834,0.000000
3.450000,-0.375563,-0.010680,-0.039147,0.000000
3.460000,-0.375563,-0.004045,0.060313,0.000000
3.470000,-0.375563,-0.004396,-0.205354,0.000000
3.480000,-0.375563,-0.004396,0.201309,0.000000
3.490000,-0.375563,-0.013187,-0.070966,0.000000
3.500000,-0.375563,-0.004396,0.099920,0.000000
3.510000,-0.375563,-0.005623,0.613148,0.000000
3.520000,-0.375563,-0.002454,-0.126668,0.000000
3.530000,-0.375563,-0.004396,-0.068060,0.000000
3.540000,-0.375563,-0.000073,0.341524,0.000000
3.550000,-0.375563,-0.004396,-1.007324,0.000000
3.560000,-0.375563,-0.008450,0.515765,0.000000
3.570000,-0.375563,0.003316,-0.255318,0.000000
3.580000,-0.375563,0.000195,-0.081390,0.000000
3.590000,-0.375563,-0.004396,0.017830,0.000000
3.600000,-0.375563,0.001379,0.211770,0.000000
3.610000,-0.375563,-0.008213,0.472059,0.000000
3.620000,-0.375563,-0.003359,0.038025,0.000000
3.630000,-0.375563,-0.005770,0.561303,0.000000
3.640000,-0.375563,-0.004396,-0.052693,0.000000
3.650000,-0.375563,-0.013071,0.029142,0.000000
3.660000,-0.375563,-0.008411,0.192606,0.000000
3.670000,-0.375563,0.004396,0.245363,0.000000
3.680000,-0.375563,-0.004396,-0.158668,0.000000
3.690000,-0.375563,-0.004396,-0.870324,0.000000
3.700000,-0.375563,-0.011787,-0.385305,0.000000
3.710000,-0.375563,-0.004396,0.210986,0.000000
3.720000,-0.375563,-0.004396,0.158156,0.000000
3.730000,-0.375563,-0.007780,0.002445,0.000000
3.740000,-0.375563,0.002981,-0.068278,0.000000
3.750000,-0.375563,-0.004396,0.416880,0.000000
3.760000,-0.375563,-0.012836,0.380359,0.000000
3.770000,-0.375563,-0.010024,0.276923,0.000000
3.780000,-0.375563,-0.004396,0.358939,0.000000
3.790000,-0.375563,-0.007290,0.813569,0.000000
3.800000,-0.375563,-0.004396,0.091196,0.000000
3.810000,-0.375563,0.001311,0.073960,0.000000
3.820000,-0.375563,-0.008370,0.193469,0.000000
3.830000,-0.375563,-0.004396,-0.363067,0.000000
3.840000,-0.375563,0.003279,0.022953,0.000000
3.850000,-0.375563,-0.008982,0.094979,0.000000
3.860000,-0.375563,0.003135,0.338007,0.000000
3.870000,-0.375563,-0.013187,0.118590,0.000000
3.880000,-0.375563,-0.000302,-0.125189,0.000000
3.890000,-0.375563,-0.011785,-0.144036,0.000000
3.900000,-0.375563,-0.012269,0.085882,0.000000
3.910000,-0.375563,-0.003208,0.172146,0.000000
3.920000,-0.375563,-0.004396,-0.161682,0.000000
3.930000,-0.375563,-0.004396,0.109540,0.000000
3.940000,-0.375563,-0.006785,0.154488,0.000000
3.950000,-0.375563,0.000692,-0.231623,0.000000
3.960000,-0.375563,-0.002949,0.008942,0.000000
3.970000,-0.375563,-0.002505,0.047972,0.000000
3.980000,-0.375563,0.001378,0.065677,0.000000
3.990000,-0.375563,-0.004396,-0.114686,0.000000
4.000000,-0.375563,-0.004396,0.136062,0.000000
4.010000,-0.375563,-0.005914,0.249481,0.000000
4.020000,-0.375563,-0.005080,-0.058770,0.000000
4.030000,-0.375563,-0.001331,0.487572,0.000000
4.040000,-0.375563,0.001406,0.520593,0.000000
4.050000,-0.375563,-0.004396,0.001112,0.000000
4.060000,-0.375563,-0.011176,0.178374,0.000000
4.070000,-0.375563,-0.004396,0.050662,0.000000
4.080000,-0.375563,-0.009467,-0.792829,0.000000
4.090000,-0.375563,0.001144,0.014751,0.000000
4.100000,-0.375563,-0.004396,-0.583002,0.000000
4.110000,-0.375563,0.000913,-0.243318,0.000000
4.120000,-0.375563,0.001927,-0.032894,0.000000
4.130000,-0.375563,-0.012056,-0.082617,0.000000
4.140000,-0.375563,-0.009230,0.221533,0.000000
4.150000,-0.375563,-0.006859,0.572109,0.000000
4.160000,-0.375563,0.001178,0.587502,0.000000
4.170000,-0.375563,-0.004396,-0.768260,0.000000
4.180000,-0.375563,-0.004396,0.276923,0.000000
4.190000,-0.375563,0.000825,-0.078854,0.000000
4.200000,-0.375563,-0.008719,0.183106,0.000000
4.210000,-0.375563,-0.013187,-0.646154,0.000000
4.220000,-0.375563,-0.006442,0.260984,0.000000
4.230000,-0.375563,0.000885,-0.191012,0.000000
4.240000,-0.375563,-0.011052,-0.014069,0.000000
4.250000,-0.375563,-0.004396,0.029864,0.000000
4.260000,-0.375563,0.002410,-0.417787,0.000000
4.270000,-0.375563,0.004396,-0.460075,0.000000
4.280000,-0.375563,-0.004311,0.336690,0.000000
4.290000,-0.375563,-0.007223,-0.005569,0.000000
4.300000,-0.375563,-0.006624,0.185039,0.000000
4.310000,-0.375563,-0.004396,0.126250,0.000000
4.320000,-0.375563,-0.002647,-0.080247,0.000000
4.330000,-0.375563,-0.005996,-1.183125,0.000000
4.340000,-0.375563,0.001487,0.317641,0.000000
4.350000,-0.375563,-0.017081,0.126587,0.000000
4.360000,-0.375563,-0.008558,0.050113,0.000000
4.370000,-0.375563,-0.010590,-0.339833,0.000000
4.380000,-0.375563,-0.005515,0.308279,0.000000
4.390000,-0.375563,-0.013187,-0.181305,0.000000
4.400000,-0.375563,-0.001467,0.010232,0.000000
4.410000,-0.375563,-0.009237,0.274263,0.000000
4.420000,-0.375563,-0.012722,-0.302698,0.000000
4.430000,-0.375563,-0.006970,0.090983,0.000000
4.440000,-0.375563,-0.005676,-0.499771,0.000000
4.450000,-0.375563,0.004396,-0.338462,0.000000
4.460000,-0.375563,-0.000050,-0.122729,0.000000
4.470000,-0.375563,0.003675,-0.208656,0.000000
4.480000,-0.375563,-0.007361,-0.010010,0.000000
4.490000,-0.375563,-0.001357,0.111299,0.000000
4.500000,-0.375563,-0.004396,0.201444,0.000000
4.510000,-0.375563,-0.006193,0.214010,0.000000
4.520000,-0.375563,-0.004396,0.270995,0.000000
4.530000,-0.375563,-0.007561,0.188286,0.000000
4.540000,-0.375563,-0.004396,0.348735,0.000000
4.550000,-0.375563,-0.009938,0.367903,0.000000
4.560000,-0.375563,0.003425,0.096105,0.000000
4.570000,-0.375563,-0.004699,0.279046,0.000000
4.580000,-0.375563,-0.010344,-0.137609,0.000000
4.590000,-0.375563,-0.009563,0.099364,0.000000
4.600000,-0.375563,-0.010567,-0.076610,0.000000
4.610000,-0.375563,-0.004396,0.276142,0.000000
4.620000,-0.375563,-0.004396,-0.338462,0.000000
4.630000,-0.375563,-0.004575,0.333452,0.000000
4.640000,-0.375563,0.004396,0.422426,0.000000
4.650000,-0.375563,-0.009226,0.018581,0.000000
4.660000,-0.375563,-0.004396,-0.228528,0.000000
4.670000,-0.375563,-0.004396,-0.107164,0.000000
4.680000,-0.375563,-0.004396,0.097468,0.000000
4.690000,-0.375563,-0.004396,0.276923,0.000000
4.700000,-0.375563,-0.004396,0.245511,0.000000
4.710000,-0.375563,0.004396,-0.030769,0.000000
4.720000,-0.375563,-0.004396,-0.221059,0.000000
4.730000,-0.375563,0.001026,-0.148706,0.000000
4.740000,-0.375563,-0.004396,-0.257541,0.000000
4.750000,-0.375563,-0.005410,0.097033,0.000000
4.760000,-0.375563,-0.004005,-0.319306,0.000000
4.770000,-0.375563,-0.013126,-0.523077,0.000000
4.780000,-0.375563,0.003195,0.864374,0.000000
4.790000,-0.375563,0.005021,0.052666,0.000000
4.800000,-0.375563,-0.006876,-0.013405,0.000000
4.810000,-0.375563,-0.008601,-0.156502,0.000000
4.820000,-0.375563,-0.005462,0.006543,0.000000
4.830000,-0.375563,-0.012045,0.041149,0.000000
4.840000,-0.375563,0.004396,0.389603,0.000000
4.850000,-0.375563,-0.012008,-0.448807,0.000000
4.860000,-0.375563,-0.011703,-1.176176,0.000000
4.870000,-0.375563,-0.010590,0.076935,0.000000
4.880000,-0.375563,-0.006286,-0.245840,0.000000
4.890000,-0.375563,-0.004396,0.233937,0.000000
4.900000,-0.375563,-0.004396,-0.201506,0.000000
4.910000,-0.375563,-0.004396,-0.148412,0.000000
4.920000,-0.375563,-0.004396,0.424779,0.000000
4.930000,-0.375563,-0.006813,0.276923,0.000000
4.940000,-0.375563,-0.004396,0.080360,0.000000
4.950000,-0.375563,-0.002814,0.030769,0.000000
4.960000,-0.375563,-0.009321,-0.057832,0.000000
4.970000,-0.375563,-0.000807,-0.165137,0.000000
4.980000,-0.375563,-0.004396,-0.276711,0.000000
4.990000,-0.375563,-0.004396,-0.474318,0.000000
5.000000,-0.376182,-0.489615,-39.945554,-1.564264
5.010000,-0.422587,-7.000228,-18.832890,-1.562976
5.020000,-0.520614,-10.762230,-9.286308,-1.561623
5.030000,-0.623569,-11.147529,-3.087497,-1.560305
5.040000,-0.736242,-10.759602,1.583589,-1.558756
5.050000,-0.845614,-10.282823,3.190495,-1.557206
5.060000,-0.940238,-9.237766,3.975941,-1.555332
5.070000,-1.027579,-7.936070,3.767687,-1.553320
5.080000,-1.101571,-7.299074,3.169231,-1.551180
5.090000,-1.170852,-6.096994,2.855596,-1.549179
5.100000,-1.221597,-5.479170,2.123077,-1.546994
5.110000,-1.271932,-4.276084,2.339456,-1.544700
5.120000,-1.310268,-3.703362,1.777322,-1.542300
5.130000,-1.345690,-3.019780,0.867069,-1.539830
5.140000,-1.371733,-2.285078,0.899627,-1.537184
5.150000,-1.393688,-2.176899,0.111583,-1.534548
5.160000,-1.413533,-1.760270,-0.548899,-1.531590
5.170000,-1.430072,-1.507692,0.327754,-1.528659
5.180000,-1.442070,-1.249905,0.229265,-1.525457
5.190000,-1.452911,-0.865751,-0.267062,-1.522295
5.200000,-1.461366,-0.768353,-0.147701,-1.518560
5.210000,-1.468200,-0.607119,-0.419705,-1.514626
5.220000,-1.473449,-0.493102,-0.351067,-1.510130
5.230000,-1.476950,-0.304844,0.014528,-1.505580
5.240000,-1.479553,-0.241758,-0.078693,-1.500941
5.250000,-1.481671,-0.131406,-0.770875,-1.496173
5.260000,-1.482223,-0.034082,-0.637054,-1.491077
5.270000,-1.482223,-0.006680,-0.591394,-1.485898
5.280000,-1.482223,-0.004396,-0.156634,-1.480737
5.290000,-1.482223,-0.006823,0.153846,-1.475610
5.300000,-1.482223,0.018720,0.153846,-1.470319
5.310000,-1.482223,0.005476,0.830769,-1.464964
5.320000,-1.481842,0.004396,0.681730,-1.459220
5.330000,-1.481842,0.030769,1.388732,-1.453540
5.340000,-1.481444,0.075109,0.830769,-1.447732
5.350000,-1.480063,0.130443,1.076923,-1.441512
5.360000,-1.478790,0.144501,1.027020,-1.435432
5.370000,-1.477068,0.193286,1.018753,-1.428952
5.380000,-1.474594,0.234247,1.423749,-1.422468
5.390000,-1.471330,0.302314,1.158739,-1.415647
5.400000,-1.468344,0.356044,1.583743,-1.409036
5.410000,-1.463603,0.457978,0.852616,-1.401938
5.420000,-1.459335,0.494924,0.904033,-1.395412
5.430000,-1.455216,0.435165,1.532694,-1.388110
5.440000,-1.450319,0.572233,1.491193,-1.380581
5.450000,-1.444618,0.517065,0.519913,-1.373354
5.460000,-1.438499,0.579185,1.768336,-1.365836
5.470000,-1.433299,0.610989,1.169355,-1.358291
5.480000,-1.427064,0.613987,0.773144,-1.350416
5.490000,-1.420340,0.540224,1.696875,-1.342548
5.500000,-1.414386,0.757640,0.590545,-1.334173
5.510000,-1.407282,0.712969,1.080026,-1.325513
5.520000,-1.400790,0.736634,1.323077,-1.316875
5.530000,-1.393321,0.712723,1.059485,-1.309023
5.540000,-1.386082,0.602866,1.133004,-1.300230
5.550000,-1.378285,0.726636,0.291626,-1.291715
5.560000,-1.370759,0.680031,0.863956,-1.283764
5.570000,-1.362823,0.871329,0.461538,-1.275593
5.580000,-1.354694,0.792993,1.000964,-1.267208
5.590000,-1.346625,0.944315,0.710582,-1.259281
5.600000,-1.338422,0.822398,0.895835,-1.250967
5.610000,-1.330654,0.897989,0.821365,-1.242809
5.620000,-1.323139,0.818774,1.110285,-1.233656
5.630000,-1.315570,0.876951,1.474268,-1.224954
5.640000,-1.306485,0.740866,1.345160,-1.216027
5.650000,-1.298622,0.868514,1.399339,-1.206997
5.660000,-1.290058,0.793335,1.154344,-1.198181
5.670000,-1.282408,0.848352,0.781750,-1.189674
5.680000,-1.273306,0.775275,1.396793,-1.179913
5.690000,-1.264588,0.905416,1.187255,-1.170850
5.700000,-1.256321,0.819331,0.997378,-1.160949
5.710000,-1.246851,0.927377,1.628084,-1.151178
5.720000,-1.238950,0.826960,1.362818,-1.141077
5.730000,-1.229838,0.907976,0.164122,-1.131239
5.740000,-1.220930,0.757459,1.103447,-1.121001
5.750000,-1.211641,0.909668,1.275835,-1.111365
5.760000,-1.202668,0.802870,1.210679,-1.101451
5.770000,-1.193565,0.968701,1.395244,-1.091514
5.780000,-1.183946,0.997382,1.053509,-1.081337
5.790000,-1.174064,0.944996,0.522661,-1.070523
5.800000,-1.164004,1.026658,1.454121,-1.059840
5.810000,-1.154983,0.845614,1.103527,-1.049459
5.820000,-1.145341,0.903563,0.657956,-1.039342
5.830000,-1.135620,0.891255,1.504008,-1.028615
5.840000,-1.124951,1.030482,1.026233,-1.017655
5.850000,-1.115000,1.114382,1.032583,-1.007037
5.860000,-1.105645,0.953488,1.259032,-0.996757
5.870000,-1.094545,1.058199,1.176020,-0.986551
5.880000,-1.084649,0.978995,1.607868,-0.975901
5.890000,-1.074240,1.054681,0.829182,-0.963961
5.900000,-1.064822,1.116262,0.951153,-0.952765
5.910000,-1.053787,0.862084,2.269960,-0.940690
5.920000,-1.043371,1.091553,1.332211,-0.928879
5.930000,-1.031566,1.260214,1.127567,-0.917970
5.940000,-1.021935,1.022374,1.408693,-0.906500
5.950000,-1.011757,1.025013,0.894260,-0.895761
5.960000,-1.000842,1.067950,1.673974,-0.883905
5.970000,-0.989183,1.046541,1.015385,-0.872255
5.980000,-0.978250,1.154783,1.136696,-0.860976
5.990000,-0.967908,1.095624,1.718122,-0.852671
6.000000,-0.956442,0.997802,0.874138,-0.844339
6.010000,-0.945690,1.182514,0.340429,-0.835560
6.020000,-0.935855,1.083532,1.323077,-0.826661
6.030000,-0.924762,1.000927,1.261407,-0.817554
6.040000,-0.915322,1.014051,1.654114,-0.808200
6.050000,-0.905718,0.843917,1.215576,-0.798741
6.060000,-0.895238,1.060840,1.117472,-0.787516
6.070000,-0.886141,0.965138,1.586855,-0.775385
6.080000,-0.875362,1.035649,0.994001,-0.763344
6.090000,-0.864478,1.074551,1.298830,-0.751188
6.100000,-0.855136,0.901297,1.102308,-0.738807
6.110000,-0.844628,1.065557,1.005714,-0.725677
6.120000,-0.833201,1.288414,1.426031,-0.714494
6.130000,-0.822174,0.930177,1.413323,-0.702675
6.140000,-0.810747,1.169310,1.236036,-0.690108
6.150000,-0.800047,1.327228,1.234279,-0.677273
6.160000,-0.788791,0.935325,0.999250,-0.665179
6.170000,-0.777020,1.273666,1.284450,-0.652838
6.180000,-0.765510,1.286392,1.380359,-0.641235
6.190000,-0.753464,1.106207,1.496327,-0.629875
6.200000,-0.741457,1.207620,1.401009,-0.617546
6.210000,-0.728835,1.184956,1.116575,-0.607568
6.220000,-0.718444,1.203317,1.613780,-0.594944
6.230000,-0.705022,0.990541,1.293346,-0.582595
6.240000,-0.693657,1.192505,1.114496,-0.570624
6.250000,-0.681829,1.386976,0.901803,-0.558692
6.260000,-0.670626,0.988268,1.807580,-0.546436
6.270000,-0.658666,1.207213,1.330965,-0.532800
6.280000,-0.646999,1.205512,0.847457,-0.521125
6.290000,-0.635734,1.155415,1.506812,-0.508062
6.300000,-0.622687,1.165206,1.414087,-0.494757
6.310000,-0.610494,1.268001,1.071101,-0.480761
6.320000,-0.598283,1.322270,1.031014,-0.467279
6.330000,-0.586199,1.352823,1.325073,-0.453425
6.340000,-0.572653,1.111468,1.395267,-0.441212
6.350000,-0.559755,1.286512,0.401584,-0.427518
6.360000,-0.548056,1.331569,0.652442,-0.414609
6.370000,-0.535117,1.232359,1.473653,-0.402983
6.380000,-0.522795,1.076613,0.991883,-0.391887
6.390000,-0.509866,1.329927,1.301299,-0.381694
6.400000,-0.496536,1.308562,1.391293,-0.372581
6.410000,-0.483990,1.369693,0.836649,-0.363760
6.420000,-0.472749,1.104262,1.055659,-0.353395
6.430000,-0.461057,1.246150,0.737071,-0.342153
6.440000,-0.449214,1.058458,0.846549,-0.332126
6.450000,-0.438447,0.980089,1.699058,-0.320432
6.460000,-0.426820,1.147289,1.009813,-0.308961
6.470000,-0.415888,1.154605,0.909650,-0.296981
6.480000,-0.405119,1.035532,1.695026,-0.283254
6.490000,-0.392540,1.163390,1.558783,-0.270103
6.500000,-0.381863,1.226667,1.045127,-0.255886
6.510000,-0.369354,1.251203,1.290802,-0.242601
6.520000,-0.357108,1.092263,1.404028,-0.229655
6.530000,-0.345523,1.213843,1.079541,-0.216893
6.540000,-0.332791,1.363798,0.846250,-0.204198
6.550000,-0.320923,1.081724,1.654385,-0.189503
6.560000,-0.306986,1.201673,1.076923,-0.175866
6.570000,-0.294937,1.256073,1.462745,-0.162105
6.580000,-0.282811,1.430624,1.377431,-0.148711
6.590000,-0.269893,1.241057,1.507860,-0.135224
6.600000,-0.256817,1.163454,1.806740,-0.120907
6.610000,-0.243031,1.284545,1.162343,-0.107776
6.620000,-0.230522,1.439545,0.978149,-0.094625
6.630000,-0.216363,1.320213,1.610724,-0.080536
6.640000,-0.204115,1.364307,1.248224,-0.068123
6.650000,-0.191088,1.193429,1.630646,-0.053941
6.660000,-0.177338,1.428571,1.264643,-0.039070
6.670000,-0.162355,1.408391,1.320608,-0.024842
6.680000,-0.150217,1.391290,1.506930,-0.011538
6.690000,-0.136384,1.380200,1.346188,0.003585
6.700000,-0.122925,1.162077,1.436500,0.016814
6.710000,-0.108889,1.315690,0.938180,0.030663
6.720000,-0.093695,1.507299,0.953846,0.045402
6.730000,-0.080762,1.356679,0.960263,0.060018
6.740000,-0.067559,1.523489,0.756413,0.074147
6.750000,-0.052435,1.500960,1.358292,0.088167
6.760000,-0.039879,1.211556,1.320684,0.102830
6.770000,-0.025027,1.267602,1.196720,0.117168
6.780000,-0.011222,1.471812,0.327235,0.130630
6.790000,0.004012,1.472474,1.015385,0.142633
6.800000,0.017632,1.361587,0.594450,0.153756
6.810000,0.030910,1.420620,1.168767,0.164083
6.820000,0.044133,1.236502,1.152504,0.175409
6.830000,0.058004,1.255476,0.406366,0.186664
6.840000,0.070263,1.286080,0.960260,0.198824
6.850000,0.082978,1.347314,1.014816,0.208648
6.860000,0.095360,1.219907,1.177368,0.220062
6.870000,0.107456,1.058528,0.937469,0.233685
6.880000,0.119572,1.358287,1.002462,0.246607
6.890000,0.131672,1.250998,0.859654,0.261063
6.900000,0.144678,1.237577,1.654096,0.274198
6.910000,0.156780,1.190745,0.795635,0.288377
6.920000,0.168842,1.283789,1.144749,0.302007
6.930000,0.182062,1.282965,1.539904,0.314879
6.940000,0.194469,1.221877,1.428917,0.328149
6.950000,0.207869,1.164422,0.623388,0.341878
6.960000,0.221482,1.292792,1.165086,0.354793
6.970000,0.235319,1.375980,1.178601,0.367421
6.980000,0.247262,1.521819,1.748803,0.380449
6.990000,0.260822,1.217710,1.759081,0.394631
7.000000,0.273929,1.285167,0.908406,0.407021
7.010000,0.287306,1.406969,1.283503,0.419931
7.020000,0.300992,1.356879,0.704230,0.433317
7.030000,0.314405,1.386916,1.211502,0.446370
7.040000,0.326811,1.220505,0.969369,0.459163
7.050000,0.340243,1.281277,1.051494,0.473678
7.060000,0.354277,1.381722,0.740408,0.488413
7.070000,0.366314,1.389614,0.582159,0.500829
7.080000,0.380459,1.495415,1.234881,0.513938
7.090000,0.393367,1.147137,1.365180,0.527207
7.100000,0.407351,1.252864,-0.207502,0.540445
7.110000,0.420074,1.316251,0.706945,0.552223
7.120000,0.432758,1.376066,1.073539,0.564652
7.130000,0.445730,1.237998,1.311177,0.577448
7.140000,0.459630,1.244334,1.441446,0.588947
7.150000,0.472303,1.205477,0.367592,0.601001
7.160000,0.484887,1.403642,1.053956,0.613495
7.170000,0.497638,1.307721,1.030701,0.626165
7.180000,0.510804,1.291543,1.509422,0.639057
7.190000,0.523149,1.230517,0.901371,0.652010
7.200000,0.535976,1.275917,1.515167,0.663385
7.210000,0.548424,1.278590,1.031079,0.674401
7.220000,0.560063,1.146018,1.387858,0.687538
7.230000,0.573060,1.210428,0.925960,0.701073
7.240000,0.585742,1.282194,0.755150,0.711823
7.250000,0.598029,1.323989,0.465795,0.724626
7.260000,0.610042,1.142697,1.487286,0.737738
7.270000,0.623436,1.073120,1.131709,0.751279
7.280000,0.635655,1.261916,0.883450,0.763190
7.290000,0.649148,1.183970,1.087790,0.776500
7.300000,0.661228,1.262001,1.345749,0.789220
7.310000,0.673787,1.155528,1.598186,0.799742
7.320000,0.686372,1.280254,0.838427,0.812093
7.330000,0.699451,1.139551,1.011570,0.824334
7.340000,0.710107,1.146443,1.385646,0.836169
7.350000,0.723151,1.246858,1.424328,0.848550
7.360000,0.735850,1.251897,0.612109,0.860757
7.370000,0.747023,1.387739,0.776240,0.871275
7.380000,0.760180,1.168600,1.220054,0.881837
7.390000,0.772128,1.181445,0.618790,0.892951
7.400000,0.785047,1.283679,0.879283,0.904729
7.410000,0.796427,1.174743,1.386321,0.916321
7.420000,0.807915,1.092480,1.024837,0.927527
7.430000,0.819430,1.241838,0.661724,0.938867
7.440000,0.830397,1.179752,0.646154,0.951300
7.450000,0.841559,1.097577,1.391535,0.963007
7.460000,0.853720,1.152501,0.953846,0.974786
7.470000,0.865213,1.130868,2.661576,0.987106
7.480000,0.875990,1.064952,1.804256,0.997620
7.490000,0.888469,1.172900,0.503453,1.008762
7.500000,0.900780,1.152630,1.053928,1.018291
7.510000,0.911443,1.242698,1.301984,1.029340
7.520000,0.922894,0.959640,0.895841,1.040281
7.530000,0.934076,1.184737,1.167878,1.052188
7.540000,0.945578,1.253874,1.171408,1.062290
7.550000,0.956877,0.898995,1.399245,1.073793
7.560000,0.968637,1.188436,1.316607,1.084087
7.570000,0.978741,1.196184,0.866550,1.095133
7.580000,0.990192,0.929845,1.178504,1.105760
7.590000,1.001482,1.213965,1.200000,1.116511
7.600000,1.012844,1.196306,1.103502,1.126669
7.610000,1.023715,1.019653,1.412164,1.137248
7.620000,1.033710,1.149602,1.165119,1.146758
7.630000,1.045612,1.172393,0.751412,1.156502
7.640000,1.056375,0.906364,0.971134,1.166014
7.650000,1.067133,1.032624,0.650657,1.175659
7.660000,1.076010,0.949770,1.327792,1.184884
7.670000,1.087294,1.030613,1.173350,1.194473
7.680000,1.096759,1.120114,1.049157,1.203566
7.690000,1.106997,0.883248,1.274222,1.212929
7.700000,1.116589,0.974551,1.163567,1.222086
7.710000,1.126326,0.945759,1.320390,1.231201
7.720000,1.136422,0.925252,0.324208,1.240388
7.730000,1.146115,0.961356,1.450639,1.249196
7.740000,1.155644,0.889988,1.306838,1.257974
7.750000,1.165960,1.014606,1.196731,1.266606
7.760000,1.174857,0.908243,1.222435,1.275263
7.770000,1.184221,1.014672,0.990271,1.283235
7.780000,1.193003,0.923914,1.649085,1.290420
7.790000,1.201768,0.882913,1.244344,1.298896
7.800000,1.210590,0.957978,1.180152,1.306532
7.810000,1.219532,0.865756,1.033823,1.315399
7.820000,1.228377,0.958191,0.866343,1.323960
7.830000,1.236157,0.924868,1.186322,1.331406
7.840000,1.244801,0.941213,1.461157,1.338605
7.850000,1.253554,0.846007,1.416753,1.346187
7.860000,1.261293,0.874076,1.024479,1.353699
7.870000,1.269817,0.804129,1.060480,1.360622
7.880000,1.276958,0.865446,1.316240,1.367304
7.890000,1.285281,0.830243,1.129522,1.374071
7.900000,1.292040,0.817672,1.370661,1.380229
7.910000,1.301024,0.800005,1.199925,1.386436
7.920000,1.307549,0.640424,1.625411,1.393748
7.930000,1.315098,0.723207,1.007114,1.400295
7.940000,1.322930,0.610341,0.900944,1.407054
7.950000,1.329974,0.739273,0.578040,1.413601
7.960000,1.337422,0.657671,0.524241,1.419312
7.970000,1.344334,0.800338,1.204734,1.425528
7.980000,1.350499,0.721959,0.797083,1.431556
7.990000,1.357421,0.650871,1.701917,1.436861
8.000000,1.364395,0.643412,1.111552,1.442905
8.010000,1.370832,0.609698,1.393650,1.448556
8.020000,1.376656,0.697545,1.391419,1.453909
8.030000,1.383030,0.662757,1.021480,1.459948
8.040000,1.389220,0.511671,0.966223,1.465522
8.050000,1.395610,0.682417,0.648075,1.470426
8.060000,1.402301,0.643443,1.263846,1.475630
8.070000,1.407414,0.547832,1.266393,1.480404
8.080000,1.413693,0.540659,0.801987,1.485372
8.090000,1.419240,0.618866,1.040992,1.489872
8.100000,1.424747,0.534792,1.446016,1.494716
8.110000,1.430597,0.523082,0.584566,1.499138
8.120000,1.435956,0.556990,1.182271,1.503499
8.130000,1.440588,0.436416,1.199778,1.507273
8.140000,1.446389,0.534745,0.858639,1.511757
8.150000,1.451159,0.466524,1.031901,1.515695
8.160000,1.455498,0.400000,1.340864,1.519702
8.170000,1.460374,0.541001,1.473896,1.523291
8.180000,1.465422,0.393135,1.009990,1.526853
8.190000,1.470016,0.444854,1.610601,1.530308
8.200000,1.473656,0.431147,1.289663,1.533237
8.210000,1.478114,0.465529,1.243418,1.536408
8.220000,1.482797,0.386798,1.076713,1.539340
8.230000,1.486269,0.322743,1.628928,1.542245
8.240000,1.489984,0.363736,0.913463,1.545043
8.250000,1.493761,0.375972,1.123422,1.547768
8.260000,1.497409,0.378225,0.569852,1.550517
8.270000,1.500995,0.283885,1.128132,1.552547
8.280000,1.503586,0.276923,0.484627,1.554581
8.290000,1.507032,0.382418,1.219817,1.556575
8.300000,1.510473,0.306995,0.769231,1.558438
8.310000,1.512536,0.279639,1.015385,1.559908
8.320000,1.513080,0.260822,1.015385,1.560318
8.330000,1.518154,0.204921,1.449175,1.562286
8.340000,1.520083,0.191163,1.414737,1.564221
8.350000,1.521989,0.226301,0.578528,1.565897
8.360000,1.524704,0.268132,1.182756,1.567348
8.370000,1.527237,0.209554,0.853371,1.568528
8.380000,1.529145,0.159879,1.421982,1.569462
8.390000,1.530572,0.151569,1.049471,1.570181
8.400000,1.531875,0.143665,0.963574,1.570625
8.410000,1.533341,0.123588,1.220038,1.570794
8.420000,1.534476,0.109890,1.388925,1.570773
8.430000,1.535796,0.107207,1.507692,1.570674
8.440000,1.536740,0.119464,1.155535,1.570519
8.450000,1.538143,0.104713,1.210946,1.570293
8.460000,1.539301,0.127473,1.146163,1.570008
8.470000,1.540320,0.107294,1.015385,1.569599
8.480000,1.541151,0.056690,1.141633,1.569161
8.490000,1.541733,0.045578,1.177295,1.568650
8.500000,1.541733,-0.010934,1.247303,1.567867
8.510000,1.541733,-0.004396,1.037954,1.566869
8.520000,1.541733,-0.005998,1.141196,1.565701
8.530000,1.541733,-0.004396,0.744535,1.564472
8.540000,1.541733,-0.008640,1.142698,1.563038
8.550000,1.541733,-0.009888,1.115369,1.561457
8.560000,1.541733,-0.012073,0.665651,1.559669
8.570000,1.541733,-0.003043,0.537294,1.557755
8.580000,1.541733,-0.004396,0.470241,1.555767
8.590000,1.541733,-0.007178,0.545666,1.553443
8.600000,1.541733,-0.021978,0.355546,1.551537
8.610000,1.541733,0.000208,0.435131,1.549107
8.620000,1.541733,-0.005919,0.378676,1.546623
8.630000,1.541733,-0.015855,0.159344,1.544065
8.640000,1.541733,-0.012210,0.088890,1.540878
8.650000,1.541733,-0.004510,-0.333652,1.537930
8.660000,1.541733,0.000185,-0.121784,1.534939
8.670000,1.541733,-0.013255,-0.705311,1.532094
8.680000,1.541352,-0.004396,-0.892308,1.528445
8.690000,1.541352,-0.029878,-0.720163,1.524037
8.700000,1.541352,-0.026390,-1.184900,1.519152
8.710000,1.540970,-0.053996,-1.160489,1.514062
8.720000,1.540090,-0.089606,-1.399018,1.508761
8.730000,1.539063,-0.119216,-0.991262,1.503228
8.740000,1.537919,-0.103284,-1.092215,1.497509
8.750000,1.536774,-0.137717,-1.784872,1.491249
8.760000,1.535248,-0.205206,-1.271254,1.485142
8.770000,1.533121,-0.264411,-1.500522,1.479178
8.780000,1.530076,-0.312088,-1.844200,1.473168
8.790000,1.526493,-0.412973,-1.229271,1.467927
8.800000,1.522343,-0.394202,-1.594762,1.462530
8.810000,1.518945,-0.373152,-1.504562,1.456985
8.820000,1.513731,-0.482690,-1.705722,1.451757
8.830000,1.509690,-0.448342,-1.353911,1.446005
8.840000,1.504726,-0.440789,-1.447574,1.440434
8.850000,1.500092,-0.474532,-1.465764,1.435098
8.860000,1.495084,-0.501740,-1.472436,1.430219
8.870000,1.489984,-0.496703,-1.371902,1.424257
8.880000,1.485084,-0.511650,-1.704575,1.418363
8.890000,1.479732,-0.540120,-1.519028,1.411365
8.900000,1.474594,-0.548144,-1.190854,1.404446
8.910000,1.469261,-0.580696,-1.511691,1.398075
8.920000,1.463118,-0.576917,-1.076923,1.391602
8.930000,1.457348,-0.568688,-1.349853,1.383802
8.940000,1.451438,-0.602198,-1.204913,1.376610
8.950000,1.444971,-0.716299,-0.936355,1.369474
8.960000,1.438735,-0.564126,-0.995539,1.361938
8.970000,1.432291,-0.608011,-1.248312,1.353770
8.980000,1.425097,-0.685704,-1.130713,1.345112
8.990000,1.418926,-0.794962,-1.894911,1.335685
9.000000,1.411266,-0.848501,-1.199479,1.326329
9.010000,1.404432,-0.651566,-1.204730,1.317995
9.020000,1.396639,-0.709232,-1.384615,1.308609
9.030000,1.389455,-0.695219,-1.012054,1.299996
9.040000,1.381044,-0.846098,-0.246934,1.290605
9.050000,1.372530,-0.715617,-1.140484,1.280672
9.060000,1.364395,-0.831875,-1.430750,1.270450
9.070000,1.355801,-0.781378,-1.053432,1.260112
9.080000,1.346799,-0.832205,-0.836417,1.250558
9.090000,1.338320,-0.755770,-2.198071,1.239332
9.100000,1.329472,-0.862303,-1.122496,1.229055
9.110000,1.320221,-0.877975,-1.619179,1.218697
9.120000,1.310195,-1.070933,-1.431974,1.207693
9.130000,1.300259,-1.041758,-0.830769,1.197717
9.140000,1.290680,-0.938905,-1.315265,1.186855
9.150000,1.280821,-0.971467,-1.112843,1.175290
9.160000,1.270958,-0.913804,-1.096368,1.163469
9.170000,1.260801,-1.128711,-1.447274,1.152173
9.180000,1.250506,-1.120879,-1.120715,1.140570
9.190000,1.239393,-0.923557,-1.787978,1.128395
9.200000,1.229721,-1.055716,-1.089367,1.115932
9.210000,1.218932,-1.166837,-1.538639,1.104542
9.220000,1.207652,-1.156044,-1.142120,1.093110
9.230000,1.195718,-1.129771,-1.142703,1.079948
9.240000,1.184560,-1.165128,-1.309451,1.066650
9.250000,1.173629,-1.156221,-1.930388,1.053481
9.260000,1.160924,-1.194485,-1.350218,1.040346
9.270000,1.149360,-1.311673,-0.894800,1.026959
9.280000,1.137598,-1.120883,-1.384615,1.014048
9.290000,1.124906,-1.226374,-1.384615,1.001343
9.300000,1.112561,-1.329974,-1.198022,0.987981
9.310000,1.099587,-1.243590,-1.635889,0.974850
9.320000,1.086587,-1.343333,-1.373387,0.961204
9.330000,1.074269,-1.155174,-0.875402,0.947605
9.340000,1.061423,-1.506013,-1.498551,0.933308
9.350000,1.048064,-1.252515,-1.376485,0.918628
9.360000,1.035909,-1.366322,-1.415882,0.902838
9.370000,1.022979,-1.147044,-0.909054,0.887419
9.380000,1.007970,-1.345501,-0.856250,0.873449
9.390000,0.995169,-1.462683,-0.939338,0.858842
9.400000,0.982062,-1.417483,-1.139601,0.845109
9.410000,0.968138,-1.467233,-1.209266,0.830356
9.420000,0.952971,-1.356362,-1.073166,0.817817
9.430000,0.938903,-1.140355,-1.713749,0.803199
9.440000,0.925551,-1.495649,-0.969853,0.788591
9.450000,0.912203,-1.488736,-0.996154,0.773824
9.460000,0.896447,-1.420039,-1.222706,0.759164
9.470000,0.882605,-1.374214,-0.995184,0.744089
9.480000,0.870460,-1.421013,-1.347957,0.728510
9.490000,0.855774,-1.366197,-1.333832,0.713653
9.500000,0.840317,-1.290786,-0.386600,0.698320
9.510000,0.827202,-1.493720,-1.195602,0.682724
9.520000,0.812773,-1.444944,-1.261538,0.666503
9.530000,0.796488,-1.536790,-0.684298,0.650843
9.540000,0.781787,-1.543939,-1.374115,0.634430
9.550000,0.767847,-1.556927,-1.401030,0.617828
9.560000,0.753007,-1.572982,-1.507692,0.600950
9.570000,0.736912,-1.674725,-1.079362,0.584745
9.580000,0.721577,-1.579436,-1.169328,0.569287
9.590000,0.705889,-1.470902,-0.171052,0.553075
9.600000,0.690207,-1.371522,-2.064162,0.537483
9.610000,0.673005,-1.337438,-1.208741,0.521554
9.620000,0.658530,-1.509450,-1.382271,0.504224
9.630000,0.642679,-1.626779,-1.106399,0.487754
9.640000,0.626812,-1.629118,-1.019226,0.470675
9.650000,0.608823,-1.517068,-0.144810,0.454252
9.660000,0.594475,-1.817873,-1.378312,0.436388
9.670000,0.577423,-1.760879,-0.962054,0.418723
9.680000,0.561154,-1.810176,-1.025801,0.401041
9.690000,0.545612,-1.815134,-1.446154,0.383804
9.700000,0.527429,-1.665038,-1.193001,0.368089
9.710000,0.511150,-1.670958,-1.393353,0.350602
9.720000,0.496043,-1.719163,-0.997320,0.334916
9.730000,0.477878,-1.613330,-1.181572,0.322875
9.740000,0.461959,-1.579469,-0.730456,0.312871
9.750000,0.445221,-1.600906,-0.702807,0.301957
9.760000,0.430406,-1.629829,-1.349390,0.288720
9.770000,0.414485,-1.514616,-0.756160,0.276335
9.780000,0.400774,-1.492515,-1.089985,0.263234
9.790000,0.384734,-1.410522,-0.893685,0.250713
9.800000,0.371918,-1.504702,-1.503786,0.234249
9.810000,0.357596,-1.141051,-1.026340,0.218955
9.820000,0.343705,-1.428851,-1.086299,0.202476
9.830000,0.330145,-1.542347,-1.196426,0.187202
9.840000,0.316058,-1.402523,-0.709478,0.171761
9.850000,0.300788,-1.488291,-1.138462,0.157321
9.860000,0.286644,-1.538269,-1.340790,0.142132
9.870000,0.271055,-1.564069,-1.135844,0.127275
9.880000,0.256108,-1.479755,-1.374851,0.111720
9.890000,0.241528,-1.251707,-1.657757,0.095685
9.900000,0.227131,-1.601038,-1.077595,0.078833
9.910000,0.211660,-1.625357,-1.318372,0.063798
9.920000,0.196934,-1.617015,-1.095767,0.046121
9.930000,0.181398,-1.575250,-1.383506,0.029803
9.940000,0.166041,-1.496798,-0.980651,0.013182
9.950000,0.150551,-1.581857,-1.639443,-0.002721
9.960000,0.135749,-1.733810,-1.187800,-0.019308
9.970000,0.119182,-1.753959,-1.615773,-0.035991
9.980000,0.102004,-1.734593,-1.276541,-0.052947
9.990000,0.087575,-1.555737,-1.216461,-0.070020
10.000000,0.070539,-1.599928,-0.957883,-0.086569
10.010000,0.053545,-1.621679,-1.098830,-0.103792
10.020000,0.036937,-1.689283,-1.223877,-0.120525
10.030000,0.021514,-1.762222,-1.187321,-0.136055
10.040000,0.005723,-1.731791,-1.581624,-0.152837
10.050000,-0.011501,-1.712417,-0.953075,-0.169365
10.060000,-0.028814,-1.753560,-1.257531,-0.185710
10.070000,-0.043626,-1.604574,-1.094995,-0.203211
10.080000,-0.060956,-1.680485,-1.643027,-0.220533
10.090000,-0.078024,-1.753987,-1.504239,-0.236332
10.100000,-0.093865,-1.660005,-1.473391,-0.253235
10.110000,-0.112020,-1.763377,-1.262864,-0.267974
10.120000,-0.126401,-1.544998,-1.323077,-0.283980
10.130000,-0.144189,-1.732382,-0.899181,-0.299669
10.140000,-0.158963,-1.584429,-1.271447,-0.315571
10.150000,-0.175406,-1.447951,-1.045727,-0.329649
10.160000,-0.191508,-1.443820,-0.777766,-0.345691
10.170000,-0.208574,-1.503182,-1.228870,-0.362586
10.180000,-0.224941,-1.518330,-1.415680,-0.380094
10.190000,-0.240428,-1.546843,-1.591591,-0.398543
10.200000,-0.255915,-1.588880,-0.906774,-0.415067
10.210000,-0.274019,-1.501597,-0.855818,-0.431668
10.220000,-0.288857,-1.498440,-0.905764,-0.449317
10.230000,-0.305447,-1.463787,-1.618265,-0.467123
10.240000,-0.322573,-1.457912,-1.302306,-0.487066
10.250000,-0.338960,-1.522214,-1.182320,-0.508259
10.260000,-0.356405,-1.542857,-1.006285,-0.528798
10.270000,-0.374826,-1.681990,-1.601045,-0.549145
10.280000,-0.392666,-1.806318,-1.876923,-0.569983
10.290000,-0.409211,-1.789687,-1.446154,-0.589878
10.300000,-0.428130,-2.007528,-1.349426,-0.608167
10.310000,-0.448697,-1.840523,-1.091587,-0.625700
10.320000,-0.468430,-1.975053,-1.067635,-0.643911
10.330000,-0.485563,-2.055372,-0.908429,-0.662160
10.340000,-0.505149,-1.753369,-1.081574,-0.679040
10.350000,-0.522544,-1.672994,-0.483504,-0.697156
10.360000,-0.541849,-1.736896,-1.359477,-0.715145
10.370000,-0.560184,-1.831844,-1.446981,-0.733524
10.380000,-0.579816,-1.999262,-1.226467,-0.751564
10.390000,-0.597718,-2.045401,-1.020282,-0.769633
10.400000,-0.614531,-1.947253,-0.805614,-0.786657
10.410000,-0.632575,-1.969638,-1.437605,-0.804290
10.420000,-0.652268,-1.938237,-1.156331,-0.822086
10.430000,-0.668579,-1.992321,-1.053559,-0.837446
10.440000,-0.686484,-1.858831,-0.976770,-0.854339
10.450000,-0.703862,-1.719691,-0.676389,-0.870953
10.460000,-0.721746,-1.623586,-0.890419,-0.887471
10.470000,-0.738730,-1.578125,-0.954280,-0.903948
10.480000,-0.756030,-1.509622,-1.012008,-0.920918
10.490000,-0.773722,-1.465525,-1.339416,-0.936759
10.500000,-0.791685,-1.705603,-1.390029,-0.953390
10.510000,-0.809089,-1.751988,-1.234020,-0.969346
10.520000,-0.824622,-1.568647,-1.653089,-0.984209
10.530000,-0.842807,-1.698877,-1.147683,-0.999752
10.540000,-0.856878,-1.524198,-1.244269,-1.014826
10.550000,-0.873148,-1.379100,-1.190868,-1.023446
10.560000,-0.890674,-1.424169,-1.015385,-1.034096
10.570000,-0.905549,-1.320353,-0.370531,-1.043874
10.580000,-0.920445,-1.397337,-1.061252,-1.055177
10.590000,-0.934621,-1.367886,-0.985529,-1.068470
10.600000,-0.947787,-1.410883,-0.770966,-1.080767
10.610000,-0.960931,-1.395260,-1.338622,-1.092234
10.620000,-0.974420,-1.341594,-1.546538,-1.105321
10.630000,-0.988199,-1.188646,-1.994380,-1.117629
10.640000,-1.001073,-1.379746,-1.016015,-1.129335
10.650000,-1.012985,-1.243418,-0.830134,-1.139912
10.660000,-1.026121,-1.275061,-1.283155,-1.152046
10.670000,-1.037523,-1.024512,-1.316010,-1.163156
10.680000,-1.050259,-1.419780,-1.547577,-1.174750
10.690000,-1.063368,-1.177009,-0.694289,-1.185695
10.700000,-1.074230,-1.204284,-1.474572,-1.196450
10.710000,-1.086870,-1.143312,-1.030237,-1.206930
10.720000,-1.099116,-1.191014,-1.232911,-1.217289
10.730000,-1.110219,-1.266559,-1.054071,-1.227748
10.740000,-1.122527,-0.979631,-1.596319,-1.237464
10.750000,-1.133522,-1.329990,-1.024585,-1.247483
10.760000,-1.144988,-1.161097,-0.496075,-1.258418
10.770000,-1.155580,-0.975216,-1.407019,-1.268489
10.780000,-1.166486,-1.174580,-1.200000,-1.278235
10.790000,-1.177524,-1.145926,-0.899042,-1.288004
10.800000,-1.189264,-0.955504,-1.468229,-1.298149
10.810000,-1.198627,-1.168511,-0.997482,-1.307554
10.820000,-1.209421,-1.120879,-1.238676,-1.316461
10.830000,-1.220084,-0.940815,-1.172421,-1.325246
10.840000,-1.230031,-0.981714,-1.115537,-1.334893
10.850000,-1.239619,-0.962826,-0.893958,-1.343402
10.860000,-1.250478,-1.009088,-1.169026,-1.351911
10.870000,-1.259237,-0.996498,-1.221365,-1.362037
10.880000,-1.269636,-0.968999,-1.198754,-1.370661
10.890000,-1.278763,-1.084176,-0.606150,-1.379410
10.900000,-1.288235,-0.870616,-1.461338,-1.387926
10.910000,-1.297930,-0.956625,-1.015385,-1.394691
10.920000,-1.306488,-0.843502,-1.474835,-1.402766
10.930000,-1.315871,-0.972085,-1.081515,-1.410271
10.940000,-1.324649,-0.903914,-1.569231,-1.417789
10.950000,-1.333829,-0.845334,-0.894133,-1.425440
10.960000,-1.341604,-0.854066,-1.223460,-1.432958
10.970000,-1.350326,-0.836763,-0.743706,-1.439686
10.980000,-1.358436,-0.816633,-1.107384,-1.446343
10.990000,-1.366005,-0.925008,-1.431201,-1.450423
11.000000,-1.373739,-0.838944,-1.463423,-1.455619
11.010000,-1.381514,-0.865947,-0.707723,-1.459838
11.020000,-1.388107,-0.599631,-1.302862,-1.465749
11.030000,-1.395005,-0.641077,-1.203462,-1.471439
11.040000,-1.402380,-0.603074,-1.267708,-1.475453
11.050000,-1.408534,-0.637575,-1.025768,-1.479356
11.060000,-1.414593,-0.672782,-1.425047,-1.484374
11.070000,-1.420833,-0.481021,-1.129596,-1.488685
11.080000,-1.426196,-0.609257,-1.072881,-1.493121
11.090000,-1.431945,-0.635592,-1.200000,-1.497559
11.100000,-1.437264,-0.452092,-1.024554,-1.501415
11.110000,-1.442707,-0.523688,-1.170301,-1.505648
11.120000,-1.447325,-0.546856,-1.412056,-1.510623
11.130000,-1.452709,-0.480032,-0.973193,-1.515149
11.140000,-1.457268,-0.528458,-1.039253,-1.519525
11.150000,-1.462270,-0.454118,-1.379986,-1.523765
11.160000,-1.467491,-0.517639,-1.009661,-1.527240
11.170000,-1.472052,-0.455776,-1.036585,-1.531410
11.180000,-1.476603,-0.484364,-0.892308,-1.535363
11.190000,-1.481034,-0.481182,-1.297824,-1.539248
11.200000,-1.485744,-0.413549,-0.488659,-1.542705
11.210000,-1.489674,-0.486392,-1.203058,-1.546089
11.220000,-1.494253,-0.416970,-0.913051,-1.549243
11.230000,-1.498534,-0.518812,-0.981881,-1.552179
11.240000,-1.502807,-0.347617,-1.197453,-1.554662
11.250000,-1.506159,-0.371377,-1.657925,-1.557043
11.260000,-1.510452,-0.356044,-1.257585,-1.559366
11.270000,-1.513886,-0.395865,-0.986171,-1.561428
11.280000,-1.517605,-0.377290,-0.835936,-1.563213
11.290000,-1.520567,-0.246031,-1.175244,-1.564780
11.300000,-1.522983,-0.305413,-1.556009,-1.566255
11.310000,-1.525922,-0.290557,-0.892308,-1.567591
11.320000,-1.528557,-0.242475,-1.073754,-1.568576
11.330000,-1.531064,-0.294370,-1.319284,-1.569460
11.340000,-1.533877,-0.241758,-0.904078,-1.570106
11.350000,-1.536011,-0.189011,-1.285223,-1.570526
11.360000,-1.537422,-0.138922,-0.707692,-1.570754
11.370000,-1.538927,-0.119862,-1.190509,-1.570786
11.380000,-1.540073,-0.127473,-0.957453,-1.570632
11.390000,-1.541203,-0.115239,-1.087671,-1.570292
11.400000,-1.542115,-0.111934,-1.109853,-1.569750
11.410000,-1.543259,-0.092308,-1.152107,-1.569074
11.420000,-1.544022,-0.114414,-0.797307,-1.568163
11.430000,-1.544940,-0.083516,-0.511391,-1.567090
11.440000,-1.545897,-0.067428,-0.441821,-1.565926
11.450000,-1.546212,-0.033058,-1.157045,-1.564523
11.460000,-1.546311,-0.024658,-1.141092,-1.563287
11.470000,-1.546311,-0.021978,-1.000189,-1.561706
11.480000,-1.546693,-0.016393,-0.743892,-1.559557
11.490000,-1.546693,-0.001074,-0.439665,-1.557005
11.500000,-1.546693,-0.005304,0.085951,-1.554331
11.510000,-1.546693,0.005237,-0.475968,-1.551300
11.520000,-1.546693,-0.007576,-0.046495,-1.548232
11.530000,-1.546693,-0.010189,0.034994,-1.544690
11.540000,-1.546693,0.005688,0.222641,-1.540795
11.550000,-1.546693,-0.012257,0.260646,-1.536625
11.560000,-1.546311,0.002676,-0.218106,-1.532220
11.570000,-1.546311,0.013187,1.282888,-1.527518
11.580000,-1.545930,0.030769,0.792063,-1.523107
11.590000,-1.545548,0.062670,1.041927,-1.518155
11.600000,-1.544785,0.048943,0.707692,-1.512602
11.610000,-1.544022,0.093581,0.902095,-1.506847
11.620000,-1.543132,0.104056,1.261815,-1.500843
11.630000,-1.541647,0.149056,1.228005,-1.494836
11.640000,-1.539445,0.233467,1.783878,-1.488645
11.650000,-1.537537,0.252709,1.510890,-1.482340
11.660000,-1.534313,0.367073,1.507692,-1.475534
11.670000,-1.530012,0.429154,1.560815,-1.468310
11.680000,-1.525830,0.440406,1.271137,-1.460994
11.690000,-1.521658,0.426926,0.923042,-1.453445
11.700000,-1.516660,0.571804,1.401315,-1.445710
11.710000,-1.511260,0.496193,1.250830,-1.437388
11.720000,-1.505675,0.577922,0.681370,-1.430768
11.730000,-1.500916,0.617182,1.243348,-1.424305
11.740000,-1.493874,0.589363,1.185847,-1.417638
11.750000,-1.487362,0.529000,1.318014,-1.411267
11.760000,-1.481054,0.690110,1.243686,-1.404363
11.770000,-1.474963,0.666300,1.116666,-1.397695
11.780000,-1.468491,0.602187,1.538500,-1.391229
11.790000,-1.461584,0.641181,0.898678,-1.383962
11.800000,-1.455135,0.593303,0.950711,-1.376752
11.810000,-1.448934,0.753967,1.218599,-1.368869
11.820000,-1.441447,0.718385,1.229387,-1.361561
11.830000,-1.435981,0.588475,1.092099,-1.356269
11.840000,-1.428154,0.665281,0.863199,-1.346349
11.850000,-1.420779,0.607868,0.681108,-1.335460
11.860000,-1.414366,0.815280,0.953846,-1.324782
11.870000,-1.405993,0.816184,0.716779,-1.313852
11.880000,-1.398059,0.994539,0.950085,-1.302846
11.890000,-1.389367,0.923277,1.011421,-1.291652
11.900000,-1.381865,1.058992,0.654688,-1.280547
11.910000,-1.371771,0.936497,1.007067,-1.268364
11.920000,-1.362970,1.102698,1.235455,-1.256034
11.930000,-1.353461,0.846634,0.989909,-1.243485
11.940000,-1.343486,0.966782,0.758235,-1.231464
11.950000,-1.332978,1.054628,1.545599,-1.219170
11.960000,-1.322010,1.057544,0.923587,-1.206562
11.970000,-1.311672,1.146596,1.319054,-1.193986
11.980000,-1.300521,1.091749,1.306781,-1.181350
11.990000,-1.289112,1.012697,0.909495,-1.168219
12.000000,-1.276425,1.327299,1.263963,-1.154003
12.010000,-1.264666,1.246241,1.162529,-1.140282
12.020000,-1.253260,1.108305,1.329346,-1.126420
12.030000,-1.240786,1.245217,1.191174,-1.112263
12.040000,-1.227637,1.287912,1.270064,-1.097987
12.050000,-1.214622,1.450311,1.111381,-1.082741
12.060000,-1.201970,1.194009,1.156421,-1.067937
12.070000,-1.189751,1.368410,1.708858,-1.052437
12.080000,-1.176054,1.460870,1.045537,-1.039326
12.090000,-1.162768,1.296789,1.512241,-1.023758
12.100000,-1.148206,1.514642,1.622178,-1.008318
12.110000,-1.135182,1.364101,1.510768,-0.992469
12.120000,-1.120674,1.282123,1.658286,-0.976630
12.130000,-1.104934,1.287445,1.198910,-0.959245
12.140000,-1.090327,1.503260,0.988365,-0.943206
12.150000,-1.076735,1.559624,1.258275,-0.926120
12.160000,-1.061383,1.511721,0.951496,-0.909151
12.170000,-1.044457,1.492813,0.865252,-0.892003
12.180000,-1.030093,1.707697,1.248421,-0.874456
12.190000,-1.014175,1.828999,0.858545,-0.856936
12.200000,-0.999340,1.737615,1.437500,-0.838486
12.210000,-0.982333,1.781294,1.294096,-0.821374
12.220000,-0.967088,1.631911,1.610789,-0.803035
12.230000,-0.950864,1.620891,1.534658,-0.784793
12.240000,-0.933237,1.656750,1.506317,-0.766046
12.250000,-0.916059,1.769679,1.435655,-0.747761
12.260000,-0.899989,1.744265,1.983413,-0.729308
12.270000,-0.882005,1.875874,1.522385,-0.711661
12.280000,-0.864258,1.869727,1.815385,-0.692234
12.290000,-0.846164,1.777946,0.989565,-0.673530
12.300000,-0.829240,1.764065,0.672769,-0.654055
12.310000,-0.810063,1.944746,1.323077,-0.635770
12.320000,-0.791721,1.852327,0.881014,-0.617818
12.330000,-0.775455,1.909835,1.187147,-0.598364
12.340000,-0.756762,1.742780,0.869838,-0.578728
12.350000,-0.737872,1.593232,0.905652,-0.558986
12.360000,-0.719989,1.706370,1.438274,-0.539342
12.370000,-0.700920,1.994998,1.356236,-0.519797
12.380000,-0.680816,2.054907,1.260681,-0.500670
12.390000,-0.662041,1.847171,0.696676,-0.481005
12.400000,-0.644858,1.860684,0.968361,-0.461121
12.410000,-0.625867,1.867147,1.061006,-0.440902
12.420000,-0.606740,1.771743,1.196694,-0.421249
12.430000,-0.586166,2.015552,1.654373,-0.403159
12.440000,-0.568047,1.948640,1.786230,-0.382387
12.450000,-0.549289,1.975984,1.482165,-0.362349
12.460000,-0.529597,1.943389,1.125767,-0.342822
12.470000,-0.509860,2.064142,1.625065,-0.323181
12.480000,-0.490699,1.865289,1.238008,-0.302904
12.490000,-0.470238,1.892128,1.653108,-0.282263
12.500000,-0.451761,1.906573,1.419012,-0.262093
12.510000,-0.430711,1.870533,0.502162,-0.242003
12.520000,-0.411843,2.134103,1.103149,-0.221291
12.530000,-0.391196,2.042689,0.340736,-0.200023
12.540000,-0.372197,1.719458,1.127595,-0.179313
12.550000,-0.352025,2.130687,1.279825,-0.159259
12.560000,-0.329711,2.083380,1.102787,-0.137994
12.570000,-0.309731,2.129377,0.991502,-0.116465
12.580000,-0.290451,1.931596,1.767770,-0.095052
12.590000,-0.269084,2.038762,1.286643,-0.075037
12.600000,-0.250590,2.069964,1.817948,-0.054860
12.610000,-0.229196,2.074002,1.005569,-0.039459
12.620000,-0.209847,2.022568,0.584097,-0.023284
12.630000,-0.189954,1.881322,1.431176,-0.007529
12.640000,-0.169359,2.004432,0.236654,0.010331
12.650000,-0.151059,2.115763,0.961160,0.029611
12.660000,-0.132008,1.855405,0.998569,0.046871
12.670000,-0.113284,1.873875,1.044528,0.067444
12.680000,-0.093198,1.849525,1.257952,0.086511
12.690000,-0.074965,1.871465,1.533263,0.106618
12.700000,-0.056604,1.602613,1.079078,0.125251
12.710000,-0.038758,1.707456,1.132266,0.144697
12.720000,-0.018682,2.025794,0.889075,0.164283
12.730000,0.000191,2.017582,2.369231,0.183397
12.740000,0.019647,1.909169,1.131651,0.203616
12.750000,0.039071,1.802722,1.148304,0.224255
12.760000,0.059098,1.893771,0.795122,0.242233
12.770000,0.077367,1.774435,1.089594,0.260401
12.780000,0.096476,1.927041,1.113814,0.277912
12.790000,0.116815,1.896517,1.173454,0.295836
12.800000,0.134446,1.947689,1.326933,0.315356
12.810000,0.154383,1.882468,0.597872,0.333423
12.820000,0.173862,1.792993,0.800965,0.351309
12.830000,0.191507,1.760836,1.100339,0.368843
12.840000,0.210778,1.919274,1.127228,0.386912
12.850000,0.228035,1.823209,1.753846,0.405140
12.860000,0.245479,1.903134,1.507218,0.423574
12.870000,0.264632,2.081541,1.658325,0.441500
12.880000,0.283997,1.785632,0.938932,0.459098
12.890000,0.301764,1.823789,0.823531,0.477065
12.900000,0.322201,1.885024,0.523649,0.495435
12.910000,0.339326,1.902894,0.767621,0.514268
12.920000,0.356792,1.812718,0.635831,0.533195
12.930000,0.376305,1.529430,1.206740,0.550290
12.940000,0.393140,1.589327,1.201599,0.569065
12.950000,0.412103,1.782776,1.586789,0.587195
12.960000,0.430062,1.858243,1.080766,0.607105
12.970000,0.449731,1.896370,0.316069,0.623674
12.980000,0.467710,1.906203,0.844500,0.640528
12.990000,0.486437,1.967677,0.830769,0.657711
13.000000,0.503963,1.873335,0.899483,0.675020
13.010000,0.522207,1.766135,0.926288,0.692254
13.020000,0.539899,1.736905,0.793356,0.710616
13.030000,0.556966,1.624758,0.853359,0.727709
13.040000,0.575225,1.598322,1.323077,0.745784
13.050000,0.593399,1.640971,1.507692,0.763129
13.060000,0.610159,1.643505,1.323077,0.780944
13.070000,0.629244,1.947253,1.261538,0.799179
13.080000,0.645631,1.905806,1.093477,0.816798
13.090000,0.663952,1.714482,1.485911,0.832255
13.100000,0.680249,1.937426,1.218215,0.846517
13.110000,0.698791,1.732322,0.754378,0.864067
13.120000,0.715511,1.819285,0.918654,0.880971
13.130000,0.734047,1.724491,0.951720,0.896068
13.140000,0.749346,1.874528,0.976032,0.911226
13.150000,0.766798,1.707324,0.789106,0.926320
13.160000,0.783719,1.715491,0.620235,0.941423
13.170000,0.800248,1.802557,0.908948,0.956885
13.180000,0.816393,1.623715,0.301246,0.973205
13.190000,0.833430,1.745944,1.130123,0.988755
13.200000,0.847802,1.597700,1.525231,1.003572
13.210000,0.864661,1.582831,0.951312,1.019359
13.220000,0.880491,1.669588,1.210672,1.033471
13.230000,0.895824,1.748979,1.190109,1.048840
13.240000,0.912007,1.703684,0.990046,1.063341
13.250000,0.925992,1.537901,1.498697,1.078299
13.260000,0.941784,1.406314,1.459927,1.092435
13.270000,0.957601,1.365890,1.239018,1.106603
13.280000,0.973618,1.261249,0.753340,1.118631
13.290000,0.988522,1.361171,0.680344,1.132741
13.300000,1.002654,1.551648,1.129698,1.146471
13.310000,1.018262,1.514592,0.803506,1.160172
13.320000,1.032780,1.432862,1.074528,1.172973
13.330000,1.046525,1.613433,0.663397,1.186186
13.340000,1.060414,1.438878,1.273421,1.197709
13.350000,1.074807,1.156044,1.261538,1.209388
13.360000,1.088481,1.429671,1.311533,1.222298
13.370000,1.102850,1.367580,1.203832,1.235126
13.380000,1.116244,1.353349,0.934689,1.246184
13.390000,1.130094,1.410909,0.408801,1.258571
13.400000,1.141185,1.270327,1.507557,1.269975
13.410000,1.154985,1.143261,0.785867,1.281771
13.420000,1.166923,1.410495,1.232498,1.293337
13.430000,1.179112,1.236010,1.229571,1.303940
13.440000,1.192458,1.295501,1.117418,1.314626
13.450000,1.204163,1.144806,1.153530,1.325606
13.460000,1.216206,1.205822,1.079392,1.335848
13.470000,1.228344,1.327989,0.525395,1.346123
13.480000,1.239703,0.933525,1.215888,1.355972
13.490000,1.250920,1.172143,1.327893,1.365908
13.500000,1.262139,1.246328,1.010933,1.375128
13.510000,1.273002,0.993703,1.140123,1.384291
13.520000,1.283176,1.071960,1.078512,1.392735
13.530000,1.294316,1.213901,1.210000,1.399897
13.540000,1.304478,0.914033,1.022626,1.406513
13.550000,1.314192,0.900700,0.511919,1.412962
13.560000,1.323293,0.823800,1.149052,1.420001
13.570000,1.332937,0.938594,0.857518,1.425684
13.580000,1.341494,0.861955,1.104907,1.431952
13.590000,1.350070,0.848606,0.895863,1.438094
13.600000,1.357691,0.773563,1.408498,1.445451
13.610000,1.365360,0.809136,0.714781,1.451623
13.620000,1.373045,0.647915,1.298455,1.457297
13.630000,1.381108,0.735079,1.626831,1.462875
13.640000,1.388827,0.579933,1.082152,1.468618
13.650000,1.396033,0.705541,0.506719,1.474172
13.660000,1.402190,0.748569,0.501569,1.479546
13.670000,1.408687,0.669148,0.996387,1.483295
13.680000,1.415150,0.610989,1.187182,1.488850
13.690000,1.421595,0.534295,0.784088,1.494459
13.700000,1.427407,0.728606,0.996599,1.500274
13.710000,1.433545,0.554780,1.171918,1.505457
13.720000,1.439696,0.521315,1.148350,1.511091
13.730000,1.445696,0.654437,1.000231,1.516218
13.740000,1.451336,0.542034,1.026936,1.521253
13.750000,1.456280,0.505377,1.692143,1.525859
13.760000,1.461974,0.635245,1.473111,1.530214
13.770000,1.467551,0.487912,1.020174,1.534144
13.780000,1.472674,0.487198,1.085926,1.538411
13.790000,1.477642,0.567212,0.764834,1.542153
13.800000,1.483248,0.464164,1.239502,1.545484
13.810000,1.487945,0.408791,2.008235,1.549027
13.820000,1.492038,0.466308,1.048771,1.552370
13.830000,1.496768,0.454997,0.892308,1.555312
13.840000,1.501178,0.362100,0.975041,1.557995
13.850000,1.505225,0.366452,1.040497,1.560404
13.860000,1.509063,0.399330,1.032770,1.562735
13.870000,1.512693,0.347253,1.529973,1.564701
13.880000,1.516366,0.341378,1.066418,1.565762
13.890000,1.519573,0.247298,1.311698,1.566973
13.900000,1.522550,0.295745,0.971467,1.567995
13.910000,1.525515,0.292371,1.155174,1.568928
13.920000,1.528017,0.249430,1.148914,1.569720
13.930000,1.530289,0.200842,1.183319,1.570337
13.940000,1.532080,0.180220,1.060807,1.570683
13.950000,1.533738,0.152375,1.094943,1.570796
13.960000,1.535265,0.136264,1.280650,1.570686
13.970000,1.536791,0.135489,1.028947,1.570337
13.980000,1.537934,0.118320,0.794543,1.569761
13.990000,1.539401,0.136765,1.569231,1.569113
14.000000,1.540587,0.109890,1.016295,1.568458
14.010000,1.541352,0.078062,1.019652,1.567357
14.020000,1.541857,0.021978,1.178436,1.565806
14.030000,1.542115,-0.013187,1.076923,1.564141
14.040000,1.542115,-0.012725,0.802712,1.562163
14.050000,1.542115,-0.002934,0.774422,1.559676
14.060000,1.541733,-0.013187,0.927094,1.556910
14.070000,1.541733,-0.008706,0.553249,1.554210
14.080000,1.541733,-0.005113,0.431390,1.550999
14.090000,1.541733,0.003455,0.513205,1.547903
14.100000,1.541733,-0.001101,0.211563,1.544288
14.110000,1.541733,-0.011842,0.016302,1.540304
14.120000,1.541733,-0.006956,-0.030769,1.537819
14.130000,1.541733,-0.007188,-0.205611,1.534835
14.140000,1.541733,-0.016469,-0.284307,1.531709
14.150000,1.541434,-0.015088,-0.611229,1.528684
14.160000,1.541352,-0.013187,-0.893654,1.524475
14.170000,1.541352,-0.013691,-0.841356,1.519197
14.180000,1.540970,-0.041655,-0.883535,1.513580
14.190000,1.540287,-0.109890,-1.148475,1.508134
14.200000,1.539349,-0.120877,-1.692373,1.502171
14.210000,1.538070,-0.118681,-1.212785,1.496045
14.220000,1.536715,-0.166729,-1.469506,1.489459
14.230000,1.534485,-0.232967,-1.384615,1.482743
14.240000,1.531971,-0.319285,-1.074048,1.476205
14.250000,1.528563,-0.340983,-1.619163,1.469264
14.260000,1.524419,-0.459556,-1.355806,1.462367
14.270000,1.520666,-0.388010,-1.409787,1.455512
14.280000,1.515570,-0.574897,-0.951834,1.448781
14.290000,1.511174,-0.478172,-1.456119,1.441591
14.300000,1.505638,-0.564896,-1.590010,1.435899
14.310000,1.500401,-0.540875,-1.446154,1.430902
14.320000,1.494564,-0.560443,-1.098477,1.421563
14.330000,1.488786,-0.595291,-1.053066,1.411971
14.340000,1.482559,-0.665187,-1.569231,1.401633
14.350000,1.474995,-0.671586,-1.261538,1.392388
14.360000,1.468985,-0.757448,-1.382044,1.382413
14.370000,1.461660,-0.836069,-1.052484,1.371770
14.380000,1.453485,-0.772196,-1.323232,1.362945
14.390000,1.446113,-0.856946,-0.357978,1.355341
14.400000,1.437615,-0.754317,-1.469295,1.347082
14.410000,1.429667,-0.804396,-0.969926,1.339369
14.420000,1.421358,-0.725275,-1.165573,1.330791
14.430000,1.412845,-0.858557,-1.438836,1.322624
14.440000,1.404182,-0.824618,-1.454348,1.313772
14.450000,1.396475,-0.756820,-1.095023,1.305944
14.460000,1.387243,-0.804227,-1.053699,1.296232
14.470000,1.379580,-0.832208,-1.062602,1.285982
14.480000,1.370047,-0.783860,-1.509528,1.277030
14.490000,1.362455,-0.878588,-1.291064,1.267032
14.500000,1.354481,-0.754636,-0.979826,1.258834
14.510000,1.344755,-0.905533,-1.090071,1.247380
14.520000,1.335479,-0.901353,-1.426235,1.233579
14.530000,1.326027,-1.060420,-1.295142,1.219688
14.540000,1.316334,-1.041113,-1.155966,1.205411
14.550000,1.306124,-0.930013,-1.087310,1.190216
14.560000,1.294973,-1.172443,-0.796451,1.175393
14.570000,1.283850,-1.261391,-1.138462,1.159357
14.580000,1.272292,-1.156929,-1.577965,1.146774
14.590000,1.260218,-1.377160,-1.013190,1.137045
14.600000,1.248177,-1.294121,-1.087789,1.126435
14.610000,1.235531,-1.255464,-1.005877,1.114693
14.620000,1.222960,-1.094505,-1.705116,1.101732
14.630000,1.211600,-1.269090,-1.288352,1.089902
14.640000,1.199219,-1.295536,-1.066576,1.074268
14.650000,1.187249,-1.113097,-1.030519,1.058756
14.660000,1.175181,-1.291860,-1.077438,1.044235
14.670000,1.160220,-1.256727,-0.912174,1.033860
14.680000,1.149012,-1.443125,-0.916100,1.021910
14.690000,1.134687,-1.264847,-1.169727,1.007609
14.700000,1.122410,-1.176757,-1.177909,0.991801
14.710000,1.109799,-1.357723,-0.958250,0.977496
14.720000,1.095198,-1.499746,-1.340980,0.962665
14.730000,1.082697,-1.320927,-1.175966,0.946787
14.740000,1.069264,-1.497174,-1.253358,0.931828
14.750000,1.055118,-1.181620,-1.181118,0.915794
14.760000,1.039994,-1.270030,-1.184092,0.897024
14.770000,1.025539,-1.490265,-1.439905,0.879638
14.780000,1.012139,-1.582058,-1.160131,0.862119
14.790000,0.997828,-1.473150,-1.091782,0.845928
14.800000,0.981701,-1.601194,-1.024926,0.828937
14.810000,0.966652,-1.658841,-1.255596,0.811883
14.820000,0.950442,-1.696635,-0.798565,0.798844
14.830000,0.934135,-1.687459,-0.928483,0.784439
14.840000,0.918785,-1.620029,-1.364275,0.768471
14.850000,0.903976,-1.524395,-1.489639,0.754443
14.860000,0.887879,-1.381283,-1.370005,0.739142
14.870000,0.872700,-1.347297,-0.841273,0.725666
14.880000,0.857361,-1.453826,-0.404184,0.710984
14.890000,0.843464,-1.516874,-0.900709,0.695553
14.900000,0.827870,-1.512269,-1.020323,0.679701
14.910000,0.812109,-1.496846,-0.728468,0.665114
14.920000,0.797159,-1.631013,-0.808479,0.649816
14.930000,0.782989,-1.542497,-1.209032,0.634369
14.940000,0.767953,-1.495210,-1.196034,0.617326
14.950000,0.751933,-1.541178,-1.249783,0.600515
14.960000,0.736786,-1.501304,-1.213102,0.584642
14.970000,0.722184,-1.490839,-1.262438,0.568672
14.980000,0.705970,-1.332676,-1.116842,0.553179
14.990000,0.689965,-1.336491,-1.175891,0.535307
15.000000,0.673857,-1.364398,-2.308156,0.521868
15.010000,0.658230,-1.475509,-1.319959,0.505233
15.020000,0.643291,-1.600705,-1.342846,0.489098
15.030000,0.625626,-1.609773,-0.972668,0.473526
15.040000,0.611171,-1.676967,-1.503384,0.457438
15.050000,0.594365,-1.704113,-1.511702,0.441884
15.060000,0.578937,-1.506412,-1.570518,0.424756
15.070000,0.562159,-1.778870,-1.256816,0.407271
15.080000,0.547716,-1.647149,-1.477184,0.388596
15.090000,0.530591,-1.808900,-1.299050,0.366113
15.100000,0.514874,-1.683327,-1.613745,0.341361
15.110000,0.497129,-1.794849,-1.917980,0.318636
15.120000,0.479764,-1.839528,-1.524409,0.295272
15.130000,0.461193,-1.883410,-1.465670,0.271260
15.140000,0.440364,-1.864435,-1.261538,0.248471
15.150000,0.422483,-1.959934,-1.727918,0.225342
15.160000,0.402008,-2.086484,-0.970463,0.201850
15.170000,0.380828,-2.335728,-0.843289,0.178325
15.180000,0.358184,-1.834598,-1.205445,0.155005
15.190000,0.337055,-2.274605,-1.543525,0.130991
15.200000,0.316087,-2.274925,-1.093706,0.107109
15.210000,0.291257,-2.008791,-1.200000,0.084138
15.220000,0.270998,-2.264713,-1.488193,0.060311
15.230000,0.249502,-2.502423,-1.095749,0.039547
15.240000,0.223889,-2.381206,-0.315686,0.025466
15.250000,0.203762,-2.336631,-1.090399,0.011284
15.260000,0.179521,-2.338573,-0.830769,-0.008804
15.270000,0.160029,-2.123077,-0.892308,-0.032586
15.280000,0.138903,-1.946393,-1.569231,-0.058517
15.290000,0.117597,-2.268017,-1.783812,-0.083594
15.300000,0.097414,-2.200631,-1.196344,-0.109953
15.310000,0.073487,-2.044996,-1.685691,-0.137065
15.320000,0.051394,-2.295211,-2.043683,-0.162417
15.330000,0.028859,-2.516188,-1.080996,-0.186879
15.340000,0.007800,-2.126296,-0.629856,-0.212225
15.350000,-0.015687,-2.354882,-1.346934,-0.236460
15.360000,-0.041748,-2.303565,-0.921952,-0.258583
15.370000,-0.065649,-2.519793,-1.310940,-0.283840
15.380000,-0.088192,-2.504278,-0.950588,-0.308449
15.390000,-0.113007,-2.579644,-1.176796,-0.332546
15.400000,-0.136008,-2.614674,-1.387529,-0.356461
15.410000,-0.159735,-2.302846,-1.498177,-0.377423
15.420000,-0.183336,-2.335683,-1.256688,-0.395592
15.430000,-0.206601,-2.220731,-0.798461,-0.413555
15.440000,-0.228935,-2.296102,-1.071852,-0.431307
15.450000,-0.252345,-2.244815,-0.987020,-0.448426
15.460000,-0.273537,-1.950813,-0.814544,-0.463443
15.470000,-0.295541,-2.110219,-1.261538,-0.481498
15.480000,-0.315177,-1.974788,-0.892308,-0.498794
15.490000,-0.337060,-2.097528,-1.261538,-0.517200
15.500000,-0.355802,-1.964239,-0.734753,-0.533055
15.510000,-0.374693,-1.952821,-1.112475,-0.549062
15.520000,-0.391715,-1.653299,-0.884887,-0.566312
15.530000,-0.410680,-1.859919,-0.970100,-0.584022
15.540000,-0.429353,-1.895683,-0.707692,-0.599100
15.550000,-0.448873,-1.798986,-1.582706,-0.614026
15.560000,-0.466927,-1.784320,-1.239519,-0.630219
15.570000,-0.484265,-1.800551,-0.912503,-0.646191
15.580000,-0.499934,-1.794954,-1.248248,-0.659633
15.590000,-0.517750,-1.864998,-1.278165,-0.677017
15.600000,-0.534609,-1.755884,-1.337266,-0.691820
15.610000,-0.550185,-1.670437,-0.932090,-0.707964
15.620000,-0.566244,-1.679608,-1.393703,-0.725494
15.630000,-0.582617,-1.643556,-0.483909,-0.741753
15.640000,-0.600474,-1.662918,-1.505899,-0.758382
15.650000,-0.617363,-1.761795,-1.078692,-0.774853
15.660000,-0.632071,-1.729225,-1.442064,-0.790660
15.670000,-0.648301,-1.609094,-1.124136,-0.807929
15.680000,-0.664917,-1.675545,-1.342729,-0.822745
15.690000,-0.678811,-1.779005,-1.053577,-0.836963
15.700000,-0.695809,-1.629297,-1.130447,-0.851571
15.710000,-0.713647,-1.598485,-1.015385,-0.867914
15.720000,-0.728784,-1.662812,-1.275337,-0.880976
15.730000,-0.745681,-1.603866,-1.003524,-0.894832
15.740000,-0.758726,-1.487593,-1.445117,-0.908602
15.750000,-0.775241,-1.449554,-0.761887,-0.922665
15.760000,-0.789517,-1.527109,-1.270070,-0.936690
15.770000,-0.804938,-1.337487,-1.043796,-0.950807
15.780000,-0.820022,-1.529953,-1.590177,-0.965357
15.790000,-0.835836,-1.546735,-0.747000,-0.978168
15.800000,-0.849479,-1.570653,-0.840722,-0.991741
15.810000,-0.864672,-1.476960,-1.103038,-1.006187
15.820000,-0.879873,-1.482764,-1.112750,-1.020938
15.830000,-0.892887,-1.483345,-1.138610,-1.034891
15.840000,-0.907808,-1.328680,-1.208405,-1.048962
15.850000,-0.921991,-1.399715,-1.397175,-1.062884
15.860000,-0.936530,-1.447599,-1.239726,-1.075716
15.870000,-0.950577,-1.471025,-1.272053,-1.090092
15.880000,-0.963841,-1.512188,-1.102800,-1.102562
15.890000,-0.978851,-1.384615,-1.365610,-1.115708
15.900000,-0.992770,-1.345286,-1.285828,-1.129977
15.910000,-1.005490,-1.204576,-1.384615,-1.142447
15.920000,-1.019223,-1.260823,-1.376842,-1.154929
15.930000,-1.033570,-1.560090,-1.228310,-1.165861
15.940000,-1.045689,-1.273294,-1.456440,-1.177086
15.950000,-1.059951,-1.380387,-1.310973,-1.189852
15.960000,-1.072607,-1.113453,-1.138462,-1.202110
15.970000,-1.084994,-1.357308,-1.027608,-1.215441
15.980000,-1.097679,-1.352540,-1.175657,-1.226471
15.990000,-1.111405,-1.298739,-1.744777,-1.238118
16.000000,-1.122414,-1.101406,-1.298390,-1.249570
16.010000,-1.136199,-1.222036,-0.453119,-1.261848
16.020000,-1.148211,-1.211924,-1.265468,-1.272050
16.030000,-1.161240,-1.279537,-1.217494,-1.283497
16.040000,-1.173245,-1.113561,-1.446154,-1.292485
16.050000,-1.185878,-1.131587,-1.616868,-1.302860
16.060000,-1.196000,-1.194613,-0.923350,-1.312827
16.070000,-1.207834,-1.293515,-1.048538,-1.322045
16.080000,-1.219715,-1.050864,-1.743209,-1.332226
16.090000,-1.229999,-1.054494,-1.664695,-1.342061
16.100000,-1.241501,-1.069595,-1.201879,-1.351459
16.110000,-1.252134,-1.076274,-1.048673,-1.360903
16.120000,-1.261366,-1.138071,-0.587007,-1.370113
16.130000,-1.272779,-0.978923,-1.213619,-1.380069
16.140000,-1.283936,-1.075333,-1.125973,-1.390886
16.150000,-1.292993,-1.084442,-1.448380,-1.401018
16.160000,-1.304349,-0.916676,-1.129408,-1.411503
16.170000,-1.314632,-1.123334,-1.483301,-1.421632
16.180000,-1.324409,-1.009001,-1.365806,-1.430636
16.190000,-1.335046,-0.971833,-1.176517,-1.439697
16.200000,-1.343998,-0.964409,-0.802756,-1.448746
16.210000,-1.353761,-0.871982,-1.127100,-1.457288
16.220000,-1.364449,-1.083750,-1.157956,-1.465363
16.230000,-1.373142,-1.015874,-1.381186,-1.473165
16.240000,-1.383225,-1.026680,-1.031198,-1.481259
16.250000,-1.391795,-0.982043,-1.335837,-1.488384
16.260000,-1.401692,-0.896264,-1.006923,-1.495152
16.270000,-1.409992,-0.892393,-1.404133,-1.501359
16.280000,-1.418702,-0.807866,-0.892308,-1.508139
16.290000,-1.426889,-0.846207,-1.108437,-1.514331
16.300000,-1.435694,-0.725632,-1.326409,-1.520067
16.310000,-1.443058,-0.873256,-0.892332,-1.525878
16.320000,-1.451585,-0.746456,-1.269162,-1.531443
16.330000,-1.457621,-0.769143,-1.107231,-1.536482
16.340000,-1.465771,-0.809815,-1.076923,-1.541002
16.350000,-1.471973,-0.649553,-1.059151,-1.545029
16.360000,-1.479053,-0.604920,-0.863728,-1.549084
16.370000,-1.485373,-0.563494,-0.386067,-1.552830
16.380000,-1.491027,-0.632621,-0.825918,-1.556285
16.390000,-1.496237,-0.542493,-1.429920,-1.559495
16.400000,-1.502007,-0.467804,-1.023892,-1.562070
16.410000,-1.506827,-0.562616,-0.863827,-1.564206
16.420000,-1.511951,-0.411330,-0.325785,-1.566104
16.430000,-1.516191,-0.505107,-0.707692,-1.567605
16.440000,-1.520244,-0.317920,-0.913633,-1.568915
16.450000,-1.524034,-0.363042,-0.843321,-1.569794
16.460000,-1.527224,-0.346035,-1.129937,-1.570432
16.470000,-1.530289,-0.327085,-1.011724,-1.570736
16.480000,-1.533670,-0.274802,-1.138462,-1.570782
16.490000,-1.535592,-0.225047,-0.993764,-1.570612
16.500000,-1.537510,-0.146287,-1.992551,-1.570295
16.510000,-1.539063,-0.124085,-0.975310,-1.569720
16.520000,-1.540265,-0.116015,-1.151588,-1.568980
16.530000,-1.541133,-0.104840,-0.795416,-1.567980
16.540000,-1.542115,-0.088286,-0.920460,-1.566571
16.550000,-1.543125,-0.080936,-0.892308,-1.564827
16.560000,-1.543641,-0.048337,-0.646552,-1.562726
16.570000,-1.544022,-0.051170,-0.958550,-1.560320
16.580000,-1.544404,-0.013672,-0.697501,-1.557678
16.590000,-1.544404,0.003779,-0.668845,-1.554586
16.600000,-1.544404,-0.008905,-0.712470,-1.551649
16.610000,-1.544404,-0.003562,-0.587279,-1.547874
16.620000,-1.544404,-0.006697,0.049782,-1.544436
16.630000,-1.544404,0.002587,-0.202727,-1.540328
16.640000,-1.544404,0.002416,0.223134,-1.535726
16.650000,-1.544404,0.004396,0.461538,-1.530899
16.660000,-1.544022,0.004396,0.239223,-1.525713
16.670000,-1.544022,0.013187,0.521830,-1.520345
16.680000,-1.544022,0.017452,1.052549,-1.514544
16.690000,-1.543370,0.055699,1.277143,-1.508569
16.700000,-1.542529,0.135515,1.425194,-1.502314
16.710000,-1.540996,0.154429,1.212242,-1.495966
16.720000,-1.538738,0.214090,1.418958,-1.489454
16.730000,-1.536404,0.245767,1.880530,-1.481839
16.740000,-1.532948,0.390954,1.266887,-1.475220
16.750000,-1.529052,0.386939,1.293188,-1.467523
16.760000,-1.525183,0.449369,1.299427,-1.459631
16.770000,-1.520937,0.410669,1.198206,-1.451142
16.780000,-1.515888,0.586087,1.420535,-1.443117
16.790000,-1.510302,0.567184,1.570286,-1.435148
16.800000,-1.504429,0.523581,0.847311,-1.426077
16.810000,-1.499300,0.697609,1.565616,-1.416686
16.820000,-1.492029,0.723542,1.354287,-1.406605
16.830000,-1.485189,0.664579,1.734035,-1.396792
16.840000,-1.477536,0.725275,1.323077,-1.385469
16.850000,-1.469753,0.700509,1.536739,-1.375840
16.860000,-1.461158,0.790702,0.782842,-1.364656
16.870000,-1.454005,0.734587,1.134814,-1.354424
16.880000,-1.444670,0.874743,0.899034,-1.343647
16.890000,-1.435371,0.822263,1.386612,-1.331118
16.900000,-1.425878,1.009577,1.076923,-1.319474
16.910000,-1.416815,0.994403,1.332558,-1.307488
16.920000,-1.405688,1.008348,1.208808,-1.295564
16.930000,-1.396257,1.049658,0.975514,-1.283687
16.940000,-1.384912,0.897995,1.625082,-1.270367
16.950000,-1.374898,1.058988,1.148978,-1.256323
16.960000,-1.363873,1.298847,0.902222,-1.243530
16.970000,-1.352717,0.975718,1.535256,-1.228460
16.980000,-1.340153,1.231083,0.750183,-1.215171
16.990000,-1.329716,1.302183,0.955641,-1.202926
17.000000,-1.316220,1.216451,1.245635,-1.189995
17.010000,-1.304848,1.126444,1.067319,-1.175880
17.020000,-1.291951,1.390095,0.576623,-1.159788
17.030000,-1.279146,1.298812,1.159802,-1.144100
17.040000,-1.264902,1.343656,1.611190,-1.129914
17.050000,-1.252925,1.234698,1.356840,-1.116717
17.060000,-1.237911,1.196620,1.018782,-1.100314
17.070000,-1.225545,1.419146,1.019826,-1.083449
17.080000,-1.211454,1.491913,0.953846,-1.068222
17.090000,-1.198013,1.579792,1.297222,-1.052871
17.100000,-1.183370,1.537277,1.543723,-1.035302
17.110000,-1.167645,1.536813,1.748307,-1.019254
17.120000,-1.153136,1.267472,1.466920,-1.002619
17.130000,-1.138044,1.447049,1.220478,-0.986521
17.140000,-1.122508,1.499664,0.913711,-0.968969
17.150000,-1.106305,1.546069,1.058799,-0.953090
17.160000,-1.092052,1.653730,0.832175,-0.934435
17.170000,-1.074999,1.634301,0.843129,-0.917251
17.180000,-1.059514,1.674922,0.776100,-0.899304
17.190000,-1.044200,1.581603,1.091298,-0.879679
17.200000,-1.027701,1.614253,0.569699,-0.860023
17.210000,-1.010020,1.645674,0.805093,-0.845350
17.220000,-0.994212,1.655544,0.802798,-0.829790
17.230000,-0.976581,1.674128,0.999733,-0.817518
17.240000,-0.958822,1.668826,0.792156,-0.801769
17.250000,-0.943791,1.789589,1.048177,-0.779374
17.260000,-0.925665,1.768955,1.429914,-0.757137
17.270000,-0.909394,1.873991,1.223749,-0.736348
17.280000,-0.892088,1.794306,1.346388,-0.714854
17.290000,-0.873822,1.815385,0.285370,-0.692311
17.300000,-0.856376,1.871755,0.782023,-0.669668
17.310000,-0.837377,1.590962,1.626658,-0.645846
17.320000,-0.818638,1.970259,1.627890,-0.621746
17.330000,-0.795871,2.027210,1.391382,-0.598595
17.340000,-0.777920,2.082848,0.890359,-0.575102
17.350000,-0.755560,1.850628,0.992102,-0.552676
17.360000,-0.735751,2.050546,1.481332,-0.528615
17.370000,-0.712675,2.313278,0.957637,-0.506101
17.380000,-0.689949,2.237818,0.525314,-0.482655
17.390000,-0.670057,1.968595,1.292701,-0.458785
17.400000,-0.646235,2.295542,1.119541,-0.436989
17.410000,-0.624847,2.124467,1.209720,-0.413564
17.420000,-0.602608,2.239721,1.498686,-0.390426
17.430000,-0.580848,2.263736,1.261538,-0.365742
17.440000,-0.557695,2.179320,1.068237,-0.340606
17.450000,-0.534262,2.392755,1.788224,-0.314572
17.460000,-0.512388,2.186889,1.047210,-0.290689
17.470000,-0.488896,2.098321,1.444266,-0.267970
17.480000,-0.464589,2.344432,1.149485,-0.244290
17.490000,-0.441301,2.401061,0.919893,-0.220374
17.500000,-0.417144,2.606593,1.569231,-0.196644
17.510000,-0.392707,2.526956,1.134843,-0.170613
17.520000,-0.369648,2.331151,1.349304,-0.144852
17.530000,-0.346565,2.345054,1.261538,-0.118756
17.540000,-0.319195,2.574627,1.679004,-0.093339
17.550000,-0.297820,2.560087,1.237058,-0.067792
17.560000,-0.271918,2.222462,1.100910,-0.042296
17.570000,-0.245015,2.566194,1.023683,-0.017596
17.580000,-0.221674,2.507266,1.237050,0.007986
17.590000,-0.198160,2.547348,1.363204,0.032807
17.600000,-0.173602,2.357071,1.094311,0.058328
17.610000,-0.147257,2.412951,0.799588,0.084111
17.620000,-0.121805,2.349937,1.273966,0.106385
17.630000,-0.095902,2.631757,0.709837,0.129084
17.640000,-0.072617,2.109256,1.050543,0.153644
17.650000,-0.047769,2.522098,1.066701,0.179253
17.660000,-0.022735,2.177843,1.287303,0.202225
17.670000,0.001880,2.428404,1.089319,0.227083
17.680000,0.027271,2.160152,0.768081,0.250461
17.690000,0.049476,2.509519,1.250704,0.275890
17.700000,0.075722,2.379232,0.922824,0.301419
17.710000,0.098676,2.454647,1.563406,0.326848
17.720000,0.124010,2.329234,1.281161,0.352735
17.730000,0.147064,2.508312,1.343027,0.378068
17.740000,0.171892,2.596193,1.015385,0.403067
17.750000,0.197070,2.569722,1.057008,0.428761
17.760000,0.221854,2.636296,1.269898,0.452123
17.770000,0.246209,2.536557,1.349821,0.475809
17.780000,0.271257,2.550093,0.645186,0.500701
17.790000,0.295654,2.514416,1.456381,0.523635
17.800000,0.322038,2.475659,0.890513,0.549096
17.810000,0.346218,2.590916,1.492894,0.574004
17.820000,0.371752,2.623776,1.014739,0.598746
17.830000,0.396401,2.482918,1.256039,0.622806
17.840000,0.419886,2.474664,0.568142,0.646414
17.850000,0.446122,2.435881,0.920224,0.668574
17.860000,0.469468,2.701519,0.777182,0.693238
17.870000,0.495716,2.492041,1.566591,0.715893
17.880000,0.517756,2.420761,0.996071,0.739920
17.890000,0.542623,2.526880,0.828695,0.762579
17.900000,0.568534,2.459393,1.173684,0.783847
17.910000,0.590847,2.100865,1.068196,0.805616
17.920000,0.615428,2.398923,0.968782,0.828358
17.930000,0.636473,2.460017,1.033284,0.850879
17.940000,0.659396,2.353011,0.769231,0.867828
17.950000,0.681194,2.419407,0.114861,0.885220
17.960000,0.705279,2.167033,0.785419,0.901740
17.970000,0.724476,1.905324,0.552593,0.913900
17.980000,0.746990,2.338995,0.830769,0.932202
17.990000,0.767312,2.152869,0.563708,0.945809
18.000000,0.788222,1.862810,0.695548,0.960015
18.010000,0.807390,1.665823,1.534214,0.974257
18.020000,0.823174,1.718160,0.271970,0.988972
18.030000,0.843346,1.756013,1.227193,1.006414
18.040000,0.860183,1.750053,1.250125,1.023087
18.050000,0.877512,1.745246,1.503670,1.036488
18.060000,0.892280,1.494567,1.149201,1.052047
18.070000,0.909328,1.549219,1.684676,1.067686
18.080000,0.926278,1.641531,1.362759,1.081030
18.090000,0.942084,1.490061,1.426558,1.093222
18.100000,0.957375,1.304690,0.932528,1.108660
18.110000,0.973265,1.343899,1.210927,1.124023
18.120000,0.988706,1.436964,0.683314,1.139807
18.130000,1.004330,1.591963,0.658968,1.154134
18.140000,1.020741,1.507100,0.918379,1.167342
18.150000,1.034760,1.569231,0.941423,1.181504
18.160000,1.049640,1.446547,0.585271,1.195630
18.170000,1.065975,1.435998,0.901655,1.207440
18.180000,1.079036,1.592116,1.174905,1.221041
18.190000,1.093974,1.476042,1.176751,1.234148
18.200000,1.107917,1.241242,1.195746,1.247082
18.210000,1.122754,1.271605,1.008979,1.262749
18.220000,1.137564,1.317903,0.845875,1.278092
18.230000,1.150340,1.586813,0.953846,1.290720
18.240000,1.164585,1.424248,0.768218,1.303405
18.250000,1.178524,1.423787,0.880524,1.316566
18.260000,1.192565,1.409394,1.152958,1.329346
18.270000,1.205912,1.158553,1.235128,1.341384
18.280000,1.219283,1.383201,1.178355,1.353944
18.290000,1.232629,1.259024,1.103261,1.364655
18.300000,1.246871,1.305467,0.857281,1.375334
18.310000,1.259682,1.317708,1.238343,1.386244
18.320000,1.271770,1.140848,0.282198,1.396961
18.330000,1.284980,1.338115,1.195123,1.407414
18.340000,1.296274,1.259842,1.129302,1.417560
18.350000,1.308547,1.182013,1.196612,1.427918
18.360000,1.320230,1.132058,1.045340,1.437863
18.370000,1.331576,1.196014,0.867972,1.447406
18.380000,1.342790,1.180091,1.492609,1.456390
18.390000,1.354641,1.023418,0.598482,1.464702
18.400000,1.364485,1.076359,0.897506,1.473536
18.410000,1.375471,1.043159,1.427999,1.480691
18.420000,1.386084,1.042114,0.835755,1.489193
18.430000,1.395657,1.073421,1.556974,1.497013
18.440000,1.405082,0.810921,1.428285,1.504671
18.450000,1.415163,0.866918,1.032867,1.511960
18.460000,1.423903,0.757341,1.370238,1.518847
18.470000,1.432089,0.829588,0.672788,1.524743
18.480000,1.440764,0.735559,1.578413,1.530833
18.490000,1.449545,0.826890,1.186423,1.536272
18.500000,1.456841,0.662009,1.290111,1.540794
18.510000,1.465249,0.723500,1.285801,1.545285
18.520000,1.472304,0.663752,1.199786,1.548914
18.530000,1.478808,0.743879,1.038283,1.552829
18.540000,1.486323,0.604427,1.030986,1.556275
18.550000,1.491493,0.614494,1.119960,1.559670
18.560000,1.497898,0.653373,1.049418,1.562374
18.570000,1.503206,0.470289,1.200191,1.564526
18.580000,1.507765,0.553645,1.272804,1.566520
18.590000,1.513050,0.428620,0.719484,1.568132
18.600000,1.517319,0.400000,0.646154,1.569362
18.610000,1.520627,0.306187,1.095495,1.570198
18.620000,1.523965,0.367145,1.109411,1.570695
18.630000,1.527546,0.285333,0.977395,1.570782
18.640000,1.530160,0.224176,1.513644,1.570535
18.650000,1.532294,0.208838,1.104433,1.569882
18.660000,1.534063,0.155749,1.111823,1.569009
18.670000,1.535534,0.142846,1.030844,1.567553
18.680000,1.536774,0.111307,1.354859,1.565901
18.690000,1.537772,0.081506,0.920456,1.564367
18.700000,1.538682,0.074725,0.994264,1.562648
18.710000,1.539135,0.030769,1.357780,1.560229
18.720000,1.539445,-0.004396,1.101601,1.557716
18.730000,1.539445,-0.013187,0.861250,1.554430
18.740000,1.539445,-0.004396,0.701745,1.551709
18.750000,1.539445,-0.004396,0.841960,1.548266
18.760000,1.539445,-0.004396,0.092580,1.544472
18.770000,1.539063,-0.013187,0.161639,1.540798
18.780000,1.539063,-0.005761,-0.059439,1.536419
18.790000,1.539063,-0.021978,-0.913995,1.532408
18.800000,1.539063,-0.018854,-0.792664,1.527341
18.810000,1.538682,-0.021978,-0.655383,1.521101
18.820000,1.538682,-0.021978,0.309764,1.514574
18.830000,1.538377,-0.030769,-1.039871,1.507590
18.840000,1.537919,-0.086117,-1.040517,1.500448
18.850000,1.536774,-0.136264,-1.855176,1.493472
18.860000,1.535003,-0.232338,-1.340655,1.485840
18.870000,1.532670,-0.290273,-1.601143,1.478105
18.880000,1.529629,-0.303297,-1.060395,1.470234
18.890000,1.525899,-0.435165,-1.527451,1.461399
18.900000,1.521661,-0.420944,-1.726699,1.452788
18.910000,1.517338,-0.513845,-1.636937,1.442793
18.920000,1.511521,-0.565268,-2.135907,1.432867
18.930000,1.505104,-0.618279,-1.799619,1.422306
18.940000,1.499309,-0.759973,-1.423280,1.410682
18.950000,1.491347,-0.734066,-1.620425,1.398751
18.960000,1.484066,-0.787562,-1.389854,1.388034
18.970000,1.474593,-0.845446,-1.241069,1.376055
18.980000,1.466485,-0.904203,-1.513719,1.363334
18.990000,1.456672,-0.875254,-1.670149,1.351360
19.000000,1.448260,-0.945547,-1.138462,1.338793
19.010000,1.437283,-1.027859,-1.273700,1.325395
19.020000,1.426846,-1.220191,-1.433619,1.312488
19.030000,1.416013,-1.127198,-1.121158,1.297875
19.040000,1.405082,-0.976652,-0.992192,1.283068
19.050000,1.393360,-1.356514,-1.691636,1.268318
19.060000,1.381424,-1.245240,-1.252549,1.255440
19.070000,1.369281,-1.252393,-1.561040,1.239572
19.080000,1.355978,-1.178292,-0.888522,1.225137
19.090000,1.343078,-1.392936,-1.276567,1.208400
19.100000,1.330023,-1.323798,-1.078365,1.193166
19.110000,1.316377,-1.424546,-1.058980,1.175987
19.120000,1.302687,-1.436093,-1.507692,1.157856
19.130000,1.288991,-1.247317,-1.034390,1.141964
19.140000,1.273872,-1.467964,-1.066745,1.124761
19.150000,1.257900,-1.575907,-0.892308,1.105283
19.160000,1.242559,-1.663973,-1.299372,1.086783
19.170000,1.228436,-1.675944,-1.323077,1.069039
19.180000,1.210353,-1.738310,-1.226129,1.052246
19.190000,1.194040,-1.705005,-1.074639,1.033355
19.200000,1.176867,-1.695009,-1.389432,1.013817
19.210000,1.159809,-1.710411,-1.091506,0.996290
19.220000,1.143616,-1.747635,-0.915454,0.976804
19.230000,1.126773,-1.825808,-1.179437,0.957248
19.240000,1.107530,-1.651301,-1.008367,0.937951
19.250000,1.091202,-1.676995,-0.953152,0.918874
19.260000,1.073076,-1.618936,-1.512539,0.898362
19.270000,1.055644,-1.544161,-1.094007,0.876101
19.280000,1.035549,-1.942980,-1.585173,0.856670
19.290000,1.017125,-2.020348,-1.482878,0.834229
19.300000,0.998494,-2.085125,-1.023791,0.813002
19.310000,0.976479,-2.099229,-1.063402,0.792741
19.320000,0.958927,-2.043047,-0.952256,0.771195
19.330000,0.937614,-1.857080,-1.583588,0.748486
19.340000,0.917273,-2.183198,-1.198347,0.725615
19.350000,0.896846,-1.972102,-0.786850,0.703987
19.360000,0.878088,-2.273303,-1.467119,0.684553
19.370000,0.857605,-2.141083,-1.080260,0.665705
19.380000,0.835648,-2.059136,-1.107342,0.647061
19.390000,0.815979,-2.028703,-1.202238,0.629054
19.400000,0.795727,-2.117119,-0.643503,0.611419
19.410000,0.775659,-1.930804,-0.849519,0.592105
19.420000,0.757791,-1.837444,-0.571979,0.571450
19.430000,0.734844,-2.023213,-0.856580,0.551626
19.440000,0.717505,-1.987847,-1.506085,0.530553
19.450000,0.697107,-2.000187,-0.955443,0.513988
19.460000,0.677697,-2.077791,-0.735616,0.490490
19.470000,0.658651,-1.867345,-1.106363,0.468138
19.480000,0.637841,-1.963024,-1.236800,0.448787
19.490000,0.617968,-2.111220,-1.245754,0.431137
19.500000,0.597427,-2.074370,-0.915595,0.408510
19.510000,0.577658,-2.109336,-0.968584,0.387322
19.520000,0.556396,-2.134511,-1.267096,0.368679
19.530000,0.537460,-2.116807,-1.516112,0.348489
19.540000,0.517789,-2.144150,-1.407626,0.328534
19.550000,0.496258,-2.075412,-1.581734,0.308369
19.560000,0.475858,-1.899415,-1.188911,0.283451
19.570000,0.455113,-1.840795,-1.087883,0.258755
19.580000,0.435208,-2.112516,-1.067436,0.233497
19.590000,0.414653,-2.302650,-1.008730,0.209196
19.600000,0.392385,-2.017778,-1.160091,0.183699
19.610000,0.371732,-2.310641,-1.953524,0.158845
19.620000,0.348411,-2.245085,-1.491726,0.132823
19.630000,0.325548,-2.361475,-1.275160,0.109374
19.640000,0.299606,-2.345200,-0.900075,0.083701
19.650000,0.277825,-2.186289,-0.424090,0.057930
19.660000,0.254957,-2.071535,-1.204257,0.031720
19.670000,0.230589,-2.582720,-1.386779,0.006205
19.680000,0.206235,-2.092393,-1.485385,-0.018682
19.690000,0.181769,-2.506564,-0.675651,-0.043364
19.700000,0.158185,-2.271479,-1.325911,-0.069529
19.710000,0.133019,-2.595494,-1.424963,-0.093028
19.720000,0.107152,-2.396816,-1.234612,-0.118088
19.730000,0.083932,-2.583215,-1.193814,-0.142735
19.740000,0.057998,-2.258714,-0.693391,-0.166560
19.750000,0.032888,-2.689489,-0.940633,-0.193240
19.760000,0.008584,-2.160119,-1.115749,-0.217236
19.770000,-0.017118,-2.557527,-1.178076,-0.243308
19.780000,-0.038690,-2.464422,-1.023295,-0.269850
19.790000,-0.064346,-2.704186,-1.505358,-0.295311
19.800000,-0.089434,-2.430075,-0.855567,-0.322060
19.810000,-0.114111,-2.681204,-1.088562,-0.341770
19.820000,-0.140154,-2.314729,-0.727694,-0.363073
19.830000,-0.166969,-2.460556,-1.275427,-0.385049
19.840000,-0.188740,-2.468011,-0.952377,-0.406673
19.850000,-0.212112,-2.376488,-1.167442,-0.426707
19.860000,-0.237843,-2.390631,-0.862116,-0.446393
19.870000,-0.260509,-2.179092,-1.207626,-0.468788
19.880000,-0.283145,-2.392181,-0.949792,-0.495238
19.890000,-0.305344,-2.120868,-1.098898,-0.518980
19.900000,-0.328232,-2.368934,-1.319770,-0.543562
19.910000,-0.351332,-2.401352,-1.261538,-0.568311
19.920000,-0.374391,-1.975214,-0.536413,-0.589725
19.930000,-0.396355,-2.493452,-1.311062,-0.611090
19.940000,-0.422288,-2.140188,-1.133201,-0.632725
19.950000,-0.444936,-2.445787,-1.171638,-0.650183
19.960000,-0.467782,-2.478996,-1.159557,-0.668933
19.970000,-0.488753,-2.157425,-1.055775,-0.684444
19.980000,-0.511552,-2.325683,-0.830769,-0.703344
19.990000,-0.534609,-2.202198,-1.185785,-0.726688
20.000000,-0.553307,-2.138368,-0.953846,-0.751272
20.010000,-0.574092,-1.856815,-1.260864,-0.774009
20.020000,-0.595160,-2.178140,-1.385906,-0.796730
20.030000,-0.617249,-2.210530,-1.004126,-0.817922
20.040000,-0.638845,-2.091933,-1.726117,-0.841809
20.050000,-0.660108,-2.246277,-1.309632,-0.862715
20.060000,-0.682173,-2.341621,-1.094234,-0.885576
20.070000,-0.702408,-2.404396,-1.318827,-0.908737
20.080000,-0.725146,-2.065248,-1.602668,-0.929737
20.090000,-0.749006,-2.163422,-0.995378,-0.950902
20.100000,-0.768444,-2.394179,-0.815395,-0.972829
20.110000,-0.792289,-2.288472,-1.168047,-0.993612
20.120000,-0.814947,-2.049332,-1.562112,-1.015534
20.130000,-0.836089,-1.986730,-1.393627,-1.035606
20.140000,-0.857968,-2.059966,-1.463665,-1.055552
20.150000,-0.879350,-2.251533,-1.076923,-1.075683
20.160000,-0.898570,-2.158345,-1.200000,-1.095869
20.170000,-0.920902,-2.096201,-1.200000,-1.115701
20.180000,-0.941293,-1.890175,-1.138563,-1.135834
20.190000,-0.963733,-2.166924,-1.285031,-1.154828
20.200000,-0.984882,-2.153789,-0.953846,-1.173068
20.210000,-1.005680,-1.839582,-0.693828,-1.191795
20.220000,-1.023132,-1.733349,-1.370362,-1.209057
20.230000,-1.045429,-1.973551,-0.892774,-1.226454
20.240000,-1.062941,-2.010353,-1.307739,-1.242600
20.250000,-1.082231,-1.993796,-1.258900,-1.256338
20.260000,-1.101210,-1.820248,-0.919802,-1.269247
20.270000,-1.120398,-1.682955,-0.090833,-1.279060
20.280000,-1.138803,-1.626925,-1.007971,-1.290576
20.290000,-1.155303,-1.350041,-0.524640,-1.306695
20.300000,-1.170937,-1.437641,-0.753979,-1.323647
20.310000,-1.186352,-1.535258,-0.892308,-1.340830
20.320000,-1.202888,-1.507577,-0.738259,-1.357044
20.330000,-1.218640,-1.649787,-1.240700,-1.373017
20.340000,-1.236622,-1.592417,-1.282770,-1.388361
20.350000,-1.251223,-1.690303,-1.134156,-1.402677
20.360000,-1.267690,-1.636827,-0.914546,-1.416334
20.370000,-1.282814,-1.552082,-1.225573,-1.429905
20.380000,-1.299178,-1.553109,-1.082035,-1.442532
20.390000,-1.314384,-1.606339,-1.076923,-1.454527
20.400000,-1.327316,-1.490110,-0.830769,-1.465755
20.410000,-1.341958,-1.486027,-1.171574,-1.475424
20.420000,-1.355276,-1.306049,-1.367138,-1.484565
20.430000,-1.368934,-1.147012,-0.587980,-1.492263
20.440000,-1.382005,-1.429487,-0.955736,-1.499774
20.450000,-1.394978,-1.139610,-0.943700,-1.507282
20.460000,-1.405794,-1.114687,-1.017123,-1.514534
20.470000,-1.417782,-1.100941,-1.141460,-1.521118
20.480000,-1.427839,-1.083517,-0.892308,-1.527254
20.490000,-1.438557,-0.909303,-1.003063,-1.532834
20.500000,-1.447438,-1.001721,-0.312996,-1.538658
20.510000,-1.455917,-0.819164,-1.136007,-1.543991
20.520000,-1.464932,-0.918953,-0.992334,-1.548255
20.530000,-1.472687,-0.795655,-1.179072,-1.552568
20.540000,-1.480700,-0.795821,-0.953678,-1.556155
20.550000,-1.487531,-0.610762,-0.820079,-1.559212
20.560000,-1.494964,-0.596231,-1.032571,-1.562177
20.570000,-1.500753,-0.636500,-0.898349,-1.564757
20.580000,-1.505897,-0.543278,-1.489362,-1.566843
20.590000,-1.511830,-0.461538,-1.028977,-1.568504
20.600000,-1.516887,-0.515851,-1.001691,-1.569681
20.610000,-1.520995,-0.361236,-1.096500,-1.570439
20.620000,-1.524930,-0.395818,-0.789540,-1.570772
20.630000,-1.528477,-0.307697,-0.523266,-1.570681
20.640000,-1.531935,-0.345565,-0.995989,-1.570179
20.650000,-1.534784,-0.236789,-1.036790,-1.569249
20.660000,-1.536774,-0.167543,-1.307444,-1.567820
20.670000,-1.538300,-0.150526,-0.532573,-1.566078
20.680000,-1.539253,-0.096683,-0.245719,-1.563672
20.690000,-1.540208,-0.068069,-0.938898,-1.560827
20.700000,-1.540208,-0.006109,-1.186441,-1.557720
20.710000,-1.540208,0.003871,-1.084264,-1.554125
20.720000,-1.540208,-0.001074,-0.585988,-1.550028
20.730000,-1.540208,0.004396,-1.179505,-1.545599
20.740000,-1.540208,-0.008738,-0.400000,-1.540883
20.750000,-1.540208,-0.001224,-0.097367,-1.535867
20.760000,-1.540208,-0.002724,0.426441,-1.529803
20.770000,-1.539826,0.006512,0.830769,-1.524028
20.780000,-1.539826,0.021978,1.039377,-1.517542
20.790000,-1.539445,0.031448,1.086432,-1.510576
20.800000,-1.538682,0.110918,1.013789,-1.503078
20.810000,-1.537156,0.153846,1.015385,-1.494941
20.820000,-1.535029,0.215385,1.350477,-1.486821
20.830000,-1.532583,0.294383,1.080344,-1.478185
20.840000,-1.529121,0.319784,1.569459,-1.469620
20.850000,-1.525885,0.380055,1.272925,-1.460072
20.860000,-1.521842,0.418849,1.788279,-1.449930
20.870000,-1.517301,0.590066,1.539939,-1.439713
20.880000,-1.511364,0.531868,1.063479,-1.429266
20.890000,-1.505159,0.641732,1.369508,-1.417484
20.900000,-1.498636,0.821615,1.506604,-1.406079
20.910000,-1.490301,0.798995,1.187033,-1.394204
20.920000,-1.482594,0.880983,1.291475,-1.381243
20.930000,-1.474166,0.909677,1.453668,-1.368311
20.940000,-1.464597,1.096967,0.973725,-1.355759
20.950000,-1.454174,0.853590,1.266513,-1.343690
20.960000,-1.444276,1.064287,1.649093,-1.329164
20.970000,-1.434271,1.038280,1.471169,-1.312509
20.980000,-1.422370,1.172746,1.323077,-1.294221
20.990000,-1.410944,1.207926,1.009326,-1.275237
21.000000,-1.398620,1.426558,1.383260,-1.254621
21.010000,-1.384594,1.245956,1.965184,-1.234454
21.020000,-1.369321,1.228393,1.443798,-1.212582
21.030000,-1.355556,1.663637,1.260984,-1.191390
21.040000,-1.339482,1.685903,1.479697,-1.170738
21.050000,-1.321467,1.646394,1.138462,-1.148442
21.060000,-1.305566,1.687854,1.133805,-1.126513
21.070000,-1.287342,1.662267,1.522501,-1.106579
21.080000,-1.269807,1.675970,1.558665,-1.088039
21.090000,-1.250480,1.872093,1.255066,-1.069628
21.100000,-1.230470,1.896577,0.129048,-1.054100
21.110000,-1.212035,1.965276,0.993050,-1.033473
21.120000,-1.195025,1.777488,0.845615,-1.013504
21.130000,-1.175163,2.012149,0.877256,-0.990753
21.140000,-1.155755,1.933347,0.830769,-0.970126
21.150000,-1.136801,1.617145,2.131840,-0.948708
21.160000,-1.117967,1.940804,1.321857,-0.926015
21.170000,-1.096610,1.922989,1.009233,-0.906268
21.180000,-1.075449,2.096703,0.605619,-0.884753
21.190000,-1.055476,1.917906,1.082014,-0.865221
21.200000,-1.036684,1.813902,1.220548,-0.841462
21.210000,-1.016443,2.102783,1.419518,-0.818618
21.220000,-0.996466,2.257977,1.554703,-0.795040
21.230000,-0.973816,2.164384,0.886405,-0.773866
21.240000,-0.953410,1.996835,1.406773,-0.749075
21.250000,-0.931825,2.116229,0.502590,-0.726361
21.260000,-0.911215,2.314897,1.082474,-0.707711
21.270000,-0.888048,2.146863,0.986002,-0.687965
21.280000,-0.867301,2.400637,0.962012,-0.674933
21.290000,-0.847360,1.976688,1.045927,-0.660186
21.300000,-0.826011,1.961138,0.324545,-0.642769
21.310000,-0.805149,1.690319,0.501636,-0.622046
21.320000,-0.785976,1.800776,1.400418,-0.596111
21.330000,-0.767348,2.085909,1.690716,-0.569955
21.340000,-0.746879,2.179704,0.483691,-0.542667
21.350000,-0.724553,2.196007,1.506087,-0.517044
21.360000,-0.703651,2.149908,1.460766,-0.490778
21.370000,-0.681571,2.547005,1.859218,-0.464102
21.380000,-0.658345,2.394187,1.304258,-0.435399
21.390000,-0.637229,2.148274,1.925651,-0.407054
21.400000,-0.613034,2.557766,1.210387,-0.380838
21.410000,-0.589080,2.217277,1.159647,-0.354665
21.420000,-0.562885,2.539205,2.035081,-0.324872
21.430000,-0.537496,2.313043,1.784062,-0.296466
21.440000,-0.511506,2.594762,1.193780,-0.265701
21.450000,-0.487820,2.579195,1.128917,-0.236813
21.460000,-0.459021,2.811843,1.015385,-0.211921
21.470000,-0.432835,2.722921,1.450817,-0.184349
21.480000,-0.406708,2.520710,1.031164,-0.154457
21.490000,-0.379969,2.898995,1.035434,-0.124984
21.500000,-0.352028,2.796808,1.167351,-0.096605
21.510000,-0.324604,2.713585,0.561551,-0.067500
21.520000,-0.296888,2.941125,0.907013,-0.037623
21.530000,-0.267232,2.867045,1.487326,-0.009637
21.540000,-0.241462,2.603358,0.199039,0.018374
21.550000,-0.209007,2.758615,0.803007,0.047684
21.560000,-0.183851,2.937674,1.096561,0.077980
21.570000,-0.155946,2.610178,1.381330,0.106641
21.580000,-0.126932,2.932051,1.181800,0.135762
21.590000,-0.096112,2.900968,1.032377,0.164742
21.600000,-0.069586,2.659019,1.362582,0.194747
21.610000,-0.041063,2.855996,1.031228,0.222652
21.620000,-0.009992,3.000339,0.711225,0.250391
21.630000,0.016417,3.209576,1.090016,0.279401
21.640000,0.047290,2.900435,1.281090,0.304150
21.650000,0.073974,2.835607,1.147164,0.334151
21.660000,0.103566,3.177690,1.015827,0.362178
21.670000,0.133127,2.826016,1.015385,0.389708
21.680000,0.159529,2.555278,1.451207,0.418524
21.690000,0.188903,3.026250,1.181827,0.447685
21.700000,0.219337,2.822953,1.105772,0.476274
21.710000,0.243864,2.469909,1.015385,0.502996
21.720000,0.276155,2.458146,1.116761,0.530839
21.730000,0.304319,3.020114,1.216347,0.558511
21.740000,0.331472,2.787446,1.349656,0.583829
21.750000,0.360553,2.410321,1.081400,0.609674
21.760000,0.386049,2.738462,0.707692,0.635930
21.770000,0.413359,2.801061,0.214553,0.662422
21.780000,0.443181,2.559065,1.008788,0.688778
21.790000,0.470088,2.861195,0.856272,0.715666
21.800000,0.498377,2.730863,0.878976,0.740591
21.810000,0.522561,2.777485,0.664163,0.767891
21.820000,0.550530,2.900242,1.189875,0.791695
21.830000,0.577394,2.618742,1.145884,0.815559
21.840000,0.603532,2.726041,0.773091,0.839371
21.850000,0.627625,2.597457,1.124550,0.861450
21.860000,0.654089,2.652254,1.065411,0.885742
21.870000,0.679569,2.691396,0.546322,0.909740
21.880000,0.706453,2.594559,0.656973,0.933875
21.890000,0.730677,2.385936,0.994704,0.956675
21.900000,0.754489,2.482588,1.248545,0.979349
21.910000,0.780642,2.466213,1.085435,1.002974
21.920000,0.803705,2.490135,0.610265,1.024678
21.930000,0.829509,2.408650,1.741760,1.045684
21.940000,0.851663,2.541266,0.804752,1.067605
21.950000,0.875234,2.043260,0.882313,1.089792
21.960000,0.898171,2.513936,1.151592,1.111221
21.970000,0.921950,2.320349,0.638525,1.131966
21.980000,0.945642,2.481853,1.515454,1.153126
21.990000,0.966210,2.331681,0.962192,1.168116
22.000000,0.988087,2.128701,0.769231,1.181814
22.010000,1.011217,2.068630,0.750167,1.195097
22.020000,1.029781,2.125630,0.900225,1.209662
22.030000,1.052176,2.016169,0.536928,1.221315
22.040000,1.069571,1.832461,0.724958,1.235448
22.050000,1.087862,1.907853,0.222130,1.249352
22.060000,1.104045,1.811969,0.237298,1.262681
22.070000,1.121477,1.577896,1.097730,1.274452
22.080000,1.138844,1.523135,1.089825,1.286723
22.090000,1.154008,1.412281,1.091404,1.298955
22.100000,1.169001,1.578044,0.829093,1.309850
22.110000,1.183742,1.543488,0.556054,1.321559
22.120000,1.198372,1.399873,0.962900,1.332968
22.130000,1.212518,1.387185,0.506218,1.344511
22.140000,1.225541,1.325588,1.245715,1.356045
22.150000,1.238766,1.133109,0.886193,1.368908
22.160000,1.251842,1.384615,1.024764,1.382601
22.170000,1.264875,1.243344,0.051870,1.393171
22.180000,1.276807,1.307544,1.280041,1.401911
22.190000,1.289295,0.998319,0.783052,1.412551
22.200000,1.301998,1.294756,0.871656,1.424890
22.210000,1.313674,1.161233,0.821058,1.437215
22.220000,1.325272,1.180053,1.472741,1.448543
22.230000,1.338713,1.032349,0.842908,1.459444
22.240000,1.350366,1.290570,0.846507,1.470348
22.250000,1.361888,1.265457,0.744772,1.480494
22.260000,1.372696,0.968415,1.309450,1.490140
22.270000,1.385436,1.185104,0.660899,1.499793
22.280000,1.395766,1.249233,1.081827,1.508715
22.290000,1.407527,0.949779,1.211713,1.516820
22.300000,1.418705,1.146168,0.924227,1.524570
22.310000,1.428536,1.138690,1.447751,1.531773
22.320000,1.438169,0.918115,0.660701,1.537925
22.330000,1.448586,0.920242,0.801730,1.543373
22.340000,1.457187,0.787250,1.041222,1.548576
22.350000,1.465994,0.860423,0.925680,1.553416
22.360000,1.474138,0.750675,1.177774,1.557377
22.370000,1.482318,0.783327,0.824669,1.560858
22.380000,1.489873,0.681552,0.968004,1.563723
22.390000,1.496534,0.674792,0.772956,1.566203
22.400000,1.503312,0.536458,0.783936,1.568088
22.410000,1.508522,0.569634,0.903230,1.569595
22.420000,1.513504,0.505495,1.138462,1.570475
22.430000,1.518813,0.409902,0.771822,1.570796
22.440000,1.522334,0.362377,1.007224,1.570560
22.450000,1.526013,0.364835,1.183808,1.569717
22.460000,1.529348,0.258767,1.270212,1.568375
22.470000,1.532035,0.216712,0.776779,1.566403
22.480000,1.533691,0.145787,1.194876,1.563728
22.490000,1.534867,0.116058,0.775686,1.560618
22.500000,1.535630,0.042046,0.909704,1.556981
22.510000,1.536011,0.021978,1.013332,1.552786
22.520000,1.536011,0.007350,0.708686,1.547895
22.530000,1.536011,-0.012805,0.675579,1.542240
22.540000,1.536011,0.003751,0.276923,1.536122
22.550000,1.536011,-0.004660,-0.403703,1.529574
22.560000,1.536011,-0.019483,-1.271496,1.522601
22.570000,1.536011,-0.021978,-0.982558,1.515036
22.580000,1.535278,-0.074041,-0.873162,1.506547
22.590000,1.534485,-0.092308,-1.102542,1.497719
22.600000,1.532959,-0.184583,-1.385071,1.488553
22.610000,1.531101,-0.258212,-1.370462,1.478444
22.620000,1.528294,-0.322892,-1.841704,1.467574
22.630000,1.524567,-0.449101,-1.543708,1.457030
22.640000,1.520292,-0.423004,-0.974539,1.444921
22.650000,1.514296,-0.640089,-1.625700,1.432134
22.660000,1.508378,-0.663736,-1.488148,1.423149
22.670000,1.502616,-0.668501,-1.782032,1.414099
22.680000,1.494278,-0.776557,-1.122050,1.405973
22.690000,1.486950,-0.726290,-1.642386,1.395120
22.700000,1.478033,-0.865801,-1.075992,1.385654
22.710000,1.470366,-0.822700,-1.488865,1.375803
22.720000,1.461660,-0.897378,-1.125438,1.368106
22.730000,1.453200,-0.851361,-1.189042,1.358384
22.740000,1.443476,-1.020234,-1.198759,1.347211
22.750000,1.435532,-0.959986,-1.341637,1.334668
22.760000,1.426410,-1.062178,-1.280623,1.325232
22.770000,1.417006,-1.009608,-1.184916,1.311531
22.780000,1.406883,-0.937469,-1.337663,1.299148
22.790000,1.396814,-0.953442,-0.262732,1.288212
22.800000,1.385918,-1.053210,-0.986434,1.275005
22.810000,1.376403,-1.113581,-0.959645,1.263515
22.820000,1.365034,-1.121758,-0.978483,1.251714
22.830000,1.354651,-1.024422,-1.188037,1.238016
22.840000,1.342485,-1.218173,-1.242404,1.223468
22.850000,1.331637,-1.209683,-1.436791,1.211674
22.860000,1.319327,-1.129998,-1.476847,1.197568
22.870000,1.306823,-1.146195,-0.490456,1.182633
22.880000,1.296338,-1.231591,-1.130122,1.168371
22.890000,1.283372,-1.347099,-1.373642,1.152719
22.900000,1.270449,-1.165218,-1.920459,1.135767
22.910000,1.256443,-1.205410,-0.973165,1.119224
22.920000,1.242948,-1.504031,-1.419333,1.103203
22.930000,1.228857,-1.411388,-2.181353,1.086511
22.940000,1.215925,-1.538790,-1.346951,1.065772
22.950000,1.200658,-1.591161,-1.212717,1.046177
22.960000,1.185153,-1.562398,-1.692308,1.025505
22.970000,1.169679,-1.514789,-1.923216,1.004192
22.980000,1.152948,-1.608643,-1.492729,0.981567
22.990000,1.135504,-1.720632,-1.191793,0.960831
23.000000,1.118236,-1.782535,-1.128854,0.938411
23.010000,1.099779,-1.850142,-1.373253,0.915899
23.020000,1.080517,-1.911018,-0.737629,0.893879
23.030000,1.060764,-2.072446,-1.639557,0.872653
23.040000,1.040209,-1.845624,-0.413206,0.853027
23.050000,1.021389,-1.729000,-1.630221,0.832868
23.060000,0.999636,-2.155984,-1.193540,0.814463
23.070000,0.982129,-2.167189,-0.607541,0.795554
23.080000,0.961011,-1.853862,-0.919507,0.774885
23.090000,0.941573,-1.999759,-1.238758,0.756650
23.100000,0.921329,-1.799737,-1.132462,0.736371
23.110000,0.901760,-2.090125,-1.438408,0.717355
23.120000,0.883112,-2.013633,-1.733756,0.693551
23.130000,0.861945,-2.101013,-1.461599,0.672190
23.140000,0.843627,-1.898088,-1.498289,0.653918
23.150000,0.820889,-1.845489,-0.907610,0.635586
23.160000,0.802889,-1.877043,-1.323919,0.612903
23.170000,0.781260,-2.125878,-1.607898,0.591572
23.180000,0.761846,-1.938898,-0.325160,0.568957
23.190000,0.741587,-1.962874,-1.120574,0.547881
23.200000,0.720227,-1.977621,-1.297570,0.528093
23.210000,0.700604,-2.057480,-1.522323,0.507080
23.220000,0.679257,-2.113992,-1.490923,0.487747
23.230000,0.660159,-2.038449,-1.039179,0.465931
23.240000,0.638139,-1.940968,-1.559320,0.448564
23.250000,0.616867,-2.043386,-1.180047,0.429944
23.260000,0.598231,-2.021535,-0.579606,0.407847
23.270000,0.576064,-2.140628,-1.146731,0.390576
23.280000,0.557597,-1.801699,-0.546466,0.369943
23.290000,0.538004,-1.982554,-1.187103,0.352025
23.300000,0.517553,-2.146933,-0.861554,0.331295
23.310000,0.497233,-2.115536,-0.994623,0.307776
23.320000,0.478553,-2.035287,-0.891030,0.286300
23.330000,0.456323,-1.816761,-0.904769,0.267473
23.340000,0.436772,-2.021527,-1.189603,0.243384
23.350000,0.417525,-2.070330,-1.015385,0.220068
23.360000,0.397289,-2.108498,-1.611953,0.196203
23.370000,0.374464,-1.800868,-1.076050,0.177606
23.380000,0.353788,-2.079267,-1.299279,0.155709
23.390000,0.333186,-2.123764,-1.287161,0.133259
23.400000,0.311610,-2.262336,-1.177907,0.109139
23.410000,0.290000,-2.177856,-1.253807,0.085605
23.420000,0.269458,-2.188883,-1.757367,0.063916
23.430000,0.246613,-2.145266,-1.199546,0.041171
23.440000,0.223634,-2.073853,-1.074789,0.017625
23.450000,0.202772,-2.378804,-1.283032,-0.005727
23.460000,0.179248,-2.531352,-1.412475,-0.027908
23.470000,0.158872,-2.140949,-1.261450,-0.053717
23.480000,0.133841,-2.416822,-0.729346,-0.075603
23.490000,0.112936,-2.255459,-1.036417,-0.099412
23.500000,0.090977,-2.128870,-1.340092,-0.129091
23.510000,0.067105,-2.463237,-1.341954,-0.158287
23.520000,0.043934,-2.206486,-1.358927,-0.185259
23.530000,0.020145,-2.533644,-1.497531,-0.214508
23.540000,-0.005903,-2.496634,-1.324593,-0.241371
23.550000,-0.030748,-2.665255,-1.384615,-0.270733
23.560000,-0.056356,-2.429474,-1.191493,-0.298138
23.570000,-0.081553,-2.632012,-1.484824,-0.328283
23.580000,-0.109384,-2.539933,-1.775893,-0.357250
23.590000,-0.135220,-2.724610,-1.216618,-0.386141
23.600000,-0.162317,-2.958185,-1.261683,-0.411700
23.610000,-0.189732,-2.681569,-1.076923,-0.439143
23.620000,-0.219774,-2.837871,-0.968067,-0.466397
23.630000,-0.243557,-2.551383,-1.127367,-0.495009
23.640000,-0.272482,-2.771476,-0.985718,-0.522854
23.650000,-0.299205,-2.816559,-1.200000,-0.550525
23.660000,-0.328739,-2.743921,-0.969019,-0.578465
23.670000,-0.356729,-2.399828,-1.376656,-0.604622
23.680000,-0.381800,-2.821746,-1.417869,-0.631802
23.690000,-0.411740,-2.812735,-1.261538,-0.649907
23.700000,-0.435249,-2.571984,-0.907584,-0.670689
23.710000,-0.464217,-2.705184,-1.076923,-0.690532
23.720000,-0.489988,-2.194162,-0.953695,-0.709638
23.730000,-0.512342,-2.619774,-0.852728,-0.730617
23.740000,-0.538857,-2.358920,-0.295432,-0.748906
23.750000,-0.561818,-2.388543,-0.881323,-0.768886
23.760000,-0.584053,-2.393786,-0.791540,-0.790498
23.770000,-0.608451,-2.170205,-1.059216,-0.810057
23.780000,-0.629081,-2.211340,-1.275929,-0.830753
23.790000,-0.651453,-2.434602,-1.240957,-0.855769
23.800000,-0.671108,-2.056009,-1.353708,-0.881006
23.810000,-0.696612,-2.356928,-1.554497,-0.904760
23.820000,-0.718418,-2.216434,-1.246853,-0.909869
23.830000,-0.739008,-1.923713,-0.391862,-0.936545
23.840000,-0.759997,-2.196246,-1.563415,-0.965444
23.850000,-0.781516,-2.140307,-1.646716,-0.993481
23.860000,-0.805549,-1.964586,-0.663082,-1.021111
23.870000,-0.826515,-2.359197,-1.845026,-1.048362
23.880000,-0.850378,-2.548396,-1.654888,-1.076034
23.890000,-0.873512,-2.198071,-1.256044,-1.101840
23.900000,-0.898336,-2.513392,-2.226395,-1.128464
23.910000,-0.925447,-2.391308,-1.619830,-1.153367
23.920000,-0.950039,-2.557524,-0.957197,-1.177080
23.930000,-0.975670,-2.480149,-1.134456,-1.199439
23.940000,-0.997287,-2.544386,-1.491137,-1.222410
23.950000,-1.023238,-2.217950,-1.490974,-1.242973
23.960000,-1.047971,-2.537031,-0.921744,-1.262341
23.970000,-1.070748,-2.204347,-1.336244,-1.280656
23.980000,-1.095052,-2.453056,-0.793511,-1.296409
23.990000,-1.116878,-2.421990,-1.024212,-1.310799
24.000000,-1.138325,-1.981096,-0.851325,-1.325156
24.010000,-1.159356,-2.088197,-0.832366,-1.339805
24.020000,-1.180484,-1.926429,-0.808080,-1.354448
24.030000,-1.199566,-2.130899,-0.747002,-1.367910
24.040000,-1.219943,-1.725685,0.136120,-1.382129
24.050000,-1.236088,-1.804904,-0.624235,-1.394999
24.060000,-1.253809,-1.665162,-0.631777,-1.408169
24.070000,-1.271320,-1.591066,-0.406372,-1.419147
24.080000,-1.287259,-1.597420,0.382404,-1.431500
24.090000,-1.302063,-1.559487,-0.772566,-1.442332
24.100000,-1.317044,-1.507692,-0.523077,-1.452731
24.110000,-1.331329,-1.590370,-1.045506,-1.463060
24.120000,-1.345651,-1.384528,-1.308456,-1.472962
24.130000,-1.359781,-1.313499,-0.762227,-1.482699
24.140000,-1.371269,-1.067773,-1.679786,-1.491970
24.150000,-1.384133,-1.259527,-1.001035,-1.500478
24.160000,-1.396838,-1.141728,-1.476041,-1.508179
24.170000,-1.407988,-1.139444,-0.894983,-1.516155
24.180000,-1.418247,-1.062489,-1.261538,-1.523195
24.190000,-1.429554,-1.102900,-0.788818,-1.529352
24.200000,-1.438538,-0.913460,-0.769911,-1.536095
24.210000,-1.448526,-1.011721,-1.220508,-1.541461
24.220000,-1.457877,-0.939868,-0.906460,-1.545783
24.230000,-1.466936,-0.916606,-0.915814,-1.550889
24.240000,-1.474650,-0.831413,-1.072420,-1.555446
24.250000,-1.482161,-0.914877,-0.927215,-1.559473
24.260000,-1.489491,-0.746325,-0.892308,-1.562673
24.270000,-1.496617,-0.665444,-0.712269,-1.565343
24.280000,-1.503293,-0.501410,-1.398913,-1.567392
24.290000,-1.508971,-0.625302,-0.879549,-1.569065
24.300000,-1.514084,-0.575824,-0.940352,-1.570090
24.310000,-1.519474,-0.436088,-1.193538,-1.570690
24.320000,-1.523444,-0.448603,-1.212282,-1.570741
24.330000,-1.527688,-0.388018,0.574143,-1.570203
24.340000,-1.530889,-0.337194,-0.799863,-1.569096
24.350000,-1.533939,-0.273124,-0.619562,-1.567365
24.360000,-1.536120,-0.178978,-0.364548,-1.565059
24.370000,-1.537537,-0.121412,-0.100862,-1.562215
24.380000,-1.538682,-0.079982,-0.622045,-1.558970
24.390000,-1.538682,0.006823,-1.187144,-1.555353
24.400000,-1.538682,-0.004396,-0.810548,-1.551188
24.410000,-1.538682,-0.003767,0.048235,-1.546280
24.420000,-1.538682,0.002203,-1.015385,-1.540525
24.430000,-1.538682,0.004617,0.092308,-1.535665
24.440000,-1.538682,0.007715,-0.015707,-1.529529
24.450000,-1.538300,0.030769,0.405577,-1.522588
24.460000,-1.538300,0.014931,0.585112,-1.515454
24.470000,-1.537537,0.060833,1.112633,-1.507525
24.480000,-1.536533,0.109890,1.216400,-1.499052
24.490000,-1.535248,0.186580,0.970866,-1.489095
24.500000,-1.533073,0.256721,1.095262,-1.478678
24.510000,-1.529822,0.303297,1.170142,-1.469378
24.520000,-1.526856,0.365839,1.177115,-1.458939
24.530000,-1.522208,0.417582,1.553291,-1.448157
24.540000,-1.518130,0.539560,1.726926,-1.436879
24.550000,-1.511375,0.582380,1.854905,-1.424158
24.560000,-1.504151,0.638823,1.633063,-1.411267
24.570000,-1.497600,0.949166,1.077370,-1.398055
24.580000,-1.489041,0.873982,1.323077,-1.384734
24.590000,-1.479553,1.026615,1.131691,-1.371949
24.600000,-1.470055,0.825601,1.429867,-1.357778
24.610000,-1.460893,1.026807,1.139845,-1.343778
24.620000,-1.450305,1.108500,1.553702,-1.327479
24.630000,-1.437992,1.060266,1.191903,-1.311486
24.640000,-1.427294,1.187570,1.261538,-1.294820
24.650000,-1.414211,1.462456,1.202790,-1.277238
24.660000,-1.401659,1.206679,1.680619,-1.259150
24.670000,-1.387958,1.326667,1.138462,-1.240058
24.680000,-1.373529,1.505882,1.299306,-1.223869
24.690000,-1.359482,1.429115,1.238720,-1.204844
24.700000,-1.344232,1.565166,0.864739,-1.185478
24.710000,-1.327379,1.633847,0.608613,-1.168262
24.720000,-1.311745,1.733651,1.100215,-1.149099
24.730000,-1.296170,1.707697,1.138462,-1.130112
24.740000,-1.278140,1.825367,1.456494,-1.109251
24.750000,-1.262385,1.762069,1.462534,-1.088438
24.760000,-1.243259,1.872041,1.363124,-1.066773
24.770000,-1.226846,1.784137,0.647110,-1.047868
24.780000,-1.208678,1.814437,1.038285,-1.027533
24.790000,-1.188317,1.783859,1.221637,-1.006275
24.800000,-1.170660,1.924884,1.485299,-0.984461
24.810000,-1.151695,1.813247,1.654682,-0.966670
24.820000,-1.132448,2.066679,1.813583,-0.945679
24.830000,-1.111540,1.964932,1.261538,-0.927869
24.840000,-1.094255,1.973434,0.769231,-0.908817
24.850000,-1.074050,2.022040,-0.120037,-0.886823
24.860000,-1.053763,1.754124,1.297223,-0.864436
24.870000,-1.034575,1.866265,1.892716,-0.843773
24.880000,-1.014295,1.973285,1.436605,-0.822462
24.890000,-0.994003,2.099349,1.078700,-0.802109
24.900000,-0.975487,1.994053,0.830041,-0.779601
24.910000,-0.955664,1.881033,1.687882,-0.760737
24.920000,-0.933707,1.901344,1.345711,-0.738442
24.930000,-0.913337,2.090291,0.900851,-0.719096
24.940000,-0.893048,2.175784,0.694116,-0.695078
24.950000,-0.872447,2.012100,1.047365,-0.670464
24.960000,-0.853057,1.911046,1.481743,-0.645859
24.970000,-0.831354,2.357299,2.090101,-0.623762
24.980000,-0.807339,2.282499,1.385584,-0.598917
24.990000,-0.787531,1.969841,1.450152,-0.574487
25.000000,-0.765300,2.413774,1.357089,-0.546464
25.010000,-0.742639,2.456030,0.985006,-0.517580
25.020000,-0.717702,2.364438,1.454036,-0.492672
25.030000,-0.695688,2.270928,1.008193,-0.464641
25.040000,-0.669813,2.171586,1.534478,-0.435514
25.050000,-0.646466,2.675403,1.123442,-0.406124
25.060000,-0.621736,2.380705,1.136668,-0.376627
25.070000,-0.594662,2.695268,0.913724,-0.349305
25.080000,-0.569494,2.499117,1.647376,-0.320546
25.090000,-0.540710,2.575266,1.398603,-0.293281
25.100000,-0.516547,2.953726,1.815385,-0.262360
25.110000,-0.487734,2.889592,1.331996,-0.232269
25.120000,-0.461338,2.886593,1.323077,-0.199829
25.130000,-0.432555,3.090545,0.707692,-0.171979
25.140000,-0.405843,2.702723,1.342252,-0.141492
25.150000,-0.374297,2.684614,0.396918,-0.110926
25.160000,-0.347078,3.219033,1.138366,-0.085681
25.170000,-0.319785,2.608745,1.014782,-0.054749
25.180000,-0.290374,2.773182,0.431890,-0.023448
25.190000,-0.259972,2.947169,0.748503,0.002939
25.200000,-0.230728,2.949404,0.823036,0.028914
25.210000,-0.202923,2.682481,0.985778,0.049233
25.220000,-0.176154,2.912052,0.773321,0.075434
25.230000,-0.147166,2.652753,0.832621,0.098268
25.240000,-0.119373,2.497365,0.849959,0.118373
25.250000,-0.092181,2.407145,0.842909,0.139096
25.260000,-0.066540,2.718315,0.993392,0.160169
25.270000,-0.043018,2.511592,0.924383,0.188646
25.280000,-0.016130,2.562442,1.297639,0.218068
25.290000,0.007997,2.648193,1.273602,0.245812
25.300000,0.034003,2.728440,1.419407,0.270502
25.310000,0.059397,2.442992,-0.177652,0.302018
25.320000,0.085053,2.758714,1.488713,0.336866
25.330000,0.114249,2.741821,1.507692,0.375546
25.340000,0.140298,2.725487,1.697803,0.412349
25.350000,0.167420,2.996071,1.725621,0.447990
25.360000,0.196207,2.893227,1.823971,0.481761
25.370000,0.228111,3.129674,1.248889,0.515401
25.380000,0.257805,3.344082,0.004583,0.543635
25.390000,0.290550,3.137519,1.015385,0.574330
25.400000,0.322917,3.237916,0.794244,0.602269
25.410000,0.355381,3.320337,0.829114,0.632941
25.420000,0.386330,3.387888,1.386608,0.661627
25.430000,0.416844,2.990032,0.904692,0.691635
25.440000,0.446668,3.060136,1.433762,0.721679
25.450000,0.476782,2.907302,1.010941,0.749287
25.460000,0.506943,3.062303,1.254202,0.777400
25.470000,0.536767,3.117538,0.978042,0.806640
25.480000,0.566476,3.192945,1.278173,0.833570
25.490000,0.598295,3.193918,0.910152,0.860815
25.500000,0.625472,2.688706,0.666774,0.888549
25.510000,0.656472,2.930085,1.484618,0.914088
25.520000,0.684493,2.950157,0.933440,0.938816
25.530000,0.711921,2.825161,1.008716,0.962655
25.540000,0.741463,2.502688,1.057587,0.987465
25.550000,0.769966,2.779323,0.770959,1.011342
25.560000,0.794567,2.665989,0.859471,1.027842
25.570000,0.821835,2.471907,0.659040,1.044913
25.580000,0.846368,2.599069,0.787280,1.064217
25.590000,0.870503,2.362282,0.482536,1.081358
25.600000,0.895003,2.477902,0.490318,1.099950
25.610000,0.918124,2.095808,0.783166,1.118019
25.620000,0.939104,2.078122,0.691831,1.135933
25.630000,0.960968,1.953444,0.221801,1.151236
25.640000,0.980764,2.220147,0.953846,1.166284
25.650000,1.002587,2.087206,0.670746,1.182739
25.660000,1.022869,1.717802,0.478663,1.198879
25.670000,1.040948,1.800029,0.264383,1.215064
25.680000,1.058555,1.634932,0.803941,1.229767
25.690000,1.077228,1.862931,1.200262,1.245775
25.700000,1.096119,1.839506,1.038271,1.259230
25.710000,1.111618,1.879591,0.134480,1.274560
25.720000,1.130662,1.789011,1.531603,1.290828
25.730000,1.147378,1.749638,0.754503,1.305601
25.740000,1.162977,1.642176,1.488750,1.319155
25.750000,1.179269,1.607804,0.568906,1.332028
25.760000,1.196014,1.678154,0.866772,1.345312
25.770000,1.211290,1.541875,1.004041,1.356027
25.780000,1.226627,1.486856,1.403352,1.368939
25.790000,1.241444,1.301018,1.553670,1.379971
25.800000,1.255126,1.348570,-0.493742,1.391641
25.810000,1.269925,1.362970,1.167521,1.402967
25.820000,1.281645,1.239049,0.461538,1.414489
25.830000,1.295232,1.460045,0.925442,1.425009
25.840000,1.308916,1.279661,1.120584,1.435982
25.850000,1.321933,1.068857,0.813640,1.445601
25.860000,1.334315,1.294125,1.247251,1.455180
25.870000,1.344989,1.336735,1.126594,1.463643
25.880000,1.358499,1.135568,1.364062,1.472992
25.890000,1.369826,1.152144,0.964644,1.483826
25.900000,1.381568,1.065629,0.795654,1.494112
25.910000,1.391747,1.075401,1.485981,1.503122
25.920000,1.403471,1.097163,0.734758,1.510939
25.930000,1.413466,1.110135,0.519522,1.518479
25.940000,1.423139,0.830769,0.964681,1.525499
25.950000,1.433084,0.969784,1.076923,1.532562
25.960000,1.443278,0.989879,1.388535,1.539299
25.970000,1.452008,0.918681,1.007243,1.544957
25.980000,1.460123,0.919267,0.762053,1.549751
25.990000,1.468867,0.837825,0.743326,1.554259
26.000000,1.476507,0.782621,0.862959,1.558155
26.010000,1.484528,0.699147,0.403439,1.561890
26.020000,1.491668,0.706981,1.086878,1.565033
26.030000,1.498811,0.682139,0.950016,1.567390
26.040000,1.504063,0.498355,1.203855,1.569136
26.050000,1.509763,0.542353,0.546795,1.570192
26.060000,1.514972,0.574672,0.848171,1.570731
26.070000,1.519435,0.375250,1.177757,1.570717
26.080000,1.523335,0.373626,1.209454,1.570126
26.090000,1.527494,0.320718,0.933709,1.569090
26.100000,1.530041,0.224176,0.683436,1.567291
26.110000,1.532197,0.208889,0.975374,1.564753
26.120000,1.533674,0.120930,0.792839,1.561685
26.130000,1.534677,0.074779,0.983672,1.557975
26.140000,1.535248,0.021427,0.846209,1.553776
26.150000,1.535248,-0.007797,0.812813,1.548791
26.160000,1.535248,-0.004396,0.572462,1.542858
26.170000,1.535248,-0.013187,0.536517,1.536279
26.180000,1.535248,-0.007149,-0.284368,1.529301
26.190000,1.535248,-0.018216,-0.382539,1.522383
26.200000,1.534867,-0.037619,-0.235367,1.514501
26.210000,1.534538,-0.037137,-1.051473,1.506695
26.220000,1.534104,-0.099929,-0.732266,1.498249
26.230000,1.532664,-0.178234,-1.309178,1.489470
26.240000,1.530289,-0.259341,-2.184615,1.481348
26.250000,1.527922,-0.329670,-1.245424,1.471431
26.260000,1.524466,-0.394303,-1.256124,1.461364
26.270000,1.520571,-0.384293,-1.569231,1.449416
26.280000,1.516120,-0.584615,-1.725254,1.437553
26.290000,1.510139,-0.537542,-1.949372,1.424996
26.300000,1.503587,-0.634427,-1.281508,1.412160
26.310000,1.496608,-0.846918,-1.974247,1.397695
26.320000,1.487837,-0.790577,-0.355806,1.384370
26.330000,1.479765,-0.980220,-1.359465,1.371229
26.340000,1.470280,-0.904100,-1.318875,1.357267
26.350000,1.458662,-1.104112,-1.302457,1.342192
26.360000,1.448436,-1.083211,-1.481194,1.325883
26.370000,1.437430,-1.088362,-1.637440,1.307166
26.380000,1.425371,-1.325165,-1.405001,1.288820
26.390000,1.412715,-1.267081,-1.263102,1.272169
26.400000,1.398168,-1.369117,-0.843731,1.254477
26.410000,1.385463,-1.502535,-1.438933,1.236581
26.420000,1.371188,-1.324476,-1.146832,1.216589
26.430000,1.355667,-1.427092,-1.261538,1.197128
26.440000,1.338232,-1.419036,-0.982010,1.177886
26.450000,1.322156,-1.505924,-0.892269,1.158232
26.460000,1.305158,-1.437828,-1.417013,1.138715
26.470000,1.288930,-1.698939,-1.130699,1.118015
26.480000,1.271603,-1.550881,-1.324091,1.098022
26.490000,1.253425,-1.675694,-1.477300,1.077117
26.500000,1.235165,-1.704229,-1.723575,1.055036
26.510000,1.217520,-1.914010,-1.654418,1.034318
26.520000,1.198277,-1.891773,-1.017907,1.014592
26.530000,1.178496,-1.920879,-1.175131,0.992735
26.540000,1.158541,-2.013194,-0.984612,0.970557
26.550000,1.139923,-1.934846,-0.945411,0.948153
26.560000,1.119582,-1.987818,-1.916223,0.924188
26.570000,1.099491,-2.076017,-1.321267,0.898890
26.580000,1.075792,-2.289253,-1.109230,0.874945
26.590000,1.056765,-1.898846,-0.221480,0.847519
26.600000,1.033956,-2.342082,-1.569231,0.820215
26.610000,1.011982,-2.418908,-1.216516,0.794713
26.620000,0.989200,-2.447594,-1.112786,0.771388
26.630000,0.964607,-2.291514,-1.022756,0.743081
26.640000,0.941641,-2.456253,-1.266602,0.716634
26.650000,0.918110,-2.398926,-1.426152,0.689444
26.660000,0.893499,-2.621086,-1.318751,0.663064
26.670000,0.868387,-2.581739,-1.671035,0.633600
26.680000,0.843738,-2.615744,-1.290181,0.607166
26.690000,0.816497,-2.724728,-1.219369,0.578869
26.700000,0.792733,-2.549149,-1.050473,0.548630
26.710000,0.766251,-2.670021,-1.134418,0.518787
26.720000,0.739384,-2.609969,-1.273496,0.491221
26.730000,0.709733,-2.966087,-0.646851,0.462663
26.740000,0.685420,-2.733666,-1.338510,0.431374
26.750000,0.657655,-2.654349,-1.312490,0.400378
26.760000,0.626525,-3.070504,-0.887087,0.369164
26.770000,0.599936,-2.869658,-1.315452,0.338001
26.780000,0.573340,-2.876266,-1.149682,0.306768
26.790000,0.543869,-3.140060,-1.193224,0.274141
26.800000,0.512661,-3.108973,-1.090368,0.246007
26.810000,0.482861,-3.087456,-1.199368,0.214372
26.820000,0.455790,-2.851252,-0.921671,0.181680
26.830000,0.425300,-2.890768,-1.149396,0.148988
26.840000,0.394119,-2.747900,-0.593431,0.117760
26.850000,0.365145,-3.077182,-2.346798,0.085567
26.860000,0.332192,-3.175875,-1.333985,0.054185
26.870000,0.301166,-3.288884,-0.968826,0.023492
26.880000,0.269264,-3.027346,-0.967493,-0.003872
26.890000,0.239211,-2.745960,-0.825266,-0.035404
26.900000,0.207848,-2.655418,-1.625350,-0.063561
26.910000,0.177052,-3.178666,-2.029458,-0.092973
26.920000,0.149699,-3.185485,-1.565281,-0.121954
26.930000,0.119230,-2.945718,-1.104623,-0.152095
26.940000,0.085760,-3.047007,-0.607666,-0.179577
26.950000,0.059872,-2.796374,-1.265481,-0.208691
26.960000,0.026661,-2.801030,-1.201555,-0.241092
26.970000,-0.001748,-2.862564,-2.198974,-0.272353
26.980000,-0.032718,-3.059472,-1.410580,-0.302279
26.990000,-0.061588,-2.987616,-1.162414,-0.330750
27.000000,-0.090928,-2.877873,-0.733258,-0.363048
27.010000,-0.121265,-3.276919,-1.329504,-0.395441
27.020000,-0.151538,-3.111666,-1.246950,-0.427028
27.030000,-0.184021,-3.188806,-1.149129,-0.454916
27.040000,-0.214745,-3.191407,-1.570601,-0.488283
27.050000,-0.243039,-3.238341,-1.870545,-0.518253
27.060000,-0.275349,-2.882816,-0.945223,-0.548405
27.070000,-0.305536,-2.698359,-1.791254,-0.579628
27.080000,-0.334950,-3.337072,-1.343252,-0.605789
27.090000,-0.364169,-3.026815,-1.658795,-0.633217
27.100000,-0.396431,-3.185719,-1.200000,-0.661232
27.110000,-0.424259,-2.747950,-0.821952,-0.689009
27.120000,-0.453002,-3.274725,-0.646154,-0.711491
27.130000,-0.483496,-2.882819,-1.225782,-0.736756
27.140000,-0.512431,-3.041922,-0.843936,-0.761463
27.150000,-0.538855,-2.916683,-0.914687,-0.783417
27.160000,-0.567894,-2.781639,-0.801792,-0.807389
27.170000,-0.595934,-2.801494,-0.822920,-0.830668
27.180000,-0.622625,-2.432688,-1.261538,-0.853135
27.190000,-0.647206,-2.541624,-1.403376,-0.881207
27.200000,-0.674221,-2.391512,-1.319718,-0.906052
27.210000,-0.699905,-2.695860,-0.895468,-0.930244
27.220000,-0.726458,-2.599246,-1.261538,-0.953783
27.230000,-0.749731,-2.666237,-0.707692,-0.980178
27.240000,-0.774381,-2.389579,-1.413610,-1.005676
27.250000,-0.798837,-2.556160,-1.409355,-1.031175
27.260000,-0.826662,-2.676285,-1.367610,-1.055152
27.270000,-0.849433,-2.430769,-1.699086,-1.078210
27.280000,-0.874201,-2.378088,-1.056717,-1.100764
27.290000,-0.901143,-2.557173,-1.176712,-1.124395
27.300000,-0.927013,-2.514755,-0.786795,-1.146292
27.310000,-0.948567,-2.589291,-1.107035,-1.168390
27.320000,-0.973349,-2.247780,-0.912061,-1.188261
27.330000,-0.996873,-2.368969,-0.763137,-1.209343
27.340000,-1.020592,-2.315076,-1.205365,-1.228877
27.350000,-1.041961,-2.395287,-1.402597,-1.245760
27.360000,-1.066343,-2.410666,-1.122625,-1.259654
27.370000,-1.086987,-2.098955,-1.045839,-1.275988
27.380000,-1.107185,-1.873732,-0.364484,-1.292003
27.390000,-1.127841,-2.064286,-0.700836,-1.306480
27.400000,-1.148160,-1.994165,-1.178060,-1.321330
27.410000,-1.167836,-2.061831,-0.571021,-1.338343
27.420000,-1.185236,-1.941907,-0.908368,-1.354929
27.430000,-1.204826,-1.652651,-1.166313,-1.371788
27.440000,-1.221934,-1.689809,-0.508000,-1.387611
27.450000,-1.239223,-1.534066,-1.384615,-1.402138
27.460000,-1.257965,-1.671040,-1.368731,-1.415520
27.470000,-1.273861,-1.596773,-1.210249,-1.429265
27.480000,-1.290006,-1.482396,-1.298223,-1.441668
27.490000,-1.307017,-1.507191,-0.783300,-1.454884
27.500000,-1.322127,-1.515428,-0.935690,-1.467340
27.510000,-1.337875,-1.376385,-0.951584,-1.478830
27.520000,-1.352623,-1.300830,-0.970171,-1.489732
27.530000,-1.367461,-1.462978,-1.040090,-1.500454
27.540000,-1.380208,-1.424388,-0.746616,-1.509986
27.550000,-1.395338,-1.266554,-0.892308,-1.518086
27.560000,-1.407458,-1.293833,-1.137834,-1.525904
27.570000,-1.419960,-1.073883,-0.927008,-1.533911
27.580000,-1.432506,-1.284844,-1.127313,-1.539617
27.590000,-1.442107,-1.157649,-1.099392,-1.544365
27.600000,-1.453452,-0.914928,-1.148315,-1.548960
27.610000,-1.462918,-0.917003,-0.854963,-1.553083
27.620000,-1.472098,-0.832425,-0.730137,-1.556972
27.630000,-1.481132,-0.886203,-0.540206,-1.560023
27.640000,-1.488689,-0.712819,-0.704534,-1.562940
27.650000,-1.496488,-0.675684,-0.417892,-1.565076
27.660000,-1.502769,-0.540636,-1.252840,-1.567104
27.670000,-1.508962,-0.638170,-0.696387,-1.568603
27.680000,-1.513926,-0.549908,-1.355506,-1.569665
27.690000,-1.519413,-0.431154,-0.619061,-1.570418
27.700000,-1.523401,-0.424890,-1.000640,-1.570770
27.710000,-1.527324,-0.373626,-0.834144,-1.570682
27.720000,-1.530706,-0.343783,-0.989458,-1.570258
27.730000,-1.533740,-0.310855,-0.634649,-1.569342
27.740000,-1.536060,-0.203196,-1.811638,-1.567752
27.750000,-1.538042,-0.168587,-0.977482,-1.565934
27.760000,-1.539386,-0.118681,-0.726603,-1.563539
27.770000,-1.540208,-0.066013,-1.200000,-1.561429
27.780000,-1.540589,-0.019776,-0.953846,-1.558747
27.790000,-1.540589,-0.008644,-0.826643,-1.555400
27.800000,-1.540589,0.004396,-0.651978,-1.551821
27.810000,-1.540589,-0.007908,-0.609080,-1.546941
27.820000,-1.540589,0.002512,-0.123108,-1.541849
27.830000,-1.540589,0.010101,0.089040,-1.536453
27.840000,-1.540208,0.011251,0.009873,-1.530449
27.850000,-1.540208,0.029082,0.338462,-1.523946
27.860000,-1.539826,0.023152,0.670803,-1.517302
27.870000,-1.539445,0.041306,1.212657,-1.510580
27.880000,-1.538864,0.098016,1.162666,-1.503094
27.890000,-1.537156,0.162637,1.124457,-1.494602
27.900000,-1.535446,0.224176,1.883394,-1.485100
27.910000,-1.532533,0.316219,1.554772,-1.473581
27.920000,-1.529047,0.342770,2.480290,-1.462025
27.930000,-1.525223,0.445187,1.780919,-1.449837
27.940000,-1.520514,0.452209,1.572997,-1.436008
27.950000,-1.513742,0.743115,0.922689,-1.422688
27.960000,-1.506898,0.776216,1.454743,-1.410692
27.970000,-1.499549,0.871548,1.717960,-1.396417
27.980000,-1.491033,0.941074,1.239470,-1.384338
27.990000,-1.482053,1.048659,1.764269,-1.372370
28.000000,-1.471780,0.923896,1.139431,-1.360171
28.010000,-1.461563,0.983022,0.844743,-1.348234
28.020000,-1.451249,1.036037,1.478249,-1.332991
28.030000,-1.440582,1.121518,1.025183,-1.319619
28.040000,-1.429409,1.211223,0.646154,-1.307302
28.050000,-1.417193,1.161464,1.493227,-1.290897
28.060000,-1.404454,1.084124,0.691838,-1.273519
28.070000,-1.391968,1.282886,0.828460,-1.258154
28.080000,-1.379869,1.535901,1.548064,-1.241960
28.090000,-1.365981,1.358938,1.914489,-1.223780
28.100000,-1.353082,1.262595,1.370828,-1.208599
28.110000,-1.339191,1.489539,1.689539,-1.191670
28.120000,-1.324087,1.495884,1.034681,-1.172997
28.130000,-1.308305,1.486273,1.563640,-1.156071
28.140000,-1.295142,1.618817,1.616941,-1.137194
28.150000,-1.279799,1.605185,0.864302,-1.118660
28.160000,-1.262441,1.648259,1.132355,-1.101911
28.170000,-1.248027,1.701099,1.620427,-1.081180
28.180000,-1.230489,1.773248,1.794157,-1.059230
28.190000,-1.213149,1.666188,1.549424,-1.042016
28.200000,-1.196870,1.797802,0.472130,-1.026068
28.210000,-1.178343,1.655145,0.927872,-1.009701
28.220000,-1.161058,1.651844,0.805682,-0.990145
28.230000,-1.143918,1.797806,1.128210,-0.967773
28.240000,-1.124780,1.723627,1.165377,-0.944948
28.250000,-1.107365,1.900618,0.701442,-0.923900
28.260000,-1.088317,1.787086,2.127541,-0.902342
28.270000,-1.068552,1.813177,1.800709,-0.881532
28.280000,-1.049264,2.097940,1.371066,-0.859395
28.290000,-1.030479,2.111895,1.885496,-0.838498
28.300000,-1.010503,1.990031,1.042032,-0.815472
28.310000,-0.991656,1.999883,0.652726,-0.792612
28.320000,-0.970434,1.853806,1.360305,-0.770031
28.330000,-0.949819,2.065422,1.483365,-0.746723
28.340000,-0.927933,2.339840,1.441930,-0.722711
28.350000,-0.905782,2.060094,1.655890,-0.697741
28.360000,-0.884527,2.223351,1.602136,-0.675736
28.370000,-0.863396,2.086275,0.985899,-0.649996
28.380000,-0.840309,2.332143,0.896450,-0.626621
28.390000,-0.819986,1.954928,0.859414,-0.602874
28.400000,-0.796054,2.236998,0.865691,-0.575997
28.410000,-0.772261,2.108349,1.336963,-0.553023
28.420000,-0.750321,2.475291,1.526048,-0.527910
28.430000,-0.726270,2.458873,1.213479,-0.499189
28.440000,-0.703045,2.224292,1.526469,-0.473862
28.450000,-0.677613,2.359196,1.181089,-0.443957
28.460000,-0.654417,2.197573,1.640160,-0.408461
28.470000,-0.626226,2.653427,1.293826,-0.374710
28.480000,-0.602868,2.651418,2.172451,-0.339048
28.490000,-0.574450,2.665707,1.462960,-0.304057
28.500000,-0.546282,2.982743,1.945509,-0.268021
28.510000,-0.514448,3.140092,1.764366,-0.232986
28.520000,-0.487884,2.899904,1.687827,-0.197686
28.530000,-0.455180,2.702441,1.275450,-0.161359
28.540000,-0.424766,3.223514,1.292604,-0.125140
28.550000,-0.389391,3.195604,0.969232,-0.090230
28.560000,-0.356539,2.990687,1.674787,-0.054292
28.570000,-0.324917,3.334175,1.147268,-0.015728
28.580000,-0.291940,3.420925,1.220233,0.017993
28.590000,-0.256848,3.438850,1.106272,0.053975
28.600000,-0.223986,3.312689,0.754264,0.089192
28.610000,-0.188105,3.406696,1.187274,0.125233
28.620000,-0.154990,3.340320,1.587418,0.160589
28.630000,-0.119373,3.537276,1.493494,0.194524
28.640000,-0.083922,3.369862,1.011494,0.232091
28.650000,-0.047998,3.622413,1.182513,0.267442
28.660000,-0.014023,3.484529,1.039656,0.304013
28.670000,0.021252,3.518885,1.089063,0.340562
28.680000,0.059083,3.545302,1.242100,0.374175
28.690000,0.092587,3.374959,1.095491,0.407624
28.700000,0.130495,3.589197,1.379421,0.443496
28.710000,0.162691,3.502386,1.158762,0.479805
28.720000,0.197433,3.711877,1.228860,0.514518
28.730000,0.232450,3.798421,0.481533,0.549001
28.740000,0.271492,3.730806,1.390794,0.581448
28.750000,0.306817,3.540746,0.722715,0.614628
28.760000,0.342156,3.231726,0.847634,0.646118
28.770000,0.373228,3.532583,1.064861,0.680594
28.780000,0.409474,3.130330,0.785523,0.709388
28.790000,0.443624,3.223360,0.994640,0.740766
28.800000,0.476703,3.148578,0.977367,0.772969
28.810000,0.511088,3.507887,0.880337,0.804429
28.820000,0.542341,2.885367,1.005434,0.835566
28.830000,0.575987,3.060798,1.069578,0.863750
28.840000,0.607674,2.945305,0.573449,0.894746
28.850000,0.640354,3.000301,0.877157,0.922819
28.860000,0.671262,3.228743,0.547927,0.951120
28.870000,0.702200,3.062538,1.030835,0.978202
28.880000,0.736307,3.040243,0.603736,1.006478
28.890000,0.765359,2.943923,0.858898,1.034308
28.900000,0.794710,2.958045,0.858536,1.059398
28.910000,0.824060,2.699000,0.853881,1.085962
28.920000,0.853367,2.960081,1.021739,1.112860
28.930000,0.881833,2.984285,1.019239,1.135941
28.940000,0.912531,2.934545,1.632098,1.161465
28.950000,0.939518,2.638787,0.727115,1.185705
28.960000,0.968076,2.796235,0.348707,1.205944
28.970000,0.993684,2.731639,0.764800,1.223416
28.980000,1.020112,2.695199,0.646154,1.240564
28.990000,1.045375,2.685261,0.122013,1.255486
29.000000,1.068150,2.509083,-0.511976,1.269393
29.010000,1.092750,2.028323,0.094389,1.285270
29.020000,1.113918,2.151752,0.627512,1.298695
29.030000,1.134524,2.157688,0.724936,1.314439
29.040000,1.154203,1.834416,0.979705,1.329331
29.050000,1.173094,1.773985,0.953433,1.344983
29.060000,1.191635,1.784665,1.115367,1.360742
29.070000,1.210127,1.839353,1.154136,1.376779
29.080000,1.227388,1.858482,1.814550,1.391945
29.090000,1.244704,1.919471,1.109424,1.407522
29.100000,1.261781,1.866609,1.076923,1.421831
29.110000,1.278846,1.805434,1.619952,1.436504
29.120000,1.295418,1.603609,1.022498,1.449786
29.130000,1.310478,1.654695,1.157624,1.461035
29.140000,1.327937,1.702060,0.185481,1.471305
29.150000,1.342523,1.534145,1.375588,1.482588
29.160000,1.357068,1.298561,1.081998,1.493094
29.170000,1.371935,1.260339,0.752848,1.502167
29.180000,1.384662,1.354031,0.662724,1.510825
29.190000,1.397778,1.258967,0.725692,1.516515
29.200000,1.410170,1.322236,0.987329,1.522725
29.210000,1.422116,1.074105,0.884321,1.529017
29.220000,1.433829,1.049259,0.808822,1.534474
29.230000,1.443069,1.037167,1.263518,1.540823
29.240000,1.453161,0.961024,0.912229,1.546026
29.250000,1.462673,0.914273,0.679102,1.550368
29.260000,1.471122,0.771640,0.588923,1.554301
29.270000,1.478276,0.847819,1.537521,1.558284
29.280000,1.486458,0.642675,0.917545,1.561079
29.290000,1.492476,0.641131,0.946309,1.564136
29.300000,1.499229,0.685304,0.882460,1.566397
29.310000,1.505265,0.523077,1.409333,1.568309
29.320000,1.510940,0.541402,0.779634,1.569281
29.330000,1.515605,0.527415,0.646314,1.570321
29.340000,1.519925,0.347710,0.977822,1.570747
29.350000,1.523593,0.369816,1.356198,1.570705
29.360000,1.527576,0.298464,0.817725,1.570255
29.370000,1.530217,0.250549,1.037824,1.569167
29.380000,1.532624,0.221000,0.944181,1.567345
29.390000,1.534321,0.135058,1.060039,1.564782
29.400000,1.535630,0.089261,1.102361,1.561192
29.410000,1.536393,0.072185,0.616002,1.557378
29.420000,1.536774,0.009822,1.517311,1.552438
29.430000,1.536774,0.004011,0.646154,1.546901
29.440000,1.536774,-0.008711,0.731145,1.540711
29.450000,1.536774,-0.007114,0.417816,1.534580
29.460000,1.536774,-0.013431,-0.095728,1.528085
29.470000,1.536393,-0.021254,-0.271858,1.520622
29.480000,1.536326,-0.023528,-0.631565,1.512166
29.490000,1.536011,-0.039560,-0.905121,1.503874
29.500000,1.535248,-0.133521,-0.668780,1.493327
29.510000,1.533502,-0.210747,-1.439613,1.481858
29.520000,1.531202,-0.303644,-1.729717,1.471191
29.530000,1.527431,-0.377789,-1.616742,1.458770
29.540000,1.522993,-0.464868,-1.404040,1.445279
29.550000,1.518043,-0.566422,-1.747500,1.432341
29.560000,1.511460,-0.655880,-2.096625,1.417255
29.570000,1.503639,-0.738070,-1.270073,1.402152
29.580000,1.494985,-0.890703,-1.065240,1.391675
29.590000,1.486812,-0.850229,-0.965188,1.379286
29.600000,1.476735,-1.017208,-1.187237,1.364208
29.610000,1.466892,-1.105675,-1.239092,1.350695
29.620000,1.456032,-0.995402,-1.498381,1.336028
29.630000,1.444853,-1.251277,-1.260395,1.320249
29.640000,1.432753,-1.191031,-1.179073,1.306103
29.650000,1.420410,-1.231959,-1.080524,1.291304
29.660000,1.407849,-1.280331,-0.788322,1.274071
29.670000,1.395425,-1.428370,-1.417361,1.260323
29.680000,1.381014,-1.377556,-0.867136,1.244010
29.690000,1.368209,-1.445137,-1.503715,1.224977
29.700000,1.353886,-1.263541,-1.237011,1.207292
29.710000,1.338946,-1.312325,-1.438627,1.188412
29.720000,1.324371,-1.582396,-1.556606,1.168505
29.730000,1.307832,-1.589136,-1.147079,1.150883
29.740000,1.291490,-1.618687,-1.040573,1.129996
29.750000,1.276681,-1.816667,-1.710959,1.105920
29.760000,1.258341,-1.860357,-2.127720,1.081702
29.770000,1.241509,-1.863717,-1.801559,1.055449
29.780000,1.223021,-1.744180,-1.021915,1.034918
29.790000,1.204207,-1.713746,-1.239020,1.008838
29.800000,1.183291,-2.130669,-1.573760,0.980256
29.810000,1.162628,-2.215072,-1.274728,0.954057
29.820000,1.140058,-2.179684,-1.479174,0.926145
29.830000,1.116764,-2.289973,-1.381747,0.897473
29.840000,1.093795,-2.582301,-1.355268,0.870901
29.850000,1.071982,-2.165392,-1.261538,0.843809
29.860000,1.046697,-2.348905,-1.403821,0.815713
29.870000,1.023038,-2.520348,-1.007669,0.789605
29.880000,0.996629,-2.458629,-1.253735,0.760027
29.890000,0.970415,-2.635695,-1.205040,0.729795
29.900000,0.946214,-2.518681,-1.216066,0.699113
29.910000,0.919974,-2.583066,-1.379684,0.666309
29.920000,0.891626,-2.770352,-0.880490,0.635481
29.930000,0.864413,-2.937879,-1.397554,0.603153
29.940000,0.836695,-2.673329,-1.499306,0.571202
29.950000,0.808132,-2.872345,-1.285474,0.538774
29.960000,0.778663,-3.177948,-1.602563,0.506853
29.970000,0.749634,-3.104644,-1.427009,0.475203
29.980000,0.717179,-3.077760,-1.233571,0.443937
29.990000,0.685682,-3.088931,-1.326042,0.411860
30.000000,0.656993,-2.847892,-0.850134,0.377282
30.010000,0.625067,-3.072806,-1.311588,0.343663
30.020000,0.597144,-3.353249,-1.188249,0.311012
30.030000,0.562757,-3.305631,-1.263440,0.280370
30.040000,0.533912,-3.367511,-1.588514,0.246708
30.050000,0.499062,-3.340897,-0.902972,0.220465
30.060000,0.469240,-3.248291,-0.776582,0.191950
30.070000,0.439480,-2.954826,-0.663596,0.164862
30.080000,0.407731,-2.783962,-1.192417,0.143895
30.090000,0.375830,-2.693261,-1.866509,0.111462
30.100000,0.347712,-2.982615,-1.155147,0.082993
30.110000,0.318525,-2.972023,-1.128814,0.050330
30.120000,0.287334,-2.752596,-0.945528,0.014909
30.130000,0.258985,-2.789764,-2.249320,-0.018674
30.140000,0.228431,-3.307856,-1.500803,-0.051738
30.150000,0.198278,-3.179193,-1.393333,-0.082709
30.160000,0.167669,-3.266363,-2.178610,-0.114961
30.170000,0.135486,-3.312964,-1.425389,-0.150589
30.180000,0.103497,-3.048122,-1.168578,-0.185138
30.190000,0.073950,-2.963283,-1.429866,-0.219556
30.200000,0.039296,-3.399961,-1.182582,-0.254799
30.210000,0.006134,-3.315056,-1.274872,-0.290315
30.220000,-0.024181,-3.532834,-0.807987,-0.320069
30.230000,-0.059034,-2.923077,-0.696318,-0.352337
30.240000,-0.089853,-3.457130,-1.306721,-0.385901
30.250000,-0.122987,-3.279095,-0.751989,-0.420112
30.260000,-0.158992,-3.306213,-0.841387,-0.448334
30.270000,-0.188797,-3.251442,-0.718529,-0.480013
30.280000,-0.222149,-3.324823,-0.913803,-0.512736
30.290000,-0.254801,-3.186663,-0.824808,-0.544336
30.300000,-0.287083,-3.275979,-0.919722,-0.573887
30.310000,-0.322008,-3.015640,-0.229075,-0.605034
30.320000,-0.353433,-3.440842,-1.328978,-0.640575
30.330000,-0.384415,-3.409843,-1.285999,-0.672230
30.340000,-0.414312,-3.191796,-1.393280,-0.705273
30.350000,-0.449410,-3.219085,-1.041516,-0.738855
30.360000,-0.482273,-3.139097,-1.254769,-0.771951
30.370000,-0.511246,-3.492402,-1.201640,-0.803957
30.380000,-0.543421,-3.152253,-1.077308,-0.835718
30.390000,-0.579134,-3.445159,-0.896249,-0.865840
30.400000,-0.612840,-3.292308,-0.892308,-0.894067
30.410000,-0.643176,-3.170213,-1.368895,-0.926407
30.420000,-0.675916,-3.388156,-1.428199,-0.957074
30.430000,-0.704838,-2.977105,-0.751329,-0.985676
30.440000,-0.737713,-3.284303,-0.916322,-1.007685
30.450000,-0.769069,-3.262583,-0.650905,-1.027993
30.460000,-0.798280,-2.875112,-0.890941,-1.051301
30.470000,-0.825397,-2.648650,-0.695506,-1.071608
30.480000,-0.854687,-2.657320,-0.756088,-1.095058
30.490000,-0.881355,-2.840427,-0.554891,-1.111627
30.500000,-0.909518,-2.539541,-0.832855,-1.131666
30.510000,-0.934724,-2.538101,-0.536488,-1.151294
30.520000,-0.959213,-2.347007,-0.986337,-1.169371
30.530000,-0.982327,-2.228093,-0.880120,-1.186926
30.540000,-1.004820,-2.040918,-0.484001,-1.206513
30.550000,-1.026263,-2.322162,-0.868127,-1.222630
30.560000,-1.049258,-2.360656,-1.029775,-1.238553
30.570000,-1.069250,-2.122488,-1.234915,-1.252435
30.580000,-1.091006,-1.972532,-0.436397,-1.266791
30.590000,-1.109474,-2.023071,-1.030816,-1.284066
30.600000,-1.128628,-1.892951,-0.159853,-1.301552
30.610000,-1.147179,-1.913276,-0.751768,-1.317515
30.620000,-1.166245,-1.857569,-0.835730,-1.332542
30.630000,-1.183244,-1.974596,-1.139031,-1.344599
30.640000,-1.200612,-1.943668,-1.101034,-1.355978
30.650000,-1.217332,-1.844409,-0.969129,-1.369300
30.660000,-1.232777,-1.719552,-1.347673,-1.382100
30.670000,-1.251014,-1.608406,-0.495319,-1.395211
30.680000,-1.264816,-1.528847,-0.853078,-1.408010
30.690000,-1.280155,-1.506382,-1.041569,-1.420031
30.700000,-1.294953,-1.478229,-0.886772,-1.430925
30.710000,-1.308853,-1.371361,-0.948444,-1.442499
30.720000,-1.324440,-1.368915,-0.892308,-1.453479
30.730000,-1.337104,-1.168480,-1.519186,-1.465570
30.740000,-1.350556,-1.358683,-0.638244,-1.478158
30.750000,-1.363968,-1.437467,-1.015385,-1.488213
30.760000,-1.376060,-1.273427,-0.960865,-1.498718
30.770000,-1.388412,-1.113766,-1.285447,-1.508514
30.780000,-1.401735,-1.220290,-0.799299,-1.517333
30.790000,-1.412028,-1.164915,-0.707692,-1.525519
30.800000,-1.423487,-1.166096,-1.018916,-1.533449
30.810000,-1.435787,-1.021777,-0.925873,-1.540016
30.820000,-1.445278,-1.051310,-0.595269,-1.545611
30.830000,-1.455559,-0.925280,-1.214464,-1.549458
30.840000,-1.465891,-1.036835,-0.942358,-1.554311
30.850000,-1.474606,-0.936264,-1.074626,-1.557897
30.860000,-1.482756,-0.933050,-0.736993,-1.561189
30.870000,-1.489797,-0.754124,-1.178483,-1.563938
30.880000,-1.497002,-0.765465,-0.439954,-1.566475
30.890000,-1.503699,-0.499321,-0.862241,-1.568316
30.900000,-1.510337,-0.564069,-0.806441,-1.569735
30.910000,-1.514855,-0.610391,-0.849093,-1.570580
30.920000,-1.520257,-0.426886,-1.124991,-1.570785
30.930000,-1.524491,-0.431644,-0.646154,-1.570585
30.940000,-1.528391,-0.320879,-1.384615,-1.569987
30.950000,-1.531801,-0.357014,-0.714483,-1.568913
30.960000,-1.534738,-0.244812,-0.892308,-1.566869
30.970000,-1.536774,-0.159353,-0.861883,-1.564120
30.980000,-1.537919,-0.120570,-0.787001,-1.560730
30.990000,-1.538702,-0.047400,-0.814116,-1.556570
31.000000,-1.539063,0.005650,-0.584705,-1.551603
31.010000,-1.539063,0.002546,-0.234904,-1.545913
31.020000,-1.538682,0.004396,-0.311573,-1.539138
31.030000,-1.538682,0.003983,0.174072,-1.531702
31.040000,-1.538682,0.013187,0.166345,-1.522930
31.050000,-1.538300,0.035315,1.526758,-1.513678
31.060000,-1.537684,0.067953,0.688544,-1.504959
31.070000,-1.536602,0.135400,1.679148,-1.494013
31.080000,-1.534813,0.185188,1.208020,-1.482506
31.090000,-1.532152,0.315187,1.301385,-1.472613
31.100000,-1.528727,0.320879,0.871216,-1.460004
31.110000,-1.524455,0.437749,1.683263,-1.447668
31.120000,-1.519767,0.459320,1.728158,-1.433864
31.130000,-1.513476,0.688826,1.471668,-1.418443
31.140000,-1.505956,0.778022,1.714490,-1.403909
31.150000,-1.498627,0.962637,1.692308,-1.387996
31.160000,-1.489129,0.980825,1.034447,-1.372647
31.170000,-1.478834,1.044793,0.716190,-1.353870
31.180000,-1.468563,1.018391,1.743441,-1.335115
31.190000,-1.455582,1.208524,1.017258,-1.315289
31.200000,-1.443426,1.347632,1.142580,-1.294893
31.210000,-1.429178,1.474377,1.164367,-1.274707
31.220000,-1.414928,1.683762,1.507692,-1.255315
31.230000,-1.397360,1.794345,0.948182,-1.234935
31.240000,-1.381434,1.892630,1.544923,-1.211755
31.250000,-1.365899,1.749717,2.228891,-1.187860
31.260000,-1.348065,1.751057,1.647655,-1.164310
31.270000,-1.330588,2.053185,1.081001,-1.140613
31.280000,-1.311751,2.066251,1.519754,-1.116331
31.290000,-1.292078,2.154764,1.143330,-1.090726
31.300000,-1.271762,1.914951,1.050304,-1.063705
31.310000,-1.250331,2.171384,1.744427,-1.036367
31.320000,-1.227030,2.197410,1.477472,-1.009308
31.330000,-1.205327,2.394331,1.506801,-0.980731
31.340000,-1.181463,2.590689,1.190458,-0.954855
31.350000,-1.157949,2.603358,1.015385,-0.925733
31.360000,-1.134281,2.375473,1.413200,-0.895942
31.370000,-1.109242,2.699904,0.955180,-0.866469
31.380000,-1.084397,2.497171,1.575611,-0.836839
31.390000,-1.055447,2.523241,0.821097,-0.808511
31.400000,-1.030370,2.758389,1.336631,-0.775782
31.410000,-1.003868,2.541300,1.300966,-0.745406
31.420000,-0.975232,2.808791,1.020924,-0.714405
31.430000,-0.945328,3.026024,1.499940,-0.685331
31.440000,-0.918554,2.882255,1.680692,-0.653717
31.450000,-0.889951,2.830701,0.993579,-0.619743
31.460000,-0.861160,3.044296,1.093821,-0.587246
31.470000,-0.832008,2.788053,1.350690,-0.560702
31.480000,-0.802719,2.965591,1.160233,-0.534072
31.490000,-0.771079,2.660275,0.918043,-0.508464
31.500000,-0.743094,3.092579,0.959514,-0.481343
31.510000,-0.713015,2.854937,1.310724,-0.451516
31.520000,-0.688044,2.455234,0.927336,-0.429792
31.530000,-0.658052,2.893260,0.890355,-0.399674
31.540000,-0.629383,2.934792,0.929416,-0.376467
31.550000,-0.603356,2.648124,1.150615,-0.347589
31.560000,-0.574845,2.694148,1.781680,-0.318218
31.570000,-0.544102,2.755032,1.349130,-0.287899
31.580000,-0.517391,2.548279,0.860944,-0.256909
31.590000,-0.488601,2.826261,1.405430,-0.229157
31.600000,-0.459089,3.097438,0.948259,-0.205701
31.610000,-0.433232,2.772832,0.713950,-0.176757
31.620000,-0.404552,2.620024,0.954364,-0.148934
31.630000,-0.378438,2.717169,0.999687,-0.117721
31.640000,-0.347676,3.088384,1.339186,-0.089941
31.650000,-0.321489,2.660450,0.969025,-0.062603
31.660000,-0.290661,2.858379,0.948931,-0.032155
31.670000,-0.263187,2.954958,1.718007,-0.002490
31.680000,-0.234375,2.790749,1.101828,0.027629
31.690000,-0.206417,2.687054,1.201226,0.057406
31.700000,-0.177764,2.980387,1.045142,0.085344
31.710000,-0.151574,3.026342,0.869613,0.114193
31.720000,-0.123046,2.485659,0.768981,0.142491
31.730000,-0.091388,2.729784,1.040159,0.167500
31.740000,-0.064282,2.844271,1.321973,0.196205
31.750000,-0.035250,2.896703,1.780829,0.225018
31.760000,-0.006336,3.038786,1.214945,0.253810
31.770000,0.024050,3.079719,1.015385,0.284191
31.780000,0.048646,3.094608,1.219635,0.313647
31.790000,0.080827,2.929926,0.712224,0.341756
31.800000,0.107763,2.681468,1.261428,0.367454
31.810000,0.135008,2.919936,0.606605,0.393756
31.820000,0.163889,2.959128,1.353654,0.415795
31.830000,0.191734,2.815087,0.884072,0.444409
31.840000,0.219095,2.888368,1.174953,0.471711
31.850000,0.248632,3.049851,1.014316,0.499571
31.860000,0.276430,2.463413,1.100182,0.525442
31.870000,0.301688,2.765470,1.127885,0.558319
31.880000,0.332252,2.777088,1.006463,0.585905
31.890000,0.358292,2.581733,0.954729,0.612783
31.900000,0.384572,2.806395,0.925876,0.637717
31.910000,0.412739,2.744899,0.770122,0.665400
31.920000,0.443281,2.757989,0.777271,0.687039
31.930000,0.470547,2.856386,0.687371,0.711818
31.940000,0.491797,2.361267,1.076923,0.736719
31.950000,0.520433,2.732753,0.864172,0.766115
31.960000,0.548618,2.792284,1.181055,0.792439
31.970000,0.576323,2.657930,1.445105,0.821446
31.980000,0.600909,2.726417,0.962385,0.844324
31.990000,0.629100,2.714569,1.545995,0.870379
32.000000,0.654975,2.491207,0.725208,0.889806
32.010000,0.681402,2.679535,1.324493,0.916102
32.020000,0.706451,2.592156,1.286483,0.939693
32.030000,0.732418,2.497184,0.724314,0.961536
32.040000,0.758039,2.223086,0.742150,0.985132
32.050000,0.781279,2.588721,1.080981,1.006431
32.060000,0.805977,2.212174,1.173764,1.029012
32.070000,0.830392,2.439197,0.048555,1.050963
32.080000,0.854743,2.355231,0.505505,1.072713
32.090000,0.877972,2.171780,0.923234,1.093007
32.100000,0.900030,2.367104,0.865260,1.116393
32.110000,0.924357,2.149672,1.086695,1.139266
32.120000,0.947611,2.311184,1.392687,1.158325
32.130000,0.968962,2.337094,0.953846,1.180836
32.140000,0.992406,2.102270,1.405007,1.201619
32.150000,1.016290,2.223861,0.922421,1.221263
32.160000,1.036505,2.105714,0.864818,1.239753
32.170000,1.061152,2.305283,0.972590,1.258644
32.180000,1.081548,2.235807,1.081155,1.274912
32.190000,1.103092,2.142976,0.588326,1.292275
32.200000,1.123582,2.028884,1.062540,1.307390
32.210000,1.144061,1.950821,1.005973,1.323277
32.220000,1.162256,1.853998,0.953846,1.334977
32.230000,1.181038,1.842555,0.370883,1.352375
32.240000,1.199259,1.832232,0.360605,1.367771
32.250000,1.216991,1.851682,1.123930,1.382755
32.260000,1.235226,1.846345,0.829879,1.396971
32.270000,1.252469,1.779817,0.343049,1.413290
32.280000,1.268210,1.741371,0.681905,1.427813
32.290000,1.286536,1.752612,0.954486,1.440700
32.300000,1.303087,1.665562,0.707042,1.454417
32.310000,1.317653,1.681626,0.658616,1.467701
32.320000,1.332578,1.579984,1.150072,1.480269
32.330000,1.348507,1.517747,0.830769,1.492018
32.340000,1.363813,1.461971,0.572327,1.502875
32.350000,1.378095,1.494495,0.267562,1.512390
32.360000,1.391603,1.370626,1.072732,1.520963
32.370000,1.405131,1.136769,0.758188,1.529202
32.380000,1.419742,1.336242,0.600076,1.537494
32.390000,1.430879,1.215678,0.301027,1.544743
32.400000,1.443183,1.214022,0.374238,1.550736
32.410000,1.454763,0.996966,1.502815,1.555978
32.420000,1.464548,1.012498,0.707600,1.560395
32.430000,1.473887,0.900324,1.152939,1.563717
32.440000,1.482764,0.952136,0.719665,1.566282
32.450000,1.490398,0.788071,0.830740,1.568108
32.460000,1.498329,0.834202,0.712964,1.569390
32.470000,1.504832,0.608346,0.927165,1.570315
32.480000,1.511641,0.542713,0.727678,1.570721
32.490000,1.516107,0.568599,0.550483,1.570768
32.500000,1.520804,0.364241,0.696039,1.570344
32.510000,1.525000,0.407199,0.819625,1.569438
32.520000,1.528583,0.285212,0.982406,1.567796
32.530000,1.531262,0.254512,0.654785,1.565018
32.540000,1.533341,0.152828,0.953846,1.561273
32.550000,1.534197,0.079217,0.565526,1.556666
32.560000,1.534867,0.049762,1.140748,1.551339
32.570000,1.535248,-0.014381,0.366567,1.545029
32.580000,1.535248,-0.013187,0.338462,1.538347
32.590000,1.535248,0.001913,0.543330,1.530170
32.600000,1.534867,-0.015294,-1.010801,1.521564
32.610000,1.534867,-0.027704,-0.772059,1.511256
32.620000,1.534485,-0.047298,-0.820854,1.500939
32.630000,1.533341,-0.157081,-1.434832,1.488446
32.640000,1.531542,-0.249297,-1.252769,1.476423
32.650000,1.528359,-0.321677,-1.416315,1.464040
32.660000,1.524062,-0.490504,-1.511243,1.450978
32.670000,1.519918,-0.499999,-1.444221,1.434976
32.680000,1.513265,-0.703214,-1.185487,1.418582
32.690000,1.506404,-0.836162,-2.232199,1.402192
32.700000,1.498213,-1.039321,-1.692308,1.384019
32.710000,1.487807,-0.929601,-0.979797,1.365788
32.720000,1.477831,-1.204439,-1.767574,1.345695
32.730000,1.465000,-1.271547,-1.629512,1.325022
32.740000,1.452211,-1.400224,-2.040163,1.304169
32.750000,1.438567,-1.311905,-1.896507,1.280951
32.760000,1.423766,-1.485992,-1.245033,1.258531
32.770000,1.406630,-1.508000,-1.944050,1.235043
32.780000,1.389922,-1.682071,-1.285344,1.208950
32.790000,1.370619,-1.616307,-1.983324,1.185891
32.800000,1.354321,-1.776050,-1.505090,1.158496
32.810000,1.333588,-1.924945,-1.212052,1.131354
32.820000,1.314082,-2.098139,-1.957184,1.103345
32.830000,1.292179,-2.395604,-1.527275,1.073793
32.840000,1.268108,-2.403765,-1.502351,1.045049
32.850000,1.245004,-2.504037,-1.372009,1.016187
32.860000,1.221489,-2.099126,-1.244580,0.985562
32.870000,1.194399,-2.636880,-1.516229,0.954204
32.880000,1.169658,-2.540531,-1.700676,0.922826
32.890000,1.142341,-2.704261,-1.163476,0.893318
32.900000,1.117428,-2.874304,-1.619810,0.861318
32.910000,1.090593,-2.570811,-1.307820,0.828778
32.920000,1.061912,-3.037497,-1.781940,0.796190
32.930000,1.029762,-2.965127,-1.025353,0.762283
32.940000,1.004573,-2.665332,-1.132232,0.726253
32.950000,0.973481,-2.891947,-0.186912,0.692180
32.960000,0.941752,-3.088179,-1.836379,0.656753
32.970000,0.910649,-3.401156,-1.418024,0.621055
32.980000,0.880797,-3.053626,-1.443181,0.583695
32.990000,0.848096,-3.442598,-1.692189,0.545668
33.000000,0.816432,-3.504854,-1.667762,0.509762
33.010000,0.779585,-3.585194,-0.902018,0.476487
33.020000,0.745675,-3.529549,-1.444459,0.439166
33.030000,0.711036,-3.449672,-1.348753,0.400335
33.040000,0.678477,-3.568287,-1.325190,0.361696
33.050000,0.642088,-3.551830,-1.271842,0.329191
33.060000,0.605257,-3.412720,-1.735946,0.289611
33.070000,0.573633,-3.213353,-0.922383,0.249171
33.080000,0.536045,-3.467562,-1.114990,0.211745
33.090000,0.501420,-3.680301,-1.190029,0.175032
33.100000,0.465011,-3.705542,-1.307776,0.138085
33.110000,0.427350,-3.789496,-1.261538,0.098988
33.120000,0.388897,-3.849878,-1.076723,0.060734
33.130000,0.352623,-3.789983,-1.460778,0.022333
33.140000,0.313206,-3.948774,-1.466862,-0.014136
33.150000,0.276926,-3.503868,-1.030613,-0.053473
33.160000,0.243036,-3.893518,-1.218297,-0.094990
33.170000,0.204996,-3.452710,-1.098744,-0.134074
33.180000,0.166630,-3.845529,-1.897254,-0.171223
33.190000,0.126146,-3.796168,-1.309842,-0.211827
33.200000,0.088793,-3.750600,-1.045634,-0.250239
33.210000,0.051907,-3.926857,-1.327969,-0.290833
33.220000,0.011974,-4.308447,-1.497098,-0.329249
33.230000,-0.024918,-3.759466,-1.146139,-0.369679
33.240000,-0.063516,-3.889310,-1.356642,-0.407628
33.250000,-0.103082,-3.891902,-0.447166,-0.447451
33.260000,-0.142594,-3.735980,-1.336002,-0.478643
33.270000,-0.176131,-3.477803,-0.639232,-0.504609
33.280000,-0.217841,-3.800361,-0.226880,-0.532195
33.290000,-0.257429,-3.441938,-0.039580,-0.556772
33.300000,-0.290075,-3.271902,-0.400000,-0.581904
33.310000,-0.323457,-3.208612,-0.616238,-0.608189
33.320000,-0.357106,-2.858558,-0.863491,-0.635242
33.330000,-0.388880,-3.014023,-1.477874,-0.660548
33.340000,-0.421001,-2.837356,-0.334347,-0.689431
33.350000,-0.453645,-3.258655,-0.688347,-0.718140
33.360000,-0.480011,-3.093566,-0.855253,-0.744374
33.370000,-0.510450,-3.111416,-0.957322,-0.767377
33.380000,-0.539371,-3.072829,-0.421881,-0.793347
33.390000,-0.567408,-2.932480,-1.055407,-0.815369
33.400000,-0.594433,-2.710270,-0.943951,-0.840208
33.410000,-0.623850,-2.591817,-0.732248,-0.866705
33.420000,-0.652235,-2.946637,-1.233448,-0.897889
33.430000,-0.678565,-2.745804,-1.217407,-0.927416
33.440000,-0.704314,-2.700629,0.184212,-0.956527
33.450000,-0.732363,-2.801973,-1.233283,-0.987169
33.460000,-0.761502,-2.864163,-1.237375,-1.014680
33.470000,-0.788659,-2.861598,-1.119623,-1.041181
33.480000,-0.817474,-3.047724,-1.327505,-1.068645
33.490000,-0.845556,-2.883585,-1.362005,-1.095616
33.500000,-0.872756,-2.950256,-1.298274,-1.120719
33.510000,-0.901047,-2.894380,-0.590991,-1.145218
33.520000,-0.925639,-2.632375,-1.095098,-1.169342
33.530000,-0.953528,-2.674835,-1.313334,-1.195676
33.540000,-0.982784,-2.825399,-1.293388,-1.218261
33.550000,-1.009411,-2.722266,-1.128096,-1.239229
33.560000,-1.032655,-2.427462,-1.101577,-1.260578
33.570000,-1.058727,-2.574734,-1.338343,-1.282871
33.580000,-1.082948,-2.418394,-1.279763,-1.303219
33.590000,-1.108680,-2.389801,-1.093413,-1.322266
33.600000,-1.133347,-2.638528,-1.104842,-1.339137
33.610000,-1.155234,-2.033400,-0.507509,-1.357440
33.620000,-1.178647,-2.329285,-0.238395,-1.376341
33.630000,-1.199218,-2.387364,-0.523077,-1.394417
33.640000,-1.220675,-1.910038,-1.121366,-1.411308
33.650000,-1.243377,-2.177992,-0.944525,-1.426938
33.660000,-1.262812,-2.168937,-1.075336,-1.441830
33.670000,-1.282087,-1.933831,-0.657355,-1.457000
33.680000,-1.301118,-1.864151,-1.013837,-1.469433
33.690000,-1.321012,-1.626868,-0.180708,-1.482811
33.700000,-1.337455,-1.537470,-1.397934,-1.495562
33.710000,-1.355285,-1.474301,-1.226192,-1.506158
33.720000,-1.371674,-1.484945,-0.771769,-1.515769
33.730000,-1.387072,-1.313352,-0.560157,-1.525186
33.740000,-1.402841,-1.342310,-0.178943,-1.533697
33.750000,-1.417024,-1.436602,-0.725622,-1.541029
33.760000,-1.429954,-1.347434,-1.016513,-1.548177
33.770000,-1.441787,-1.314230,-0.830575,-1.553951
33.780000,-1.454487,-0.948268,-1.323077,-1.558666
33.790000,-1.465553,-1.240450,-0.776555,-1.562994
33.800000,-1.475670,-1.026259,-0.620853,-1.566306
33.810000,-1.485801,-0.847132,-0.969569,-1.568652
33.820000,-1.493965,-0.806327,-0.769231,-1.570054
33.830000,-1.501675,-0.721130,-0.675438,-1.570717
33.840000,-1.508571,-0.706477,-0.641899,-1.570700
33.850000,-1.515371,-0.662805,-0.997141,-1.569990
33.860000,-1.520163,-0.422362,-0.337061,-1.568456
33.870000,-1.524648,-0.435165,-0.523077,-1.566177
33.880000,-1.528341,-0.307984,-0.927595,-1.562775
33.890000,-1.531434,-0.285714,-1.083747,-1.558293
33.900000,-1.533722,-0.171429,-0.806240,-1.553053
33.910000,-1.534867,-0.082337,-0.917067,-1.546789
33.920000,-1.534867,0.004743,-0.870412,-1.539392
33.930000,-1.534867,-0.001094,-0.284428,-1.531737
33.940000,-1.534867,0.004396,0.343722,-1.522797
33.950000,-1.534867,0.018757,0.612333,-1.512780
33.960000,-1.534485,0.030769,0.953846,-1.504760
33.970000,-1.534062,0.086433,1.015385,-1.497524
33.980000,-1.532457,0.136264,1.032160,-1.488214
33.990000,-1.530727,0.190300,0.884913,-1.479665
34.000000,-1.528307,0.239956,1.002769,-1.468247
34.010000,-1.524892,0.365484,1.564690,-1.454598
34.020000,-1.520988,0.414918,1.919077,-1.440327
34.030000,-1.515243,0.701819,1.541950,-1.425168
34.040000,-1.509048,0.734632,1.447474,-1.409152
34.050000,-1.501263,0.797930,1.794394,-1.393342
34.060000,-1.492288,0.950674,1.359732,-1.376262
34.070000,-1.482042,1.155183,1.680306,-1.359220
34.080000,-1.471616,1.105014,1.464722,-1.340421
34.090000,-1.460168,1.214088,0.817575,-1.324169
34.100000,-1.447474,1.401794,1.660124,-1.304927
34.110000,-1.433394,1.393407,1.815385,-1.286626
34.120000,-1.419841,1.206669,1.141854,-1.266793
34.130000,-1.405394,1.493626,1.581539,-1.246529
34.140000,-1.389715,1.678096,1.042663,-1.224603
34.150000,-1.372288,1.739654,1.413978,-1.202202
34.160000,-1.356562,1.717609,1.484146,-1.177911
34.170000,-1.338977,1.793414,1.861786,-1.154190
34.180000,-1.321131,1.731658,1.591150,-1.130769
34.190000,-1.299744,1.928480,1.700643,-1.106603
34.200000,-1.282221,1.999282,1.645851,-1.079980
34.210000,-1.262073,2.147322,1.403837,-1.052205
34.220000,-1.238619,1.975431,1.644365,-1.025527
34.230000,-1.217268,2.197415,1.755060,-1.000409
34.240000,-1.193630,2.375383,1.360363,-0.973564
34.250000,-1.172347,2.339637,1.086997,-0.947161
34.260000,-1.147988,2.618409,1.374524,-0.914770
34.270000,-1.122750,2.538256,0.860533,-0.886113
34.280000,-1.099480,2.615644,1.403619,-0.854941
34.290000,-1.074279,2.708035,1.114898,-0.829466
34.300000,-1.046788,2.483918,1.293315,-0.800790
34.310000,-1.021381,2.417287,1.069248,-0.770243
34.320000,-0.993798,2.951571,1.096671,-0.741262
34.330000,-0.964758,2.875246,1.569231,-0.708626
34.340000,-0.939320,2.558968,0.561343,-0.675567
34.350000,-0.911756,2.875686,1.217774,-0.642969
34.360000,-0.880758,2.998455,1.515879,-0.607705
34.370000,-0.853198,2.569110,1.344447,-0.574878
34.380000,-0.823021,3.024600,0.709679,-0.542110
34.390000,-0.792904,3.182494,0.865636,-0.507004
34.400000,-0.761477,3.329661,1.154285,-0.473513
34.410000,-0.731339,3.226353,1.733822,-0.439438
34.420000,-0.700878,3.300006,1.362736,-0.404950
34.430000,-0.665686,3.319526,1.353696,-0.368497
34.440000,-0.634867,3.247967,1.177561,-0.333236
34.450000,-0.602280,3.170329,1.858973,-0.295623
34.460000,-0.570156,3.073494,0.769231,-0.261711
34.470000,-0.535178,3.513555,1.543298,-0.223676
34.480000,-0.501744,3.305283,1.106408,-0.190947
34.490000,-0.466890,3.647282,0.818623,-0.160209
34.500000,-0.432688,3.539301,1.238311,-0.121834
34.510000,-0.396535,3.619048,1.019784,-0.086301
34.520000,-0.364972,3.617614,1.080816,-0.048888
34.530000,-0.330822,3.740659,1.256425,-0.013791
34.540000,-0.295413,3.498717,1.314602,0.020634
34.550000,-0.259853,3.458343,0.733068,0.059291
34.560000,-0.222591,3.531373,1.424321,0.095354
34.570000,-0.188327,3.523183,1.507692,0.134763
34.580000,-0.155742,3.129191,1.041778,0.172202
34.590000,-0.114853,3.525626,1.142892,0.206713
34.600000,-0.077519,3.762076,0.895057,0.241687
34.610000,-0.043615,3.857911,1.242267,0.276898
34.620000,-0.008394,3.486238,0.883206,0.307864
34.630000,0.026198,3.775959,0.863931,0.339598
34.640000,0.061376,3.138941,0.533867,0.372230
34.650000,0.095655,3.453254,0.435503,0.406506
34.660000,0.132152,3.465841,1.278278,0.443529
34.670000,0.165579,3.598326,1.409525,0.480275
34.680000,0.199897,3.629409,1.093243,0.514876
34.690000,0.234400,3.407911,0.770284,0.551287
34.700000,0.272343,3.722939,1.260263,0.583875
34.710000,0.306904,3.626469,0.739038,0.617879
34.720000,0.342405,3.414091,1.020890,0.651373
34.730000,0.375549,3.219161,0.497103,0.681267
34.740000,0.411580,3.177583,0.839517,0.707963
34.750000,0.446352,3.293920,1.191132,0.740092
34.760000,0.477537,3.092985,1.295266,0.774294
34.770000,0.510122,3.228831,0.935740,0.803067
34.780000,0.543176,3.506099,0.906732,0.831620
34.790000,0.577995,3.088212,1.189170,0.860528
34.800000,0.607299,3.035918,1.022093,0.883026
34.810000,0.636823,3.333831,0.663182,0.907237
34.820000,0.672069,3.058994,0.212866,0.930369
34.830000,0.698508,2.921248,0.092308,0.952849
34.840000,0.728516,2.853848,1.053289,0.975589
34.850000,0.754866,2.795725,0.838808,1.000531
34.860000,0.783335,2.777433,0.788401,1.023828
34.870000,0.808980,2.431078,0.135601,1.045454
34.880000,0.836950,2.682179,0.747081,1.068889
34.890000,0.861740,2.653365,0.833986,1.090570
34.900000,0.887330,2.698237,0.489413,1.110205
34.910000,0.913146,2.371247,1.024401,1.131530
34.920000,0.936519,2.445013,0.474313,1.150050
34.930000,0.959008,2.501099,0.931026,1.167588
34.940000,0.983911,2.348335,1.047195,1.189335
34.950000,1.007296,1.930605,0.712220,1.211167
34.960000,1.028322,2.369271,1.332189,1.233780
34.970000,1.049072,2.316907,0.754808,1.255423
34.980000,1.071248,2.360721,0.748969,1.276005
34.990000,1.093427,2.084913,1.174947,1.296556
35.000000,1.117841,2.203282,0.788611,1.316385
35.010000,1.137259,2.125687,-0.065424,1.337070
35.020000,1.159585,2.228039,1.308534,1.352996
35.030000,1.180676,2.117116,0.564805,1.365771
35.040000,1.200582,2.111692,0.635342,1.380302
35.050000,1.220878,1.982174,0.708543,1.392641
35.060000,1.238350,1.790765,1.338798,1.408524
35.070000,1.258297,1.674725,0.953846,1.421835
35.080000,1.274375,1.620523,0.852221,1.434750
35.090000,1.292528,1.653858,1.368201,1.446990
35.100000,1.307925,1.548210,1.138462,1.460108
35.110000,1.324551,1.486125,1.394552,1.471294
35.120000,1.339630,1.427663,1.274258,1.483029
35.130000,1.356226,1.259602,1.112382,1.495485
35.140000,1.370045,1.444946,0.748362,1.506551
35.150000,1.384554,1.435551,0.855198,1.517193
35.160000,1.397492,1.278115,0.625489,1.527114
35.170000,1.411001,1.477416,0.814884,1.535559
35.180000,1.424333,1.149418,1.199667,1.542718
35.190000,1.436499,1.245333,0.536237,1.549440
35.200000,1.447588,1.130450,1.060552,1.554710
35.210000,1.458817,1.011086,0.981695,1.559184
35.220000,1.469679,1.023486,0.838016,1.563241
35.230000,1.479259,0.945638,0.194261,1.566603
35.240000,1.487963,0.807187,1.129692,1.568976
35.250000,1.495654,0.830769,0.597365,1.570403
35.260000,1.503204,0.614006,0.586437,1.570791
35.270000,1.510190,0.615934,0.803848,1.570353
35.280000,1.515528,0.610989,0.268779,1.569005
35.290000,1.520128,0.392775,0.981998,1.566686
35.300000,1.523936,0.396964,0.582400,1.563297
35.310000,1.527343,0.267140,0.728049,1.559058
35.320000,1.529526,0.167369,0.930139,1.553597
35.330000,1.531052,0.092195,-0.274787,1.547445
35.340000,1.531052,-0.020963,0.113624,1.541083
35.350000,1.531052,-0.016598,-0.160257,1.533167
35.360000,1.531052,-0.030769,-0.060817,1.523473
35.370000,1.530671,-0.033053,-0.297753,1.512443
35.380000,1.530289,-0.048352,-0.945999,1.499605
35.390000,1.529526,-0.118644,-1.078509,1.485548
35.400000,1.527237,-0.248081,-1.103903,1.470791
35.410000,1.524246,-0.404618,-1.475366,1.454633
35.420000,1.519909,-0.442604,-2.087575,1.437577
35.430000,1.513911,-0.704178,-1.766182,1.419695
35.440000,1.507486,-0.820329,-1.737913,1.399298
35.450000,1.499306,-0.994973,-1.851458,1.378385
35.460000,1.488413,-1.009580,-2.165636,1.355509
35.470000,1.475939,-1.334841,-1.706917,1.332497
35.480000,1.464080,-1.407123,-1.810472,1.308304
35.490000,1.449252,-1.544082,-1.502245,1.283991
35.500000,1.434378,-1.747675,-1.543310,1.258926
35.510000,1.417335,-1.870362,-1.559124,1.231957
35.520000,1.398904,-1.931211,-1.385070,1.204184
35.530000,1.376725,-2.194310,-1.692308,1.176921
35.540000,1.357725,-2.142805,-1.476382,1.147785
35.550000,1.336521,-2.116982,-1.294320,1.118173
35.560000,1.315297,-2.410065,-1.504803,1.086761
35.570000,1.291437,-2.598334,-1.552573,1.055440
35.580000,1.266625,-2.603862,-2.000000,1.021916
35.590000,1.239986,-2.496061,-1.038059,0.989924
35.600000,1.214578,-2.731317,-1.760828,0.956687
35.610000,1.185929,-2.585394,-1.876923,0.921607
35.620000,1.158938,-2.849890,-1.464212,0.886123
35.630000,1.127791,-3.099143,-1.501074,0.849741
35.640000,1.096516,-3.216484,-1.706468,0.814403
35.650000,1.067779,-3.288481,-1.551492,0.778326
35.660000,1.036674,-2.937837,-1.200000,0.739010
35.670000,1.005343,-2.952724,-1.379112,0.701914
35.680000,0.970390,-3.278039,-1.541586,0.661471
35.690000,0.938143,-3.047908,-1.520748,0.620244
35.700000,0.903516,-3.337789,-1.540006,0.579788
35.710000,0.867804,-3.352041,-1.156988,0.540833
35.720000,0.831690,-3.778166,-1.473779,0.499709
35.730000,0.795458,-3.888842,-1.542855,0.461850
35.740000,0.758496,-3.775581,-1.237359,0.422151
35.750000,0.720400,-3.391581,-1.344761,0.382452
35.760000,0.683195,-3.974086,-1.046798,0.341976
35.770000,0.642605,-4.062332,-1.539255,0.299119
35.780000,0.605396,-4.036935,-1.487736,0.256777
35.790000,0.565777,-4.028005,-2.043959,0.213258
35.800000,0.528205,-3.871857,-1.668970,0.169901
35.810000,0.486710,-3.946999,-1.227091,0.125307
35.820000,0.447156,-4.382610,-1.569231,0.081626
35.830000,0.402585,-4.246713,-1.376222,0.040210
35.840000,0.365301,-4.458674,-1.432672,-0.004913
35.850000,0.322484,-4.055595,-1.530318,-0.048432
35.860000,0.281899,-4.263155,-1.141821,-0.091795
35.870000,0.236701,-4.339378,-1.445441,-0.135364
35.880000,0.197044,-4.232615,-1.204355,-0.176528
35.890000,0.155684,-4.227607,-0.685500,-0.219960
35.900000,0.109829,-4.348095,-1.627822,-0.263502
35.910000,0.068075,-4.294088,-0.590460,-0.309255
35.920000,0.027491,-4.301914,-1.231903,-0.351884
35.930000,-0.014833,-4.159407,-1.493335,-0.385590
35.940000,-0.058238,-4.400600,-1.029719,-0.417850
35.950000,-0.102790,-4.294891,-0.754956,-0.447161
35.960000,-0.140673,-3.707581,-1.047999,-0.479632
35.970000,-0.181665,-3.824074,-0.400859,-0.511431
35.980000,-0.219601,-3.860943,-0.658173,-0.540160
35.990000,-0.256532,-3.558419,-0.375862,-0.570288
36.000000,-0.293667,-3.540031,-1.140903,-0.604249
36.010000,-0.329282,-3.632084,-1.335862,-0.639322
36.020000,-0.362477,-3.364771,-0.215385,-0.673233
36.030000,-0.398463,-3.588414,-1.063339,-0.702812
36.040000,-0.434720,-3.678229,-0.869020,-0.727566
36.050000,-0.469846,-3.460198,-0.742112,-0.757446
36.060000,-0.500887,-3.327787,-0.929871,-0.793405
36.070000,-0.534074,-3.424876,-1.084314,-0.826269
36.080000,-0.565621,-3.402732,-1.293434,-0.861829
36.090000,-0.600972,-3.378869,-1.552848,-0.894659
36.100000,-0.634022,-3.280283,-1.157088,-0.927112
36.110000,-0.665914,-3.394570,-1.542232,-0.959157
36.120000,-0.698069,-3.285050,-1.252981,-0.989287
36.130000,-0.730185,-3.399275,-1.155538,-1.019728
36.140000,-0.763024,-3.316566,-1.250921,-1.047371
36.150000,-0.797808,-3.385886,-1.025406,-1.074470
36.160000,-0.826128,-3.076980,-1.037413,-1.103967
36.170000,-0.858741,-3.109018,-1.301121,-1.132860
36.180000,-0.888430,-3.137850,-0.844681,-1.161802
36.190000,-0.919226,-2.979030,-0.967873,-1.187500
36.200000,-0.951330,-3.061268,-1.250739,-1.213057
36.210000,-0.981159,-3.038398,-1.256711,-1.236440
36.220000,-1.008963,-3.031816,-0.787851,-1.260763
36.230000,-1.037905,-2.829541,-1.591402,-1.283733
36.240000,-1.064277,-2.934012,-1.015385,-1.304750
36.250000,-1.094074,-2.745158,-0.514959,-1.325138
36.260000,-1.120533,-2.443290,-0.818823,-1.344838
36.270000,-1.144718,-2.694575,-0.656329,-1.363921
36.280000,-1.168670,-2.575329,-0.858471,-1.382765
36.290000,-1.192614,-2.488756,-0.903502,-1.398944
36.300000,-1.218093,-2.490348,-0.584615,-1.415404
36.310000,-1.238999,-2.091558,-0.637208,-1.431667
36.320000,-1.262582,-2.299877,-0.350354,-1.447094
36.330000,-1.280220,-2.277681,0.296325,-1.458874
36.340000,-1.302619,-1.907824,-0.431075,-1.470135
36.350000,-1.321011,-1.767640,-0.370081,-1.480276
36.360000,-1.338644,-1.669778,-0.471904,-1.489432
36.370000,-1.355434,-1.529563,-0.691182,-1.498521
36.380000,-1.372361,-1.558899,-0.683911,-1.507575
36.390000,-1.387442,-1.180038,-1.108854,-1.516554
36.400000,-1.401067,-1.397304,-0.882792,-1.524545
36.410000,-1.413324,-1.264352,-1.086125,-1.532513
36.420000,-1.426482,-1.277891,-0.707692,-1.539646
36.430000,-1.438206,-1.024051,-0.883311,-1.546920
36.440000,-1.449214,-1.174559,-1.062482,-1.553355
36.450000,-1.460065,-1.061657,-0.628978,-1.558714
36.460000,-1.471124,-0.832737,-1.569231,-1.562767
36.470000,-1.479743,-0.974715,-1.138462,-1.565669
36.480000,-1.487948,-0.725499,-0.918849,-1.568043
36.490000,-1.497543,-0.859943,-0.840570,-1.569967
36.500000,-1.503783,-0.569303,-0.798995,-1.570738
36.510000,-1.511116,-0.620071,-0.615130,-1.570576
36.520000,-1.516336,-0.597268,-0.777628,-1.569300
36.530000,-1.521167,-0.401933,-0.525782,-1.567151
36.540000,-1.525715,-0.426288,-0.524271,-1.563696
36.550000,-1.528918,-0.287375,-0.817439,-1.559517
36.560000,-1.531397,-0.268132,-0.713630,-1.554294
36.570000,-1.533341,-0.130110,-0.436918,-1.547773
36.580000,-1.534104,-0.013942,-0.850023,-1.540871
36.590000,-1.534104,0.003276,0.022933,-1.533326
36.600000,-1.533722,0.004396,-0.175676,-1.525141
36.610000,-1.533722,0.030769,0.280891,-1.514137
36.620000,-1.533341,0.039560,0.827471,-1.502726
36.630000,-1.532578,0.065934,1.446154,-1.491868
36.640000,-1.531096,0.186999,1.159584,-1.479621
36.650000,-1.529001,0.241758,1.207901,-1.465615
36.660000,-1.525825,0.374585,1.605781,-1.451289
36.670000,-1.521056,0.454454,2.000000,-1.434665
36.680000,-1.516025,0.705911,1.692308,-1.418855
36.690000,-1.508752,0.828754,1.630769,-1.401885
36.700000,-1.500352,0.882439,1.910992,-1.383889
36.710000,-1.490918,1.066999,1.638702,-1.364571
36.720000,-1.478929,1.147226,1.160814,-1.344407
36.730000,-1.468510,1.114284,2.064780,-1.321987
36.740000,-1.454443,1.264096,1.395432,-1.299362
36.750000,-1.439944,1.606452,1.493295,-1.276410
36.760000,-1.424464,1.649642,1.232313,-1.254066
36.770000,-1.406812,1.801961,1.394188,-1.228580
36.780000,-1.391093,1.877898,0.823947,-1.203998
36.790000,-1.371204,1.627530,0.987854,-1.177529
36.800000,-1.353232,1.807463,1.760549,-1.152996
36.810000,-1.333690,1.985185,1.769382,-1.124882
36.820000,-1.311488,2.239032,1.255007,-1.097202
36.830000,-1.290728,2.273144,1.476319,-1.067348
36.840000,-1.268277,2.243317,1.642238,-1.037368
36.850000,-1.243520,2.546587,1.226969,-1.005885
36.860000,-1.219152,2.398012,1.253589,-0.975535
36.870000,-1.194424,2.478833,1.522334,-0.942548
36.880000,-1.168021,2.492107,1.699200,-0.912434
36.890000,-1.139447,2.868369,1.316214,-0.878091
36.900000,-1.111937,2.797018,1.015287,-0.843605
36.910000,-1.084608,2.799727,1.484268,-0.810765
36.920000,-1.055460,3.001390,1.520333,-0.773799
36.930000,-1.024637,3.164274,1.547732,-0.736553
36.940000,-0.994172,3.235047,1.321427,-0.701896
36.950000,-0.963572,3.332677,1.494742,-0.662855
36.960000,-0.931696,3.195238,1.076068,-0.625157
36.970000,-0.897282,3.407210,1.418135,-0.588757
36.980000,-0.864605,3.411707,1.348823,-0.555257
36.990000,-0.829364,3.409625,1.111528,-0.520650
37.000000,-0.798346,3.592191,1.374576,-0.482468
37.010000,-0.760244,3.340240,1.398948,-0.444537
37.020000,-0.727606,3.649943,1.158090,-0.407969
37.030000,-0.691406,3.647168,1.408548,-0.368555
37.040000,-0.654864,3.196817,1.507692,-0.328130
37.050000,-0.618551,3.687504,1.320221,-0.286424
37.060000,-0.583969,3.772583,2.090703,-0.248131
37.070000,-0.548139,3.835980,1.419603,-0.209283
37.080000,-0.510911,3.875484,1.696467,-0.172400
37.090000,-0.472233,3.379273,1.203744,-0.132231
37.100000,-0.432335,3.978982,0.738204,-0.096115
37.110000,-0.394587,3.918265,0.777166,-0.058460
37.120000,-0.356211,3.463632,0.812500,-0.022113
37.130000,-0.319455,3.732619,1.582526,0.014562
37.140000,-0.279646,3.737261,0.856277,0.051121
37.150000,-0.245639,3.977674,1.060702,0.090115
37.160000,-0.206773,3.395867,1.076923,0.127720
37.170000,-0.167477,3.788506,0.889895,0.167489
37.180000,-0.129011,3.956028,1.257816,0.209400
37.190000,-0.095864,4.076236,1.503366,0.252274
37.200000,-0.054840,4.069525,1.051784,0.288286
37.210000,-0.018802,4.010231,1.011342,0.327191
37.220000,0.021182,3.829708,1.438045,0.365469
37.230000,0.058646,3.799412,0.622638,0.401912
37.240000,0.098156,3.628031,0.696091,0.437175
37.250000,0.136890,4.010742,0.602032,0.471093
37.260000,0.175120,3.648503,1.136856,0.509114
37.270000,0.211290,3.396544,1.044946,0.546316
37.280000,0.251560,3.740476,1.199429,0.581527
37.290000,0.286133,3.937717,0.805213,0.619431
37.300000,0.326063,3.344072,0.894532,0.655052
37.310000,0.362149,4.036901,1.015385,0.691961
37.320000,0.400029,4.117227,1.241550,0.727949
37.330000,0.433598,3.894778,1.880906,0.761081
37.340000,0.472699,3.950928,0.990270,0.794064
37.350000,0.508612,3.238473,1.085597,0.830134
37.360000,0.547426,3.512088,0.867083,0.864137
37.370000,0.580047,3.481925,1.191517,0.899210
37.380000,0.618871,3.830597,0.721873,0.930168
37.390000,0.650962,3.555034,0.778163,0.961422
37.400000,0.685992,3.541111,0.533456,0.991281
37.410000,0.723904,3.433511,0.992556,1.020737
37.420000,0.756627,3.198518,0.547855,1.051314
37.430000,0.789953,3.237371,0.815923,1.080160
37.440000,0.822644,3.058891,0.531073,1.109258
37.450000,0.853472,3.385687,0.756475,1.136472
37.460000,0.887762,2.983840,0.640580,1.164990
37.470000,0.916193,3.268280,1.373532,1.191939
37.480000,0.950421,3.091551,0.299481,1.216335
37.490000,0.980186,3.170672,-0.006502,1.242813
37.500000,1.008443,3.112637,0.901928,1.266563
37.510000,1.036824,2.947184,0.872670,1.290730
37.520000,1.067242,2.753062,0.469115,1.310272
37.530000,1.095510,2.674681,0.097997,1.329173
37.540000,1.121243,2.518264,0.315237,1.349026
37.550000,1.145844,2.528907,0.051585,1.369370
37.560000,1.171024,2.366586,0.530700,1.389539
37.570000,1.197244,2.369471,1.076503,1.406814
37.580000,1.219900,2.237954,0.595277,1.424223
37.590000,1.243448,2.231906,0.534765,1.439798
37.600000,1.263388,2.174519,0.758142,1.454701
37.610000,1.285508,2.133448,0.715224,1.468097
37.620000,1.306067,1.690586,0.400000,1.481691
37.630000,1.325089,1.810510,0.750865,1.494402
37.640000,1.343260,1.934965,1.015385,1.506949
37.650000,1.361438,1.804166,0.954506,1.517957
37.660000,1.378994,1.769776,0.934597,1.528317
37.670000,1.395116,1.753522,0.480974,1.536591
37.680000,1.410701,1.692826,0.860404,1.543888
37.690000,1.424328,1.236172,0.780060,1.550873
37.700000,1.438760,1.148022,0.281950,1.557192
37.710000,1.451238,1.216593,0.632298,1.561581
37.720000,1.463273,1.227966,0.244246,1.565460
37.730000,1.474832,0.977073,1.011981,1.568188
37.740000,1.483891,0.948382,0.607224,1.569995
37.750000,1.493001,0.816514,0.669443,1.570744
37.760000,1.500551,0.741733,0.583690,1.570503
37.770000,1.508214,0.718870,0.683237,1.569315
37.780000,1.513545,0.567979,0.775853,1.566967
37.790000,1.518796,0.419829,0.461538,1.563468
37.800000,1.522651,0.364367,1.012578,1.559743
37.810000,1.525580,0.259341,0.376861,1.554251
37.820000,1.527840,0.139958,0.622951,1.547392
37.830000,1.528513,0.010173,0.767488,1.539556
37.840000,1.528382,-0.013187,-0.272425,1.531318
37.850000,1.528382,-0.013187,0.117145,1.522554
37.860000,1.528127,-0.039560,-0.543646,1.512716
37.870000,1.527619,-0.065934,-1.079803,1.501358
37.880000,1.526856,-0.128959,-1.210407,1.486640
37.890000,1.524892,-0.235575,-1.366360,1.470970
37.900000,1.522248,-0.311399,-1.459453,1.452806
37.910000,1.518519,-0.472035,-1.819894,1.433393
37.920000,1.512490,-0.634590,-1.416211,1.412419
37.930000,1.505331,-0.864820,-1.685899,1.390926
37.940000,1.497268,-1.114888,-1.576676,1.367641
37.950000,1.486830,-1.094890,-2.343462,1.343741
37.960000,1.472333,-1.266904,-1.879860,1.317057
37.970000,1.459753,-1.621400,-2.049736,1.289561
37.980000,1.443940,-1.826891,-1.704771,1.260305
37.990000,1.426293,-2.008187,-2.136063,1.233020
38.000000,1.407453,-1.931304,-0.769231,1.203286
38.010000,1.384949,-2.090089,-1.858883,1.172401
38.020000,1.365914,-2.348843,-1.757483,1.141479
38.030000,1.343012,-2.517102,-1.931829,1.110911
38.040000,1.318641,-2.262199,-2.076475,1.077461
38.050000,1.293592,-2.740557,-1.734447,1.043566
38.060000,1.266889,-2.740640,-1.802256,1.007530
38.070000,1.238740,-2.737342,-1.882410,0.971514
38.080000,1.211220,-3.059860,-1.655250,0.935995
38.090000,1.183915,-2.910555,-1.667171,0.913203
38.100000,1.151240,-2.964809,-1.000587,0.886301
38.110000,1.123722,-2.861664,-0.431208,0.861962
38.120000,1.092085,-2.937986,-0.701575,0.836065
38.130000,1.065718,-3.159421,-1.140244,0.807215
38.140000,1.036442,-2.789373,-0.950271,0.783672
38.150000,1.007423,-2.715431,-0.979212,0.756591
38.160000,0.979164,-3.041900,-1.312489,0.723244
38.170000,0.951774,-2.525859,-1.362580,0.690752
38.180000,0.921734,-2.616027,-0.802023,0.657186
38.190000,0.892184,-2.872089,-1.689518,0.621324
38.200000,0.863995,-2.937487,-1.150704,0.584492
38.210000,0.832585,-3.259125,-1.778418,0.547383
38.220000,0.804246,-2.999453,-1.719224,0.509763
38.230000,0.773644,-3.004617,-1.716262,0.471797
38.240000,0.739277,-3.061805,-1.095688,0.435987
38.250000,0.707838,-3.093373,-1.873660,0.397659
38.260000,0.673209,-3.281128,-2.016682,0.356861
38.270000,0.636481,-3.399509,-1.694015,0.314830
38.280000,0.604604,-3.334664,-1.300423,0.274478
38.290000,0.564406,-3.582379,-1.017014,0.236825
38.300000,0.527854,-3.806696,-1.736332,0.197910
38.310000,0.492305,-3.665520,-1.080629,0.156614
38.320000,0.454159,-3.671421,-1.861150,0.118576
38.330000,0.414288,-3.986043,-1.314858,0.086045
38.340000,0.377833,-4.135316,-0.982589,0.046678
38.350000,0.343444,-3.961586,-1.015385,0.008491
38.360000,0.304618,-3.665100,-1.242214,-0.032421
38.370000,0.268271,-3.999134,-1.453087,-0.073143
38.380000,0.228549,-4.076732,-1.239855,-0.114401
38.390000,0.187717,-3.973604,-1.200822,-0.153048
38.400000,0.152637,-3.959607,-1.384615,-0.190370
38.410000,0.114792,-4.129279,-1.523759,-0.230399
38.420000,0.075408,-3.819825,-0.991273,-0.262286
38.430000,0.038257,-3.882921,-0.951896,-0.292271
38.440000,-0.000185,-3.895055,-1.011539,-0.318741
38.450000,-0.037755,-3.828825,-0.528510,-0.353704
38.460000,-0.072777,-3.479614,-1.503335,-0.382772
38.470000,-0.111892,-3.600373,-1.017344,-0.415689
38.480000,-0.142541,-3.219797,-0.930103,-0.451362
38.490000,-0.180484,-3.498610,-0.929185,-0.479623
38.500000,-0.212954,-3.581501,-1.260448,-0.510877
38.510000,-0.248353,-3.496033,-0.870685,-0.543954
38.520000,-0.280492,-3.306599,-0.823090,-0.578036
38.530000,-0.314913,-3.335574,-1.357058,-0.606222
38.540000,-0.346429,-3.388045,-1.200000,-0.632503
38.550000,-0.377404,-3.043863,-0.798078,-0.661277
38.560000,-0.412061,-3.062609,-0.576727,-0.691590
38.570000,-0.444188,-2.914312,-0.926852,-0.719371
38.580000,-0.473671,-2.776667,-0.892308,-0.746331
38.590000,-0.504495,-3.153170,-1.031150,-0.774197
38.600000,-0.535099,-3.098719,-0.830769,-0.803813
38.610000,-0.564407,-2.967308,-1.045672,-0.835610
38.620000,-0.593269,-2.995522,-0.971764,-0.862245
38.630000,-0.625826,-2.999468,-1.086147,-0.885804
38.640000,-0.654053,-2.772038,-0.978211,-0.911566
38.650000,-0.682363,-2.740180,-0.780562,-0.938213
38.660000,-0.711394,-2.929618,-1.187836,-0.964209
38.670000,-0.738136,-2.688430,-0.495476,-0.987694
38.680000,-0.768123,-2.975824,-1.247715,-1.016445
38.690000,-0.796099,-2.759655,-1.384742,-1.049169
38.700000,-0.823066,-2.763324,-1.309183,-1.077771
38.710000,-0.849404,-2.808331,-1.099109,-1.105596
38.720000,-0.880388,-2.765119,-1.438783,-1.132907
38.730000,-0.906145,-2.629337,-1.076923,-1.158541
38.740000,-0.934034,-2.877616,-0.891570,-1.187441
38.750000,-0.961947,-2.837948,-1.347053,-1.212428
38.760000,-0.989239,-2.520156,-0.764481,-1.238389
38.770000,-1.016677,-2.864064,-1.034776,-1.262983
38.780000,-1.046673,-2.798742,-1.088056,-1.288040
38.790000,-1.071704,-2.352450,-1.073326,-1.311971
38.800000,-1.097903,-2.675690,-1.161129,-1.335471
38.810000,-1.123467,-2.370110,-0.955214,-1.356618
38.820000,-1.149608,-2.682123,-1.063438,-1.375314
38.830000,-1.176792,-2.667131,-1.192091,-1.395916
38.840000,-1.201565,-2.648992,-0.877421,-1.413060
38.850000,-1.225101,-2.451002,-0.913212,-1.428363
38.860000,-1.248465,-2.400069,-0.474039,-1.443814
38.870000,-1.270604,-2.097805,-0.557451,-1.458305
38.880000,-1.291517,-1.953446,-1.090910,-1.473272
38.890000,-1.312477,-2.106821,-0.779384,-1.486568
38.900000,-1.333029,-1.908127,-0.558834,-1.497589
38.910000,-1.350103,-2.018913,-0.914220,-1.509152
38.920000,-1.369317,-1.515981,-1.008356,-1.519286
38.930000,-1.386381,-1.461598,-1.312542,-1.529365
38.940000,-1.400439,-1.679230,-0.734370,-1.538587
38.950000,-1.416097,-1.586040,-0.764673,-1.545411
38.960000,-1.429743,-1.399046,-0.536206,-1.552307
38.970000,-1.442619,-1.391283,-0.396284,-1.558270
38.980000,-1.455520,-1.133378,-1.295661,-1.563081
38.990000,-1.468626,-1.087629,-0.690023,-1.566825
39.000000,-1.478656,-1.003961,-0.311808,-1.569269
39.010000,-1.488362,-0.812968,-0.249696,-1.570384
39.020000,-1.496711,-0.860678,-1.169900,-1.570790
39.030000,-1.504543,-0.622365,-0.291405,-1.570109
39.040000,-1.511373,-0.606090,-0.601190,-1.568352
39.050000,-1.517679,-0.557415,-0.555041,-1.565407
39.060000,-1.521685,-0.410255,-0.830725,-1.561472
39.070000,-1.525810,-0.371365,-0.269902,-1.556895
39.080000,-1.528529,-0.215385,-0.986439,-1.550548
39.090000,-1.530289,-0.132893,-0.350260,-1.542961
39.100000,-1.530671,0.002373,-0.707692,-1.534735
39.110000,-1.530671,-0.000361,-0.412202,-1.524609
39.120000,-1.530671,0.013187,0.102278,-1.514028
39.130000,-1.530289,0.039194,1.338431,-1.503459
39.140000,-1.529735,0.065081,1.116652,-1.490844
39.150000,-1.528358,0.154928,1.272900,-1.476925
39.160000,-1.526234,0.255092,1.370776,-1.462017
39.170000,-1.522899,0.396729,1.567791,-1.445612
39.180000,-1.518768,0.523077,1.482776,-1.428140
39.190000,-1.511757,0.641526,1.242151,-1.411768
39.200000,-1.504684,0.798381,1.387092,-1.394471
39.210000,-1.494812,0.865934,1.053521,-1.375655
39.220000,-1.485836,0.901704,1.972409,-1.355743
39.230000,-1.473692,1.253132,1.625378,-1.331827
39.240000,-1.460784,1.271233,1.267708,-1.313012
39.250000,-1.448799,1.477266,1.638469,-1.291118
39.260000,-1.433379,1.545087,1.917125,-1.268745
39.270000,-1.416702,1.538180,1.785273,-1.247680
39.280000,-1.399529,1.818743,1.559691,-1.223488
39.290000,-1.383580,1.683758,2.136744,-1.199663
39.300000,-1.364311,1.933646,2.005784,-1.175272
39.310000,-1.344880,2.037337,1.057737,-1.149861
39.320000,-1.325840,2.010117,1.446444,-1.123957
39.330000,-1.305945,1.996893,1.585079,-1.094626
39.340000,-1.284944,2.162864,1.806220,-1.067071
39.350000,-1.262496,2.355965,1.220267,-1.037815
39.360000,-1.238316,2.250270,0.691917,-1.009524
39.370000,-1.216358,2.484274,2.009749,-0.977776
39.380000,-1.188779,2.554381,1.120795,-0.948785
39.390000,-1.163982,2.704439,1.397193,-0.917180
39.400000,-1.139179,2.640397,1.223999,-0.883446
39.410000,-1.111805,2.713657,1.149443,-0.851637
39.420000,-1.084035,2.809619,1.599727,-0.817374
39.430000,-1.057444,2.936831,1.362070,-0.785028
39.440000,-1.025872,3.202317,2.164877,-0.752304
39.450000,-0.997884,2.905494,1.335747,-0.717210
39.460000,-0.967859,2.857069,1.534213,-0.681596
39.470000,-0.936461,3.044907,1.815385,-0.641591
39.480000,-0.902380,3.019780,1.815385,-0.603296
39.490000,-0.873101,3.278553,1.384615,-0.562699
39.500000,-0.836995,2.921414,1.606377,-0.518422
39.510000,-0.804794,3.752927,2.014306,-0.473768
39.520000,-0.769914,3.679763,1.746820,-0.428450
39.530000,-0.729796,3.837704,1.376165,-0.381798
39.540000,-0.696007,3.912284,1.687278,-0.334515
39.550000,-0.654350,3.699036,1.812737,-0.287658
39.560000,-0.645781,3.980049,1.493749,-0.276643
39.570000,-0.576473,3.981829,0.928596,-0.234007
39.580000,-0.537835,3.781101,1.443912,-0.181976
39.590000,-0.498894,3.881576,1.523820,-0.129828
39.600000,-0.458793,4.088829,1.547268,-0.077503
39.610000,-0.417339,4.402199,2.501638,-0.024638
39.620000,-0.373404,4.117060,2.057692,0.027687
39.630000,-0.329157,4.525675,1.307746,0.080570
39.640000,-0.285521,4.472027,1.914405,0.134665
39.650000,-0.239609,4.295969,1.157222,0.189868
39.660000,-0.188262,4.629545,1.490028,0.243953
39.670000,-0.138853,4.723823,1.136012,0.296763
39.680000,-0.093056,5.005937,1.439987,0.347835
39.690000,-0.044388,5.028625,1.306607,0.401471
39.700000,0.005645,4.907107,1.568928,0.451595
39.710000,0.061802,4.669709,1.111386,0.499386
39.720000,0.111233,4.739427,0.657518,0.544901
39.730000,0.156305,4.983955,0.375493,0.587724
39.740000,0.210920,4.719371,0.657846,0.632903
39.750000,0.260005,4.453810,0.691431,0.674437
39.760000,0.307594,4.991822,0.325755,0.716425
39.770000,0.354330,4.741717,0.533595,0.758462
39.780000,0.399703,5.012035,1.196092,0.800912
39.790000,0.445612,4.473775,0.286579,0.840548
39.800000,0.495571,4.660279,1.333984,0.877247
39.810000,0.539818,4.178332,0.723535,0.914537
39.820000,0.580144,4.461231,0.646154,0.953424
39.830000,0.623026,4.233728,1.449089,0.988216
39.840000,0.669223,4.367034,0.027699,1.021984
39.850000,0.710405,4.104452,0.498726,1.056951
39.860000,0.748436,3.812427,0.344195,1.089201
39.870000,0.787085,3.928797,1.302953,1.117686
39.880000,0.824634,3.572934,0.642150,1.140340
39.890000,0.864358,3.719010,-0.117172,1.161634
39.900000,0.897903,3.634131,0.112489,1.182706
39.910000,0.932327,3.348206,0.173498,1.205046
39.920000,0.962118,3.357205,-0.018287,1.226999
39.930000,0.994619,2.820438,0.509773,1.248565
39.940000,1.025145,2.553126,0.227943,1.271749
39.950000,1.052004,2.908009,0.875228,1.296287
39.960000,1.082017,2.815445,0.770678,1.318997
39.970000,1.109118,2.431365,0.891690,1.339909
39.980000,1.135019,2.705273,0.487352,1.360662
39.990000,1.158052,2.403515,0.693702,1.380299
40.000000,1.185096,2.609946,0.623041,1.394617
40.010000,1.207223,2.357768,-0.322738,1.407618
40.020000,1.228804,2.462374,0.340327,1.423710
40.030000,1.251862,2.257271,0.655053,1.439234
40.040000,1.273279,1.725149,1.409612,1.454991
40.050000,1.292248,1.903297,1.076923,1.468530
40.060000,1.311485,2.080261,1.148721,1.483115
40.070000,1.330632,2.018873,0.818093,1.494063
40.080000,1.349274,1.874593,0.695085,1.504213
40.090000,1.365657,1.750312,0.793339,1.514668
40.100000,1.383066,1.640159,0.586710,1.524031
40.110000,1.398234,1.457813,0.917869,1.532862
40.120000,1.412609,1.637392,0.941996,1.541205
40.130000,1.425013,1.225846,1.013589,1.548477
40.140000,1.439835,1.086235,0.584615,1.554574
40.150000,1.451538,1.221918,0.340128,1.559982
40.160000,1.462433,1.190475,1.259212,1.563966
40.170000,1.473663,0.949978,0.716308,1.567080
40.180000,1.484007,0.918458,0.264636,1.569318
40.190000,1.491409,0.898538,0.644524,1.570509
40.200000,1.499419,0.860508,0.423798,1.570775
40.210000,1.506803,0.679661,0.542769,1.570080
40.220000,1.513438,0.576401,1.074904,1.568532
40.230000,1.518463,0.452747,0.709105,1.565888
40.240000,1.522088,0.342890,1.015385,1.561582
40.250000,1.525719,0.303113,0.278206,1.556817
40.260000,1.528000,0.180380,0.870995,1.550587
40.270000,1.529145,0.065073,0.776501,1.543647
40.280000,1.529526,-0.021978,0.826186,1.535076
40.290000,1.529145,-0.009850,-0.639491,1.525093
40.300000,1.529145,-0.022142,-0.402294,1.514047
40.310000,1.528763,-0.039560,-1.015385,1.502289
40.320000,1.528195,-0.136093,-1.017777,1.490120
40.330000,1.526395,-0.227858,-0.920988,1.477782
40.340000,1.523982,-0.312088,-1.470724,1.463145
40.350000,1.520832,-0.317219,-1.851302,1.447647
40.360000,1.516259,-0.537422,-1.569231,1.430579
40.370000,1.510653,-0.596627,-1.222545,1.410981
40.380000,1.503432,-0.698919,-1.766230,1.389597
40.390000,1.493908,-0.990097,-1.866544,1.376132
40.400000,1.484170,-1.050056,-1.497914,1.362298
40.410000,1.472920,-1.068510,-0.696443,1.346246
40.420000,1.460173,-1.346511,-1.236884,1.330115
40.430000,1.448388,-1.278226,-1.206265,1.308708
40.440000,1.434519,-1.474874,-1.608044,1.279701
40.450000,1.420836,-1.330828,-2.895169,1.249292
40.460000,1.405375,-1.409901,-1.825408,1.218115
40.470000,1.385433,-1.863195,-1.954478,1.185671
40.480000,1.367454,-2.116734,-2.079300,1.152110
40.490000,1.346742,-2.271549,-2.066502,1.118628
40.500000,1.323567,-2.374595,-1.500715,1.083071
40.510000,1.298363,-2.626450,-1.681932,1.047129
40.520000,1.273494,-2.698327,-1.657628,1.012155
40.530000,1.244049,-2.994285,-1.363076,0.973714
40.540000,1.217858,-3.003143,-2.172223,0.934579
40.550000,1.186115,-2.783612,-1.724439,0.896565
40.560000,1.156805,-3.158770,-1.422100,0.857238
40.570000,1.122293,-3.010278,-1.775909,0.817107
40.580000,1.091200,-3.239328,-1.751858,0.774332
40.590000,1.054851,-3.007833,-1.457198,0.731127
40.600000,1.018210,-3.635495,-1.523479,0.687329
40.610000,0.984784,-3.607506,-1.955889,0.643725
40.620000,0.943882,-3.814272,-1.353105,0.598318
40.630000,0.906096,-3.566046,-1.684772,0.550963
40.640000,0.870473,-3.718893,-1.198414,0.506830
40.650000,0.826425,-4.131368,-1.535053,0.461270
40.660000,0.785418,-4.101666,-1.312913,0.414388
40.670000,0.747650,-4.107500,-1.585362,0.366688
40.680000,0.706112,-4.099796,-1.069268,0.325494
40.690000,0.662716,-4.340779,-1.336434,0.276593
40.700000,0.619182,-4.419738,-1.327522,0.226363
40.710000,0.575571,-4.667622,-1.622183,0.179212
40.720000,0.531346,-4.761037,-1.479991,0.129700
40.730000,0.483858,-4.848629,-1.492550,0.080803
40.740000,0.436578,-4.443111,-1.242348,0.031716
40.750000,0.391623,-4.276842,-1.129833,-0.016930
40.760000,0.343019,-4.901411,-0.907854,-0.065725
40.770000,0.297751,-4.888986,-1.089036,-0.116305
40.780000,0.248329,-4.792402,-0.639809,-0.166369
40.790000,0.205277,-5.013298,-1.533898,-0.214937
40.800000,0.157851,-4.534812,-0.457654,-0.263545
40.810000,0.110265,-4.771302,-1.506092,-0.311819
40.820000,0.059552,-4.574023,-0.509885,-0.360547
40.830000,0.013385,-4.878015,-1.138462,-0.408826
40.840000,-0.033569,-4.859811,-1.143579,-0.456398
40.850000,-0.083438,-5.015728,-1.443752,-0.504807
40.860000,-0.130216,-4.843137,-0.823048,-0.550934
40.870000,-0.178034,-4.580481,-1.232773,-0.596748
40.880000,-0.226460,-4.795615,-0.883484,-0.642707
40.890000,-0.274828,-4.705105,-0.988598,-0.688440
40.900000,-0.324005,-4.272459,-1.084500,-0.732589
40.910000,-0.370824,-4.656876,-0.740297,-0.773192
40.920000,-0.417462,-4.869253,-1.290902,-0.814349
40.930000,-0.463312,-4.424327,-0.808690,-0.853556
40.940000,-0.507454,-4.307261,-1.143797,-0.893154
40.950000,-0.554479,-4.557684,-0.830449,-0.932662
40.960000,-0.596488,-4.236081,-0.775137,-0.970525
40.970000,-0.639702,-4.187937,-0.920822,-1.007437
40.980000,-0.682573,-4.479966,-1.119982,-1.045138
40.990000,-0.723234,-3.715466,-0.683652,-1.080774
41.000000,-0.767287,-4.213770,-0.830769,-1.112822
41.010000,-0.805797,-3.591487,-0.405653,-1.146557
41.020000,-0.844900,-4.034797,-0.844867,-1.179418
41.030000,-0.885146,-3.847195,-0.892308,-1.209869
41.040000,-0.922357,-3.643418,-0.116786,-1.238350
41.050000,-0.962082,-3.820138,-0.494744,-1.266249
41.060000,-0.994887,-3.495571,-0.753780,-1.293471
41.070000,-1.030346,-3.475238,-1.374667,-1.320669
41.080000,-1.063996,-3.454299,-1.163349,-1.345560
41.090000,-1.097862,-3.198307,-0.841790,-1.369526
41.100000,-1.128891,-3.036026,-0.655508,-1.392671
41.110000,-1.158144,-3.122035,-0.769942,-1.413897
41.120000,-1.191176,-2.907748,-1.067064,-1.434436
41.130000,-1.218899,-2.979986,-0.816169,-1.453135
41.140000,-1.245497,-2.761913,-0.652984,-1.471106
41.150000,-1.270942,-2.472435,-0.782929,-1.487062
41.160000,-1.297729,-2.553785,-0.193317,-1.501394
41.170000,-1.321086,-2.153436,-0.387504,-1.514188
41.180000,-1.343220,-2.322568,-0.632045,-1.526071
41.190000,-1.366378,-2.394629,-0.527065,-1.536180
41.200000,-1.385106,-1.904253,-0.576063,-1.545377
41.210000,-1.403183,-1.632337,0.088279,-1.552944
41.220000,-1.421286,-1.418895,-0.654452,-1.559286
41.230000,-1.435879,-1.436890,-0.520145,-1.564386
41.240000,-1.450891,-1.505935,-0.728200,-1.568062
41.250000,-1.463742,-1.287785,-0.546959,-1.570116
41.260000,-1.476221,-1.224760,-0.685105,-1.570790
41.270000,-1.486740,-0.885845,-0.464398,-1.569943
41.280000,-1.496420,-0.857819,-0.597869,-1.567489
41.290000,-1.503796,-0.596481,-0.656965,-1.563496
41.300000,-1.510833,-0.628525,-0.153685,-1.558073
41.310000,-1.516632,-0.501990,-0.326197,-1.551666
41.320000,-1.519989,-0.259341,-0.523077,-1.543834
41.330000,-1.522019,-0.183762,-0.003404,-1.534816
41.340000,-1.523423,-0.073255,-0.292259,-1.523665
41.350000,-1.523423,0.030769,-0.215385,-1.510813
41.360000,-1.523041,0.021954,1.122779,-1.496653
41.370000,-1.522660,0.068867,1.097278,-1.481472
41.380000,-1.521134,0.195661,1.527400,-1.465344
41.390000,-1.519012,0.354321,1.353010,-1.446857
41.400000,-1.514147,0.523827,1.286135,-1.427561
41.410000,-1.508828,0.655257,1.721984,-1.407308
41.420000,-1.501779,0.706744,2.333636,-1.385863
41.430000,-1.491753,1.014386,1.912907,-1.362543
41.440000,-1.481343,1.241029,1.865874,-1.338875
41.450000,-1.470099,1.116347,1.885100,-1.313174
41.460000,-1.455420,1.436936,1.710978,-1.287154
41.470000,-1.439540,1.670007,1.355014,-1.260560
41.480000,-1.421395,1.735886,2.805662,-1.232084
41.490000,-1.404209,1.752659,2.042997,-1.201874
41.500000,-1.384702,1.795001,1.972170,-1.171004
41.510000,-1.361252,2.315992,1.562275,-1.138815
41.520000,-1.340584,2.327318,1.521997,-1.104056
41.530000,-1.315526,2.447714,2.306460,-1.068157
41.540000,-1.291943,2.640011,1.489218,-1.031423
41.550000,-1.263341,2.816188,1.617695,-0.996448
41.560000,-1.234579,2.728954,1.245512,-0.957902
41.570000,-1.208118,3.055622,1.384618,-0.918883
41.580000,-1.179214,3.129232,0.900589,-0.889698
41.590000,-1.147090,2.955059,1.261538,-0.862934
41.600000,-1.115658,3.253763,1.138462,-0.834945
41.610000,-1.085378,2.897354,0.969801,-0.801638
41.620000,-1.050831,3.052170,0.989032,-0.771290
41.630000,-1.020063,2.702875,1.016123,-0.742654
41.640000,-0.991132,3.195473,0.481898,-0.709729
41.650000,-0.960770,3.261931,0.884327,-0.676727
41.660000,-0.932235,3.134658,0.720119,-0.646781
41.670000,-0.895491,3.108220,1.442037,-0.616791
41.680000,-0.866453,2.855469,0.833777,-0.587728
41.690000,-0.833441,3.332637,1.708400,-0.553724
41.700000,-0.806158,3.017442,0.950177,-0.504955
41.710000,-0.773116,3.249018,1.566166,-0.454343
41.720000,-0.740953,3.425383,1.766909,-0.402038
41.730000,-0.705189,3.639709,1.804109,-0.370875
41.740000,-0.666863,3.866892,0.886786,-0.339182
41.750000,-0.632588,3.838358,0.866983,-0.307326
41.760000,-0.596576,3.522796,1.001385,-0.274978
41.770000,-0.560155,3.563285,0.669427,-0.247520
41.780000,-0.521729,3.671591,1.166778,-0.208303
41.790000,-0.489946,3.307139,0.838755,-0.164850
41.800000,-0.454178,3.406277,1.536637,-0.120793
41.810000,-0.417178,3.442361,1.523010,-0.073528
41.820000,-0.378103,3.723620,1.507692,-0.032710
41.830000,-0.340219,3.728900,1.473836,0.008695
41.840000,-0.304677,3.682379,1.309998,0.049609
41.850000,-0.265360,4.020675,0.757235,0.091481
41.860000,-0.225772,4.096452,1.344991,0.135030
41.870000,-0.184822,3.809716,1.063100,0.177245
41.880000,-0.143653,4.151311,1.903498,0.220312
41.890000,-0.105216,3.824996,1.666540,0.263450
41.900000,-0.060717,4.138222,0.680429,0.306321
41.910000,-0.019213,4.065995,1.387087,0.349808
41.920000,0.019116,4.293910,1.446154,0.394226
41.930000,0.062738,4.327019,1.296646,0.432135
41.940000,0.102245,4.367820,0.554344,0.474402
41.950000,0.144388,4.032097,0.807189,0.510403
41.960000,0.185955,4.241098,1.038921,0.546227
41.970000,0.226296,3.751431,0.764297,0.588141
41.980000,0.270572,4.168453,0.949257,0.623961
41.990000,0.311867,3.733679,1.262384,0.664488
42.000000,0.347613,3.946296,1.216920,0.704636
42.010000,0.391708,3.666778,0.758855,0.742601
42.020000,0.431684,3.987838,0.653053,0.782572
42.030000,0.470550,3.842172,1.104897,0.817958
42.040000,0.508795,4.148219,0.490584,0.852537
42.050000,0.548289,4.220858,1.504375,0.889244
42.060000,0.586898,4.024736,0.687503,0.926443
42.070000,0.627885,3.505707,0.830769,0.962256
42.080000,0.663198,3.906366,1.089133,0.992055
42.090000,0.704038,3.978399,0.585934,1.023509
42.100000,0.737430,3.775650,1.138462,1.064235
42.110000,0.774215,3.477667,1.347527,1.102927
42.120000,0.810827,3.550481,1.384421,1.140497
42.130000,0.849834,3.554485,0.805646,1.165116
42.140000,0.886548,3.398439,0.507649,1.186345
42.150000,0.920380,3.552451,0.142613,1.205969
42.160000,0.947291,3.248622,0.216233,1.226072
42.170000,0.984697,3.292765,-0.215385,1.243020
42.180000,1.015026,3.032175,-0.101720,1.265040
42.190000,1.045083,3.101088,0.820396,1.285254
42.200000,1.071948,2.843329,0.293405,1.305725
42.210000,1.101010,2.607694,0.507689,1.323914
42.220000,1.124942,2.349693,0.405317,1.341698
42.230000,1.148744,2.562520,0.435957,1.361191
42.240000,1.172678,2.069218,0.629199,1.375937
42.250000,1.195015,2.212813,1.076923,1.391195
42.260000,1.219212,2.219780,0.486756,1.407417
42.270000,1.238497,1.996219,0.832730,1.422740
42.280000,1.258120,1.843483,1.019911,1.441697
42.290000,1.277966,2.092321,0.664169,1.457627
42.300000,1.297453,1.933918,1.111203,1.473044
42.310000,1.315916,1.929860,1.014058,1.486191
42.320000,1.336420,1.788252,0.389777,1.498434
42.330000,1.353076,1.817036,1.093242,1.510732
42.340000,1.370841,1.599964,0.571774,1.521278
42.350000,1.387755,1.540663,0.667093,1.530604
42.360000,1.401974,1.650253,0.646154,1.539587
42.370000,1.417360,1.458587,0.430518,1.545988
42.380000,1.430542,1.392833,0.802674,1.552391
42.390000,1.443211,1.300032,0.818396,1.557935
42.400000,1.456351,1.098314,0.737091,1.562384
42.410000,1.467365,1.058887,0.743228,1.566099
42.420000,1.477654,1.090012,0.905302,1.568997
42.430000,1.486975,0.868351,0.456150,1.570507
42.440000,1.495988,0.839078,0.324963,1.570745
42.450000,1.503175,0.607742,-0.238114,1.569832
42.460000,1.509693,0.624213,0.489984,1.567710
42.470000,1.515779,0.609658,0.456881,1.564306
42.480000,1.520554,0.356384,0.224914,1.560399
42.490000,1.523522,0.335214,0.684961,1.554975
42.500000,1.526474,0.220731,0.389207,1.548869
42.510000,1.527841,0.092308,0.410008,1.541208
42.520000,1.528000,-0.030769,0.303490,1.532286
42.530000,1.528000,0.001267,0.495938,1.521816
42.540000,1.527688,-0.020380,-0.718942,1.510182
42.550000,1.527619,-0.048352,-0.937216,1.500252
42.560000,1.526403,-0.145055,-0.776575,1.488982
42.570000,1.524792,-0.206593,-1.381706,1.477130
42.580000,1.522535,-0.247489,-1.056864,1.466628
42.590000,1.520042,-0.289539,-1.148137,1.455207
42.600000,1.516244,-0.465519,-1.563618,1.442917
42.610000,1.511333,-0.524094,-1.876923,1.427471
42.620000,1.504872,-0.626292,-1.564680,1.409086
42.630000,1.497792,-0.888188,-1.384615,1.390630
42.640000,1.489379,-0.898981,-1.271423,1.372425
42.650000,1.479452,-1.136610,-1.701998,1.351358
42.660000,1.467532,-1.258171,-2.087718,1.330091
42.670000,1.455369,-1.179165,-1.269845,1.306583
42.680000,1.441905,-1.479625,-1.416840,1.281777
42.690000,1.427014,-1.715106,-1.956718,1.254894
42.700000,1.410927,-1.846912,-1.870558,1.228310
42.710000,1.393076,-2.023027,-1.756427,1.199457
42.720000,1.374449,-2.021800,-1.684927,1.168927
42.730000,1.351597,-2.147167,-1.922194,1.140296
42.740000,1.332852,-2.362905,-2.226976,1.116366
42.750000,1.309720,-2.387023,-1.198530,1.093343
42.760000,1.287435,-2.163728,-1.153296,1.068741
42.770000,1.263486,-2.524875,-1.056199,1.044637
42.780000,1.240994,-2.304952,-0.808790,1.015862
42.790000,1.217634,-2.446931,-1.221631,0.992651
42.800000,1.192695,-2.476068,-1.062820,0.962340
42.810000,1.167701,-2.617488,-1.738008,0.929572
42.820000,1.140911,-2.562637,-1.531557,0.893346
42.830000,1.115933,-2.817356,-1.389105,0.858364
42.840000,1.088872,-2.378962,-0.729629,0.824767
42.850000,1.060059,-3.174261,-1.471816,0.783983
42.860000,1.032523,-3.161381,-1.530403,0.746223
42.870000,1.000791,-3.235705,-1.495542,0.711383
42.880000,0.969251,-3.169956,-1.607865,0.668306
42.890000,0.938876,-2.799482,-1.145701,0.628651
42.900000,0.903957,-3.515239,-1.636577,0.593915
42.910000,0.871269,-3.363940,-1.236478,0.554071
42.920000,0.835857,-3.347150,-1.465059,0.513546
42.930000,0.798800,-3.828104,-1.806466,0.472203
42.940000,0.764491,-3.765953,-1.638331,0.429910
42.950000,0.727981,-3.535932,-1.683456,0.390534
42.960000,0.690063,-3.776598,-1.298823,0.355300
42.970000,0.654011,-3.736362,-1.333890,0.319684
42.980000,0.616907,-4.016131,-1.087227,0.284132
42.990000,0.579181,-3.420475,-0.789889,0.255109
43.000000,0.542592,-3.528762,-1.123758,0.218759
43.010000,0.505015,-3.801158,-0.840841,0.185933
43.020000,0.467010,-3.959741,-0.756506,0.148026
43.030000,0.431773,-3.604172,-1.172306,0.111084
43.040000,0.397325,-3.683855,-1.372189,0.077515
43.050000,0.359008,-3.244356,-1.323077,0.037863
43.060000,0.322542,-3.668494,-1.078949,-0.003667
43.070000,0.288796,-3.262613,-1.443368,-0.040400
43.080000,0.253254,-3.862351,-1.000481,-0.073932
43.090000,0.214688,-3.632268,-1.525141,-0.116886
43.100000,0.178904,-3.776068,-0.930332,-0.169290
43.110000,0.140948,-3.499579,-1.058547,-0.219626
43.120000,0.098854,-4.202598,-2.229372,-0.270693
43.130000,0.060801,-3.978733,-1.179605,-0.321073
43.140000,0.020636,-4.144477,-1.711433,-0.368261
43.150000,-0.025539,-4.174431,-1.686306,-0.416104
43.160000,-0.069918,-4.448980,-1.169105,-0.462633
43.170000,-0.111700,-4.728106,-1.630579,-0.508417
43.180000,-0.156522,-4.316189,-1.306212,-0.553701
43.190000,-0.203022,-4.618015,-1.450860,-0.600941
43.200000,-0.246047,-4.422944,-1.017360,-0.646338
43.210000,-0.291265,-4.149384,-0.689114,-0.690242
43.220000,-0.342400,-4.058438,-1.130917,-0.734575
43.230000,-0.384647,-4.631594,-1.357676,-0.779021
43.240000,-0.429664,-4.472314,-1.234726,-0.821185
43.250000,-0.472284,-4.272953,-1.144065,-0.863946
43.260000,-0.517219,-4.493830,-0.748539,-0.902577
43.270000,-0.561470,-4.229450,-0.641651,-0.941280
43.280000,-0.608290,-4.076461,-0.401450,-0.978934
43.290000,-0.648938,-4.286191,-0.672833,-1.016939
43.300000,-0.692142,-3.872895,-0.333939,-1.053788
43.310000,-0.733120,-4.356044,-0.912079,-1.087460
43.320000,-0.773724,-4.038608,-0.643885,-1.121495
43.330000,-0.817118,-4.017973,-0.772267,-1.152848
43.340000,-0.853724,-3.798640,-0.924264,-1.183492
43.350000,-0.893953,-3.752753,-0.749239,-1.213717
43.360000,-0.933447,-3.843389,-0.962445,-1.245432
43.370000,-0.966556,-3.863936,-0.887934,-1.276469
43.380000,-1.002806,-3.725987,-1.009948,-1.305713
43.390000,-1.036755,-3.293886,-1.990237,-1.333390
43.400000,-1.072218,-3.294717,-0.579305,-1.358753
43.410000,-1.105101,-3.034592,-0.889498,-1.383830
43.420000,-1.138203,-2.978211,-0.174934,-1.406948
43.430000,-1.167529,-3.331715,-0.817710,-1.427653
43.440000,-1.198453,-3.003489,-0.374121,-1.447633
43.450000,-1.227208,-3.054079,-0.590249,-1.465585
43.460000,-1.256785,-2.485122,-0.794382,-1.483003
43.470000,-1.282852,-2.756429,-0.153846,-1.499154
43.480000,-1.308113,-2.413995,-0.220554,-1.513981
43.490000,-1.331829,-2.605724,-0.795530,-1.526077
43.500000,-1.354959,-2.035067,-0.111126,-1.536410
43.510000,-1.375707,-2.116973,-0.532481,-1.546225
43.520000,-1.397633,-2.012294,-0.340560,-1.554402
43.530000,-1.413839,-1.851821,-0.564285,-1.560239
43.540000,-1.431651,-1.730043,-0.678342,-1.565118
43.550000,-1.447939,-1.547369,-0.362149,-1.568550
43.560000,-1.461060,-1.412517,-0.717059,-1.570422
43.570000,-1.473499,-1.266123,-0.872679,-1.570716
43.580000,-1.485957,-0.956748,-0.582201,-1.569426
43.590000,-1.494753,-0.909890,-0.053976,-1.566597
43.600000,-1.503448,-0.609237,0.092308,-1.562255
43.610000,-1.509967,-0.648506,-0.103374,-1.555845
43.620000,-1.515369,-0.519177,-0.304707,-1.547014
43.630000,-1.518845,-0.297684,-0.104141,-1.535989
43.640000,-1.520747,-0.083912,-0.028004,-1.522636
43.650000,-1.520752,0.030769,-0.069564,-1.508011
43.660000,-1.520371,0.030769,0.949993,-1.491649
43.670000,-1.519608,0.117461,1.147587,-1.474137
43.680000,-1.517797,0.253790,1.508943,-1.457487
43.690000,-1.514462,0.408791,1.258598,-1.439483
43.700000,-1.510183,0.497754,2.018061,-1.420963
43.710000,-1.504456,0.569492,1.896612,-1.402988
43.720000,-1.497140,0.926952,1.475103,-1.383635
43.730000,-1.487854,0.940549,2.174818,-1.361560
43.740000,-1.476904,1.206636,1.653994,-1.338088
43.750000,-1.465518,1.386939,1.565899,-1.314300
43.760000,-1.451104,1.395961,2.079244,-1.290814
43.770000,-1.436135,1.335831,1.913326,-1.263940
43.780000,-1.419730,1.592316,2.104568,-1.236945
43.790000,-1.402105,1.669143,1.937146,-1.209593
43.800000,-1.383578,1.772321,2.080297,-1.181527
43.810000,-1.364371,2.312237,1.940663,-1.148704
43.820000,-1.341712,2.293909,1.140848,-1.121884
43.830000,-1.320652,2.209557,1.534421,-1.088975
43.840000,-1.295162,2.562409,1.417052,-1.053839
43.850000,-1.270926,2.307445,1.601495,-1.018894
43.860000,-1.245020,2.706519,1.079986,-0.984179
43.870000,-1.217700,2.673274,1.894921,-0.944560
43.880000,-1.190158,2.686494,1.883151,-0.906256
43.890000,-1.161042,3.052121,1.559948,-0.867103
43.900000,-1.128304,3.140793,1.290510,-0.830052
43.910000,-1.097459,3.214022,1.832930,-0.788321
43.920000,-1.066463,3.340295,1.442280,-0.748169
43.930000,-1.030599,3.698869,1.711299,-0.706379
43.940000,-0.993915,3.641652,1.381390,-0.663374
43.950000,-0.959173,3.769577,1.432659,-0.619562
43.960000,-0.920316,3.785329,1.323077,-0.583689
43.970000,-0.883752,3.562670,1.733864,-0.539019
43.980000,-0.844179,3.873190,1.334984,-0.493377
43.990000,-0.804991,3.961098,1.164735,-0.453293
44.000000,-0.770912,3.591901,1.446154,-0.408499
44.010000,-0.729731,3.968035,1.176369,-0.367160
44.020000,-0.689067,4.203978,0.613633,-0.322332
44.030000,-0.648112,4.294939,1.327045,-0.277547
44.040000,-0.604245,3.887309,1.673628,-0.234089
44.050000,-0.566031,3.847313,1.340886,-0.189562
44.060000,-0.522663,4.030382,0.694320,-0.146860
44.070000,-0.479805,4.352946,1.139507,-0.102694
44.080000,-0.437894,4.129558,1.138462,-0.056037
44.090000,-0.395049,4.549307,1.017396,-0.010105
44.100000,-0.354511,4.240068,0.992139,0.036335
44.110000,-0.307589,4.486194,1.130056,0.078379
44.120000,-0.263321,4.669474,0.387299,0.121488
44.130000,-0.223661,4.183056,0.588699,0.162794
44.140000,-0.178640,4.409957,1.135741,0.204683
44.150000,-0.133678,4.563100,2.243270,0.247549
44.160000,-0.087604,4.466391,1.127079,0.287487
44.170000,-0.046991,4.359960,1.092157,0.331870
44.180000,-0.005263,4.495467,0.843749,0.375803
44.190000,0.036543,4.493239,1.163805,0.421182
44.200000,0.079731,4.092284,0.953846,0.462661
44.210000,0.127505,3.982807,1.080185,0.508858
44.220000,0.165799,4.268553,1.277888,0.552886
44.230000,0.209983,4.572022,1.203431,0.597879
44.240000,0.255233,4.227439,1.295924,0.638113
44.250000,0.301631,4.375846,0.759717,0.678181
44.260000,0.341401,4.298133,0.890183,0.719955
44.270000,0.386878,4.510306,1.029635,0.759160
44.280000,0.425455,4.142949,0.633051,0.798598
44.290000,0.470491,4.556691,0.915568,0.840753
44.300000,0.514963,4.280395,1.275615,0.876180
44.310000,0.555637,4.173451,0.664907,0.913940
44.320000,0.596104,3.839009,0.447534,0.949375
44.330000,0.636175,4.118081,0.677476,0.982837
44.340000,0.677856,3.883908,0.849054,1.021349
44.350000,0.713831,3.922739,0.705038,1.057252
44.360000,0.755649,3.970727,0.781742,1.091667
44.370000,0.794278,3.698279,0.801943,1.125365
44.380000,0.833518,3.877835,0.345884,1.157283
44.390000,0.868512,3.754671,0.762982,1.186343
44.400000,0.904766,3.769450,1.120769,1.217755
44.410000,0.940036,3.521063,0.701770,1.245903
44.420000,0.975886,3.337063,0.751718,1.273365
44.430000,1.012634,3.529740,-0.517484,1.299017
44.440000,1.044260,3.401183,0.324693,1.324856
44.450000,1.077454,3.072268,0.772993,1.349750
44.460000,1.106684,2.994066,0.614956,1.372112
44.470000,1.137958,3.039367,0.465430,1.394675
44.480000,1.167623,2.744898,0.804814,1.414640
44.490000,1.197897,2.791823,0.283419,1.433924
44.500000,1.226019,2.610146,0.685457,1.453116
44.510000,1.250231,2.649273,0.811548,1.469647
44.520000,1.275970,2.481667,0.687483,1.484675
44.530000,1.300071,2.441818,0.569422,1.499454
44.540000,1.321172,2.257654,-0.231916,1.512429
44.550000,1.343776,2.261878,1.011386,1.523839
44.560000,1.363531,2.170778,0.646154,1.535066
44.570000,1.383843,1.926957,0.048776,1.544009
44.580000,1.402688,1.737941,0.286599,1.551498
44.590000,1.419907,1.780817,0.318227,1.558187
44.600000,1.435207,1.593198,0.769231,1.563351
44.610000,1.449413,1.399287,0.482531,1.565813
44.620000,1.461262,1.409707,1.004168,1.568396
44.630000,1.473257,1.053818,0.353715,1.569993
44.640000,1.485370,0.947251,0.538452,1.570784
44.650000,1.493341,0.879750,0.742867,1.570439
44.660000,1.501988,0.709343,0.301914,1.568713
44.670000,1.509115,0.666461,0.184954,1.565973
44.680000,1.515183,0.595152,0.231675,1.562636
44.690000,1.519410,0.347574,1.022121,1.557657
44.700000,1.522368,0.294505,0.594257,1.551971
44.710000,1.525313,0.215785,0.514662,1.544907
44.720000,1.526474,0.082329,0.172149,1.537114
44.730000,1.526474,-0.030769,0.350219,1.527417
44.740000,1.526474,-0.013187,-0.268496,1.516694
44.750000,1.526474,-0.046525,-0.746062,1.506075
44.760000,1.526044,-0.059395,-1.031151,1.493449
44.770000,1.524949,-0.151403,-1.200000,1.478970
44.780000,1.522920,-0.232548,-1.401219,1.464011
44.790000,1.520341,-0.287793,-2.061538,1.448507
44.800000,1.516568,-0.512564,-1.821410,1.431617
44.810000,1.510725,-0.597159,-1.771482,1.414347
44.820000,1.503383,-0.722294,-1.413404,1.395421
44.830000,1.494165,-0.903011,-1.454159,1.377691
44.840000,1.485424,-0.989011,-1.823403,1.356136
44.850000,1.473070,-1.085760,-1.354006,1.335265
44.860000,1.461312,-1.455709,-1.041607,1.310288
44.870000,1.447860,-1.440831,-1.507692,1.286283
44.880000,1.431900,-1.553540,-1.332639,1.260510
44.890000,1.414816,-1.758052,-1.773812,1.236180
44.900000,1.398476,-1.898603,-1.519084,1.210037
44.910000,1.379410,-1.836261,-1.549326,1.184079
44.920000,1.360739,-2.162205,-1.214300,1.155233
44.930000,1.339493,-2.058324,-1.736477,1.125607
44.940000,1.319015,-2.228864,-2.112920,1.094681
44.950000,1.294133,-2.395086,-1.525796,1.067818
44.960000,1.270151,-2.206660,-1.585978,1.038220
44.970000,1.246876,-2.659417,-1.722810,1.006266
44.980000,1.220886,-2.254447,-1.318880,0.972468
44.990000,1.195004,-2.643247,-1.688834,0.935609
45.000000,1.168415,-2.636009,-1.869319,0.900199
45.010000,1.138822,-2.803042,-1.534912,0.867909
45.020000,1.109258,-2.922835,-1.476501,0.830604
45.030000,1.081827,-3.125385,-1.629995,0.799580
45.040000,1.050926,-3.266620,-1.489851,0.760326
45.050000,1.019063,-3.037514,-1.636130,0.724950
45.060000,0.987742,-3.422972,-1.322436,0.687385
45.070000,0.952519,-3.356735,-0.968052,0.652973
45.080000,0.922248,-2.919796,-1.198497,0.617084
45.090000,0.885241,-3.012321,-1.217961,0.580643
45.100000,0.850894,-3.245989,-1.606758,0.540528
45.110000,0.819502,-3.267798,-1.444780,0.502291
45.120000,0.782484,-3.698779,-1.091681,0.460708
45.130000,0.746618,-3.821884,-1.207021,0.419771
45.140000,0.711144,-4.046937,-1.509679,0.379265
45.150000,0.673980,-3.778955,-1.188948,0.339828
45.160000,0.637270,-3.688905,-0.701229,0.297373
45.170000,0.601733,-3.772222,0.251374,0.259739
45.180000,0.563224,-4.048912,-1.346205,0.223869
45.190000,0.526215,-4.127054,-1.199512,0.185640
45.200000,0.485377,-4.055039,-1.695048,0.144874
45.210000,0.446534,-3.981584,-1.031830,0.110247
45.220000,0.410146,-4.030149,-1.262663,0.061802
45.230000,0.370595,-3.753746,-1.088370,0.017514
45.240000,0.332557,-4.103785,-0.848064,-0.014423
45.250000,0.294794,-4.142334,-0.887917,-0.047933
45.260000,0.256214,-3.380317,-0.440244,-0.082194
45.270000,0.215481,-4.071340,-0.997184,-0.113630
45.280000,0.176206,-3.415991,-0.296794,-0.144395
45.290000,0.142074,-3.588335,-0.710087,-0.175132
45.300000,0.104834,-3.700522,-0.620915,-0.209293
45.310000,0.067333,-3.658584,-1.102773,-0.244645
45.320000,0.030991,-3.841796,-1.170882,-0.288114
45.330000,-0.002887,-3.684728,-1.344058,-0.335048
45.340000,-0.040320,-3.814196,-1.679938,-0.377535
45.350000,-0.075356,-3.320808,-1.399503,-0.421841
45.360000,-0.112397,-3.949682,-1.804186,-0.464382
45.370000,-0.151837,-4.049310,-1.397143,-0.510367
45.380000,-0.191173,-3.697089,-1.315333,-0.553306
45.390000,-0.233605,-4.326422,-1.327624,-0.602091
45.400000,-0.275098,-4.298027,-1.866149,-0.652768
45.410000,-0.318304,-4.430130,-1.569231,-0.704838
45.420000,-0.356865,-4.390037,-1.703795,-0.753842
45.430000,-0.402389,-4.490737,-1.564831,-0.804228
45.440000,-0.446075,-4.675308,-1.316250,-0.851664
45.450000,-0.490977,-4.503758,-1.300711,-0.898540
45.460000,-0.538183,-4.673663,-1.296593,-0.943559
45.470000,-0.585689,-4.621312,-1.804663,-0.985555
45.480000,-0.629361,-4.629004,-1.309738,-1.026572
45.490000,-0.681270,-4.843406,-1.137606,-1.067410
45.500000,-0.723157,-4.360349,-1.153530,-1.108073
45.510000,-0.765973,-4.636760,-0.888816,-1.145580
45.520000,-0.813293,-4.481162,-0.875204,-1.178893
45.530000,-0.852313,-4.265387,-0.338462,-1.212225
45.540000,-0.896254,-4.408256,-0.827022,-1.244939
45.550000,-0.935266,-4.138412,-1.068430,-1.275895
45.560000,-0.976346,-3.971646,-0.871176,-1.305786
45.570000,-1.018119,-4.013435,-0.443316,-1.334316
45.580000,-1.051696,-3.657982,-0.374759,-1.361610
45.590000,-1.088025,-3.276924,0.105869,-1.386951
45.600000,-1.124571,-3.163801,-0.280285,-1.411271
45.610000,-1.157722,-2.929076,-0.346699,-1.433392
45.620000,-1.189357,-3.109735,-0.587943,-1.453782
45.630000,-1.221108,-2.936411,-0.150542,-1.472246
45.640000,-1.251207,-2.908825,-0.697084,-1.489089
45.650000,-1.279052,-3.055774,-0.611542,-1.504271
45.660000,-1.306802,-2.435562,-0.474596,-1.518650
45.670000,-1.332894,-2.560898,-0.235702,-1.530978
45.680000,-1.354513,-2.123787,0.079503,-1.541540
45.690000,-1.377063,-2.133835,-0.933284,-1.550717
45.700000,-1.397000,-1.978260,-0.842423,-1.558391
45.710000,-1.416374,-2.022265,-0.538782,-1.564066
45.720000,-1.434573,-1.683667,-0.341517,-1.567567
45.730000,-1.449751,-1.535142,-0.088083,-1.569279
45.740000,-1.464550,-1.408776,0.004952,-1.570389
45.750000,-1.475991,-1.254792,-0.483722,-1.570782
45.760000,-1.487078,-0.847609,-1.985140,-1.570537
45.770000,-1.496656,-0.890387,-0.475398,-1.569320
45.780000,-1.504665,-0.671827,-0.496183,-1.567149
45.790000,-1.511945,-0.612540,-0.322898,-1.563848
45.800000,-1.517450,-0.543400,-0.673936,-1.560001
45.810000,-1.521447,-0.349661,-0.528956,-1.554148
45.820000,-1.524949,-0.282169,-0.436718,-1.546625
45.830000,-1.527237,-0.154666,-0.757749,-1.538447
45.840000,-1.528000,-0.014955,-0.440787,-1.526204
45.850000,-1.527619,0.013187,0.113729,-1.511652
45.860000,-1.527619,0.024802,1.067039,-1.494517
45.870000,-1.526856,0.096356,1.555495,-1.474690
45.880000,-1.524869,0.263023,1.572137,-1.454184
45.890000,-1.521696,0.378694,1.960901,-1.430854
45.900000,-1.516577,0.715214,1.941793,-1.406593
45.910000,-1.508521,0.939379,1.974319,-1.378206
45.920000,-1.498681,1.228893,1.876894,-1.347759
45.930000,-1.485803,1.124930,2.170437,-1.317088
45.940000,-1.470988,1.458996,2.469717,-1.287371
45.950000,-1.455061,1.683763,1.734231,-1.259206
45.960000,-1.435086,1.743293,1.821798,-1.231974
45.970000,-1.416296,1.931856,1.820114,-1.210225
45.980000,-1.395715,2.411311,1.222976,-1.182315
45.990000,-1.374695,2.215712,1.049507,-1.156705
46.000000,-1.352392,1.998343,1.284761,-1.128565
46.010000,-1.328114,2.529783,0.842111,-1.096660
46.020000,-1.304489,2.256622,2.045286,-1.059683
46.030000,-1.279447,2.676000,1.976492,-1.024440
46.040000,-1.250834,2.647552,2.038501,-0.986286
46.050000,-1.225724,2.860187,1.711769,-0.944067
46.060000,-1.196837,3.199749,2.586236,-0.903914
46.070000,-1.166196,3.115705,1.942699,-0.866588
46.080000,-1.135590,2.893839,1.702481,-0.826379
46.090000,-1.100632,3.124224,1.468801,-0.785125
46.100000,-1.066039,3.611782,2.282706,-0.742831
46.110000,-1.032477,3.588604,1.723263,-0.700040
46.120000,-0.996962,3.849399,1.777268,-0.655022
46.130000,-0.959381,3.914740,1.370745,-0.608976
46.140000,-0.921005,3.497020,1.704166,-0.563060
46.150000,-0.880365,4.145055,1.824309,-0.518476
46.160000,-0.841643,4.236770,1.008716,-0.472121
46.170000,-0.802714,4.237395,0.842222,-0.426706
46.180000,-0.760074,4.276030,1.654419,-0.380760
46.190000,-0.716280,4.053490,1.641788,-0.333203
46.200000,-0.677503,4.468565,1.187646,-0.284987
46.210000,-0.631545,4.651054,1.438798,-0.235768
46.220000,-0.588777,4.471552,1.655282,-0.185954
46.230000,-0.543839,4.477595,1.795495,-0.137801
46.240000,-0.500698,4.637417,1.507946,-0.088272
46.250000,-0.451265,4.494834,1.540250,-0.040327
46.260000,-0.404071,4.811946,1.676038,0.004742
46.270000,-0.359903,4.636334,1.015698,0.055575
46.280000,-0.316559,4.465028,1.125531,0.105015
46.290000,-0.265622,4.414824,1.067616,0.150437
46.300000,-0.220101,4.476361,1.047113,0.194413
46.310000,-0.172307,4.248522,1.184378,0.242232
46.320000,-0.124261,4.800585,1.249059,0.289424
46.330000,-0.077932,4.703554,1.224479,0.339324
46.340000,-0.032007,4.719841,0.969783,0.385678
46.350000,0.016322,4.434688,0.751345,0.433598
46.360000,0.062365,4.268858,0.830698,0.479854
46.370000,0.115061,4.683716,1.094639,0.523556
46.380000,0.157013,4.656266,0.956157,0.568998
46.390000,0.205131,4.687207,0.680026,0.614568
46.400000,0.256268,4.936138,1.056744,0.659207
46.410000,0.300290,4.786469,0.742549,0.699670
46.420000,0.346550,4.697303,0.659577,0.744682
46.430000,0.389726,4.684698,1.236282,0.788803
46.440000,0.433944,4.778344,0.313878,0.828938
46.450000,0.481499,4.600621,0.175922,0.871394
46.460000,0.528242,4.674755,1.045568,0.912889
46.470000,0.573012,4.483156,0.632564,0.952509
46.480000,0.616353,4.543033,1.028174,0.992318
46.490000,0.657169,4.261252,0.826589,1.030704
46.500000,0.701859,4.249073,0.951262,1.066373
46.510000,0.744735,4.108053,0.573250,1.100728
46.520000,0.783992,4.298887,0.892308,1.136266
46.530000,0.825284,4.011313,0.430002,1.171642
46.540000,0.866285,3.975915,0.752244,1.205427
46.550000,0.902745,4.073347,1.012606,1.237946
46.560000,0.941822,3.584390,0.670288,1.268840
46.570000,0.979389,3.824964,0.275111,1.298056
46.580000,1.016043,3.803216,0.146718,1.327015
46.590000,1.054701,3.458843,0.769231,1.349955
46.600000,1.087383,3.471965,0.739083,1.375984
46.610000,1.119762,3.394414,0.603526,1.400829
46.620000,1.153905,3.316011,0.391947,1.415839
46.630000,1.182856,3.106723,0.801489,1.427685
46.640000,1.212318,2.836198,-0.005431,1.441654
46.650000,1.241178,2.336616,0.560628,1.457015
46.660000,1.265545,2.395624,0.461400,1.470092
46.670000,1.289760,2.145373,0.544949,1.482597
46.680000,1.313115,2.247559,0.056390,1.496925
46.690000,1.332629,2.053261,0.791183,1.510945
46.700000,1.353615,2.009722,-0.035519,1.522671
46.710000,1.373602,1.695507,0.469583,1.532891
46.720000,1.391554,1.659747,1.122734,1.542807
46.730000,1.408191,1.497774,0.888061,1.550663
46.740000,1.423381,1.334003,0.646154,1.557130
46.750000,1.438716,1.331765,0.125000,1.561873
46.760000,1.451599,1.385723,0.676139,1.566203
46.770000,1.464613,1.245071,0.099495,1.568967
46.780000,1.475878,1.059341,0.683618,1.570416
46.790000,1.486581,0.932541,0.152040,1.570735
46.800000,1.495583,0.900357,1.979222,1.569609
46.810000,1.502740,0.663736,0.263510,1.567106
46.820000,1.509409,0.619780,0.830769,1.563504
46.830000,1.515098,0.533543,0.322344,1.558940
46.840000,1.519472,0.318975,0.769231,1.552918
46.850000,1.522252,0.232367,1.034915,1.545178
46.860000,1.524053,0.149332,0.458711,1.536936
46.870000,1.524949,0.034741,0.436235,1.526223
46.880000,1.524949,-0.018818,-0.182206,1.514935
46.890000,1.524949,-0.036477,-0.689327,1.502500
46.900000,1.524285,-0.065934,-1.042448,1.487486
46.910000,1.523262,-0.147374,-1.556400,1.470716
46.920000,1.521193,-0.249185,-1.805311,1.452976
46.930000,1.517911,-0.422428,-1.709267,1.432922
46.940000,1.512444,-0.580712,-1.439382,1.415075
46.950000,1.504730,-0.722215,-2.007996,1.395790
46.960000,1.496391,-0.998829,-1.327388,1.375382
46.970000,1.485572,-1.030050,-1.555523,1.352802
46.980000,1.473946,-1.232739,-1.983016,1.326351
46.990000,1.462182,-1.414596,-1.946727,1.300906
47.000000,1.447267,-1.542000,-1.522723,1.277128
47.010000,1.430991,-1.630769,-1.650998,1.251878
47.020000,1.413705,-1.844917,-2.418180,1.224686
47.030000,1.393539,-2.129191,-1.779263,1.198208
47.040000,1.373640,-2.036508,-1.534557,1.167085
47.050000,1.355496,-2.018123,-1.474891,1.134820
47.060000,1.332199,-2.275921,-1.930044,1.103024
47.070000,1.308030,-2.454604,-1.504509,1.069296
47.080000,1.285885,-2.459500,-2.201278,1.034892
47.090000,1.257953,-2.821044,-1.339794,0.999636
47.100000,1.230386,-2.873333,-1.471797,0.967399
47.110000,1.202741,-2.722604,-1.364634,0.931334
47.120000,1.174925,-2.959147,-1.320882,0.896558
47.130000,1.141734,-3.052680,-1.571496,0.855730
47.140000,1.110905,-3.315778,-1.728628,0.818753
47.150000,1.082719,-3.210493,-0.897196,0.778778
47.160000,1.047889,-3.541191,-1.872457,0.736297
47.170000,1.014111,-3.551291,-1.725579,0.695877
47.180000,0.977618,-3.714593,-1.326306,0.659073
47.190000,0.943427,-3.680829,-1.569231,0.616507
47.200000,0.907527,-3.493495,-1.274270,0.576926
47.210000,0.870015,-3.538295,-1.654303,0.530695
47.220000,0.836837,-3.422676,-2.051463,0.491175
47.230000,0.797050,-4.172986,-1.942355,0.442714
47.240000,0.756887,-3.617323,-1.054262,0.394565
47.250000,0.719638,-3.735657,-1.224057,0.350827
47.260000,0.673858,-3.893045,-1.194144,0.309953
47.270000,0.636162,-4.336359,-1.150344,0.268960
47.280000,0.594829,-4.159313,-1.180029,0.219296
47.290000,0.553615,-4.108492,-1.584540,0.169712
47.300000,0.509443,-4.219342,-1.414734,0.120708
47.310000,0.466699,-4.705572,-1.506521,0.071926
47.320000,0.423373,-4.432593,-1.186743,0.023958
47.330000,0.379181,-4.561915,-2.041938,-0.026368
47.340000,0.335104,-4.569969,-1.194465,-0.071467
47.350000,0.285318,-4.787646,-1.315971,-0.115609
47.360000,0.241491,-4.547333,-0.806051,-0.163547
47.370000,0.197861,-4.572134,-1.137449,-0.212985
47.380000,0.148683,-4.729990,-1.184115,-0.261727
47.390000,0.103538,-4.893422,-1.583965,-0.306427
47.400000,0.055750,-4.782790,-0.851630,-0.350752
47.410000,0.009184,-4.755374,-1.184538,-0.386834
47.420000,-0.036697,-4.722914,-1.221969,-0.434149
47.430000,-0.083762,-4.543082,-1.319087,-0.477054
47.440000,-0.127723,-4.525963,-0.703836,-0.517231
47.450000,-0.173266,-4.625663,-1.613774,-0.557230
47.460000,-0.216206,-4.602600,-0.979722,-0.603425
47.470000,-0.259305,-4.264640,-1.042444,-0.646664
47.480000,-0.303937,-4.763311,-0.771519,-0.686773
47.490000,-0.346235,-4.037664,-1.190018,-0.722405
47.500000,-0.393553,-4.033872,-0.511153,-0.761714
47.510000,-0.434488,-4.395472,-0.595985,-0.802573
47.520000,-0.477032,-3.942734,-0.912800,-0.840217
47.530000,-0.516687,-4.223789,-1.365125,-0.875352
47.540000,-0.559651,-4.211737,-0.771533,-0.911936
47.550000,-0.599548,-4.289710,-1.728862,-0.950688
47.560000,-0.638607,-4.036715,-0.493522,-0.988061
47.570000,-0.679702,-3.873131,-1.528290,-1.025134
47.580000,-0.718178,-3.882409,-1.208048,-1.055618
47.590000,-0.756655,-3.911049,-1.034746,-1.090459
47.600000,-0.794427,-3.721271,-1.295042,-1.120755
47.610000,-0.832217,-3.829218,-1.051488,-1.154930
47.620000,-0.869056,-3.622756,-0.410968,-1.183224
47.630000,-0.908837,-3.524085,-1.051153,-1.214269
47.640000,-0.943196,-3.285034,-0.808279,-1.244029
47.650000,-0.979341,-3.447097,-0.495920,-1.271064
47.660000,-1.009789,-3.472586,-0.773938,-1.297472
47.670000,-1.042415,-3.194434,-0.710969,-1.321833
47.680000,-1.074561,-2.942420,-0.751528,-1.346736
47.690000,-1.105462,-2.710111,-0.701708,-1.368428
47.700000,-1.138453,-2.630736,-0.383006,-1.389916
47.710000,-1.167204,-3.007576,-0.650136,-1.412504
47.720000,-1.196986,-2.702338,-0.830769,-1.433598
47.730000,-1.223252,-2.731455,-0.607858,-1.452782
47.740000,-1.248730,-2.668817,-0.890833,-1.470809
47.750000,-1.273334,-2.360440,-1.049089,-1.488036
47.760000,-1.298886,-2.477673,-0.265303,-1.502879
47.770000,-1.323819,-2.297082,-0.518833,-1.515227
47.780000,-1.345886,-2.150503,-0.364464,-1.526985
47.790000,-1.367470,-2.222909,-0.487353,-1.537147
47.800000,-1.386133,-1.823893,-0.753995,-1.546167
47.810000,-1.405665,-1.644388,-0.599458,-1.553301
47.820000,-1.421744,-1.469622,-0.484013,-1.559372
47.830000,-1.437233,-1.347510,0.435620,-1.563589
47.840000,-1.451873,-1.343789,-1.069124,-1.567247
47.850000,-1.464882,-1.333435,-0.573244,-1.569621
47.860000,-1.476760,-1.174546,-0.529513,-1.570731
47.870000,-1.486992,-0.843889,-0.676456,-1.570440
47.880000,-1.496875,-0.885467,-0.338462,-1.568533
47.890000,-1.504385,-0.642304,-0.908302,-1.564919
47.900000,-1.511637,-0.573975,-0.495544,-1.559884
47.910000,-1.517119,-0.527692,-0.393867,-1.553085
47.920000,-1.521011,-0.278335,-0.353736,-1.546468
47.930000,-1.523423,-0.232967,-0.215385,-1.538273
47.940000,-1.524949,-0.091869,-0.300010,-1.528451
47.950000,-1.524949,0.015153,-0.297168,-1.517892
47.960000,-1.524949,0.000552,0.426903,-1.504788
47.970000,-1.524567,0.035390,1.012226,-1.491291
47.980000,-1.523825,0.099665,1.439464,-1.475120
47.990000,-1.522031,0.228882,1.525896,-1.456838
48.000000,-1.519060,0.388998,1.978256,-1.439684
48.010000,-1.513748,0.618967,1.462962,-1.423265
48.020000,-1.507509,0.710211,1.507870,-1.405353
48.030000,-1.499612,0.874128,1.747937,-1.385702
48.040000,-1.490123,1.034679,2.017980,-1.362406
48.050000,-1.480772,1.227865,1.648896,-1.340953
48.060000,-1.468424,1.189165,2.296958,-1.314950
48.070000,-1.453702,1.349451,2.196007,-1.287850
48.080000,-1.439650,1.669473,1.827640,-1.263855
48.090000,-1.422362,1.763450,1.536005,-1.234544
48.100000,-1.403319,1.775142,1.831514,-1.204986
48.110000,-1.385521,1.778363,2.210604,-1.173516
48.120000,-1.365484,2.233051,2.280193,-1.142667
48.130000,-1.342383,2.253089,1.284109,-1.110014
48.140000,-1.319048,2.240645,1.971829,-1.073487
48.150000,-1.292298,2.685397,1.207930,-1.039181
48.160000,-1.268118,2.478729,1.134915,-1.005699
48.170000,-1.240346,2.606823,1.751294,-0.974190
48.180000,-1.211973,3.097775,1.867532,-0.941105
48.190000,-1.184291,2.800000,1.630769,-0.913858
48.200000,-1.156128,2.985646,0.926346,-0.880756
48.210000,-1.127287,2.853910,1.131341,-0.854232
48.220000,-1.095657,3.070993,1.454275,-0.824624
48.230000,-1.066650,3.001629,0.872701,-0.791511
48.240000,-1.035321,2.989733,1.151320,-0.758127
48.250000,-1.006897,2.971517,1.405954,-0.721043
48.260000,-0.978845,3.041843,1.255313,-0.689394
48.270000,-0.943024,3.323360,0.830926,-0.654397
48.280000,-0.910957,3.366230,1.159510,-0.619365
48.290000,-0.881711,3.320246,1.910523,-0.575308
48.300000,-0.849566,3.509663,2.808490,-0.526304
48.310000,-0.814727,3.587263,1.895236,-0.477231
48.320000,-0.780506,3.800476,2.184615,-0.424946
48.330000,-0.743574,4.045512,1.699499,-0.374883
48.340000,-0.703088,3.667124,1.986956,-0.321652
48.350000,-0.660613,4.192095,1.535126,-0.277242
48.360000,-0.621082,4.290875,1.821216,-0.228406
48.370000,-0.573546,4.206130,1.322517,-0.177363
48.380000,-0.532739,4.566473,1.745664,-0.126970
48.390000,-0.487199,4.161204,1.534700,-0.074627
48.400000,-0.442880,4.471824,1.157336,-0.028889
48.410000,-0.398422,4.921968,1.048359,0.021655
48.420000,-0.358168,4.803053,0.636759,0.058315
48.430000,-0.306418,4.595524,0.353285,0.089345
48.440000,-0.259346,4.688468,0.458776,0.123432
48.450000,-0.211250,4.487211,0.696913,0.159989
48.460000,-0.170647,3.879837,0.697419,0.197958
48.470000,-0.125282,4.296344,0.309560,0.228098
48.480000,-0.085211,4.202184,0.276896,0.262033
48.490000,-0.045235,4.236264,0.799519,0.301005
48.500000,-0.005465,3.625677,0.563493,0.333186
48.510000,0.032332,4.072824,0.334025,0.364025
48.520000,0.069744,3.987036,0.693715,0.400743
48.530000,0.108638,3.511398,1.003778,0.435144
48.540000,0.143836,3.868650,1.172569,0.469962
48.550000,0.184627,3.758424,1.051519,0.513489
48.560000,0.218288,3.676316,1.897824,0.560505
48.570000,0.256341,4.024518,1.488792,0.609579
48.580000,0.293810,3.564855,1.777784,0.658174
48.590000,0.332559,3.898269,1.273331,0.703395
48.600000,0.374092,3.968610,1.270503,0.751597
48.610000,0.417138,4.495654,1.209595,0.789247
48.620000,0.455397,4.364163,1.266453,0.834825
48.630000,0.499079,4.247725,1.727791,0.878332
48.640000,0.542506,4.468744,1.521104,0.920125
48.650000,0.585119,4.237549,1.187561,0.961840
48.660000,0.631135,4.449413,0.733687,1.003454
48.670000,0.668196,4.310852,0.830769,1.043826
48.680000,0.710830,4.037684,1.026972,1.084122
48.690000,0.754730,4.290980,0.796709,1.123354
48.700000,0.799156,4.315864,0.497943,1.159042
48.710000,0.837401,4.194349,0.771298,1.186780
48.720000,0.876248,4.040723,0.541962,1.210185
48.730000,0.916294,3.901108,0.133323,1.234176
48.740000,0.953974,3.450732,-0.002854,1.253942
48.750000,0.991538,3.476688,0.246428,1.274442
48.760000,1.023698,3.104844,0.325305,1.295377
48.770000,1.055660,3.380036,0.015578,1.318162
48.780000,1.087485,3.136110,-0.186213,1.338578
48.790000,1.115416,3.024369,0.222132,1.357702
48.800000,1.144014,2.644144,0.593583,1.375060
48.810000,1.169142,2.728578,0.585631,1.396322
48.820000,1.191276,2.310808,0.651363,1.409183
48.830000,1.219519,2.444407,0.951288,1.424371
48.840000,1.242861,2.191624,0.911040,1.441012
48.850000,1.265106,2.304386,0.467938,1.455173
48.860000,1.288461,1.923056,0.874669,1.470338
48.870000,1.306513,1.799691,1.146514,1.484783
48.880000,1.326191,1.998672,1.138171,1.500216
48.890000,1.346956,1.861936,0.906765,1.513760
48.900000,1.364227,1.803781,0.471039,1.526370
48.910000,1.380787,1.796378,0.432828,1.537382
48.920000,1.399127,1.584049,0.938026,1.546038
48.930000,1.414366,1.710303,0.865659,1.553771
48.940000,1.429349,1.628188,1.720437,1.560067
48.950000,1.443759,1.501896,0.557366,1.565161
48.960000,1.457300,1.129670,0.974292,1.568235
48.970000,1.470689,1.117250,-0.537591,1.570126
48.980000,1.481662,1.057168,0.149686,1.570780
48.990000,1.490666,0.887009,0.502281,1.569904
49.000000,1.498937,0.873125,0.365870,1.567598
49.010000,1.505682,0.667134,0.701746,1.564360
49.020000,1.511802,0.521799,-0.062323,1.559811
49.030000,1.517187,0.429708,0.535809,1.555646
49.040000,1.520371,0.253656,0.961740,1.548425
49.050000,1.522662,0.197664,0.277888,1.539411
49.060000,1.523804,0.048967,0.457230,1.525977
49.070000,1.523804,-0.039412,-0.209145,1.510046
49.080000,1.523423,-0.046695,-0.670305,1.491426
49.090000,1.522660,-0.122393,-1.670427,1.470403
49.100000,1.521033,-0.224695,-1.609090,1.447773
49.110000,1.517618,-0.459986,-1.837118,1.434408
49.120000,1.511841,-0.578123,-1.401795,1.419628
49.130000,1.505634,-0.735330,-1.694778,1.401842
49.140000,1.497521,-1.014179,-1.870594,1.381917
49.150000,1.487395,-0.949965,-1.384615,1.367786
49.160000,1.477110,-1.208791,-1.931880,1.345907
49.170000,1.465268,-1.248137,-1.753846,1.327025
49.180000,1.452906,-1.328001,-1.856039,1.303584
49.190000,1.438282,-1.262366,-1.738642,1.283547
49.200000,1.423070,-1.410989,-1.212203,1.260654
49.210000,1.408657,-1.759394,-1.815860,1.236441
49.220000,1.390755,-1.698274,-1.594672,1.215018
49.230000,1.372953,-1.682524,-1.320236,1.195302
49.240000,1.355231,-1.802166,-1.426551,1.170147
49.250000,1.336116,-1.893209,-1.279025,1.142234
49.260000,1.317158,-2.125618,-1.395821,1.112001
49.270000,1.295502,-2.230891,-1.828312,1.082531
49.280000,1.274080,-2.298640,-1.437162,1.050216
49.290000,1.253405,-2.007269,-1.904981,1.017687
49.300000,1.228042,-2.522020,-1.724378,0.985497
49.310000,1.201994,-2.555705,-1.649018,0.953535
49.320000,1.176238,-2.738139,-1.660974,0.922179
49.330000,1.149887,-2.746181,-1.599646,0.888292
49.340000,1.121348,-2.920976,-1.441219,0.852497
49.350000,1.092516,-2.961643,-1.122698,0.821418
49.360000,1.065675,-2.927635,-0.843907,0.790790
49.370000,1.035004,-3.045924,-1.104398,0.758685
49.380000,1.006348,-2.764565,-1.083568,0.722928
49.390000,0.974041,-3.081604,-0.812474,0.683460
49.400000,0.942856,-3.393656,-1.563867,0.644325
49.410000,0.911863,-3.429291,-1.245979,0.606132
49.420000,0.879747,-3.640603,-1.478495,0.570185
49.430000,0.842963,-3.349327,-1.144478,0.535082
49.440000,0.809520,-3.432028,-1.288199,0.496603
49.450000,0.777100,-3.495322,-0.911787,0.457565
49.460000,0.741849,-3.618677,-1.253554,0.419027
49.470000,0.704483,-3.374974,-1.273364,0.386548
49.480000,0.669986,-3.601462,-1.233327,0.347668
49.490000,0.633456,-3.470165,-1.404415,0.308458
49.500000,0.598149,-3.741967,-1.598921,0.265816
49.510000,0.561717,-3.660228,-1.195414,0.226506
49.520000,0.524599,-3.610131,-0.954567,0.182899
49.530000,0.489079,-3.470641,-0.921609,0.143771
49.540000,0.447300,-4.064762,-1.373538,0.102768
49.550000,0.410868,-3.883644,-1.647045,0.055504
49.560000,0.369699,-3.581781,-1.464607,0.016301
49.570000,0.332380,-3.665053,-1.091683,-0.024560
49.580000,0.293171,-4.178614,-1.219240,-0.061054
49.590000,0.248542,-4.073223,-1.026975,-0.103071
49.600000,0.210996,-4.126550,-1.153039,-0.152947
49.610000,0.172712,-3.882755,-1.263837,-0.203951
49.620000,0.129515,-4.244263,-1.270145,-0.261414
49.630000,0.085961,-4.478547,-1.593043,-0.316974
49.640000,0.043566,-4.584031,-1.488927,-0.368634
49.650000,0.001231,-4.381191,-1.407540,-0.398265
49.660000,-0.044657,-4.472801,-0.795241,-0.429237
49.670000,-0.090526,-4.747256,-0.283756,-0.465173
49.680000,-0.134554,-4.353475,-0.230369,-0.500610
49.690000,-0.175846,-4.091137,0.250250,-0.546236
49.700000,-0.221646,-4.301686,-1.304267,-0.596284
49.710000,-0.263327,-4.192163,-1.460810,-0.646977
49.720000,-0.303852,-4.695760,-1.559340,-0.695897
49.730000,-0.348778,-4.347175,-1.025072,-0.744441
49.740000,-0.395479,-4.594451,-1.384615,-0.791949
49.750000,-0.435625,-4.394958,-1.335638,-0.833972
49.760000,-0.482154,-4.681428,-1.448458,-0.880904
49.770000,-0.525902,-4.200397,-1.598889,-0.923941
49.780000,-0.571461,-4.450951,-1.044380,-0.969042
49.790000,-0.616595,-4.840504,-0.597172,-1.002891
49.800000,-0.664689,-4.312050,-0.953757,-1.026590
49.810000,-0.704774,-4.588668,-0.758050,-1.056905
49.820000,-0.746394,-4.100947,-0.539261,-1.087978
49.830000,-0.789359,-4.234576,-0.437103,-1.115094
49.840000,-0.824163,-3.413011,-1.027227,-1.139968
49.850000,-0.865165,-3.862445,-0.262027,-1.162948
49.860000,-0.900030,-3.490001,-0.158988,-1.187362
49.870000,-0.932129,-3.391622,-0.385579,-1.210926
49.880000,-0.967798,-3.128802,-1.154661,-1.240064
49.890000,-0.995695,-3.184257,-0.829334,-1.266195
49.900000,-1.028868,-2.956510,-1.332170,-1.294655
49.910000,-1.058065,-2.937798,-0.890922,-1.320584
49.920000,-1.088511,-2.649028,-1.313609,-1.345321
49.930000,-1.117333,-2.935422,0.022286,-1.369514
49.940000,-1.146844,-2.783690,-0.707692,-1.392459
49.950000,-1.173642,-2.571865,-0.820190,-1.415575
49.960000,-1.201511,-2.914383,-0.663769,-1.435293
49.970000,-1.226742,-2.735991,-0.662601,-1.453439
49.980000,-1.253453,-2.546823,-0.784242,-1.468354
49.990000,-1.279896,-2.614301,-0.421778,-1.486061
50.000000,-1.301357,-2.344461,-0.538048,-1.500284
50.010000,-1.324825,-2.298901,-0.732686,-1.513247
50.020000,-1.346009,-2.166991,-0.668153,-1.525958
50.030000,-1.367286,-2.131404,-0.953846,-1.536546
50.040000,-1.387713,-1.767053,-0.706203,-1.545824
50.050000,-1.405383,-1.702014,-0.139481,-1.553897
50.060000,-1.420715,-1.424771,-0.991916,-1.560098
50.070000,-1.437829,-1.486013,-0.404176,-1.565357
50.080000,-1.451652,-1.467433,0.011794,-1.568760
50.090000,-1.465072,-1.355074,-0.542758,-1.570489
50.100000,-1.478186,-1.101086,-0.675224,-1.570758
50.110000,-1.488089,-0.891298,-0.630018,-1.569770
50.120000,-1.497684,-0.988219,0.270047,-1.567363
50.130000,-1.505212,-0.690579,-0.283494,-1.563635
50.140000,-1.511734,-0.551939,-0.395355,-1.558343
50.150000,-1.517169,-0.484291,-0.228669,-1.552392
50.160000,-1.520734,-0.243011,-0.373551,-1.545705
50.170000,-1.522660,-0.179370,-1.009437,-1.538304
50.180000,-1.523948,-0.064750,-0.207098,-1.529018
50.190000,-1.524186,0.011813,-0.163461,-1.520597
50.200000,-1.524186,-0.000355,0.333495,-1.511089
50.210000,-1.524014,0.029869,0.803152,-1.497552
50.220000,-1.523423,0.105786,0.968209,-1.481811
50.230000,-1.521688,0.185838,1.202547,-1.465467
50.240000,-1.519578,0.306769,1.352248,-1.446882
50.250000,-1.515172,0.549861,1.845409,-1.427423
50.260000,-1.508661,0.701014,1.701657,-1.408072
50.270000,-1.502192,0.715804,1.962146,-1.383151
50.280000,-1.492865,0.995456,1.854122,-1.357379
50.290000,-1.482191,1.260636,1.871657,-1.330984
50.300000,-1.468330,1.261984,2.602453,-1.304406
50.310000,-1.453963,1.385568,1.997500,-1.273800
50.320000,-1.437747,1.634631,1.397907,-1.241789
50.330000,-1.418347,1.728418,2.068440,-1.210156
50.340000,-1.397680,2.293646,1.423728,-1.176186
50.350000,-1.376268,2.146744,1.496122,-1.142492
50.360000,-1.356110,2.507783,1.639207,-1.110314
50.370000,-1.329185,2.468594,1.574318,-1.079296
50.380000,-1.302375,2.522332,1.564590,-1.045681
50.390000,-1.277492,2.761427,1.280378,-1.008923
50.400000,-1.246709,2.946649,1.254393,-0.974018
50.410000,-1.220330,2.618192,1.088263,-0.932466
50.420000,-1.186851,2.672679,1.672357,-0.885621
50.430000,-1.154796,3.120680,1.006295,-0.833799
50.440000,-1.124634,3.601140,1.283592,-0.779581
50.450000,-1.087720,3.733113,2.410152,-0.727398
50.460000,-1.051448,3.719728,2.452217,-0.671943
50.470000,-1.011300,4.434555,2.108401,-0.615380
50.480000,-0.969718,4.028383,1.708002,-0.557845
50.490000,-0.925683,4.519119,2.178908,-0.500906
50.500000,-0.878211,4.819652,1.823526,-0.443401
50.510000,-0.833332,4.892435,1.938610,-0.386050
50.520000,-0.781746,5.233877,2.459285,-0.332837
50.530000,-0.733190,4.806705,1.384615,-0.281573
50.540000,-0.677491,5.150738,1.496368,-0.229535
50.550000,-0.630481,5.478627,1.165255,-0.175208
50.560000,-0.578482,5.417608,1.323077,-0.121815
50.570000,-0.526722,5.349978,0.900643,-0.075149
50.580000,-0.472075,5.204400,1.215457,-0.022849
50.590000,-0.424532,5.072711,1.117637,0.033200
50.600000,-0.374184,5.169357,1.392800,0.085280
50.610000,-0.314500,5.282080,0.502965,0.136019
50.620000,-0.267467,5.089254,1.167682,0.189544
50.630000,-0.215480,5.035691,0.810618,0.237362
50.640000,-0.160949,4.666075,0.976429,0.287425
50.650000,-0.110984,5.170680,0.898729,0.340315
50.660000,-0.059300,4.996206,1.314008,0.395496
50.670000,-0.010092,5.417890,1.446154,0.444354
50.680000,0.045559,4.767230,0.910659,0.496620
50.690000,0.097336,5.119503,0.586546,0.548454
50.700000,0.147427,5.257618,0.966570,0.600769
50.710000,0.197736,5.328361,0.919501,0.650315
50.720000,0.252660,5.454945,1.205549,0.698429
50.730000,0.301253,5.333163,0.812385,0.747708
50.740000,0.352160,5.397387,0.427860,0.794886
50.750000,0.403991,5.165837,0.982944,0.841533
50.760000,0.457264,4.916875,0.992888,0.885173
50.770000,0.505664,5.156400,0.520309,0.926686
50.780000,0.554354,5.035749,0.647299,0.970024
50.790000,0.599206,4.247112,0.905728,1.009293
50.800000,0.648247,4.899363,0.510130,1.048049
50.810000,0.695121,4.710413,0.523077,1.088597
50.820000,0.740238,4.596354,0.674169,1.125048
50.830000,0.787525,4.582223,0.698716,1.162734
50.840000,0.833398,4.510601,0.229682,1.197154
50.850000,0.871698,4.421827,-0.018393,1.233749
50.860000,0.915141,4.103079,0.924386,1.271060
50.870000,0.956145,3.822613,0.906283,1.307294
50.880000,0.998209,4.083001,1.130318,1.342384
50.890000,1.035290,3.981182,0.993265,1.375601
50.900000,1.075001,3.695747,0.813287,1.406452
50.910000,1.114233,4.120049,0.868983,1.434743
50.920000,1.155000,3.478952,0.199112,1.458906
50.930000,1.186759,3.592565,0.524514,1.480522
50.940000,1.222311,3.279032,0.133266,1.500501
50.950000,1.254651,3.102988,0.397136,1.518522
50.960000,1.286129,3.336992,0.453894,1.534192
50.970000,1.315600,2.744732,0.222001,1.546688
50.980000,1.343147,2.734211,-0.265021,1.556932
50.990000,1.369319,2.572497,-0.011049,1.564010
51.000000,1.394786,2.534436,-0.729651,1.568700
51.010000,1.416344,2.052002,-0.247502,1.570648
51.020000,1.434062,1.790808,-0.383224,1.570382
51.030000,1.450858,1.580057,0.030769,1.568028
51.040000,1.466028,1.342657,-0.167828,1.564065
51.050000,1.478833,1.193198,-0.296698,1.558574
51.060000,1.488384,0.794279,0.120151,1.551305
51.070000,1.495585,0.747812,-0.447311,1.542111
51.080000,1.501779,0.453674,0.114982,1.531521
51.090000,1.505399,0.259341,0.246842,1.519914
51.100000,1.507387,0.103002,0.138301,1.506627
51.110000,1.507401,-0.049839,0.184158,1.492688
51.120000,1.506758,-0.048352,-0.532480,1.474722
51.130000,1.506256,-0.110151,-1.628942,1.458018
51.140000,1.504699,-0.190841,-2.258965,1.440867
51.150000,1.502065,-0.338137,-1.695337,1.421415
51.160000,1.496613,-0.627345,-1.822514,1.399773
51.170000,1.489955,-0.809332,-1.840944,1.373449
51.180000,1.481847,-1.029673,-2.144609,1.347390
51.190000,1.470907,-1.072917,-2.202687,1.319819
51.200000,1.457146,-1.320304,-1.569231,1.291367
51.210000,1.442427,-1.696700,-1.358235,1.263539
51.220000,1.424912,-1.887880,-2.108591,1.234936
51.230000,1.406708,-1.816903,-1.507692,1.203780
51.240000,1.387805,-1.929670,-1.478370,1.167299
51.250000,1.365346,-2.283802,-2.061538,1.135726
51.260000,1.342206,-2.317213,-1.624018,1.102236
51.270000,1.318352,-2.504888,-1.775193,1.065477
51.280000,1.292539,-2.779805,-1.656189,1.024686
51.290000,1.264245,-2.700155,-1.793702,0.992396
51.300000,1.234841,-3.126076,-1.592118,0.960256
51.310000,1.207103,-2.942418,-0.830769,0.929787
51.320000,1.175109,-3.090590,-1.040672,0.896519
51.330000,1.145673,-3.002052,-1.283298,0.863094
51.340000,1.112588,-3.300428,-1.567970,0.834281
51.350000,1.081693,-3.001762,-2.034182,0.794206
51.360000,1.053325,-2.912374,-1.554745,0.756416
51.370000,1.018266,-3.205188,-1.767263,0.718533
51.380000,0.986946,-3.538245,-1.789921,0.683261
51.390000,0.952522,-3.366790,-1.707976,0.641967
51.400000,0.918014,-3.556936,-1.571803,0.599047
51.410000,0.883401,-3.776724,-1.449733,0.560372
51.420000,0.849491,-3.474984,-1.462834,0.522182
51.430000,0.811707,-3.780289,-1.467317,0.492463
51.440000,0.780305,-3.837306,-0.646380,0.455428
51.450000,0.741211,-3.356988,-1.506301,0.412020
51.460000,0.703772,-3.568206,-1.167796,0.376331
51.470000,0.669603,-3.809762,-1.391234,0.331852
51.480000,0.631879,-3.912720,-1.471587,0.288355
51.490000,0.594988,-3.861816,-1.416225,0.243080
51.500000,0.555230,-3.812326,-1.668361,0.200624
51.510000,0.515975,-4.083675,-0.524002,0.164418
51.520000,0.477295,-3.911907,-1.152299,0.120800
51.530000,0.438823,-3.721380,-0.842790,0.076596
51.540000,0.393621,-4.254211,-1.106274,0.033908
51.550000,0.355127,-3.613813,-1.389013,-0.005933
51.560000,0.313873,-4.175568,-1.822348,-0.051286
51.570000,0.272517,-4.296546,-1.577800,-0.095219
51.580000,0.231163,-3.901933,-1.459272,-0.131945
51.590000,0.189886,-4.097266,-0.981932,-0.176129
51.600000,0.149599,-4.358835,-1.692161,-0.223436
51.610000,0.104983,-3.916711,-0.943935,-0.261770
51.620000,0.069276,-4.197282,-1.507692,-0.311039
51.630000,0.023953,-4.063380,-1.056674,-0.349206
51.640000,-0.016496,-4.254582,-1.727499,-0.386830
51.650000,-0.060361,-4.217045,-1.027033,-0.424257
51.660000,-0.101239,-4.233542,-0.799215,-0.461858
51.670000,-0.142450,-4.294099,-0.587463,-0.499672
51.680000,-0.184051,-4.230059,-1.244205,-0.545336
51.690000,-0.224091,-3.803600,-1.271131,-0.590948
51.700000,-0.266984,-4.360200,-1.187134,-0.632175
51.710000,-0.306858,-4.121743,-1.443400,-0.671860
51.720000,-0.347069,-4.147571,-1.273716,-0.706468
51.730000,-0.391112,-3.673520,-1.432082,-0.739315
51.740000,-0.428646,-3.877478,-1.035980,-0.775421
51.750000,-0.470091,-4.003153,-1.182278,-0.817595
51.760000,-0.510964,-4.226990,-1.200000,-0.856318
51.770000,-0.547454,-3.766566,-1.345752,-0.900145
51.780000,-0.587487,-3.934066,-1.044219,-0.939810
51.790000,-0.626195,-3.808023,-1.144411,-0.977862
51.800000,-0.667333,-4.312104,-0.847333,-1.012079
51.810000,-0.706024,-3.862090,-0.974110,-1.051374
51.820000,-0.744962,-4.061391,-1.241301,-1.087851
51.830000,-0.783990,-3.905498,-0.614172,-1.122001
51.840000,-0.820312,-3.820931,-0.830769,-1.154881
51.850000,-0.860176,-3.807957,-0.944855,-1.187827
51.860000,-0.900124,-3.770167,-0.892308,-1.216937
51.870000,-0.933802,-3.767812,-0.594953,-1.247171
51.880000,-0.969739,-3.633611,-0.893667,-1.280072
51.890000,-1.006646,-3.695326,-0.955371,-1.305279
51.900000,-1.042961,-3.613344,-0.854121,-1.331071
51.910000,-1.073320,-3.077735,-1.261538,-1.359829
51.920000,-1.107398,-3.024190,-0.612569,-1.385811
51.930000,-1.139026,-2.975301,-0.428023,-1.409730
51.940000,-1.171150,-2.872886,-0.831865,-1.431357
51.950000,-1.202650,-2.880925,-0.662075,-1.450390
51.960000,-1.229173,-2.997891,-0.521067,-1.469731
51.970000,-1.256957,-2.472981,-0.527561,-1.488747
51.980000,-1.285163,-2.719577,-0.685129,-1.504599
51.990000,-1.309998,-2.553338,-0.664260,-1.518170
52.000000,-1.334467,-2.460533,-0.238560,-1.531390
52.010000,-1.358037,-2.372320,-0.355415,-1.542591
52.020000,-1.379015,-2.144037,-0.688612,-1.551227
52.030000,-1.399298,-2.147619,-0.501852,-1.558625
52.040000,-1.417937,-1.852421,-0.912003,-1.564333
52.050000,-1.434939,-1.690100,-0.888444,-1.568285
52.060000,-1.451065,-1.485931,-0.459839,-1.570372
52.070000,-1.465159,-1.425044,-0.527182,-1.570692
52.080000,-1.477415,-1.230031,-0.363139,-1.569571
52.090000,-1.488420,-0.917607,0.033783,-1.566977
52.100000,-1.497816,-0.912559,-0.160439,-1.562761
52.110000,-1.505031,-0.634930,0.135530,-1.556846
52.120000,-1.511365,-0.489814,-0.319748,-1.549546
52.130000,-1.515774,-0.452747,0.070415,-1.540662
52.140000,-1.518845,-0.202801,-0.356157,-1.530071
52.150000,-1.519608,-0.030769,-0.504956,-1.518921
52.160000,-1.519608,0.013187,0.276923,-1.506178
52.170000,-1.519226,0.013701,0.958646,-1.490755
52.180000,-1.518507,0.107886,1.261538,-1.475054
52.190000,-1.517015,0.232852,1.446154,-1.457857
52.200000,-1.514092,0.338462,1.462800,-1.439228
52.210000,-1.510484,0.471378,2.234862,-1.417420
52.220000,-1.504090,0.570771,1.534827,-1.397227
52.230000,-1.496487,0.957714,1.384615,-1.374938
52.240000,-1.486964,0.907135,2.010724,-1.348596
52.250000,-1.475085,1.323928,1.756373,-1.319220
52.260000,-1.462455,1.419354,1.703422,-1.287953
52.270000,-1.447039,1.799588,2.054426,-1.257904
52.280000,-1.428311,1.827236,2.443516,-1.228048
52.290000,-1.409361,2.035165,1.938462,-1.196796
52.300000,-1.390285,2.230017,1.894715,-1.163372
52.310000,-1.368804,2.027500,1.896512,-1.128362
52.320000,-1.341761,2.471002,1.650004,-1.096969
52.330000,-1.318638,2.425392,1.405760,-1.059715
52.340000,-1.292268,2.811441,1.243113,-1.022698
52.350000,-1.264142,2.908313,2.166053,-0.984360
52.360000,-1.235880,2.655200,1.828618,-0.944168
52.370000,-1.203027,2.883307,1.786079,-0.901724
52.380000,-1.171916,3.005218,1.429293,-0.858772
52.390000,-1.140732,3.534127,1.352920,-0.810049
52.400000,-1.104735,3.367228,1.648413,-0.769438
52.410000,-1.069178,3.343687,1.478371,-0.722312
52.420000,-1.032327,3.654457,2.058440,-0.675771
52.430000,-0.993084,4.007511,1.336646,-0.625068
52.440000,-0.954843,4.017883,0.769365,-0.573399
52.450000,-0.914364,4.319659,2.270376,-0.526959
52.460000,-0.868500,4.111521,1.882689,-0.483302
52.470000,-0.828439,4.303721,1.570731,-0.435946
52.480000,-0.782538,4.526885,1.800574,-0.388124
52.490000,-0.740431,4.435026,1.178922,-0.338139
52.500000,-0.690676,4.582090,1.666128,-0.286778
52.510000,-0.647647,4.890186,1.267904,-0.234334
52.520000,-0.604549,4.516843,0.975666,-0.183188
52.530000,-0.556789,4.989575,1.507692,-0.129612
52.540000,-0.510582,4.977333,1.280819,-0.076757
52.550000,-0.459807,4.969005,1.384615,-0.030307
52.560000,-0.410772,4.847355,0.854415,0.022001
52.570000,-0.361081,5.169552,1.178145,0.077919
52.580000,-0.313208,5.022148,1.452700,0.134304
52.590000,-0.265181,5.260629,0.979840,0.185949
52.600000,-0.212484,5.262334,0.806792,0.232464
52.610000,-0.163353,4.793005,1.291574,0.278986
52.620000,-0.112829,5.172649,1.235165,0.327434
52.630000,-0.063558,5.047124,1.066664,0.379498
52.640000,-0.011484,5.044315,1.139996,0.431284
52.650000,0.038215,5.340555,1.502352,0.486755
52.660000,0.092801,5.159854,0.823273,0.533637
52.670000,0.139638,5.331378,0.781127,0.583038
52.680000,0.192707,4.787903,1.315230,0.627159
52.690000,0.239199,4.915404,1.100811,0.659520
52.700000,0.291329,4.654001,0.909476,0.694156
52.710000,0.336581,4.758683,0.261097,0.737291
52.720000,0.381902,4.432077,1.062105,0.784420
52.730000,0.428243,4.372177,0.808272,0.826670
52.740000,0.474954,4.125096,0.970753,0.870752
52.750000,0.522144,4.725308,1.506296,0.912413
52.760000,0.565749,4.738331,1.237169,0.952105
52.770000,0.609897,4.421155,0.568809,0.993166
52.780000,0.656230,4.454928,0.829865,1.029979
52.790000,0.695503,4.611717,0.387840,1.069096
52.800000,0.741764,4.142876,0.673219,1.106934
52.810000,0.780645,4.319668,0.594648,1.139980
52.820000,0.823294,4.047173,0.646154,1.177417
52.830000,0.863710,4.226392,0.355010,1.211240
52.840000,0.903608,4.170273,0.507018,1.240850
52.850000,0.941651,3.483710,1.044065,1.272189
52.860000,0.980415,3.585816,0.532679,1.302638
52.870000,1.018654,3.829647,0.646154,1.331144
52.880000,1.053641,3.784878,0.512153,1.356126
52.890000,1.088174,3.623000,-0.037439,1.381312
52.900000,1.124836,3.375149,0.953846,1.406048
52.910000,1.155164,3.086809,0.607054,1.429923
52.920000,1.188131,3.015677,0.350771,1.452049
52.930000,1.218061,3.019730,0.573714,1.468038
52.940000,1.246890,2.893832,0.515036,1.485571
52.950000,1.277980,2.929675,-0.364876,1.501567
52.960000,1.300647,2.685204,0.591056,1.514731
52.970000,1.326586,2.601075,0.727757,1.527423
52.980000,1.349683,2.338044,0.350619,1.538415
52.990000,1.371507,2.212012,0.276923,1.547906
53.000000,1.392713,2.000838,0.108520,1.555463
53.010000,1.410541,2.020149,0.429605,1.562189
53.020000,1.429577,1.855292,0.247461,1.566945
53.030000,1.445605,1.753548,0.094392,1.569626
53.040000,1.458893,1.352832,0.796158,1.570760
53.050000,1.472760,1.087415,0.496417,1.570362
53.060000,1.483327,1.139159,0.338462,1.568126
53.070000,1.493831,0.893311,0.477252,1.564532
53.080000,1.501735,0.675713,0.350535,1.559187
53.090000,1.508161,0.619702,0.400182,1.552483
53.100000,1.512358,0.417645,0.460223,1.544187
53.110000,1.516191,0.301446,0.161621,1.534278
53.120000,1.517602,0.079523,0.646154,1.527447
53.130000,1.517700,-0.018884,0.606275,1.517505
53.140000,1.517700,-0.013187,0.161037,1.505652
53.150000,1.517319,-0.057143,-0.818535,1.494757
53.160000,1.516556,-0.085810,-1.079600,1.481952
53.170000,1.515491,-0.197802,-1.461939,1.463228
53.180000,1.512866,-0.282843,-1.364516,1.444353
53.190000,1.509036,-0.467804,-1.683115,1.422362
53.200000,1.503524,-0.594115,-1.950439,1.401680
53.210000,1.496801,-0.875354,-0.804520,1.375266
53.220000,1.486938,-0.937151,-1.758698,1.351108
53.230000,1.474620,-1.225637,-1.559834,1.325053
53.240000,1.462230,-1.455937,-2.159345,1.294883
53.250000,1.446585,-1.620591,-1.847125,1.266123
53.260000,1.430967,-1.717626,-1.944833,1.233269
53.270000,1.411919,-2.063780,-1.461600,1.199689
53.280000,1.391926,-2.241113,-1.798164,1.165788
53.290000,1.368375,-2.337771,-1.809254,1.129302
53.300000,1.345299,-2.505595,-1.535131,1.090630
53.310000,1.319843,-2.489933,-2.174267,1.050315
53.320000,1.288497,-2.450322,-1.697646,1.009527
53.330000,1.263549,-3.067290,-1.583795,0.973780
53.340000,1.233050,-3.082533,-1.536481,0.933431
53.350000,1.198660,-3.427076,-1.077193,0.895593
53.360000,1.166432,-3.403773,-1.888310,0.856211
53.370000,1.130296,-3.565381,-1.293500,0.815989
53.380000,1.099429,-3.417892,-1.486788,0.774354
53.390000,1.064629,-3.677948,-1.323077,0.738472
53.400000,1.026456,-3.437951,-0.873697,0.702654
53.410000,0.990642,-3.814064,-1.363641,0.666357
53.420000,0.954394,-3.193887,-1.213253,0.623021
53.430000,0.917174,-3.443670,-1.473446,0.588764
53.440000,0.880550,-3.503011,-1.129385,0.554766
53.450000,0.846599,-3.674733,-1.016150,0.518181
53.460000,0.805778,-3.509817,-1.587751,0.483762
53.470000,0.770095,-3.428313,-1.083055,0.442371
53.480000,0.735608,-3.784026,-1.796246,0.388010
53.490000,0.695408,-3.843140,-1.445219,0.337055
53.500000,0.656629,-3.711433,-1.319919,0.288977
53.510000,0.617751,-4.292060,-1.744531,0.238183
53.520000,0.576582,-4.471534,-1.681555,0.184324
53.530000,0.534789,-4.168422,-1.661961,0.131360
53.540000,0.491165,-4.248365,-0.847991,0.080145
53.550000,0.444926,-4.792441,-2.012617,0.025403
53.560000,0.398976,-4.678258,-1.544261,-0.022736
53.570000,0.349802,-4.771288,-1.441273,-0.070567
53.580000,0.301532,-4.687360,-1.263990,-0.117252
53.590000,0.251343,-4.683594,-1.108223,-0.166886
53.600000,0.207589,-4.759606,-1.298042,-0.216141
53.610000,0.153941,-4.952250,-1.618335,-0.267915
53.620000,0.110784,-4.900358,-1.551369,-0.318983
53.630000,0.060470,-4.863306,-1.867216,-0.358918
53.640000,0.014445,-4.516808,-1.045246,-0.396377
53.650000,-0.033442,-4.924574,-0.505211,-0.428170
53.660000,-0.081653,-4.432817,-0.650343,-0.465382
53.670000,-0.124429,-4.743970,-0.503974,-0.505145
53.680000,-0.172477,-4.638171,-0.894740,-0.551921
53.690000,-0.212179,-4.461891,-1.263184,-0.592302
53.700000,-0.259071,-4.493571,-0.567548,-0.639274
53.710000,-0.304248,-4.356044,-1.295514,-0.685856
53.720000,-0.347655,-4.355586,-1.138476,-0.731356
53.730000,-0.387236,-4.240723,-1.146639,-0.771244
53.740000,-0.430485,-4.411017,-0.961403,-0.812552
53.750000,-0.476984,-4.140152,-0.894840,-0.853661
53.760000,-0.521182,-4.687726,-1.297909,-0.896128
53.770000,-0.563048,-4.591481,0.074337,-0.922247
53.780000,-0.600549,-4.543729,-0.917920,-0.956551
53.790000,-0.646186,-4.177755,-0.706953,-0.990818
53.800000,-0.684332,-3.944765,-0.853429,-1.022759
53.810000,-0.723567,-4.110053,-0.531596,-1.054309
53.820000,-0.762958,-3.903362,-0.600410,-1.083730
53.830000,-0.799133,-3.713888,-0.707692,-1.108425
53.840000,-0.837359,-3.621831,-0.571896,-1.132107
53.850000,-0.869761,-3.582977,-0.791628,-1.168895
53.860000,-0.905547,-3.260000,-0.598901,-1.202153
53.870000,-0.938125,-3.424833,-1.209200,-1.233500
53.880000,-0.973199,-3.047000,-0.999506,-1.264555
53.890000,-1.005348,-3.187395,-0.915215,-1.296200
53.900000,-1.038412,-2.894827,-1.015385,-1.326088
53.910000,-1.072871,-2.884624,-0.766929,-1.352059
53.920000,-1.103255,-3.234150,-0.527021,-1.376107
53.930000,-1.135340,-3.363465,-0.816791,-1.400042
53.940000,-1.163361,-3.163195,-0.753610,-1.422724
53.950000,-1.193041,-2.973856,-1.169308,-1.444749
53.960000,-1.222656,-2.556343,-0.936256,-1.463456
53.970000,-1.252236,-2.611683,-0.510893,-1.480013
53.980000,-1.278313,-2.702086,-0.308300,-1.497020
53.990000,-1.303825,-2.435717,0.014998,-1.510482
54.000000,-1.327846,-2.388663,-0.315790,-1.523222
54.010000,-1.351216,-2.259386,-0.544109,-1.535249
54.020000,-1.372193,-1.941062,-0.648435,-1.546173
54.030000,-1.392826,-2.061295,-0.974006,-1.554156
54.040000,-1.410943,-1.895692,-0.642378,-1.560401
54.050000,-1.428617,-1.767082,-0.585758,-1.565690
54.060000,-1.443789,-1.678396,-0.764110,-1.569163
54.070000,-1.459885,-1.413006,-0.103409,-1.570613
54.080000,-1.471703,-1.095516,-0.109661,-1.570523
54.090000,-1.483253,-1.186009,-0.189524,-1.568821
54.100000,-1.494430,-0.924389,-0.400000,-1.565475
54.110000,-1.502382,-0.696257,-0.853703,-1.561022
54.120000,-1.508768,-0.675273,-0.179470,-1.554303
54.130000,-1.513846,-0.477019,0.028896,-1.545434
54.140000,-1.517706,-0.315904,-0.151141,-1.535559
54.150000,-1.519758,-0.108312,-0.633006,-1.524434
54.160000,-1.519989,0.014762,-0.199727,-1.511620
54.170000,-1.519608,0.034380,0.389012,-1.497072
54.180000,-1.519016,0.075621,1.372070,-1.480712
54.190000,-1.517887,0.162986,1.444935,-1.463315
54.200000,-1.515181,0.320958,0.965491,-1.446628
54.210000,-1.511978,0.347253,2.115228,-1.425840
54.220000,-1.506892,0.608066,1.815385,-1.403370
54.230000,-1.500308,0.830491,2.223098,-1.382137
54.240000,-1.490656,1.034487,1.514159,-1.362494
54.250000,-1.479620,1.193748,0.429177,-1.342068
54.260000,-1.468980,1.087797,2.424007,-1.313707
54.270000,-1.454884,1.361108,1.672122,-1.282459
54.280000,-1.438689,1.652943,1.244530,-1.250771
54.290000,-1.421183,1.779643,2.614712,-1.219988
54.300000,-1.403023,1.767257,1.767405,-1.186045
54.310000,-1.383167,1.913044,1.824570,-1.161517
54.320000,-1.359649,2.273836,1.496383,-1.135311
54.330000,-1.337903,2.259271,1.662029,-1.105743
54.340000,-1.314322,2.380533,1.472708,-1.077124
54.350000,-1.289176,2.335824,0.801678,-1.050672
54.360000,-1.262278,2.504413,0.780830,-1.017863
54.370000,-1.238124,2.434759,1.225624,-0.989127
54.380000,-1.211723,2.589981,0.713127,-0.952691
54.390000,-1.184750,2.532595,2.147997,-0.906773
54.400000,-1.156581,2.964305,1.324137,-0.859096
54.410000,-1.125109,3.141596,1.494775,-0.810052
54.420000,-1.093276,3.509307,1.663739,-0.764833
54.430000,-1.059704,3.504913,1.818921,-0.717022
54.440000,-1.022780,3.580993,1.323415,-0.675118
54.450000,-0.985479,3.817432,1.188694,-0.633146
54.460000,-0.949488,3.779516,1.342807,-0.594109
54.470000,-0.908573,4.090943,1.271094,-0.556533
54.480000,-0.872059,4.148643,0.644499,-0.516756
54.490000,-0.830262,3.562756,1.573423,-0.475056
54.500000,-0.787680,3.941639,1.321226,-0.439217
54.510000,-0.752713,4.018445,0.979316,-0.393581
54.520000,-0.710515,3.882358,1.399170,-0.351642
54.530000,-0.673050,4.218789,0.402625,-0.306585
54.540000,-0.633525,4.079641,1.025651,-0.268374
54.550000,-0.591668,4.196118,0.781984,-0.224089
54.560000,-0.552086,3.798091,1.199701,-0.172346
54.570000,-0.505542,3.973370,1.373195,-0.114645
54.580000,-0.463430,4.364064,1.450506,-0.067970
54.590000,-0.421624,4.222843,1.883224,-0.016382
54.600000,-0.377303,4.705815,1.487405,0.037854
54.610000,-0.330356,4.902931,1.454029,0.089296
54.620000,-0.285464,4.564745,2.043295,0.140891
54.630000,-0.237636,4.549324,1.396098,0.191774
54.640000,-0.185345,4.696758,1.595638,0.248575
54.650000,-0.141422,4.955237,1.858940,0.302770
54.660000,-0.092255,4.861832,1.076923,0.341378
54.670000,-0.042533,5.191193,0.030806,0.377348
54.680000,0.005475,5.153066,0.252267,0.413009
54.690000,0.054087,4.789765,0.583155,0.458695
54.700000,0.105437,4.630438,0.787563,0.501812
54.710000,0.149239,4.614406,0.934014,0.551743
54.720000,0.191079,4.827292,0.861120,0.601967
54.730000,0.236423,4.846906,1.189880,0.651378
54.740000,0.288863,4.833954,1.076923,0.692937
54.750000,0.332556,4.541929,1.550185,0.743820
54.760000,0.376260,4.320665,1.192071,0.789973
54.770000,0.426889,4.351243,1.183197,0.834613
54.780000,0.470695,5.007882,1.008073,0.883289
54.790000,0.518854,4.852820,1.067697,0.928926
54.800000,0.566970,4.890718,0.770216,0.972981
54.810000,0.611127,4.361744,0.942006,1.012922
54.820000,0.658284,4.671730,0.812116,1.050606
54.830000,0.704804,4.436204,0.151016,1.085329
54.840000,0.751608,4.735755,0.909506,1.124586
54.850000,0.789703,4.190092,0.490802,1.161841
54.860000,0.836162,4.056332,0.729746,1.198991
54.870000,0.879172,4.449993,0.600780,1.233658
54.880000,0.915854,4.313275,0.727247,1.266789
54.890000,0.957709,3.554009,0.729788,1.297416
54.900000,0.997660,4.065386,0.040629,1.325397
54.910000,1.038234,3.553122,0.670862,1.351871
54.920000,1.074968,3.344827,0.516355,1.378777
54.930000,1.110217,3.513390,0.443443,1.403582
54.940000,1.142828,3.301978,0.996118,1.425842
54.950000,1.176969,3.199148,0.574200,1.446845
54.960000,1.209508,3.224614,0.252151,1.466116
54.970000,1.237979,2.953507,0.692712,1.485445
54.980000,1.265801,2.820562,1.048361,1.503245
54.990000,1.295652,2.912689,0.149705,1.516601
55.000000,1.321824,2.484060,0.486874,1.529960
55.010000,1.345642,2.570399,0.830048,1.539990
55.020000,1.367908,2.307694,0.748720,1.550123
55.030000,1.390837,1.920657,0.413554,1.557685
55.040000,1.409163,1.862881,0.924274,1.563776
55.050000,1.427066,1.847538,0.055315,1.567943
55.060000,1.443289,1.593714,0.824543,1.570275
55.070000,1.458024,1.291009,0.331527,1.570752
55.080000,1.471624,1.146309,-0.120800,1.569219
55.090000,1.482956,1.093069,0.212971,1.565937
55.100000,1.493246,0.867534,0.456740,1.560496
55.110000,1.500872,0.679424,-0.133581,1.553264
55.120000,1.506604,0.556542,0.361143,1.544843
55.130000,1.511452,0.330516,0.194792,1.534519
55.140000,1.513856,0.190397,-0.461538,1.522204
55.150000,1.514649,-0.015531,0.108716,1.508329
55.160000,1.514267,-0.040105,-0.588426,1.493583
55.170000,1.513504,-0.068685,-0.677135,1.476654
55.180000,1.512741,-0.162321,-1.082459,1.459052
55.190000,1.510130,-0.331687,-1.720543,1.439865
55.200000,1.505830,-0.500580,-1.556627,1.416118
55.210000,1.500308,-0.647790,-2.209656,1.392380
55.220000,1.492654,-0.860659,-2.218022,1.367553
55.230000,1.483486,-1.041758,-1.990425,1.341708
55.240000,1.470622,-1.174921,-1.995468,1.314458
55.250000,1.456059,-1.350273,-1.968787,1.289242
55.260000,1.440200,-1.502800,-2.423814,1.260165
55.270000,1.424857,-1.823289,-1.628591,1.230006
55.280000,1.404517,-1.961402,-2.009929,1.198735
55.290000,1.385629,-2.047164,-2.131041,1.160127
55.300000,1.360971,-2.497644,-2.248036,1.123952
55.310000,1.340620,-2.538703,-1.663673,1.087844
55.320000,1.313422,-2.565708,-1.620666,1.056115
55.330000,1.288307,-2.368248,-1.461533,1.016489
55.340000,1.258930,-3.001447,-1.535835,0.980237
55.350000,1.230977,-3.251246,-1.675796,0.941534
55.360000,1.199550,-3.292308,-2.553846,0.903766
55.370000,1.165493,-3.578186,-1.264007,0.867529
55.380000,1.136590,-3.151726,-1.343064,0.829966
55.390000,1.100296,-3.220418,-1.462886,0.782950
55.400000,1.065069,-3.803415,-1.897008,0.732680
55.410000,1.032216,-3.844082,-2.047035,0.680993
55.420000,0.994359,-3.915485,-1.881292,0.627774
55.430000,0.955915,-3.898006,-2.156595,0.568420
55.440000,0.912938,-4.260979,-2.365147,0.506640
55.450000,0.868690,-4.423698,-2.372614,0.446885
55.460000,0.826331,-4.656722,-2.128968,0.385103
55.470000,0.777567,-5.054219,-1.811995,0.320809
55.480000,0.727931,-5.117290,-2.272868,0.255814
55.490000,0.676960,-5.427650,-1.987471,0.192639
55.500000,0.622985,-5.236708,-1.698393,0.128246
55.510000,0.565474,-5.533421,-1.903458,0.067898
55.520000,0.511824,-5.853292,-1.384615,0.009856
55.530000,0.452675,-5.379671,-1.021979,-0.036918
55.540000,0.394558,-5.874493,-0.907149,-0.078058
55.550000,0.339646,-5.672107,-0.026495,-0.118584
55.560000,0.287300,-5.158912,-0.271214,-0.159443
55.570000,0.235412,-5.510369,-0.222199,-0.207039
55.580000,0.179034,-4.697689,-0.628469,-0.252420
55.590000,0.130311,-5.163041,-0.952899,-0.300012
55.600000,0.081820,-4.943618,-1.222385,-0.344085
55.610000,0.033456,-4.793881,-0.720061,-0.391433
55.620000,-0.016626,-4.993855,-1.198287,-0.445373
55.630000,-0.066073,-5.188239,-1.783359,-0.507830
55.640000,-0.115546,-5.109445,-1.705580,-0.568605
55.650000,-0.163620,-5.102447,-1.612113,-0.628036
55.660000,-0.216118,-5.531777,-2.849041,-0.688727
55.670000,-0.269075,-5.485788,-1.618617,-0.747676
55.680000,-0.329423,-5.135984,-1.569231,-0.804779
55.690000,-0.377226,-5.141673,-1.573635,-0.859926
55.700000,-0.437707,-5.609595,-1.690058,-0.914248
55.710000,-0.486870,-5.408760,-1.581960,-0.967434
55.720000,-0.542062,-5.197067,-1.129890,-1.017593
55.730000,-0.598627,-5.679152,-1.184829,-1.066184
55.740000,-0.652166,-5.385709,-0.496201,-1.113517
55.750000,-0.707247,-5.450754,-0.829115,-1.160935
55.760000,-0.759995,-5.018228,-0.589138,-1.205995
55.770000,-0.812529,-5.058694,-0.966233,-1.249454
55.780000,-0.863910,-5.080343,-0.707692,-1.290473
55.790000,-0.918021,-5.059341,-0.523077,-1.328430
55.800000,-0.965562,-5.132386,-0.200453,-1.365087
55.810000,-1.010690,-4.837396,-0.663467,-1.397775
55.820000,-1.060335,-4.703908,-0.456240,-1.427159
55.830000,-1.101692,-4.403425,-0.628333,-1.452945
55.840000,-1.149184,-4.291189,-0.171918,-1.478052
55.850000,-1.186272,-4.058112,-0.047832,-1.499617
55.860000,-1.223599,-3.594192,-0.208423,-1.519470
55.870000,-1.262561,-3.792324,-0.642447,-1.536184
55.880000,-1.295978,-3.620978,-0.030769,-1.548995
55.890000,-1.325939,-3.096327,0.224394,-1.559002
55.900000,-1.356424,-2.782194,0.053911,-1.565554
55.910000,-1.380474,-2.625335,-0.363477,-1.568621
55.920000,-1.405463,-2.047222,0.385114,-1.570133
55.930000,-1.425784,-2.070778,0.007841,-1.570790
55.940000,-1.444467,-1.705821,0.203560,-1.570188
55.950000,-1.459727,-1.472277,-0.737712,-1.568874
55.960000,-1.473530,-1.245815,-0.042901,-1.566269
55.970000,-1.485715,-0.982391,-0.163260,-1.562012
55.980000,-1.495035,-0.806657,-0.362671,-1.555789
55.990000,-1.502265,-0.592739,-0.388964,-1.547266
56.000000,-1.507914,-0.513063,-0.126250,-1.537048
56.010000,-1.511833,-0.261856,-0.221133,-1.525219
56.020000,-1.513538,-0.141974,-0.173173,-1.510947
56.030000,-1.513886,0.041791,-0.338769,-1.494249
56.040000,-1.513504,0.048352,0.949867,-1.475351
56.050000,-1.512490,0.130261,1.428116,-1.456249
56.060000,-1.510082,0.303032,1.352678,-1.435000
56.070000,-1.506137,0.497270,1.611578,-1.412494
56.080000,-1.500734,0.700746,2.222123,-1.386930
56.090000,-1.492378,0.903626,1.934924,-1.363749
56.100000,-1.482697,1.150402,1.948335,-1.338903
56.110000,-1.470839,1.173579,1.893082,-1.308989
56.120000,-1.455662,1.484193,1.740977,-1.280480
56.130000,-1.439233,1.746971,1.764547,-1.250001
56.140000,-1.423268,1.888314,1.829375,-1.217878
56.150000,-1.403288,1.872424,1.907933,-1.183257
56.160000,-1.380531,2.565266,1.840125,-1.149335
56.170000,-1.359770,2.387811,1.336685,-1.112465
56.180000,-1.333640,2.387207,2.169320,-1.071413
56.190000,-1.307383,2.738638,1.430461,-1.029574
56.200000,-1.278306,3.033525,1.742601,-0.987875
56.210000,-1.249009,3.202143,1.938462,-0.943848
56.220000,-1.216056,3.242959,2.149106,-0.903026
56.230000,-1.186069,3.340231,1.809439,-0.857441
56.240000,-1.149119,3.518761,2.089472,-0.808177
56.250000,-1.115812,3.591623,1.753388,-0.761702
56.260000,-1.075955,4.007063,1.786645,-0.715069
56.270000,-1.038989,3.945004,1.333882,-0.666874
56.280000,-0.996793,4.158174,1.912172,-0.615404
56.290000,-0.957090,4.180686,1.200000,-0.567517
56.300000,-0.914032,4.406061,1.524449,-0.519483
56.310000,-0.871370,4.367224,0.797057,-0.469744
56.320000,-0.827289,4.452547,1.543257,-0.423010
56.330000,-0.781822,4.320451,1.458242,-0.368341
56.340000,-0.734333,4.494903,1.728341,-0.316490
56.350000,-0.691342,4.501066,1.377603,-0.268238
56.360000,-0.638216,4.662892,1.507692,-0.216053
56.370000,-0.595770,5.066965,1.515326,-0.160340
56.380000,-0.542487,4.822014,1.692308,-0.109977
56.390000,-0.498096,4.766605,1.895303,-0.054023
56.400000,-0.449245,4.927030,2.104924,0.000556
56.410000,-0.399083,5.093956,1.138462,0.055353
56.420000,-0.347487,5.392788,1.276694,0.109141
56.430000,-0.292115,5.130195,1.038488,0.170723
56.440000,-0.243350,5.497449,1.069552,0.227103
56.450000,-0.190686,5.099163,1.157187,0.280195
56.460000,-0.134398,5.066763,1.222649,0.334805
56.470000,-0.084241,5.530480,1.237044,0.388085
56.480000,-0.032280,5.382930,1.046355,0.438626
56.490000,0.021426,5.406803,0.683521,0.486999
56.500000,0.072371,5.453947,0.429128,0.524900
56.510000,0.128162,5.412215,0.634911,0.569022
56.520000,0.185235,4.998088,0.625937,0.604037
56.530000,0.232764,5.128017,0.742413,0.645822
56.540000,0.278741,4.612185,0.717381,0.689147
56.550000,0.325129,4.518490,0.375229,0.719231
56.560000,0.373622,4.411391,0.378361,0.757918
56.570000,0.416724,4.797789,-0.189167,0.798625
56.580000,0.462258,4.246859,0.027526,0.833020
56.590000,0.507898,3.945953,0.828799,0.878949
56.600000,0.550454,4.487785,1.064082,0.924512
56.610000,0.591444,3.965149,0.965050,0.964612
56.620000,0.633117,4.384480,1.041469,1.004541
56.630000,0.673909,4.387058,1.300840,1.045500
56.640000,0.715402,4.006891,1.173622,1.085494
56.650000,0.758950,3.957405,0.945897,1.123287
56.660000,0.799453,4.215428,1.135540,1.162273
56.670000,0.842777,3.789838,1.223280,1.201354
56.680000,0.881596,4.168215,1.207471,1.241623
56.690000,0.923709,3.974100,1.068700,1.282659
56.700000,0.962598,4.038773,1.139718,1.322719
56.710000,1.007142,3.954970,1.560282,1.361706
56.720000,1.047524,4.174110,0.781163,1.397321
56.730000,1.084547,3.997569,0.806902,1.428003
56.740000,1.123978,3.777340,0.249327,1.456562
56.750000,1.166169,3.986640,0.584615,1.482260
56.760000,1.197734,3.783033,0.512003,1.501687
56.770000,1.234820,3.660880,0.319485,1.514433
56.780000,1.270884,3.226219,-0.030769,1.526361
56.790000,1.300374,3.123540,-0.172266,1.536996
56.800000,1.329627,2.726837,-0.195365,1.545022
56.810000,1.356574,2.230812,-0.400000,1.552566
56.820000,1.382279,2.326840,-0.515490,1.559035
56.830000,1.402669,2.180910,0.325274,1.564150
56.840000,1.421541,1.772296,0.671255,1.568048
56.850000,1.439717,1.564081,-0.162272,1.569982
56.860000,1.455474,1.436693,0.153846,1.570772
56.870000,1.469348,1.316478,0.194969,1.570332
56.880000,1.482007,1.179795,0.147414,1.568820
56.890000,1.491256,0.916448,0.422953,1.565930
56.900000,1.500289,0.782287,0.153846,1.561867
56.910000,1.506595,0.616358,0.372562,1.556433
56.920000,1.512235,0.464291,-0.199853,1.548581
56.930000,1.516923,0.313616,0.276159,1.538398
56.940000,1.518693,0.141435,0.003620,1.525690
56.950000,1.518845,-0.030788,0.461006,1.513798
56.960000,1.518463,-0.049886,-0.838610,1.499433
56.970000,1.518082,-0.057143,-1.200000,1.480760
56.980000,1.517297,-0.164152,-0.978579,1.460979
56.990000,1.514092,-0.367471,-1.765535,1.442052
57.000000,1.510310,-0.446670,-1.988495,1.419116
57.010000,1.504461,-0.596513,-1.930611,1.394809
57.020000,1.496609,-0.983897,-1.973578,1.365298
57.030000,1.485919,-1.050213,-2.224595,1.337545
57.040000,1.473351,-1.276431,-1.676377,1.308187
57.050000,1.458521,-1.626375,-1.764105,1.274999
57.060000,1.440772,-1.764673,-2.456496,1.240628
57.070000,1.422447,-1.963230,-2.042846,1.205370
57.080000,1.402447,-2.113921,-2.369231,1.165790
57.090000,1.379491,-2.395988,-2.011478,1.125681
57.100000,1.353468,-2.689582,-2.275677,1.084924
57.110000,1.326896,-2.846021,-1.576458,1.043761
57.120000,1.298059,-3.183209,-2.246154,1.002868
57.130000,1.268349,-3.070805,-1.550478,0.960266
57.140000,1.233029,-3.502227,-1.955627,0.915267
57.150000,1.197261,-3.687912,-1.076923,0.871399
57.160000,1.161629,-3.617094,-1.946696,0.829298
57.170000,1.129448,-3.914131,-1.560996,0.781205
57.180000,1.087378,-3.565475,-1.201680,0.728381
57.190000,1.048054,-4.001369,-2.189505,0.673317
57.200000,1.008090,-4.085241,-1.611641,0.626909
57.210000,0.969947,-3.874749,-1.615838,0.576097
57.220000,0.924686,-4.588275,-1.813674,0.519825
57.230000,0.882717,-4.533446,-1.539014,0.462672
57.240000,0.831330,-4.887985,-1.579472,0.411467
57.250000,0.785092,-4.562629,-1.138462,0.355870
57.260000,0.741024,-4.563283,-1.563258,0.302325
57.270000,0.691440,-5.291679,-1.392153,0.246320
57.280000,0.642981,-5.305278,-1.568887,0.195812
57.290000,0.591583,-5.233941,-0.365987,0.144067
57.300000,0.540973,-5.344620,-1.248515,0.089973
57.310000,0.486438,-5.188908,-0.955894,0.032118
57.320000,0.438840,-5.118082,-1.187388,-0.024898
57.330000,0.382968,-5.299414,-1.306398,-0.078126
57.340000,0.332127,-5.123755,-1.152263,-0.131565
57.350000,0.276736,-5.295026,-1.282797,-0.186622
57.360000,0.228017,-5.285897,-1.402404,-0.246717
57.370000,0.173873,-5.427423,-1.021615,-0.304239
57.380000,0.120300,-5.499319,-1.050203,-0.351730
57.390000,0.063994,-5.561951,-0.852489,-0.402765
57.400000,0.005348,-5.176222,-1.611936,-0.455412
57.410000,-0.044077,-4.935067,-1.688533,-0.506387
57.420000,-0.094785,-5.098619,-1.373099,-0.554750
57.430000,-0.151802,-5.336847,-0.389246,-0.605777
57.440000,-0.201640,-5.427875,-1.171668,-0.657965
57.450000,-0.253756,-5.552735,-1.261538,-0.709343
57.460000,-0.307915,-4.863394,-1.009457,-0.759110
57.470000,-0.357316,-5.039284,-0.970097,-0.805703
57.480000,-0.410296,-5.052282,-0.844107,-0.856172
57.490000,-0.464566,-5.190873,-0.876237,-0.899010
57.500000,-0.516082,-5.162335,-1.323273,-0.944661
57.510000,-0.559845,-4.600829,-0.894112,-0.989261
57.520000,-0.612707,-4.944455,-0.789464,-1.031288
57.530000,-0.660860,-4.656723,-0.992352,-1.070505
57.540000,-0.712999,-4.641669,-0.283766,-1.109168
57.550000,-0.754818,-4.819616,-0.461538,-1.144582
57.560000,-0.801359,-4.506245,-1.024390,-1.174514
57.570000,-0.846491,-4.415946,-0.924630,-1.201604
57.580000,-0.888609,-3.976701,0.400749,-1.234129
57.590000,-0.932484,-4.048241,-0.228973,-1.261485
57.600000,-0.968929,-4.119865,-0.455799,-1.288272
57.610000,-1.005740,-3.225101,-0.096945,-1.312477
57.620000,-1.042760,-3.294818,-0.179290,-1.334090
57.630000,-1.078867,-3.483772,-0.707692,-1.360730
57.640000,-1.111387,-3.386141,-0.558661,-1.383753
57.650000,-1.141691,-2.805813,-0.687212,-1.402265
57.660000,-1.172039,-3.120014,-0.387882,-1.421456
57.670000,-1.203872,-2.706736,-0.728056,-1.440694
57.680000,-1.229404,-2.744203,-0.611376,-1.458327
57.690000,-1.256563,-2.346233,-0.765738,-1.477990
57.700000,-1.281979,-2.556427,-0.830769,-1.496143
57.710000,-1.304903,-2.221794,-0.651441,-1.512767
57.720000,-1.328964,-2.326104,-0.511461,-1.528009
57.730000,-1.353964,-1.916169,-0.571215,-1.539778
57.740000,-1.374986,-2.206219,-0.639237,-1.550423
57.750000,-1.394457,-1.980368,-0.352744,-1.558759
57.760000,-1.412693,-1.827811,-0.432288,-1.564902
57.770000,-1.430921,-1.670221,-0.676379,-1.568662
57.780000,-1.447755,-1.539726,-0.053249,-1.570518
57.790000,-1.462423,-1.417919,-0.739681,-1.570576
57.800000,-1.475687,-1.282884,-0.608405,-1.569075
57.810000,-1.485863,-0.983858,-0.182011,-1.565780
57.820000,-1.494952,-0.819236,-0.306280,-1.560575
57.830000,-1.503490,-0.593981,-0.546083,-1.552864
57.840000,-1.509049,-0.598719,-0.160453,-1.544432
57.850000,-1.513504,-0.388452,-0.927250,-1.532757
57.860000,-1.516303,-0.183001,-0.133752,-1.518818
57.870000,-1.516938,0.013931,-0.220596,-1.503887
57.880000,-1.516556,0.030769,0.791222,-1.488227
57.890000,-1.516175,0.064906,1.281514,-1.470129
57.900000,-1.514649,0.222813,1.351706,-1.451561
57.910000,-1.511957,0.304277,1.938462,-1.427127
57.920000,-1.507831,0.574691,2.057572,-1.400612
57.930000,-1.501119,0.757019,2.705697,-1.373479
57.940000,-1.491753,1.054437,1.963313,-1.347204
57.950000,-1.479865,1.360653,1.550224,-1.318954
57.960000,-1.465617,1.587333,1.942102,-1.286182
57.970000,-1.450445,1.657029,2.108815,-1.252099
57.980000,-1.430981,2.093629,1.907541,-1.215162
57.990000,-1.411699,2.310656,2.701563,-1.175400
58.000000,-1.389878,2.472126,2.297451,-1.136289
58.010000,-1.365611,2.594642,2.491223,-1.094684
58.020000,-1.335865,2.534127,2.000000,-1.051802
58.030000,-1.309008,3.095058,1.323077,-1.014237
58.040000,-1.276969,3.339168,1.561824,-0.968709
58.050000,-1.245977,3.385165,1.951922,-0.918380
58.060000,-1.209739,3.570155,1.642297,-0.872177
58.070000,-1.176820,3.809061,1.531714,-0.820380
58.080000,-1.138716,3.698349,1.352517,-0.768017
58.090000,-1.099141,3.947057,1.863958,-0.712609
58.100000,-1.057726,4.197965,1.604559,-0.658785
58.110000,-1.011650,4.695741,2.617809,-0.610097
58.120000,-0.970449,4.493583,1.329765,-0.561986
58.130000,-0.924552,4.272321,0.870474,-0.523246
58.140000,-0.882737,4.696974,1.084243,-0.479696
58.150000,-0.836320,4.092721,1.100217,-0.437496
58.160000,-0.792570,4.557046,0.768518,-0.389346
58.170000,-0.745836,4.691346,0.996543,-0.344942
58.180000,-0.696822,4.857732,0.480494,-0.306165
58.190000,-0.653841,4.636103,1.025612,-0.261097
58.200000,-0.606646,4.367347,0.891656,-0.208898
58.210000,-0.562486,4.584615,1.507692,-0.153583
58.220000,-0.519248,4.879328,1.060712,-0.099575
58.230000,-0.469986,4.245363,1.692308,-0.042206
58.240000,-0.426630,5.016932,1.310942,0.008433
58.250000,-0.377035,4.518986,0.942917,0.061083
58.260000,-0.325162,4.880184,0.971939,0.115927
58.270000,-0.273929,5.051943,2.021405,0.170734
58.280000,-0.223269,4.687657,1.087224,0.223859
58.290000,-0.174247,5.196665,1.033623,0.277352
58.300000,-0.126029,4.964427,1.058545,0.333597
58.310000,-0.071895,4.689997,1.530807,0.390446
58.320000,-0.024023,5.467739,0.882968,0.441997
58.330000,0.033640,5.379833,1.251581,0.498375
58.340000,0.085047,4.975586,0.876555,0.554481
58.350000,0.139259,5.538077,0.666565,0.601186
58.360000,0.190161,5.162780,0.964859,0.651512
58.370000,0.244026,4.921326,1.255120,0.698450
58.380000,0.294771,5.397841,0.464808,0.749901
58.390000,0.346673,5.331891,1.281066,0.798133
58.400000,0.399035,5.063382,0.858024,0.848340
58.410000,0.450210,5.264639,0.850830,0.887165
58.420000,0.499442,4.999887,0.564558,0.922784
58.430000,0.550687,4.409178,0.461538,0.957307
58.440000,0.596850,4.427184,0.110071,0.991599
58.450000,0.647252,4.386829,0.219595,1.027290
58.460000,0.689041,4.647120,0.638547,1.063742
58.470000,0.734069,4.157356,-0.007820,1.098589
58.480000,0.780441,4.243756,0.669154,1.134892
58.490000,0.819503,3.960235,0.686941,1.167473
58.500000,0.858894,3.786553,1.125814,1.201913
58.510000,0.899557,3.893137,0.798051,1.231365
58.520000,0.934530,3.743547,0.344133,1.260699
58.530000,0.975311,3.336801,0.618672,1.291474
58.540000,1.010070,3.355401,0.617254,1.317750
58.550000,1.048595,3.280504,0.468569,1.339680
58.560000,1.080938,3.595091,0.306984,1.361417
58.570000,1.113495,3.515947,-0.251776,1.384672
58.580000,1.143805,3.124510,0.206291,1.406197
58.590000,1.177057,2.992531,0.876277,1.424139
58.600000,1.204241,2.602176,0.461538,1.442125
58.610000,1.230483,2.798464,-0.028142,1.460134
58.620000,1.257823,2.267212,0.504472,1.475821
58.630000,1.282717,2.285474,0.314135,1.490983
58.640000,1.307490,2.323324,0.518977,1.503380
58.650000,1.328153,2.283188,-0.000921,1.513515
58.660000,1.350798,2.190135,0.212238,1.522654
58.670000,1.370979,1.915809,0.338462,1.533610
58.680000,1.389383,1.743025,0.749078,1.543701
58.690000,1.406042,1.470622,0.740952,1.552446
58.700000,1.421303,1.458545,0.768149,1.559044
58.710000,1.437631,1.471998,0.212252,1.564357
58.720000,1.451645,1.338122,0.545734,1.568669
58.730000,1.464618,1.258889,0.132789,1.570639
58.740000,1.476509,1.104028,0.433966,1.570528
58.750000,1.487518,0.888912,0.523077,1.568488
58.760000,1.496103,0.852382,0.532684,1.564199
58.770000,1.503778,0.590494,0.584991,1.557860
58.780000,1.509308,0.523077,0.149912,1.550019
58.790000,1.513764,0.401992,0.131709,1.539765
58.800000,1.517150,0.173370,0.331589,1.527545
58.810000,1.517700,0.002012,0.234940,1.512292
58.820000,1.517319,-0.049014,-0.290838,1.496269
58.830000,1.516594,-0.084384,-1.058704,1.477927
58.840000,1.515285,-0.203685,-1.240723,1.460727
58.850000,1.512599,-0.309868,-1.638224,1.439936
58.860000,1.509048,-0.477488,-2.277259,1.414283
58.870000,1.503275,-0.622844,-2.201796,1.387190
58.880000,1.494175,-0.956793,-2.184615,1.359701
58.890000,1.483585,-1.231761,-2.220585,1.330236
58.900000,1.471303,-1.345614,-2.115393,1.297629
58.910000,1.455329,-1.486820,-2.223049,1.262703
58.920000,1.436927,-1.813858,-2.480477,1.226510
58.930000,1.417466,-2.213447,-2.214942,1.187187
58.940000,1.394729,-2.560637,-2.460087,1.149765
58.950000,1.371773,-2.368395,-2.025186,1.108649
58.960000,1.345121,-2.934505,-1.806130,1.066988
58.970000,1.316615,-3.021325,-1.811551,1.022983
58.980000,1.287654,-2.677639,-1.999650,0.975935
58.990000,1.253144,-3.026639,-1.736771,0.931575
59.000000,1.220911,-3.203761,-0.973668,0.880896
59.010000,1.181985,-3.726875,-1.948554,0.833691
59.020000,1.143964,-3.796682,-1.682655,0.784016
59.030000,1.109021,-4.212496,-1.812356,0.735894
59.040000,1.068620,-4.258150,-1.991136,0.680335
59.050000,1.024819,-4.252312,-1.486257,0.627490
59.060000,0.982473,-4.681238,-2.061160,0.572063
59.070000,0.936948,-4.637971,-1.050589,0.519443
59.080000,0.887220,-4.548232,-1.619709,0.466738
59.090000,0.844058,-4.957439,-1.195669,0.408447
59.100000,0.792886,-4.907832,-1.457063,0.355623
59.110000,0.746545,-5.261638,-1.607539,0.299105
59.120000,0.694999,-4.927901,-1.026022,0.241037
59.130000,0.644177,-5.419293,-1.536216,0.186246
59.140000,0.592413,-5.489748,-1.678383,0.130922
59.150000,0.539230,-4.824871,-1.798349,0.073030
59.160000,0.485651,-5.083117,-1.279484,0.024762
59.170000,0.431903,-5.550555,-0.999537,-0.027131
59.180000,0.382565,-5.349301,-0.568134,-0.090518
59.190000,0.328968,-5.538425,-1.178830,-0.143003
59.200000,0.276288,-5.580251,-1.230329,-0.197056
59.210000,0.215995,-5.535783,-1.283348,-0.254358
59.220000,0.165476,-5.602809,-1.334406,-0.308977
59.230000,0.110430,-5.135558,-1.044411,-0.362594
59.240000,0.054545,-5.460239,-1.328007,-0.417525
59.250000,0.004691,-5.112670,-1.145406,-0.465337
59.260000,-0.051958,-5.495993,-0.988085,-0.519909
59.270000,-0.108636,-4.871057,-1.354655,-0.572818
59.280000,-0.163435,-5.509493,-1.257830,-0.628490
59.290000,-0.210575,-5.058015,-0.986775,-0.687053
59.300000,-0.270979,-5.111875,-0.953251,-0.734605
59.310000,-0.322493,-5.423564,-0.657838,-0.780566
59.320000,-0.374727,-4.982274,-0.617347,-0.830891
59.330000,-0.425553,-4.915243,-0.666221,-0.882244
59.340000,-0.478026,-5.283633,-0.869157,-0.932614
59.350000,-0.530980,-5.198629,-0.574506,-0.975446
59.360000,-0.586752,-5.244171,-1.048938,-1.020880
59.370000,-0.633874,-5.425910,-0.619726,-1.065785
59.380000,-0.684840,-5.067710,-0.664791,-1.106789
59.390000,-0.733539,-5.109774,-0.367608,-1.147125
59.400000,-0.784621,-5.066731,-0.617545,-1.185649
59.410000,-0.831685,-4.883728,-0.496004,-1.223930
59.420000,-0.875463,-4.438964,-0.619174,-1.259078
59.430000,-0.923058,-4.310401,-0.249948,-1.294169
59.440000,-0.965841,-4.444757,-0.803339,-1.327557
59.450000,-1.007271,-3.870283,-0.441033,-1.356187
59.460000,-1.049186,-3.965434,-0.889997,-1.386042
59.470000,-1.090416,-3.809870,-0.935776,-1.409854
59.480000,-1.125518,-3.658305,0.332289,-1.435581
59.490000,-1.166112,-3.438061,-0.302965,-1.458381
59.500000,-1.200364,-3.383268,-0.130124,-1.479423
59.510000,-1.236121,-3.354295,0.152590,-1.497840
59.520000,-1.263703,-3.212138,-0.635669,-1.515764
59.530000,-1.296724,-3.051273,-0.394174,-1.529917
59.540000,-1.325545,-2.721205,0.116695,-1.542116
59.550000,-1.349169,-2.604169,-0.117180,-1.552043
59.560000,-1.374516,-2.169994,-0.373417,-1.559845
59.570000,-1.396671,-2.062322,-0.987963,-1.565578
59.580000,-1.415880,-2.074208,-0.190046,-1.568989
59.590000,-1.435409,-1.720746,-0.912163,-1.570672
59.600000,-1.451918,-1.597993,0.053177,-1.570312
59.610000,-1.466220,-1.567252,-0.208966,-1.567648
59.620000,-1.478818,-1.146613,-0.227332,-1.562802
59.630000,-1.488871,-0.898225,-0.054975,-1.555011
59.640000,-1.497444,-0.794727,-0.457444,-1.545812
59.650000,-1.503926,-0.444905,-0.756804,-1.534282
59.660000,-1.508310,-0.391442,0.103310,-1.521358
59.670000,-1.510608,-0.125508,0.142500,-1.507368
59.680000,-1.510834,0.023919,0.009999,-1.490566
59.690000,-1.510452,0.062156,0.962492,-1.469430
59.700000,-1.509212,0.202210,1.507692,-1.446903
59.710000,-1.506148,0.366113,1.603925,-1.424696
59.720000,-1.501945,0.523077,2.497984,-1.396685
59.730000,-1.494565,0.778383,1.912256,-1.369812
59.740000,-1.486306,0.858817,2.508915,-1.338126
59.750000,-1.474444,1.351524,1.834734,-1.305518
59.760000,-1.459042,1.611151,1.953620,-1.271716
59.770000,-1.443500,1.766261,1.446154,-1.237169
59.780000,-1.424288,2.032636,1.697210,-1.201638
59.790000,-1.403059,1.897269,1.903883,-1.167874
59.800000,-1.378601,2.529467,2.030750,-1.133476
59.810000,-1.355448,2.523455,1.919005,-1.095528
59.820000,-1.329351,2.751695,1.566978,-1.052556
59.830000,-1.301751,2.850708,2.553846,-1.004297
59.840000,-1.269017,3.130637,2.368694,-0.955354
59.850000,-1.237269,3.297541,1.507692,-0.907328
59.860000,-1.204928,3.719255,1.492097,-0.862567
59.870000,-1.169282,3.678388,1.906229,-0.812544
59.880000,-1.131310,3.751143,1.789218,-0.758396
59.890000,-1.089147,3.857026,1.312955,-0.708458
59.900000,-1.050201,3.924248,1.651901,-0.654930
59.910000,-1.006515,4.282588,2.085684,-0.602093
59.920000,-0.963070,4.684136,1.739853,-0.549606
59.930000,-0.915899,4.568493,1.606415,-0.501068
59.940000,-0.870354,4.268960,1.630769,-0.449978
59.950000,-0.825006,4.906574,2.044667,-0.395776
59.960000,-0.776258,4.522573,1.072426,-0.340667
59.970000,-0.730734,5.112901,1.977227,-0.284370
59.980000,-0.679806,5.370212,1.690866,-0.228252
59.990000,-0.631269,5.340191,1.445611,-0.177956
60.000000,-0.574378,4.827480,0.979996,-0.123224
60.010000,-0.529962,5.248571,0.956216,-0.066739
60.020000,-0.475796,5.397935,1.815385,-0.005188
60.030000,-0.425395,5.178901,1.444859,0.047777
60.040000,-0.371802,5.428680,2.340159,0.110635
60.050000,-0.318568,5.089215,1.621616,0.169753
60.060000,-0.260823,5.550424,1.211968,0.227656
60.070000,-0.204993,5.441493,0.982557,0.285003
60.080000,-0.151181,5.545210,1.017880,0.341143
60.090000,-0.096350,5.716913,1.615096,0.404398
60.100000,-0.039581,5.394851,1.034066,0.462331
60.110000,0.016345,5.259332,0.745028,0.518004
60.120000,0.079895,5.834029,0.787303,0.575116
60.130000,0.133311,6.024037,1.154819,0.624386
60.140000,0.189534,5.589165,0.869844,0.665210
60.150000,0.247739,5.770264,0.487785,0.708267
60.160000,0.297215,5.371582,0.783267,0.753945
60.170000,0.351329,5.104020,0.284388,0.795875
60.180000,0.402526,5.364297,0.628707,0.837005
60.190000,0.455751,5.067423,0.228152,0.878940
60.200000,0.504398,4.669721,-0.021701,0.909864
60.210000,0.553182,4.819774,0.303702,0.945751
60.220000,0.599875,4.614386,0.352049,0.985498
60.230000,0.646126,4.479041,0.685230,1.024217
60.240000,0.689567,4.423265,0.757499,1.065225
60.250000,0.733671,4.559390,0.921126,1.103197
60.260000,0.772270,4.132365,0.675164,1.137426
60.270000,0.814741,4.074069,0.072102,1.165060
60.280000,0.856878,3.910429,0.830769,1.198900
60.290000,0.896293,3.843100,1.200000,1.237541
60.300000,0.935951,3.913027,1.212345,1.276671
60.310000,0.973142,3.747227,1.110287,1.308188
60.320000,1.014370,3.822079,0.711514,1.338630
60.330000,1.048631,3.917762,0.887833,1.368557
60.340000,1.087372,3.809883,0.105942,1.397919
60.350000,1.122606,3.554301,0.364456,1.423309
60.360000,1.156025,3.451027,0.337626,1.446938
60.370000,1.189883,3.233153,0.752548,1.467108
60.380000,1.222511,3.129073,0.338462,1.486308
60.390000,1.254663,2.880396,0.226800,1.503206
60.400000,1.285690,2.969327,0.284807,1.518478
60.410000,1.310730,2.466741,0.179591,1.533056
60.420000,1.337303,2.507446,0.148443,1.544273
60.430000,1.361594,2.531698,0.055759,1.553949
60.440000,1.386202,2.182869,0.153846,1.561691
60.450000,1.406486,1.702184,0.435972,1.566994
60.460000,1.424898,1.696067,-0.037347,1.570286
60.470000,1.442260,1.573297,-0.001884,1.570500
60.480000,1.458214,1.336631,0.273076,1.567890
60.490000,1.471409,1.231641,-0.286106,1.561794
60.500000,1.482608,1.133947,-0.307971,1.552965
60.510000,1.491071,0.805252,0.052549,1.544075
60.520000,1.498381,0.684897,-0.085009,1.535818
60.530000,1.502908,0.317465,0.680795,1.524434
60.540000,1.505483,0.206593,0.180005,1.511811
60.550000,1.506638,0.026577,-0.194801,1.499643
60.560000,1.506638,-0.030141,-0.008785,1.486982
60.570000,1.506256,-0.048016,-0.842521,1.471889
60.580000,1.505372,-0.127473,-1.635678,1.456317
60.590000,1.503713,-0.203668,-2.307915,1.434648
60.600000,1.500348,-0.447832,-1.937006,1.407970
60.610000,1.494104,-0.685955,-1.648677,1.377681
60.620000,1.487152,-0.849593,-2.993303,1.343697
60.630000,1.475786,-1.295872,-2.292174,1.309487
60.640000,1.462585,-1.569421,-2.184615,1.274911
60.650000,1.444451,-1.983327,-2.308753,1.236626
60.660000,1.426751,-1.994735,-1.421469,1.206766
60.670000,1.404917,-1.914218,-1.845022,1.181901
60.680000,1.382792,-2.218767,-1.428047,1.148161
60.690000,1.358356,-2.559019,-1.412381,1.114493
60.700000,1.331459,-2.762031,-1.808841,1.077983
60.710000,1.306285,-2.532506,-1.322943,1.039248
60.720000,1.278750,-2.885207,-1.474554,1.001042
60.730000,1.251399,-3.015403,-1.884858,0.960982
60.740000,1.222014,-2.799841,-1.023034,0.917135
60.750000,1.188468,-3.082072,-1.891595,0.872804
60.760000,1.155203,-3.540660,-2.123077,0.830316
60.770000,1.118318,-3.410925,-1.609414,0.788935
60.780000,1.085145,-3.796460,-2.279886,0.735529
60.790000,1.047649,-3.718491,-1.955002,0.678255
60.800000,1.004556,-3.600609,-1.708357,0.627160
60.810000,0.964780,-4.104831,-1.953130,0.569737
60.820000,0.921588,-4.439995,-2.110943,0.510225
60.830000,0.880632,-4.839466,-2.092825,0.449919
60.840000,0.834517,-4.454260,-1.918855,0.390476
60.850000,0.786151,-4.863979,-1.750933,0.331592
60.860000,0.734286,-5.098156,-1.807467,0.272917
60.870000,0.681637,-5.161343,-1.255556,0.216808
60.880000,0.631122,-5.516562,-1.858544,0.164410
60.890000,0.577071,-5.500988,-0.617114,0.123686
60.900000,0.528181,-5.243850,-1.094399,0.078289
60.910000,0.475375,-5.391212,-0.560841,0.033534
60.920000,0.420344,-4.966810,-0.583118,-0.009692
60.930000,0.371781,-4.911972,-1.227281,-0.054687
60.940000,0.319798,-5.088872,-0.914415,-0.100206
60.950000,0.270010,-5.082363,-0.931407,-0.146970
60.960000,0.225037,-4.744663,-0.864698,-0.199668
60.970000,0.175915,-4.895442,-1.278261,-0.253085
60.980000,0.129969,-5.025742,-2.042378,-0.309968
60.990000,0.078903,-5.057499,-1.521541,-0.370718
61.000000,0.026718,-5.240600,-1.630769,-0.430248
61.010000,-0.020822,-5.081226,-1.350707,-0.486351
61.020000,-0.073601,-5.456992,-2.025290,-0.544898
61.030000,-0.124934,-4.989076,-0.523176,-0.603839
61.040000,-0.181588,-5.393336,-1.293466,-0.658720
61.050000,-0.233597,-5.287006,-1.422371,-0.709694
61.060000,-0.290276,-5.093214,-1.279147,-0.760832
61.070000,-0.344403,-5.323252,-1.040070,-0.814592
61.080000,-0.400651,-5.463337,-0.791678,-0.867271
61.090000,-0.451058,-5.495918,-1.320010,-0.917821
61.100000,-0.507254,-5.514579,-0.931009,-0.965090
61.110000,-0.564055,-5.655296,-0.517331,-1.012899
61.120000,-0.616312,-5.564589,-1.216583,-1.055962
61.130000,-0.669162,-5.578726,-0.408177,-1.095325
61.140000,-0.713359,-4.950540,-0.253863,-1.138526
61.150000,-0.764089,-5.069578,-0.829004,-1.178230
61.160000,-0.817441,-4.910070,-0.707692,-1.214670
61.170000,-0.862691,-4.867829,-0.272943,-1.250289
61.180000,-0.907386,-4.766210,-0.104012,-1.284115
61.190000,-0.954190,-4.338252,-0.599231,-1.316641
61.200000,-0.995210,-4.357317,-0.561131,-1.349480
61.210000,-1.038567,-4.223500,-0.755030,-1.378143
61.220000,-1.075779,-3.772680,-0.338462,-1.402032
61.230000,-1.117516,-3.965576,0.119879,-1.428029
61.240000,-1.155800,-3.514167,-0.888624,-1.453076
61.250000,-1.190722,-3.191209,-0.075471,-1.475463
61.260000,-1.223602,-3.133280,-0.410718,-1.494905
61.270000,-1.255089,-3.117152,-0.402254,-1.512939
61.280000,-1.287894,-2.813643,0.047744,-1.528303
61.290000,-1.317044,-2.914286,-0.092308,-1.540867
61.300000,-1.341992,-2.680187,-0.189278,-1.551564
61.310000,-1.368086,-2.673982,-0.130617,-1.559649
61.320000,-1.391024,-2.233028,-0.199071,-1.565322
61.330000,-1.413351,-2.043363,-0.157996,-1.569110
61.340000,-1.430715,-1.893201,-0.156889,-1.570748
61.350000,-1.448576,-1.716856,-0.264555,-1.570021
61.360000,-1.463217,-1.379680,-0.324118,-1.567169
61.370000,-1.476556,-1.242668,-0.004377,-1.561776
61.380000,-1.487358,-0.846573,-0.478829,-1.555008
61.390000,-1.496338,-0.726770,-0.148612,-1.548087
61.400000,-1.502865,-0.483030,-0.119660,-1.538656
61.410000,-1.506518,-0.451885,-0.322775,-1.528013
61.420000,-1.510071,-0.170818,-0.030769,-1.514876
61.430000,-1.510834,-0.018226,-0.637147,-1.499466
61.440000,-1.510697,0.021978,0.498017,-1.482105
61.450000,-1.510071,0.099842,1.138412,-1.464383
61.460000,-1.508575,0.237566,1.342640,-1.446683
61.470000,-1.505648,0.315413,2.093145,-1.426457
61.480000,-1.501647,0.473736,1.878178,-1.403344
61.490000,-1.494295,0.661990,1.551525,-1.381517
61.500000,-1.485791,0.765590,2.430769,-1.358171
61.510000,-1.475607,1.121133,1.631213,-1.328658
61.520000,-1.463624,1.372749,2.019806,-1.301898
61.530000,-1.450446,1.483555,2.548751,-1.272362
61.540000,-1.434265,1.588185,2.439111,-1.241977
61.550000,-1.415400,1.986892,2.616887,-1.216060
61.560000,-1.397637,1.979894,1.498034,-1.183890
61.570000,-1.375568,2.075973,1.623780,-1.145557
61.580000,-1.353509,2.252308,1.731026,-1.114011
61.590000,-1.329060,2.413925,1.760197,-1.078945
61.600000,-1.303714,2.506557,2.150986,-1.043411
61.610000,-1.277568,2.933308,1.989002,-0.995489
61.620000,-1.248481,2.925846,1.948635,-0.953342
61.630000,-1.219768,2.682933,1.815385,-0.904673
61.640000,-1.186585,3.202785,1.789655,-0.853915
61.650000,-1.152505,3.535570,2.106555,-0.804127
61.660000,-1.115182,3.562873,1.776567,-0.756556
61.670000,-1.074344,3.771364,1.738899,-0.705820
61.680000,-1.036566,3.641918,1.676199,-0.650774
61.690000,-0.995857,4.032693,1.706471,-0.596988
61.700000,-0.954338,4.117841,1.357101,-0.540171
61.710000,-0.909737,4.737848,2.062656,-0.481847
61.720000,-0.859950,4.843052,1.961134,-0.427056
61.730000,-0.812271,4.886702,1.581236,-0.367067
61.740000,-0.760724,5.104007,1.874887,-0.307567
61.750000,-0.716274,4.686659,1.677445,-0.249794
61.760000,-0.664687,5.549557,2.624488,-0.196342
61.770000,-0.611549,5.586092,1.304126,-0.140217
61.780000,-0.557759,5.624230,1.989999,-0.074785
61.790000,-0.505187,5.493926,1.939837,-0.015615
61.800000,-0.450209,5.010459,1.507692,0.047075
61.810000,-0.392887,5.581676,1.303981,0.104681
61.820000,-0.337874,5.670357,1.051052,0.161357
61.830000,-0.281596,5.824710,1.492547,0.219943
61.840000,-0.222528,5.358819,1.496690,0.277489
61.850000,-0.166645,5.720691,1.066361,0.335167
61.860000,-0.105845,5.695415,0.771655,0.394452
61.870000,-0.051479,5.957627,1.104921,0.457323
61.880000,0.003744,5.999884,0.728340,0.518043
61.890000,0.066132,5.964481,0.973946,0.571654
61.900000,0.124450,6.115360,1.173156,0.627709
61.910000,0.180092,5.739695,1.475335,0.679938
61.920000,0.235844,5.796921,0.715565,0.728017
61.930000,0.298752,5.914023,0.294336,0.776859
61.940000,0.354262,5.832789,0.047169,0.821527
61.950000,0.408039,5.300765,0.769231,0.862568
61.960000,0.462317,5.199598,-0.188347,0.897620
61.970000,0.512225,5.150939,-0.011588,0.930024
61.980000,0.560991,4.545364,-0.062931,0.969222
61.990000,0.610379,4.855934,0.449738,1.003283
62.000000,0.656950,4.334764,0.050899,1.035514
62.010000,0.702425,4.304741,0.037830,1.071629
62.020000,0.744822,4.303858,0.346034,1.107438
62.030000,0.784543,4.014040,0.965135,1.135117
62.040000,0.829214,3.870884,0.816942,1.172981
62.050000,0.871132,4.084203,0.805155,1.212576
62.060000,0.909328,3.636664,0.872830,1.250062
62.070000,0.945201,4.112809,0.638493,1.284164
62.080000,0.983543,4.031431,1.233978,1.314249
62.090000,1.020540,3.703701,0.798073,1.344201
62.100000,1.059104,3.477032,0.953464,1.376179
62.110000,1.098689,3.591209,0.673904,1.401106
62.120000,1.133544,3.666629,0.522505,1.427072
62.130000,1.165141,3.463560,1.067077,1.452249
62.140000,1.200564,3.344798,0.523978,1.473292
62.150000,1.232681,3.283556,0.338186,1.493408
62.160000,1.261121,3.001862,0.559138,1.512182
62.170000,1.290119,2.470710,0.232536,1.527575
62.180000,1.320463,2.616401,0.281009,1.540982
62.190000,1.344156,2.617394,0.655823,1.551554
62.200000,1.369579,2.457773,0.373664,1.558928
62.210000,1.391367,2.058645,0.269239,1.565221
62.220000,1.414361,1.903739,0.165715,1.569196
62.230000,1.432260,1.874525,-0.101257,1.570768
62.240000,1.449138,1.551648,-0.301716,1.569876
62.250000,1.463827,1.418885,-0.466552,1.566456
62.260000,1.476238,1.176859,-0.088719,1.560612
62.270000,1.487307,0.906208,0.256774,1.552140
62.280000,1.495344,0.748173,-0.606070,1.541952
62.290000,1.501511,0.474431,0.090675,1.529216
62.300000,1.504852,0.248142,-0.142490,1.514167
62.310000,1.506638,0.087639,-0.251883,1.496900
62.320000,1.506638,-0.049961,-0.015178,1.478657
62.330000,1.505673,-0.119198,-1.442534,1.456142
62.340000,1.504349,-0.201767,-1.520997,1.434321
62.350000,1.501706,-0.414442,-2.492302,1.408385
62.360000,1.495371,-0.727892,-1.876923,1.382901
62.370000,1.487465,-0.844448,-1.956753,1.364705
62.380000,1.478078,-1.145229,-1.437963,1.342596
62.390000,1.466644,-1.258163,-1.730220,1.317847
62.400000,1.452771,-1.406623,-1.938462,1.291316
62.410000,1.438741,-1.346471,-1.934366,1.262686
62.420000,1.422501,-1.485946,-1.500758,1.234224
62.430000,1.404184,-1.882681,-1.969902,1.199486
62.440000,1.382812,-2.087721,-1.826756,1.166343
62.450000,1.363302,-2.344955,-1.522159,1.124857
62.460000,1.340529,-2.430429,-1.755647,1.081115
62.470000,1.313990,-2.879961,-2.089368,1.035472
62.480000,1.283879,-2.914014,-1.650496,0.989451
62.490000,1.256565,-3.209139,-2.076517,0.940170
62.500000,1.224562,-3.329431,-1.828316,0.890514
62.510000,1.189079,-3.435247,-2.039768,0.844555
62.520000,1.148409,-3.746546,-1.841233,0.791037
62.530000,1.111075,-3.970969,-2.352674,0.737942
62.540000,1.073967,-4.014104,-1.622329,0.687453
62.550000,1.031878,-4.379146,-1.693735,0.630373
62.560000,0.986085,-4.157576,-1.770431,0.571762
62.570000,0.940198,-4.588434,-1.225879,0.516886
62.580000,0.893046,-5.037429,-1.505300,0.462544
62.590000,0.847752,-4.819420,-1.520054,0.405056
62.600000,0.795668,-5.268468,-1.568145,0.347361
62.610000,0.745480,-5.433151,-1.686795,0.292611
62.620000,0.698164,-5.281319,-1.466662,0.230439
62.630000,0.647191,-5.133878,-1.333188,0.175765
62.640000,0.589829,-5.176312,-1.579851,0.116030
62.650000,0.540248,-5.508788,-1.415796,0.056389
62.660000,0.481383,-5.464706,-1.463801,-0.002240
62.670000,0.426576,-5.799441,-1.661406,-0.068073
62.680000,0.373598,-5.650627,-1.357578,-0.126482
62.690000,0.317239,-5.884732,-1.883802,-0.186135
62.700000,0.256085,-5.850459,-1.072390,-0.240108
62.710000,0.200753,-6.028366,-1.280334,-0.296772
62.720000,0.146020,-5.899767,-1.313442,-0.356583
62.730000,0.081813,-5.949163,-1.311151,-0.412691
62.740000,0.030026,-5.325889,-1.076923,-0.470775
62.750000,-0.027267,-5.862043,-1.406920,-0.532520
62.760000,-0.086773,-6.007027,-1.094227,-0.589349
62.770000,-0.141535,-5.758680,-1.282679,-0.643479
62.780000,-0.201355,-5.974808,-1.208144,-0.700132
62.790000,-0.258353,-5.801470,-0.953846,-0.753990
62.800000,-0.313193,-5.848336,-0.529633,-0.802221
62.810000,-0.375523,-5.265605,-0.840868,-0.853923
62.820000,-0.426071,-5.748082,-0.831174,-0.902904
62.830000,-0.484894,-5.570590,0.274403,-0.951938
62.840000,-0.538726,-5.341865,-0.316440,-0.999463
62.850000,-0.595547,-5.231335,-0.347345,-1.048045
62.860000,-0.645482,-5.404800,-0.591273,-1.094733
62.870000,-0.697329,-4.675859,-0.491327,-1.130676
62.880000,-0.750013,-5.154442,-0.400000,-1.172541
62.890000,-0.804943,-4.905123,-0.642433,-1.210567
62.900000,-0.851694,-4.799677,-0.744992,-1.250675
62.910000,-0.899416,-4.781406,-0.237595,-1.285130
62.920000,-0.944699,-4.338311,-0.274852,-1.318392
62.930000,-0.984967,-4.316765,-0.584741,-1.349839
62.940000,-1.028131,-4.247175,-0.639731,-1.379875
62.950000,-1.072513,-3.764726,-0.601197,-1.403425
62.960000,-1.113175,-4.063278,-0.549689,-1.427668
62.970000,-1.144548,-4.000373,0.017627,-1.446173
62.980000,-1.184493,-3.849251,-0.237062,-1.464351
62.990000,-1.218543,-3.070274,-0.000657,-1.482282
63.000000,-1.251972,-3.189616,0.163457,-1.497665
63.010000,-1.281750,-3.120523,-0.530146,-1.510733
63.020000,-1.309835,-2.711480,-0.428640,-1.524017
63.030000,-1.335122,-2.452210,0.196708,-1.534704
63.040000,-1.359486,-2.414105,-0.226494,-1.544833
63.050000,-1.380191,-2.047266,-0.506425,-1.554018
63.060000,-1.402008,-1.956194,-0.384079,-1.560526
63.070000,-1.419572,-1.665080,-0.187020,-1.565527
63.080000,-1.437515,-1.545995,-0.453371,-1.568486
63.090000,-1.452764,-1.410064,-0.167611,-1.570330
63.100000,-1.466995,-1.398873,-0.361734,-1.570732
63.110000,-1.479406,-1.110075,-0.688714,-1.569502
63.120000,-1.489208,-0.966743,-0.883393,-1.566287
63.130000,-1.498982,-0.853816,-0.148858,-1.561970
63.140000,-1.505533,-0.679278,-1.085433,-1.555632
63.150000,-1.511352,-0.494464,-0.286213,-1.548393
63.160000,-1.515752,-0.405615,-0.248138,-1.538319
63.170000,-1.518714,-0.198047,-0.815080,-1.528130
63.180000,-1.519608,-0.012058,-0.617682,-1.512019
63.190000,-1.519226,0.039438,0.347917,-1.491274
63.200000,-1.518845,0.098315,1.431537,-1.469313
63.210000,-1.516823,0.273409,1.759972,-1.442999
63.220000,-1.513342,0.457794,2.033097,-1.414847
63.230000,-1.507775,0.713607,1.958598,-1.383505
63.240000,-1.499898,1.007654,2.410048,-1.349635
63.250000,-1.486915,1.054853,1.938462,-1.313949
63.260000,-1.473612,1.630769,2.070699,-1.274225
63.270000,-1.456519,1.934465,3.410537,-1.234571
63.280000,-1.434989,1.944006,2.781705,-1.192914
63.290000,-1.414033,2.526614,2.107053,-1.146948
63.300000,-1.387865,2.694595,1.695863,-1.100659
63.310000,-1.359757,2.969904,1.517054,-1.050048
63.320000,-1.326732,3.381430,2.058565,-0.999954
63.330000,-1.294773,3.686098,2.349113,-0.945668
63.340000,-1.258518,3.779390,2.164393,-0.891675
63.350000,-1.221186,3.785954,2.094982,-0.834270
63.360000,-1.177190,4.176514,2.023764,-0.775651
63.370000,-1.138117,4.555455,1.645202,-0.716518
63.380000,-1.092137,4.564681,2.327590,-0.653653
63.390000,-1.046081,5.182065,2.661625,-0.595754
63.400000,-0.992710,5.021469,1.689724,-0.533735
63.410000,-0.945034,5.412578,2.208361,-0.473666
63.420000,-0.892554,5.505582,1.924313,-0.408742
63.430000,-0.840421,5.625620,2.050614,-0.340788
63.440000,-0.786591,5.478996,1.683262,-0.273814
63.450000,-0.724868,5.925735,2.000000,-0.204393
63.460000,-0.671092,5.917566,1.385764,-0.139933
63.470000,-0.609793,6.001360,1.204556,-0.087666
63.480000,-0.554043,6.047715,1.219117,-0.032664
63.490000,-0.492636,6.039428,1.394757,0.013470
63.500000,-0.430349,5.953065,0.973685,0.063752
63.510000,-0.373437,5.992735,0.341619,0.107433
63.520000,-0.319369,5.717634,0.777007,0.155833
63.530000,-0.258178,5.327779,0.710210,0.208318
63.540000,-0.206379,4.964950,1.109985,0.256123
63.550000,-0.155507,5.425567,0.597008,0.299429
63.560000,-0.101895,5.103637,0.584615,0.346339
63.570000,-0.050541,5.432081,0.572209,0.393215
63.580000,0.001450,5.054090,0.215385,0.445766
63.590000,0.051843,5.242695,1.217132,0.506207
63.600000,0.103583,5.114621,1.354810,0.564705
63.610000,0.158205,5.080198,1.179203,0.618714
63.620000,0.205833,5.456026,1.849938,0.674306
63.630000,0.258549,5.019696,1.334320,0.725791
63.640000,0.312468,5.374024,1.259035,0.782690
63.650000,0.370770,5.547135,1.093223,0.833177
63.660000,0.418660,5.596827,0.121255,0.885829
63.670000,0.477086,5.454410,0.769231,0.934312
63.680000,0.529314,5.054859,1.181665,0.978987
63.690000,0.577134,4.972305,0.645497,1.026677
63.700000,0.630164,5.258921,0.682815,1.069199
63.710000,0.683065,5.368052,0.833146,1.113596
63.720000,0.732857,5.223445,0.806268,1.157500
63.730000,0.782391,4.967893,0.569364,1.194103
63.740000,0.828245,4.801371,0.133466,1.231690
63.750000,0.879344,4.555951,-0.268942,1.265383
63.760000,0.921821,4.525880,0.726443,1.302537
63.770000,0.965281,4.464386,0.332619,1.336594
63.780000,1.008780,4.104058,0.121066,1.365683
63.790000,1.054445,3.790719,0.338462,1.396353
63.800000,1.093780,4.246247,0.225741,1.422376
63.810000,1.132886,4.082413,0.269196,1.446712
63.820000,1.172356,3.406960,0.296715,1.467305
63.830000,1.207666,3.114037,0.274804,1.488171
63.840000,1.240948,3.394006,0.172764,1.507314
63.850000,1.271749,2.808379,0.517766,1.522702
63.860000,1.300179,2.817365,-0.143925,1.536726
63.870000,1.329501,2.934902,0.292848,1.548815
63.880000,1.357832,2.410530,0.243054,1.558603
63.890000,1.382274,2.349824,0.018193,1.565124
63.900000,1.401698,2.170652,-0.182803,1.569343
63.910000,1.422807,1.700446,-0.021504,1.570787
63.920000,1.440969,1.587621,0.405657,1.569635
63.930000,1.457940,1.345932,0.153846,1.565966
63.940000,1.470965,1.254758,0.461538,1.559470
63.950000,1.482540,1.050741,-0.182352,1.550521
63.960000,1.490907,0.771465,-0.261283,1.538862
63.970000,1.497706,0.631904,0.344746,1.527286
63.980000,1.502203,0.248306,0.306628,1.511235
63.990000,1.503586,0.038846,0.163847,1.492362
64.000000,1.503204,-0.072512,-0.569548,1.474436
64.010000,1.502249,-0.101306,-1.203387,1.450743
64.020000,1.500683,-0.263932,-1.678904,1.428411
64.030000,1.496341,-0.479238,-1.385977,1.404747
64.040000,1.490155,-0.709161,-1.838481,1.376948
64.050000,1.481632,-1.034387,-2.222327,1.347316
64.060000,1.471631,-1.078976,-2.061538,1.314932
64.070000,1.457643,-1.425462,-2.075696,1.276701
64.080000,1.442365,-1.749827,-2.185125,1.237681
64.090000,1.423477,-1.896261,-2.042894,1.197495
64.100000,1.403339,-2.030164,-2.657232,1.153612
64.110000,1.377819,-2.547276,-2.363735,1.111293
64.120000,1.354178,-2.427836,-2.176727,1.064993
64.130000,1.323928,-2.923077,-1.903680,1.015677
64.140000,1.293147,-3.031861,-1.816248,0.966668
64.150000,1.259427,-3.751841,-1.933524,0.915794
64.160000,1.220035,-3.697009,-1.773982,0.871619
64.170000,1.185606,-3.646687,-1.704852,0.821518
64.180000,1.146099,-4.163128,-1.923976,0.761232
64.190000,1.106109,-3.877343,-2.054797,0.709204
64.200000,1.062196,-4.337306,-1.658667,0.655060
64.210000,1.018361,-4.249860,-1.364395,0.609766
64.220000,0.971179,-4.075921,-1.378977,0.568145
64.230000,0.928417,-4.707590,-1.470626,0.514785
64.240000,0.881668,-4.847187,-1.003699,0.457967
64.250000,0.833767,-4.862477,-1.785811,0.403133
64.260000,0.786103,-4.735046,-2.006861,0.340291
64.270000,0.737970,-5.055915,-1.465806,0.282657
64.280000,0.686567,-4.713784,-1.014558,0.221125
64.290000,0.629087,-5.479242,-1.840798,0.158576
64.300000,0.581659,-5.448431,-1.913411,0.097577
64.310000,0.528995,-5.392643,-1.638018,0.038559
64.320000,0.469510,-5.878408,-1.599942,-0.025020
64.330000,0.414498,-5.830292,-1.782609,-0.090416
64.340000,0.356124,-5.971352,-1.507216,-0.150785
64.350000,0.300133,-6.027170,-1.653218,-0.216952
64.360000,0.237147,-5.486984,-1.554656,-0.278879
64.370000,0.182195,-6.205040,-1.597513,-0.339039
64.380000,0.118008,-6.139306,-1.682837,-0.396954
64.390000,0.064451,-6.225100,-1.473162,-0.463086
64.400000,0.000658,-6.002166,-1.498417,-0.525743
64.410000,-0.058643,-6.255016,-1.444656,-0.579802
64.420000,-0.115492,-6.055320,-1.108340,-0.640457
64.430000,-0.178831,-6.018880,-0.994847,-0.695821
64.440000,-0.240481,-5.901478,-0.943223,-0.750097
64.450000,-0.296916,-5.925558,-0.706224,-0.804938
64.460000,-0.357096,-6.122489,-0.827269,-0.861174
64.470000,-0.413715,-6.046357,-1.047348,-0.913746
64.480000,-0.478070,-5.538729,-0.877694,-0.962315
64.490000,-0.530076,-5.949623,-0.380599,-1.006391
64.500000,-0.585805,-5.607942,-0.860128,-1.056615
64.510000,-0.643313,-5.789321,-0.344532,-1.102810
64.520000,-0.701129,-5.470599,-0.763226,-1.141227
64.530000,-0.748052,-5.328747,-0.521711,-1.180250
64.540000,-0.799963,-5.211547,-0.765566,-1.219795
64.550000,-0.850386,-5.091451,-0.338462,-1.257280
64.560000,-0.897875,-4.986974,-0.023640,-1.292721
64.570000,-0.950028,-4.857848,-0.691605,-1.326288
64.580000,-0.990612,-4.252480,-0.220531,-1.360505
64.590000,-1.037785,-4.431313,-0.443220,-1.389496
64.600000,-1.075893,-4.076161,-0.397831,-1.415259
64.610000,-1.118704,-4.065809,-0.463010,-1.440405
64.620000,-1.154994,-3.826238,-0.139823,-1.463309
64.630000,-1.193215,-3.640381,0.042843,-1.486509
64.640000,-1.226334,-3.561868,-0.868042,-1.505434
64.650000,-1.261486,-3.396336,-0.198145,-1.523235
64.660000,-1.294042,-3.092957,-0.177919,-1.538007
64.670000,-1.324569,-2.791405,-0.146107,-1.548234
64.680000,-1.350317,-2.989406,-0.038703,-1.558083
64.690000,-1.376666,-2.476300,0.045220,-1.564845
64.700000,-1.399238,-2.338133,-0.247942,-1.568818
64.710000,-1.420611,-1.789874,0.264843,-1.570607
64.720000,-1.439458,-1.693061,-0.211869,-1.570448
64.730000,-1.454794,-1.348493,-1.469918,-1.567643
64.740000,-1.470484,-1.089495,-0.117174,-1.562580
64.750000,-1.481476,-1.165712,-0.075056,-1.554632
64.760000,-1.491379,-0.913155,0.034277,-1.544259
64.770000,-1.498248,-0.751648,-0.184861,-1.531571
64.780000,-1.503279,-0.319384,-0.189847,-1.516432
64.790000,-1.505493,-0.155883,0.532825,-1.498493
64.800000,-1.505766,0.035781,0.566485,-1.478252
64.810000,-1.504869,0.109092,1.110499,-1.456201
64.820000,-1.503259,0.227927,1.217843,-1.432419
64.830000,-1.499531,0.517329,1.737870,-1.408804
64.840000,-1.493770,0.620895,1.782266,-1.386641
64.850000,-1.486647,0.749279,1.955049,-1.362931
64.860000,-1.476921,1.048967,1.442461,-1.338461
64.870000,-1.466731,1.237883,1.866634,-1.315686
64.880000,-1.452696,1.175119,2.273176,-1.286887
64.890000,-1.437432,1.492895,1.541474,-1.262480
64.900000,-1.421010,1.515132,1.645698,-1.230948
64.910000,-1.403065,1.587914,1.631575,-1.192700
64.920000,-1.384331,1.842596,2.184615,-1.148902
64.930000,-1.362516,2.555002,2.370562,-1.103712
64.940000,-1.336905,2.455088,2.178526,-1.060780
64.950000,-1.310293,3.032779,1.879550,-1.013314
64.960000,-1.277644,3.236514,1.757279,-0.964927
64.970000,-1.248495,3.260609,2.264321,-0.917864
64.980000,-1.213080,3.705574,2.315216,-0.864916
64.990000,-1.177841,3.869521,2.540118,-0.813011
65.000000,-1.139539,4.177509,1.824872,-0.763162
65.010000,-1.097397,4.364226,2.178454,-0.712200
65.020000,-1.056112,4.021142,2.104030,-0.653987
65.030000,-1.011036,4.372099,1.547490,-0.598415
65.040000,-0.967640,4.544188,1.730741,-0.537993
65.050000,-0.923017,4.466161,1.686499,-0.478692
65.060000,-0.871259,4.695002,1.210042,-0.428364
65.070000,-0.824273,5.229048,1.776298,-0.361685
65.080000,-0.774300,5.042227,1.596705,-0.293239
65.090000,-0.717060,5.198966,1.956868,-0.239151
65.100000,-0.662484,5.486334,1.247495,-0.183127
65.110000,-0.610657,5.667421,1.376568,-0.124939
65.120000,-0.556623,5.446272,1.038054,-0.079477
65.130000,-0.502437,5.610578,1.130124,-0.030241
65.140000,-0.445878,5.512314,0.901552,0.013789
65.150000,-0.394032,4.972336,0.798372,0.067066
65.160000,-0.343326,5.250947,1.479728,0.120766
65.170000,-0.284845,5.418766,0.676529,0.164249
65.180000,-0.237604,5.066515,0.584615,0.217104
65.190000,-0.181703,5.198871,0.957611,0.260594
65.200000,-0.132265,5.152421,1.166189,0.312772
65.210000,-0.083583,5.401613,1.669420,0.370193
65.220000,-0.032635,5.018691,0.799844,0.423408
65.230000,0.018166,5.209469,1.447160,0.473423
65.240000,0.069570,5.373273,0.835732,0.511794
65.250000,0.122257,5.103271,1.008305,0.561599
65.260000,0.173130,4.793057,0.727421,0.608883
65.270000,0.222255,5.065322,0.608263,0.652782
65.280000,0.274726,4.992339,0.998994,0.693190
65.290000,0.320043,4.744763,1.026850,0.739910
65.300000,0.370795,4.845422,0.365941,0.783073
65.310000,0.416609,4.802003,0.112340,0.831860
65.320000,0.465546,4.746846,0.521866,0.875773
65.330000,0.513372,4.793933,0.760076,0.915830
65.340000,0.555388,4.562593,0.697470,0.960642
65.350000,0.602250,4.299007,0.786019,1.000350
65.360000,0.649786,4.555243,0.979960,1.040839
65.370000,0.696270,4.564009,0.584615,1.082355
65.380000,0.738515,4.244390,0.786108,1.122240
65.390000,0.781776,4.040380,0.814079,1.155994
65.400000,0.826636,4.088880,0.582740,1.188931
65.410000,0.870316,3.973024,0.331288,1.221040
65.420000,0.908690,3.976484,0.797900,1.255704
65.430000,0.949454,3.987008,0.762411,1.294383
65.440000,0.987726,3.917427,0.425844,1.329687
65.450000,1.030331,4.016194,1.024651,1.361577
65.460000,1.065619,3.845453,1.077094,1.393181
65.470000,1.106279,3.673585,0.776933,1.425812
65.480000,1.140325,3.572616,0.822360,1.458083
65.490000,1.177170,3.547235,0.707756,1.485784
65.500000,1.213380,3.558226,0.738505,1.509995
65.510000,1.246854,3.670253,1.261116,1.530304
65.520000,1.280890,3.321569,0.332963,1.543580
65.530000,1.311615,3.194145,-0.054224,1.550812
65.540000,1.340229,2.917685,-0.532919,1.557427
65.550000,1.368152,2.530873,0.057185,1.562810
65.560000,1.391889,2.235911,-0.195668,1.567096
65.570000,1.414566,2.137561,-0.146520,1.569753
65.580000,1.434480,1.810441,-0.027130,1.570736
65.590000,1.449948,1.589056,0.039351,1.570559
65.600000,1.464610,1.390147,-0.358434,1.568936
65.610000,1.476618,1.239083,-0.024084,1.566005
65.620000,1.489576,0.921934,-0.249297,1.560347
65.630000,1.497899,0.880294,0.237944,1.552047
65.640000,1.503821,0.513529,0.338462,1.540865
65.650000,1.508701,0.396071,-0.005673,1.526501
65.660000,1.511015,0.114513,-0.293392,1.508622
65.670000,1.511215,-0.041547,-0.846400,1.491173
65.680000,1.510834,-0.064832,-1.054104,1.473563
65.690000,1.509286,-0.216404,-1.627201,1.451388
65.700000,1.506378,-0.389804,-2.448166,1.424555
65.710000,1.502428,-0.445925,-2.004241,1.397878
65.720000,1.494984,-0.841272,-1.271341,1.366287
65.730000,1.486163,-1.004265,-2.164382,1.333562
65.740000,1.473903,-1.332533,-2.549189,1.297625
65.750000,1.459144,-1.688635,-2.158941,1.265621
65.760000,1.440145,-1.762089,-2.117192,1.228794
65.770000,1.420360,-1.890538,-2.753917,1.189149
65.780000,1.399516,-2.501283,-2.125695,1.149687
65.790000,1.374230,-2.627718,-1.458107,1.109593
65.800000,1.346878,-2.707946,-1.664151,1.066670
65.810000,1.316775,-3.104992,-1.018715,1.023456
65.820000,1.289312,-3.331374,-1.772054,0.975289
65.830000,1.256289,-3.260779,-1.647255,0.925168
65.840000,1.220477,-3.217535,-2.901473,0.872172
65.850000,1.183766,-3.801460,-1.351028,0.818450
65.860000,1.144370,-4.037658,-1.895216,0.766069
65.870000,1.103332,-4.325364,-2.219366,0.713826
65.880000,1.062322,-4.360784,-2.237858,0.658187
65.890000,1.019107,-4.348888,-2.287740,0.596162
65.900000,0.971754,-4.258966,-1.810119,0.540231
65.910000,0.928002,-4.734862,-1.292865,0.488740
65.920000,0.872909,-4.893885,-1.355138,0.434615
65.930000,0.824552,-4.932162,-1.726952,0.373573
65.940000,0.774905,-5.290182,-1.623411,0.319192
65.950000,0.724731,-5.561807,-1.450859,0.261614
65.960000,0.676462,-5.220451,-1.569231,0.201046
65.970000,0.619610,-5.586267,-1.819530,0.141045
65.980000,0.566359,-5.601379,-1.200000,0.090581
65.990000,0.514179,-5.566433,-1.755557,0.034914
66.000000,0.455831,-5.200723,-0.917924,-0.021695
66.010000,0.406172,-5.298652,-1.161737,-0.083635
66.020000,0.349476,-5.716043,-1.268206,-0.141574
66.030000,0.289755,-5.211279,-1.351905,-0.200118
66.040000,0.234431,-5.252060,-1.208625,-0.261843
66.050000,0.179191,-5.887885,-1.632552,-0.325853
66.060000,0.121921,-5.665280,-1.625050,-0.376503
66.070000,0.065119,-5.836083,-1.580915,-0.442854
66.080000,0.003249,-5.899885,-0.981946,-0.492697
66.090000,-0.048585,-5.978618,-1.487783,-0.552781
66.100000,-0.108097,-6.032632,-1.120283,-0.611004
66.110000,-0.165123,-5.998551,-0.572026,-0.659110
66.120000,-0.226788,-5.347232,-0.492251,-0.709868
66.130000,-0.279579,-5.583627,-0.899818,-0.755286
66.140000,-0.338722,-5.951183,-0.908306,-0.812302
66.150000,-0.391585,-5.059341,-1.569231,-0.857624
66.160000,-0.443591,-5.118822,-0.892308,-0.904955
66.170000,-0.497985,-5.525874,0.058468,-0.951459
66.180000,-0.550068,-5.344627,-1.041155,-0.999139
66.190000,-0.607076,-4.997134,-0.536691,-1.046091
66.200000,-0.658761,-5.312747,-0.306922,-1.090601
66.210000,-0.704264,-5.172479,-1.974135,-1.134708
66.220000,-0.754769,-5.140280,-1.326882,-1.182465
66.230000,-0.809315,-4.602917,-1.138352,-1.220385
66.240000,-0.856013,-4.344913,-1.318591,-1.262623
66.250000,-0.901578,-4.744900,-0.740845,-1.300052
66.260000,-0.947358,-4.705200,-0.386069,-1.332816
66.270000,-0.992987,-4.549445,-0.858550,-1.364565
66.280000,-1.037473,-4.665668,-0.354393,-1.395405
66.290000,-1.081453,-4.330316,-0.557498,-1.423065
66.300000,-1.120908,-3.900857,-0.065271,-1.446918
66.310000,-1.159999,-4.038943,-0.324546,-1.469791
66.320000,-1.201000,-3.983710,-0.212778,-1.490402
66.330000,-1.234354,-3.611382,-0.195109,-1.508782
66.340000,-1.269503,-3.290792,-0.057688,-1.525847
66.350000,-1.297504,-3.275788,-0.019460,-1.539231
66.360000,-1.327907,-2.822220,0.137614,-1.550238
66.370000,-1.354889,-2.482988,-0.111587,-1.558850
66.380000,-1.381205,-2.754195,-0.215233,-1.564617
66.390000,-1.402050,-2.323424,-0.124792,-1.568953
66.400000,-1.423219,-1.900023,-0.133703,-1.570667
66.410000,-1.442182,-1.807125,-0.030769,-1.570183
66.420000,-1.456203,-1.449542,0.382373,-1.567481
66.430000,-1.472189,-1.194669,-0.049428,-1.562648
66.440000,-1.483675,-1.130994,0.147230,-1.555407
66.450000,-1.491878,-0.918681,-0.119168,-1.545142
66.460000,-1.499923,-0.629217,-0.199093,-1.533957
66.470000,-1.504114,-0.308703,-0.404598,-1.519375
66.480000,-1.506589,-0.216028,0.257911,-1.502999
66.490000,-1.507372,0.039560,0.267722,-1.485758
66.500000,-1.506638,0.078270,0.905716,-1.464869
66.510000,-1.505493,0.177285,1.991741,-1.440172
66.520000,-1.502614,0.346100,1.795612,-1.415137
66.530000,-1.497586,0.688778,1.688589,-1.389136
66.540000,-1.489705,0.900796,2.115119,-1.362492
66.550000,-1.480490,1.182499,2.146833,-1.328821
66.560000,-1.468595,1.248545,2.748267,-1.295199
66.570000,-1.454073,1.439353,2.111467,-1.258357
66.580000,-1.435332,1.886523,2.927949,-1.219402
66.590000,-1.417179,2.006365,2.475889,-1.180706
66.600000,-1.393852,2.288717,1.753846,-1.136034
66.610000,-1.369741,2.298975,1.768447,-1.088637
66.620000,-1.341604,2.853588,1.938462,-1.048165
66.630000,-1.313424,3.122231,2.506441,-1.002397
66.640000,-1.279712,3.262139,1.763563,-0.955710
66.650000,-1.248440,3.503277,1.782403,-0.913059
66.660000,-1.209530,3.731786,1.536419,-0.866216
66.670000,-1.175926,3.871511,1.315963,-0.814049
66.680000,-1.138216,3.639022,1.591747,-0.762066
66.690000,-1.096077,4.307228,2.035975,-0.706281
66.700000,-1.056506,4.179770,2.056804,-0.648100
66.710000,-1.008892,4.282144,1.532416,-0.593529
66.720000,-0.966659,4.362616,1.740831,-0.531979
66.730000,-0.917657,4.658728,1.788719,-0.471636
66.740000,-0.869925,4.972659,1.592614,-0.406681
66.750000,-0.821579,4.844992,1.938462,-0.345418
66.760000,-0.770804,4.905552,1.871728,-0.284305
66.770000,-0.716417,5.592506,1.491360,-0.216861
66.780000,-0.660067,5.469640,1.183398,-0.156678
66.790000,-0.603283,5.682465,1.232776,-0.098104
66.800000,-0.547018,5.745242,1.075771,-0.039324
66.810000,-0.490778,5.627841,1.571933,0.022476
66.820000,-0.433587,5.934450,2.015525,0.080633
66.830000,-0.370690,5.359996,1.018894,0.143313
66.840000,-0.313572,5.951109,0.939760,0.204907
66.850000,-0.250312,5.922087,1.147211,0.265859
66.860000,-0.196336,6.114729,1.426504,0.333140
66.870000,-0.137330,5.507692,1.256327,0.389321
66.880000,-0.073485,6.093927,0.479158,0.449967
66.890000,-0.009810,6.188815,1.510361,0.520800
66.900000,0.044060,5.964843,1.876919,0.597952
66.910000,0.113927,6.143581,1.797707,0.671625
66.920000,0.170063,6.517828,1.573324,0.745305
66.930000,0.233252,6.664928,1.186422,0.810707
66.940000,0.299483,6.637308,1.288644,0.877137
66.950000,0.367674,6.317484,1.126469,0.938509
66.960000,0.433111,6.853190,0.666135,0.997099
66.970000,0.506173,6.549431,1.338394,1.052207
66.980000,0.561756,6.184469,1.016619,1.105239
66.990000,0.624672,6.039111,1.127926,1.151402
67.000000,0.690330,6.343811,0.615073,1.199602
67.010000,0.751370,5.895788,0.101111,1.244621
67.020000,0.816494,5.979581,0.469548,1.288893
67.030000,0.867373,5.795381,-0.007569,1.330391
67.040000,0.922278,5.283148,0.672422,1.368856
67.050000,0.975771,5.249916,0.632262,1.404440
67.060000,1.027174,5.022376,0.827881,1.436241
67.070000,1.080100,5.129513,-0.231045,1.463027
67.080000,1.124625,4.366193,-0.325315,1.487077
67.090000,1.168374,4.656561,-0.291219,1.508986
67.100000,1.210460,4.052909,-0.513222,1.528407
67.110000,1.249235,4.016351,-0.332894,1.542902
67.120000,1.285851,3.628731,-0.473365,1.554789
67.130000,1.319690,3.436884,-0.318877,1.563435
67.140000,1.353712,3.015573,-0.223797,1.568725
67.150000,1.377801,2.693105,-0.445080,1.570774
67.160000,1.404626,2.095956,-0.474607,1.569376
67.170000,1.424063,1.736373,-0.397789,1.564568
67.180000,1.442979,1.710615,-0.790872,1.556495
67.190000,1.459204,1.349340,-0.340786,1.545291
67.200000,1.471144,1.034834,-1.350160,1.530405
67.210000,1.480912,0.776938,-0.523923,1.512398
67.220000,1.486038,0.334268,-0.218220,1.490036
67.230000,1.487965,0.090011,-0.642939,1.464214
67.240000,1.487564,-0.109890,-1.813900,1.436665
67.250000,1.485970,-0.239212,-1.826313,1.406912
67.260000,1.481671,-0.576346,-2.057885,1.372099
67.270000,1.475176,-0.803917,-2.534449,1.333589
67.280000,1.464845,-1.192169,-2.481963,1.293542
67.290000,1.451640,-1.609785,-2.627292,1.251055
67.300000,1.434299,-1.979668,-2.775873,1.206151
67.310000,1.411498,-2.267850,-2.947681,1.156702
67.320000,1.387010,-2.463644,-2.696126,1.103901
67.330000,1.359366,-3.140887,-2.612118,1.051373
67.340000,1.330486,-3.390842,-2.623928,0.997500
67.350000,1.298324,-3.581763,-2.030407,0.937459
67.360000,1.261648,-3.799803,-1.849828,0.877487
67.370000,1.217591,-4.145983,-2.579429,0.816468
67.380000,1.176203,-4.557244,-2.379981,0.751065
67.390000,1.134593,-4.409122,-2.063852,0.684791
67.400000,1.081941,-5.148320,-2.513406,0.619493
67.410000,1.029839,-5.300377,-2.210334,0.553806
67.420000,0.979013,-5.472190,-2.332556,0.484153
67.430000,0.928367,-5.653541,-2.097861,0.413197
67.440000,0.871302,-5.698352,-1.870215,0.342361
67.450000,0.812362,-6.157601,-1.753846,0.270409
67.460000,0.748119,-6.244385,-1.765847,0.198519
67.470000,0.690038,-6.295677,-2.648534,0.123437
67.480000,0.622107,-6.031299,-1.524174,0.050385
67.490000,0.561870,-6.631329,-1.617950,-0.022822
67.500000,0.492644,-6.798929,-1.814659,-0.097446
67.510000,0.429037,-6.858439,-1.403371,-0.174531
67.520000,0.358293,-6.747555,-1.442409,-0.244257
67.530000,0.289359,-7.172900,-1.787345,-0.319523
67.540000,0.217098,-7.078530,-1.977833,-0.392779
67.550000,0.142965,-7.183314,-1.046733,-0.463424
67.560000,0.074212,-6.955460,-1.238392,-0.534665
67.570000,0.008034,-6.668540,-1.294808,-0.604504
67.580000,-0.069870,-7.098495,-1.501452,-0.673288
67.590000,-0.133840,-7.121794,-1.076923,-0.739735
67.600000,-0.211076,-7.278248,-0.596638,-0.801882
67.610000,-0.277739,-7.306399,-0.903324,-0.861082
67.620000,-0.347036,-6.977222,-1.205624,-0.921513
67.630000,-0.411630,-6.489195,-0.802323,-0.980709
67.640000,-0.478838,-6.713821,-0.500888,-1.037227
67.650000,-0.543843,-6.591394,-0.683129,-1.090803
67.660000,-0.614906,-6.901439,-0.253872,-1.141199
67.670000,-0.677773,-6.132963,-0.378498,-1.190648
67.680000,-0.736680,-6.048385,-0.799921,-1.238410
67.690000,-0.796074,-6.125594,-0.542723,-1.282306
67.700000,-0.858892,-5.452769,-0.138474,-1.324130
67.710000,-0.910450,-5.768829,-0.335153,-1.362934
67.720000,-0.966804,-5.715270,0.433067,-1.385246
67.730000,-1.018711,-4.922193,0.585422,-1.406336
67.740000,-1.063745,-4.741102,1.391999,-1.424447
67.750000,-1.110295,-4.312818,1.011964,-1.443560
67.760000,-1.155772,-3.529771,0.626531,-1.461016
67.770000,-1.193211,-3.782614,-0.087590,-1.474203
67.780000,-1.225336,-3.193141,0.555459,-1.485724
67.790000,-1.258230,-2.982111,0.363479,-1.499075
67.800000,-1.289774,-3.050093,-0.220237,-1.511069
67.810000,-1.315849,-2.752603,0.185748,-1.523239
67.820000,-1.341372,-2.235363,0.560987,-1.531871
67.830000,-1.364042,-2.369055,-0.167385,-1.541975
67.840000,-1.385499,-1.966999,-0.242866,-1.551576
67.850000,-1.405563,-1.726528,-0.163432,-1.560120
67.860000,-1.423496,-1.698569,-0.605628,-1.565088
67.870000,-1.440398,-1.555166,-0.913966,-1.568795
67.880000,-1.455043,-1.383974,-0.457049,-1.570575
67.890000,-1.469198,-1.197040,-1.552681,-1.570363
67.900000,-1.481232,-1.155160,-0.507602,-1.567682
67.910000,-1.491844,-1.023715,-0.338462,-1.562975
67.920000,-1.500336,-0.821092,-0.177310,-1.555710
67.930000,-1.506020,-0.646154,-0.423482,-1.546374
67.940000,-1.511597,-0.400023,0.154169,-1.533863
67.950000,-1.514962,-0.284137,-0.489963,-1.520045
67.960000,-1.516175,-0.039127,-0.086238,-1.502888
67.970000,-1.516175,0.048352,0.647423,-1.484780
67.980000,-1.515412,0.116848,1.138462,-1.463555
67.990000,-1.513504,0.234688,1.297684,-1.440713
68.000000,-1.510050,0.417094,1.883759,-1.418650
68.010000,-1.504687,0.560951,2.406960,-1.389697
68.020000,-1.496341,1.024251,1.446810,-1.362421
68.030000,-1.486595,0.921300,2.340949,-1.331889
68.040000,-1.474100,1.467046,2.164344,-1.300800
68.050000,-1.458270,1.713148,1.906554,-1.269460
68.060000,-1.442550,1.868076,1.897231,-1.233626
68.070000,-1.421869,2.049150,2.087658,-1.200003
68.080000,-1.399388,2.271325,2.022134,-1.165440
68.090000,-1.376808,2.293069,1.630769,-1.121809
68.100000,-1.353548,2.513227,1.950393,-1.080494
68.110000,-1.325517,2.849857,1.669078,-1.037694
68.120000,-1.297843,2.990488,2.205139,-0.991722
68.130000,-1.263577,3.177388,2.020192,-0.943053
68.140000,-1.232575,3.393786,2.284990,-0.896698
68.150000,-1.199087,3.765579,1.764663,-0.841705
68.160000,-1.157836,3.799012,1.820754,-0.793953
68.170000,-1.121957,3.856749,1.758669,-0.746863
68.180000,-1.081854,4.273647,1.507692,-0.702342
68.190000,-1.040668,4.174988,1.509468,-0.650983
68.200000,-0.998537,4.242654,1.310541,-0.605300
68.210000,-0.951497,4.247636,1.863478,-0.553272
68.220000,-0.909756,4.412064,1.532760,-0.497605
68.230000,-0.865248,4.748931,2.254690,-0.438639
68.240000,-0.820985,4.569345,1.821133,-0.378096
68.250000,-0.769739,5.008805,1.928834,-0.319119
68.260000,-0.720120,5.135566,1.920408,-0.258146
68.270000,-0.668420,4.831250,1.921736,-0.195797
68.280000,-0.615019,5.528916,1.705825,-0.137105
68.290000,-0.563883,5.510300,1.958930,-0.082039
68.300000,-0.509618,5.688170,1.000914,-0.024705
68.310000,-0.453380,4.954071,1.581329,0.033322
68.320000,-0.397852,5.298151,0.892308,0.093576
68.330000,-0.344441,5.654613,1.542077,0.154766
68.340000,-0.284934,5.938462,1.245384,0.208939
68.350000,-0.226676,5.399036,1.372454,0.260403
68.360000,-0.174402,5.652265,1.015850,0.317505
68.370000,-0.121045,5.250099,1.407229,0.371298
68.380000,-0.064551,5.516048,1.110637,0.437572
68.390000,-0.005186,5.291207,0.973733,0.496126
68.400000,0.048892,5.669615,1.158077,0.552008
68.410000,0.106204,5.724442,0.986820,0.611507
68.420000,0.163917,5.619564,1.014910,0.664343
68.430000,0.223543,5.934078,1.200111,0.720090
68.440000,0.280498,5.583937,0.828845,0.774081
68.450000,0.340410,5.577226,0.873314,0.828963
68.460000,0.391466,5.361620,0.348009,0.877925
68.470000,0.452483,5.763831,0.291104,0.925597
68.480000,0.505716,5.688887,0.151845,0.973984
68.490000,0.560271,5.439909,0.470731,1.015767
68.500000,0.617081,5.335043,0.561723,1.065330
68.510000,0.665078,5.373938,0.621620,1.110598
68.520000,0.720058,5.056267,0.732975,1.153908
68.530000,0.770056,5.058258,0.388244,1.192088
68.540000,0.818068,5.036288,0.815452,1.233159
68.550000,0.864629,4.962289,0.031446,1.269445
68.560000,0.913272,4.290513,0.461915,1.306000
68.570000,0.958958,4.359077,0.396164,1.338560
68.580000,1.008431,3.969231,0.030769,1.369002
68.590000,1.047251,4.237755,0.702087,1.396856
68.600000,1.087679,4.186879,0.299785,1.423611
68.610000,1.127400,3.667837,0.074859,1.449875
68.620000,1.168260,3.973374,0.287533,1.469985
68.630000,1.202167,3.496072,0.128052,1.491243
68.640000,1.237761,3.341722,0.362158,1.508425
68.650000,1.273351,3.246679,0.271344,1.524961
68.660000,1.301676,2.740186,0.192074,1.538150
68.670000,1.327702,2.963193,-0.287189,1.548963
68.680000,1.356711,2.371515,0.128746,1.558390
68.690000,1.379432,2.593024,-0.328463,1.564594
68.700000,1.403807,2.065385,0.284452,1.568559
68.710000,1.423993,1.773852,0.644242,1.570614
68.720000,1.440813,1.572685,-0.095330,1.570393
68.730000,1.457757,1.351172,0.309772,1.567770
68.740000,1.471989,1.156044,0.045184,1.562763
68.750000,1.483266,1.093193,-0.075830,1.555349
68.760000,1.491812,0.785232,0.036304,1.545050
68.770000,1.499327,0.656382,-0.026346,1.533022
68.780000,1.503215,0.328397,0.037901,1.519475
68.790000,1.505875,0.165747,0.151965,1.504812
68.800000,1.506256,-0.028759,-0.079985,1.486250
68.810000,1.505493,-0.082576,-0.830769,1.464510
68.820000,1.504682,-0.138511,-1.100516,1.438366
68.830000,1.502356,-0.305510,-1.972286,1.407589
68.840000,1.497012,-0.738083,-2.341109,1.375008
68.850000,1.487505,-0.935258,-2.876848,1.337741
68.860000,1.477470,-1.379868,-2.554831,1.297550
68.870000,1.462389,-1.692112,-1.363190,1.256722
68.880000,1.443299,-2.277413,-2.585759,1.217630
68.890000,1.421834,-2.102983,-2.240521,1.172488
68.900000,1.399733,-2.656793,-2.225249,1.122723
68.910000,1.371590,-2.457780,-2.738462,1.074347
68.920000,1.340859,-3.018990,-2.563528,1.022844
68.930000,1.308457,-3.461854,-1.953535,0.968791
68.940000,1.274000,-3.405953,-1.862406,0.910612
68.950000,1.238334,-3.460834,-2.676923,0.848301
68.960000,1.197636,-4.352834,-2.782420,0.784839
68.970000,1.155118,-4.383959,-1.887711,0.723737
68.980000,1.107000,-4.367113,-1.780577,0.660059
68.990000,1.058676,-4.910176,-2.022991,0.598521
69.000000,1.005400,-4.805833,-2.163361,0.533053
69.010000,0.955643,-5.459606,-2.475026,0.463784
69.020000,0.902573,-5.566327,-1.799836,0.394418
69.030000,0.844519,-5.809280,-1.880081,0.330536
69.040000,0.789811,-5.830250,-2.770398,0.255702
69.050000,0.730007,-6.084394,-2.117893,0.186081
69.060000,0.668551,-5.896569,-1.487549,0.113027
69.070000,0.605710,-6.014688,-1.959528,0.041468
69.080000,0.544213,-6.533245,-1.876923,-0.031600
69.090000,0.479229,-6.649251,-1.692308,-0.104360
69.100000,0.407010,-6.756044,-1.363852,-0.175238
69.110000,0.346537,-6.795986,-1.378275,-0.248432
69.120000,0.276573,-6.876859,-1.663467,-0.318506
69.130000,0.207952,-6.464651,-1.195511,-0.385108
69.140000,0.133908,-7.104700,-1.257702,-0.454970
69.150000,0.066257,-6.885521,-1.147057,-0.517511
69.160000,0.001356,-6.879667,-1.217637,-0.574854
69.170000,-0.066019,-7.027163,-0.345833,-0.626490
69.180000,-0.132594,-6.560817,-0.243378,-0.671751
69.190000,-0.195937,-6.426731,0.146911,-0.716260
69.200000,-0.257620,-5.931567,0.269007,-0.757305
69.210000,-0.319616,-6.260378,-0.063497,-0.801599
69.220000,-0.377702,-5.283403,-0.831300,-0.848448
69.230000,-0.437346,-5.763416,-0.145424,-0.890535
69.240000,-0.486328,-5.590770,-0.397832,-0.932230
69.250000,-0.544080,-5.427145,-0.171727,-0.961323
69.260000,-0.591559,-4.633004,0.081025,-0.996650
69.270000,-0.641915,-4.499336,-0.462176,-1.031664
69.280000,-0.688821,-4.751648,-0.472400,-1.077580
69.290000,-0.734825,-4.676507,-0.796665,-1.125356
69.300000,-0.778100,-4.427455,-1.165445,-1.170194
69.310000,-0.824731,-4.235676,-0.717412,-1.210548
69.320000,-0.866715,-4.636634,-1.395126,-1.253034
69.330000,-0.911474,-4.227774,-0.754439,-1.292103
69.340000,-0.958363,-4.089262,-0.535033,-1.329627
69.350000,-0.996947,-4.251450,-1.002778,-1.361473
69.360000,-1.038705,-3.664586,-0.419692,-1.391205
69.370000,-1.081462,-4.272892,-0.551292,-1.417288
69.380000,-1.122650,-3.639009,-0.542635,-1.441572
69.390000,-1.163434,-3.988250,0.087279,-1.465061
69.400000,-1.197469,-3.634329,-1.030383,-1.486070
69.410000,-1.233245,-3.581182,-0.866357,-1.504500
69.420000,-1.265846,-3.293655,-0.288518,-1.520345
69.430000,-1.298223,-3.067362,-0.152038,-1.535281
69.440000,-1.325521,-2.867036,-0.144447,-1.547484
69.450000,-1.351307,-2.729165,-0.273453,-1.557186
69.460000,-1.376994,-2.427788,-0.124642,-1.564277
69.470000,-1.400858,-2.114286,-0.382639,-1.568816
69.480000,-1.420541,-1.874190,-0.291181,-1.570744
69.490000,-1.438126,-1.532240,-0.099424,-1.570046
69.500000,-1.454934,-1.365088,0.073694,-1.566484
69.510000,-1.469099,-1.244114,0.206114,-1.559832
69.520000,-1.481178,-1.205042,-0.076383,-1.551308
69.530000,-1.490692,-0.885293,0.301430,-1.539341
69.540000,-1.497263,-0.612324,-0.048491,-1.526028
69.550000,-1.501835,-0.287282,0.060372,-1.508119
69.560000,-1.503586,-0.036269,0.122934,-1.488674
69.570000,-1.503182,0.058190,0.758236,-1.466330
69.580000,-1.501897,0.170168,1.120690,-1.443720
69.590000,-1.499156,0.370737,1.805273,-1.416490
69.600000,-1.494771,0.449610,2.169248,-1.389133
69.610000,-1.488046,0.740527,2.242457,-1.355087
69.620000,-1.478295,1.015300,2.190710,-1.321316
69.630000,-1.467503,1.270913,2.833511,-1.286417
69.640000,-1.451891,1.563981,2.466432,-1.252604
69.650000,-1.432719,1.951107,2.394249,-1.211238
69.660000,-1.414259,2.093633,2.641160,-1.168064
69.670000,-1.389024,2.441133,1.991730,-1.131324
69.680000,-1.364429,2.834346,2.971505,-1.089690
69.690000,-1.336659,2.691458,1.904926,-1.046017
69.700000,-1.305771,2.981965,1.742081,-1.003319
69.710000,-1.276966,3.439420,1.872115,-0.951880
69.720000,-1.242027,3.563373,1.762479,-0.905533
69.730000,-1.207836,3.778676,1.659606,-0.858360
69.740000,-1.171160,3.517986,2.322746,-0.806558
69.750000,-1.132129,4.144229,2.190613,-0.752862
69.760000,-1.092806,4.132885,1.796742,-0.695517
69.770000,-1.050393,4.136264,2.000000,-0.643443
69.780000,-1.001719,4.431068,2.260492,-0.585778
69.790000,-0.963693,4.300946,1.938462,-0.530867
69.800000,-0.917174,4.755732,1.342459,-0.486084
69.810000,-0.864861,4.700611,1.080912,-0.444108
69.820000,-0.817205,5.088741,0.881206,-0.398364
69.830000,-0.766656,4.970711,1.396720,-0.345299
69.840000,-0.723080,4.512046,1.623972,-0.275851
69.850000,-0.671768,5.190392,1.946240,-0.210543
69.860000,-0.621173,5.005380,2.243101,-0.133777
69.870000,-0.571396,5.177883,1.955557,-0.076384
69.880000,-0.517736,5.126998,1.728516,-0.011863
69.890000,-0.457080,5.339146,1.478881,0.045253
69.900000,-0.399758,5.982709,1.696391,0.109071
69.910000,-0.346295,5.947161,1.084696,0.166666
69.920000,-0.289581,5.743648,1.198245,0.232291
69.930000,-0.225122,5.495738,1.305824,0.292964
69.940000,-0.172008,6.061599,1.878205,0.347017
69.950000,-0.108643,6.179414,1.437424,0.404177
69.960000,-0.052184,5.662833,1.730314,0.466450
69.970000,0.009632,6.318017,1.305192,0.530532
69.980000,0.072524,6.008091,2.052021,0.591885
69.990000,0.125693,6.020222,0.858765,0.646353
70.000000,0.185476,6.135398,1.037850,0.706604
70.010000,0.250920,6.213638,0.953846,0.762509
70.020000,0.308038,6.047871,1.271687,0.817547
70.030000,0.363617,5.475021,0.170093,0.869380
70.040000,0.423462,5.550732,0.816738,0.918167
70.050000,0.481512,5.747375,0.136603,0.962527
70.060000,0.538002,5.480391,0.682483,1.011769
70.070000,0.599178,5.795617,0.642876,1.057452
70.080000,0.646876,5.618975,1.026912,1.109432
70.090000,0.698541,5.451677,-0.019787,1.152251
70.100000,0.758724,4.870477,1.068979,1.194713
70.110000,0.805315,5.159826,0.284062,1.237342
70.120000,0.856505,5.098191,0.235236,1.274554
70.130000,0.905031,4.893393,0.290945,1.308956
70.140000,0.953937,4.748984,0.680049,1.343991
70.150000,0.999342,4.507107,0.256449,1.377087
70.160000,1.047133,4.656099,0.809635,1.406446
70.170000,1.089627,3.892262,0.310938,1.431877
70.180000,1.131171,4.190984,0.053465,1.457078
70.190000,1.166940,3.981884,0.371876,1.482146
70.200000,1.207812,3.394143,-0.171276,1.500411
70.210000,1.240496,3.433917,0.213559,1.518551
70.220000,1.273137,2.884118,0.156261,1.534596
70.230000,1.304077,3.159286,-0.000220,1.546434
70.240000,1.332773,2.889963,0.300550,1.556252
70.250000,1.362981,2.643087,0.849958,1.563483
70.260000,1.386526,2.314845,-0.147626,1.568540
70.270000,1.410226,2.319393,-0.295960,1.570446
70.280000,1.427757,2.122374,0.445468,1.570732
70.290000,1.448423,1.620796,-0.071146,1.569758
70.300000,1.461379,1.542148,-0.419710,1.566487
70.310000,1.475534,1.195287,0.023284,1.562059
70.320000,1.485964,0.913868,0.308743,1.556218
70.330000,1.494627,0.739470,0.145829,1.546642
70.340000,1.501577,0.510170,0.048442,1.535781
70.350000,1.505684,0.329670,0.584703,1.523001
70.360000,1.507995,0.155638,-0.030769,1.506646
70.370000,1.508545,-0.044100,-0.304673,1.487111
70.380000,1.507782,-0.089335,-1.485089,1.462259
70.390000,1.506098,-0.242376,-1.812260,1.433773
70.400000,1.503295,-0.407188,-2.600832,1.402081
70.410000,1.497154,-0.768009,-1.856846,1.369112
70.420000,1.487606,-0.971429,-2.417306,1.331882
70.430000,1.475606,-1.439279,-2.347844,1.293780
70.440000,1.459194,-1.834708,-2.348398,1.255593
70.450000,1.440625,-1.942752,-1.802531,1.212206
70.460000,1.421637,-2.016530,-2.611151,1.161359
70.470000,1.395401,-2.544880,-2.517168,1.111334
70.480000,1.367118,-3.019312,-2.761160,1.060253
70.490000,1.335892,-2.992856,-2.194942,1.003138
70.500000,1.305556,-3.370090,-2.743953,0.940287
70.510000,1.263751,-3.916484,-2.267890,0.875362
70.520000,1.226086,-4.238768,-3.028889,0.805648
70.530000,1.183758,-4.587497,-2.516695,0.730674
70.540000,1.136270,-4.737574,-2.487368,0.656103
70.550000,1.084098,-4.934270,-2.276556,0.583289
70.560000,1.025020,-5.760451,-2.699880,0.508368
70.570000,0.973069,-5.773902,-2.040087,0.432981
70.580000,0.915972,-6.147983,-1.927518,0.357949
70.590000,0.846486,-6.431423,-2.145116,0.280591
70.600000,0.791662,-6.451832,-2.036150,0.205292
70.610000,0.724319,-6.397752,-1.754480,0.143113
70.620000,0.660498,-6.854086,-1.697614,0.085049
70.630000,0.590402,-6.622812,-1.173260,0.029702
70.640000,0.522180,-6.649897,-0.961191,-0.034211
70.650000,0.459670,-6.755600,-0.827370,-0.093992
70.660000,0.391841,-6.197828,-1.110541,-0.143530
70.670000,0.334556,-6.239473,-0.487668,-0.201766
70.680000,0.271265,-6.269642,-0.982205,-0.261268
70.690000,0.208815,-6.326239,-0.324805,-0.312885
70.700000,0.147133,-5.675066,-0.889925,-0.366145
70.710000,0.085842,-6.320370,-0.892308,-0.418124
70.720000,0.027433,-5.494032,-0.869452,-0.471108
70.730000,-0.032682,-5.519447,-0.884626,-0.516716
70.740000,-0.088147,-5.772426,-0.853290,-0.563629
70.750000,-0.141939,-5.179029,-0.941315,-0.620411
70.760000,-0.197903,-5.392260,-1.011568,-0.681923
70.770000,-0.252761,-5.705612,-1.273312,-0.745339
70.780000,-0.313757,-5.782518,-1.707306,-0.804589
70.790000,-0.364311,-5.584735,-2.076854,-0.866781
70.800000,-0.425718,-5.171658,-0.910524,-0.920573
70.810000,-0.482625,-5.764871,-1.090000,-0.970499
70.820000,-0.538254,-5.815021,-1.626775,-1.015141
70.830000,-0.594773,-5.410378,-0.493620,-1.063718
70.840000,-0.649583,-5.177555,-0.964699,-1.109663
70.850000,-0.704432,-5.684068,-0.949874,-1.156459
70.860000,-0.756189,-4.921620,-0.619547,-1.202769
70.870000,-0.806799,-5.088736,-0.931047,-1.241660
70.880000,-0.864768,-5.386645,-0.214192,-1.278149
70.890000,-0.910966,-4.914375,-0.738343,-1.314121
70.900000,-0.956923,-4.659226,-0.847359,-1.351652
70.910000,-1.003045,-4.428946,-0.530321,-1.384983
70.920000,-1.048339,-4.334018,-0.691746,-1.415943
70.930000,-1.093332,-4.114063,-0.313145,-1.441865
70.940000,-1.134172,-4.231670,-0.560960,-1.467506
70.950000,-1.174627,-3.750776,-0.238801,-1.489488
70.960000,-1.213495,-3.606414,-0.327772,-1.508997
70.970000,-1.248716,-3.659510,-0.153846,-1.526853
70.980000,-1.282695,-3.304602,0.390097,-1.541447
70.990000,-1.315773,-3.276190,-0.295736,-1.553406
71.000000,-1.347206,-2.861473,0.285553,-1.561974
71.010000,-1.372821,-2.594857,-0.856146,-1.567794
71.020000,-1.396198,-2.243939,0.237205,-1.570454
71.030000,-1.418860,-2.026815,0.154728,-1.570482
71.040000,-1.437090,-1.668353,0.020028,-1.567171
71.050000,-1.454743,-1.319641,0.362983,-1.561632
71.060000,-1.469651,-1.171768,0.407805,-1.553673
71.070000,-1.479999,-1.036965,-0.194394,-1.541069
71.080000,-1.488659,-0.730672,0.054526,-1.526166
71.090000,-1.495128,-0.427450,-0.055116,-1.509121
71.100000,-1.498204,-0.258387,0.489698,-1.490421
71.110000,-1.498627,0.054143,0.462271,-1.467592
71.120000,-1.497864,0.111519,1.642169,-1.443575
71.130000,-1.496324,0.242075,1.818715,-1.414621
71.140000,-1.492761,0.484678,2.307692,-1.382617
71.150000,-1.485422,0.732688,2.818905,-1.348115
71.160000,-1.475668,1.172455,2.444748,-1.311837
71.170000,-1.463292,1.551648,2.196178,-1.274167
71.180000,-1.447127,1.894505,2.430769,-1.239547
71.190000,-1.428168,2.022502,1.937193,-1.195495
71.200000,-1.407875,2.357713,2.361960,-1.154554
71.210000,-1.383454,2.514867,2.438815,-1.119286
71.220000,-1.355397,2.794548,1.713041,-1.081575
71.230000,-1.329658,2.950524,1.830416,-1.038089
71.240000,-1.299512,3.010406,2.491797,-0.990356
71.250000,-1.266291,3.332762,2.216080,-0.947284
71.260000,-1.234970,3.323000,2.129649,-0.895968
71.270000,-1.199032,3.579325,2.435968,-0.845014
71.280000,-1.159889,3.721459,1.923093,-0.797171
71.290000,-1.123736,4.012704,1.070327,-0.749594
71.300000,-1.084123,3.896646,1.490586,-0.706785
71.310000,-1.041884,4.357689,1.391921,-0.656642
71.320000,-0.997043,4.019729,1.579535,-0.609705
71.330000,-0.955959,4.179417,1.049104,-0.555055
71.340000,-0.913010,4.500432,1.838245,-0.502183
71.350000,-0.869368,4.333725,1.665638,-0.449395
71.360000,-0.821576,4.660431,1.419320,-0.393371
71.370000,-0.776174,4.514490,1.847819,-0.337805
71.380000,-0.726030,5.083545,1.739474,-0.283297
71.390000,-0.674538,4.967742,1.280668,-0.219782
71.400000,-0.629300,5.495921,1.713167,-0.155260
71.410000,-0.576748,5.371198,1.848849,-0.086372
71.420000,-0.519107,5.517493,2.801069,-0.019117
71.430000,-0.468999,5.775911,1.512613,0.052499
71.440000,-0.411825,5.985519,2.535750,0.125979
71.450000,-0.352667,5.660209,2.272372,0.195514
71.460000,-0.291556,5.957132,1.718401,0.264605
71.470000,-0.225976,6.505719,1.323077,0.334537
71.480000,-0.166062,6.555942,1.384615,0.401705
71.490000,-0.097473,6.618799,1.751099,0.461645
71.500000,-0.039014,6.647844,1.398828,0.526207
71.510000,0.027359,6.606593,1.555792,0.585768
71.520000,0.094813,6.360065,1.502304,0.647113
71.530000,0.156654,6.214809,0.669813,0.713286
71.540000,0.219728,6.529580,0.997218,0.775944
71.550000,0.288080,6.539743,1.345972,0.829613
71.560000,0.349137,6.344420,0.850940,0.886510
71.570000,0.411361,6.220532,1.106377,0.943601
71.580000,0.478932,6.295839,0.365369,0.990073
71.590000,0.536446,6.296043,0.291430,1.045287
71.600000,0.595868,6.024646,0.300132,1.091210
71.610000,0.657745,5.468604,0.897319,1.138448
71.620000,0.709382,5.950607,0.636742,1.184575
71.630000,0.769623,5.439159,0.646154,1.228246
71.640000,0.823157,5.088968,0.092308,1.273878
71.650000,0.874855,5.520299,0.236374,1.312939
71.660000,0.928139,5.122105,0.188461,1.350172
71.670000,0.977150,4.663736,-0.215385,1.379389
71.680000,1.026149,4.480397,0.030769,1.412062
71.690000,1.070866,4.381113,0.254723,1.443265
71.700000,1.117409,4.251948,0.020579,1.467859
71.710000,1.160394,3.980649,0.063307,1.489443
71.720000,1.199445,3.858472,-0.189244,1.507851
71.730000,1.236472,3.632005,0.309189,1.527068
71.740000,1.273550,3.604370,-0.030697,1.541121
71.750000,1.306229,3.273804,-0.107789,1.552318
71.760000,1.334887,3.118094,0.078349,1.561125
71.770000,1.363921,2.760160,0.171898,1.567296
71.780000,1.389861,2.557196,-0.155306,1.570493
71.790000,1.411787,2.434558,-0.120526,1.570045
71.800000,1.432050,1.843923,-0.230535,1.566452
71.810000,1.449334,1.636536,-0.190274,1.560300
71.820000,1.464120,1.394400,-0.590097,1.551044
71.830000,1.475503,1.038375,-0.330567,1.538791
71.840000,1.484361,0.746286,-0.252044,1.522964
71.850000,1.490654,0.458882,-0.406199,1.504354
71.860000,1.493583,0.146847,-0.297774,1.483305
71.870000,1.493784,-0.064020,-0.798634,1.457461
71.880000,1.492471,-0.194996,-1.244781,1.430515
71.890000,1.489937,-0.374693,-1.842422,1.404652
71.900000,1.484612,-0.587292,-2.246154,1.374222
71.910000,1.476974,-0.946585,-3.018009,1.338398
71.920000,1.466748,-1.166029,-2.184615,1.299698
71.930000,1.453613,-1.446154,-2.123077,1.263104
71.940000,1.436826,-1.753984,-2.042752,1.222501
71.950000,1.415405,-2.139618,-2.065183,1.177440
71.960000,1.393323,-2.583772,-2.264490,1.133203
71.970000,1.371034,-2.488946,-2.664255,1.084841
71.980000,1.346969,-3.061299,-2.728549,1.041249
71.990000,1.341977,-3.003778,-2.362503,1.036491
72.000000,1.280149,-3.150166,-0.647306,1.007117
72.010000,1.247422,-3.177933,-1.692308,0.941690
72.020000,1.217968,-3.232640,-2.645825,0.872657
72.030000,1.180893,-3.918103,-2.727230,0.800567
72.040000,1.143416,-4.137712,-2.818661,0.728330
72.050000,1.102227,-4.427826,-3.012884,0.652336
72.060000,1.054187,-4.422984,-2.804154,0.572245
72.070000,1.003704,-5.064452,-2.347406,0.488078
72.080000,0.947902,-5.720365,-2.826973,0.404538
72.090000,0.890565,-6.076160,-2.713781,0.320560
72.100000,0.831640,-6.438939,-2.517138,0.235099
72.110000,0.758302,-6.559879,-2.246154,0.149253
72.120000,0.691541,-6.978014,-2.427338,0.064458
72.130000,0.618350,-6.941927,-1.980877,-0.025805
72.140000,0.553035,-7.291959,-2.274867,-0.112622
72.150000,0.472564,-7.389143,-1.289134,-0.196802
72.160000,0.401117,-7.672209,-2.011066,-0.277946
72.170000,0.324809,-7.691101,-1.617140,-0.358057
72.180000,0.245452,-7.470410,-1.277484,-0.429778
72.190000,0.164563,-8.124918,-0.094381,-0.495776
72.200000,0.090051,-7.560319,-0.661454,-0.565538
72.210000,0.008498,-7.709973,-2.161504,-0.635806
72.220000,-0.068075,-7.909184,-0.610164,-0.702031
72.230000,-0.139296,-7.747760,-0.484192,-0.770004
72.240000,-0.216306,-7.556445,-0.325593,-0.830675
72.250000,-0.293911,-6.990479,-0.605992,-0.889062
72.260000,-0.363837,-7.050945,-0.554009,-0.950156
72.270000,-0.428156,-7.139901,-0.622736,-1.011721
72.280000,-0.499032,-6.997678,-0.813514,-1.062771
72.290000,-0.572299,-6.764278,-0.646154,-1.118285
72.300000,-0.631140,-6.614991,-0.346030,-1.172042
72.310000,-0.696523,-6.156933,-0.457011,-1.219053
72.320000,-0.758306,-5.736954,-0.156691,-1.263163
72.330000,-0.823930,-6.183081,0.198897,-1.303592
72.340000,-0.877805,-5.645437,0.028849,-1.343752
72.350000,-0.934007,-5.822351,-0.082245,-1.379138
72.360000,-0.988876,-5.229386,-0.225615,-1.413080
72.370000,-1.041619,-4.786813,0.276923,-1.442617
72.380000,-1.090056,-4.357275,-0.092538,-1.471746
72.390000,-1.136580,-4.792389,-0.212950,-1.496765
72.400000,-1.184136,-4.275049,0.105327,-1.516813
72.410000,-1.223133,-4.199249,0.398161,-1.534276
72.420000,-1.265470,-3.758859,-0.330998,-1.547409
72.430000,-1.299729,-3.545329,0.309937,-1.557916
72.440000,-1.331183,-3.375415,1.283492,-1.565345
72.450000,-1.364019,-2.907319,0.280329,-1.569774
72.460000,-1.387715,-2.391607,0.637263,-1.570642
72.470000,-1.411389,-2.337723,-0.104088,-1.567990
72.480000,-1.432155,-2.063262,-0.058150,-1.561920
72.490000,-1.450222,-1.640540,0.550437,-1.552659
72.500000,-1.464134,-1.329624,0.497328,-1.539450
72.510000,-1.474851,-1.057707,0.302682,-1.523186
72.520000,-1.483222,-0.683289,0.693308,-1.503432
72.530000,-1.487487,-0.245281,0.252480,-1.481767
72.540000,-1.488708,0.000921,0.362783,-1.454551
72.550000,-1.487922,0.119750,1.237403,-1.423978
72.560000,-1.485352,0.341974,2.036953,-1.398818
72.570000,-1.480004,0.628443,1.672394,-1.376523
72.580000,-1.472553,0.784909,1.795393,-1.354978
72.590000,-1.463523,1.058983,1.442397,-1.320564
72.600000,-1.453439,1.074329,2.192971,-1.280772
72.610000,-1.439847,1.612119,2.740660,-1.239782
72.620000,-1.420916,1.766390,3.488476,-1.196810
72.630000,-1.401736,1.963123,2.807920,-1.152369
72.640000,-1.377929,2.443944,1.801215,-1.105403
72.650000,-1.352544,2.440127,2.669829,-1.058535
72.660000,-1.320989,3.046121,2.163617,-1.007369
72.670000,-1.292755,3.579191,1.923661,-0.959397
72.680000,-1.257949,3.765560,1.818440,-0.906718
72.690000,-1.222838,3.919489,1.847834,-0.852278
72.700000,-1.184241,3.609845,1.703552,-0.796392
72.710000,-1.143925,4.129709,1.704830,-0.741541
72.720000,-1.100827,4.291287,2.157926,-0.679097
72.730000,-1.056012,4.703331,1.928682,-0.625024
72.740000,-1.009236,4.897357,1.399520,-0.569803
72.750000,-0.960068,5.092543,1.316153,-0.510617
72.760000,-0.911628,5.131030,1.960605,-0.450364
72.770000,-0.863184,5.266180,2.382606,-0.390529
72.780000,-0.808972,5.420740,1.507692,-0.331471
72.790000,-0.752828,4.914914,1.821978,-0.264379
72.800000,-0.698822,5.292617,1.738155,-0.196718
72.810000,-0.646567,5.645226,1.640971,-0.119003
72.820000,-0.587249,5.777287,2.189465,-0.043028
72.830000,-0.526900,5.923917,2.094044,0.028689
72.840000,-0.467604,5.907863,1.527409,0.099916
72.850000,-0.401336,6.140935,1.567482,0.167551
72.860000,-0.340605,6.259986,1.434274,0.225978
72.870000,-0.271435,6.710828,1.191183,0.286403
72.880000,-0.210978,6.358636,0.950191,0.349102
72.890000,-0.140471,6.345208,1.281052,0.421202
72.900000,-0.080634,6.401960,0.913558,0.486818
72.910000,-0.014921,6.740816,1.019588,0.550886
72.920000,0.048600,6.382126,0.725127,0.609534
72.930000,0.113995,6.063651,1.290367,0.672181
72.940000,0.176838,6.503346,1.040275,0.729840
72.950000,0.247006,6.056715,0.933389,0.787918
72.960000,0.305912,6.506819,0.930232,0.843736
72.970000,0.370202,6.264236,0.824730,0.892125
72.980000,0.431258,6.405429,0.061542,0.944724
72.990000,0.491602,5.662652,0.721532,0.996254
73.000000,0.553887,5.984997,1.368814,1.046752
73.010000,0.610700,5.419464,1.000644,1.095370
73.020000,0.664295,5.393186,0.540632,1.140868
73.030000,0.720555,5.589149,0.145141,1.186119
73.040000,0.775111,5.202951,0.390727,1.229844
73.050000,0.829458,5.267717,0.559969,1.269421
73.060000,0.883130,5.219650,-0.007237,1.304378
73.070000,0.932868,5.058387,-0.065235,1.339214
73.080000,0.983235,4.778232,0.707284,1.370085
73.090000,1.029913,4.636967,0.284534,1.402384
73.100000,1.074509,4.211958,0.116376,1.429185
73.110000,1.117585,4.131435,-0.000526,1.453512
73.120000,1.158379,3.842018,0.237622,1.475752
73.130000,1.194947,3.671412,-0.082607,1.495815
73.140000,1.232059,3.449591,0.061954,1.512789
73.150000,1.265788,3.327311,-0.291803,1.528092
73.160000,1.299438,3.195604,0.148137,1.542413
73.170000,1.326670,3.027740,0.496132,1.553956
73.180000,1.353799,2.754547,0.205653,1.562206
73.190000,1.379636,2.545689,-0.149074,1.567407
73.200000,1.402446,2.277430,0.382840,1.570253
73.210000,1.423756,1.674725,-0.173009,1.570579
73.220000,1.442822,1.637758,0.091684,1.568329
73.230000,1.458713,1.382334,-0.307304,1.563117
73.240000,1.471600,1.118635,0.134998,1.554628
73.250000,1.483253,0.985517,-0.348851,1.542959
73.260000,1.490592,0.725828,-0.096182,1.529706
73.270000,1.495970,0.461151,-0.516032,1.514967
73.280000,1.499752,0.174923,0.021597,1.496691
73.290000,1.500153,-0.045897,-0.560244,1.476520
73.300000,1.499247,-0.138450,-1.069162,1.450383
73.310000,1.497111,-0.302823,-2.222922,1.421442
73.320000,1.492954,-0.491130,-2.338775,1.394297
73.330000,1.486743,-0.717976,-2.060380,1.362658
73.340000,1.478362,-1.056558,-2.081016,1.325878
73.350000,1.466282,-1.334185,-2.787026,1.285736
73.360000,1.451743,-1.714465,-2.515698,1.244405
73.370000,1.432661,-2.031336,-2.908089,1.209827
73.380000,1.412303,-2.315891,-2.748222,1.165228
73.390000,1.389148,-2.323226,-1.855849,1.113806
73.400000,1.361791,-2.879121,-2.018399,1.066581
73.410000,1.332177,-3.251184,-3.295550,1.015977
73.420000,1.301027,-3.206334,-2.192026,0.963919
73.430000,1.267634,-3.480895,-2.068867,0.910196
73.440000,1.230109,-4.026625,-2.469745,0.854237
73.450000,1.188896,-3.988749,-2.201943,0.797774
73.460000,1.149418,-4.147896,-2.257353,0.735080
73.470000,1.104881,-4.740641,-2.177434,0.674679
73.480000,1.054814,-4.391348,-1.700483,0.611659
73.490000,1.005809,-4.656090,-1.979565,0.551914
73.500000,0.961518,-5.208413,-2.061779,0.488119
73.510000,0.905990,-4.922825,-1.581658,0.426028
73.520000,0.856183,-5.253903,-1.738770,0.356696
73.530000,0.802000,-5.266390,-1.889656,0.289339
73.540000,0.743412,-5.848312,-1.822503,0.225156
73.550000,0.686586,-5.404926,-1.692308,0.158716
73.560000,0.624357,-6.133414,-2.421751,0.099781
73.570000,0.560643,-5.744906,-2.182706,0.031237
73.580000,0.506451,-6.345571,-1.753846,-0.038566
73.590000,0.445586,-6.411061,-1.619253,-0.100689
73.600000,0.378745,-5.847632,-1.383414,-0.162833
73.610000,0.314415,-6.361998,-2.015607,-0.222338
73.620000,0.255580,-6.503456,-1.161725,-0.288775
73.630000,0.195805,-6.394208,-0.939516,-0.350281
73.640000,0.130056,-6.273398,-1.547359,-0.419957
73.650000,0.069642,-6.270131,-0.838793,-0.484842
73.660000,0.006685,-5.764486,-1.015147,-0.546609
73.670000,-0.059058,-6.337095,-1.055116,-0.610907
73.680000,-0.123894,-6.469122,-1.684321,-0.672315
73.690000,-0.184984,-6.554699,-1.154492,-0.734280
73.700000,-0.252649,-6.169359,-0.826710,-0.789173
73.710000,-0.309634,-5.888639,-0.769231,-0.849816
73.720000,-0.373616,-5.941172,-0.834761,-0.910560
73.730000,-0.435971,-6.393551,-1.003593,-0.964384
73.740000,-0.497202,-6.251193,-0.980110,-1.015277
73.750000,-0.559114,-5.797774,-0.707692,-1.069786
73.760000,-0.623597,-6.183510,-0.613999,-1.114531
73.770000,-0.674197,-5.762470,-0.759357,-1.160899
73.780000,-0.738135,-5.285643,-0.027719,-1.197363
73.790000,-0.791459,-5.815972,-0.358289,-1.235737
73.800000,-0.848276,-5.487173,-0.328236,-1.271856
73.810000,-0.894948,-5.064362,-0.544293,-1.313698
73.820000,-0.947009,-4.847127,-0.232938,-1.345871
73.830000,-0.997148,-4.726372,0.340965,-1.378611
73.840000,-1.043396,-4.756078,-0.400000,-1.407722
73.850000,-1.083893,-4.448666,-0.662639,-1.438427
73.860000,-1.125113,-3.929342,-0.210361,-1.465071
73.870000,-1.165992,-4.002053,-0.052182,-1.488469
73.880000,-1.204752,-3.359329,0.194971,-1.510012
73.890000,-1.244733,-3.654199,-0.100333,-1.526221
73.900000,-1.279410,-3.508458,-0.195273,-1.540387
73.910000,-1.312523,-3.257163,-0.062306,-1.552078
73.920000,-1.339429,-2.662059,0.322422,-1.561114
73.930000,-1.369807,-2.519535,0.126611,-1.567366
73.940000,-1.393369,-2.376251,0.060506,-1.570287
73.950000,-1.414375,-2.258696,-0.259357,-1.570562
73.960000,-1.435905,-1.759075,0.281968,-1.568080
73.970000,-1.453082,-1.426421,0.412479,-1.562707
73.980000,-1.467121,-1.387515,0.124168,-1.554699
73.990000,-1.478528,-1.028641,-0.315417,-1.543957
74.000000,-1.487393,-0.654036,-0.486986,-1.530511
74.010000,-1.494432,-0.540414,0.644867,-1.513775
74.020000,-1.498113,-0.286058,-0.116030,-1.496118
74.030000,-1.499056,0.019763,0.622431,-1.474017
74.040000,-1.498418,0.096294,1.139206,-1.447230
74.050000,-1.497043,0.235623,1.843272,-1.417648
74.060000,-1.493217,0.444714,2.458359,-1.388016
74.070000,-1.487114,0.634208,2.129411,-1.353837
74.080000,-1.478382,0.973915,2.852837,-1.322785
74.090000,-1.466245,1.369637,2.447869,-1.284710
74.100000,-1.450366,1.662004,2.830344,-1.244236
74.110000,-1.433603,1.884671,2.341285,-1.206177
74.120000,-1.412721,2.272157,2.066556,-1.160128
74.130000,-1.389389,2.476607,2.250545,-1.114330
74.140000,-1.362030,2.636624,2.159777,-1.066010
74.150000,-1.332637,3.144214,2.611672,-1.023984
74.160000,-1.301512,3.107287,2.617946,-0.967928
74.170000,-1.263853,3.626917,2.323093,-0.917616
74.180000,-1.232123,3.916490,2.108009,-0.865977
74.190000,-1.192522,3.895182,1.523711,-0.809356
74.200000,-1.153446,3.875471,1.148765,-0.752120
74.210000,-1.108290,4.533125,1.910326,-0.690323
74.220000,-1.064271,4.523565,2.064638,-0.629154
74.230000,-1.016349,4.481168,2.468425,-0.572077
74.240000,-0.971547,4.919512,2.042965,-0.509792
74.250000,-0.918602,5.241976,1.953677,-0.442048
74.260000,-0.867311,5.442788,1.605792,-0.371844
74.270000,-0.814614,5.399637,2.029203,-0.306337
74.280000,-0.756992,5.679802,1.537533,-0.241479
74.290000,-0.699914,5.553650,1.522907,-0.168293
74.300000,-0.641229,6.107831,1.129114,-0.096632
74.310000,-0.578832,6.376608,1.997525,-0.029263
74.320000,-0.518135,6.333511,1.457802,0.042795
74.330000,-0.458648,6.471888,1.943671,0.114568
74.340000,-0.394304,6.616520,1.378165,0.183994
74.350000,-0.327957,6.591617,1.376666,0.251503
74.360000,-0.258860,6.550875,0.896574,0.313880
74.370000,-0.192175,6.752299,2.100577,0.376849
74.380000,-0.126687,6.608576,1.197131,0.439785
74.390000,-0.064147,6.724121,1.423017,0.508160
74.400000,-0.000217,6.288183,1.110161,0.573399
74.410000,0.070736,6.587950,0.881314,0.636564
74.420000,0.139436,6.860914,0.400554,0.702472
74.430000,0.197216,6.451094,1.065517,0.764542
74.440000,0.268696,6.761528,0.067822,0.818518
74.450000,0.331925,6.606351,0.614112,0.877816
74.460000,0.391339,6.383942,0.607411,0.934969
74.470000,0.455632,6.588313,0.651037,0.988342
74.480000,0.525545,6.026701,0.727172,1.039466
74.490000,0.583849,6.127462,0.438473,1.086069
74.500000,0.642073,5.546051,0.423510,1.128922
74.510000,0.697301,6.054906,-0.624265,1.177738
74.520000,0.758118,5.474052,0.220501,1.221452
74.530000,0.813353,5.487364,0.007734,1.264146
74.540000,0.867216,5.280770,0.412499,1.303500
74.550000,0.914841,5.275932,-0.120009,1.340698
74.560000,0.967418,5.065449,0.218556,1.372859
74.570000,1.019431,4.918009,0.015927,1.406062
74.580000,1.063062,4.158758,0.102896,1.434534
74.590000,1.110347,4.594834,-0.024808,1.461249
74.600000,1.150848,4.474082,0.191932,1.484425
74.610000,1.192190,3.843967,0.015360,1.502602
74.620000,1.228447,3.643349,-0.323193,1.522287
74.630000,1.262476,3.441758,-0.369034,1.536964
74.640000,1.297053,3.471841,0.805297,1.548377
74.650000,1.328065,3.109538,0.253372,1.558979
74.660000,1.357235,2.621246,-0.157384,1.565756
74.670000,1.383178,2.528219,0.029724,1.569626
74.680000,1.408201,2.001441,0.078824,1.570786
74.690000,1.427405,1.880212,-0.178928,1.569280
74.700000,1.444785,1.891459,-0.360490,1.564637
74.710000,1.461270,1.538498,-0.523077,1.557334
74.720000,1.472936,1.039679,0.243363,1.546810
74.730000,1.483723,0.877755,-0.482745,1.533079
74.740000,1.490478,0.565287,-0.404975,1.516829
74.750000,1.494811,0.329620,-0.336012,1.497128
74.760000,1.496719,0.032045,-0.838718,1.480052
74.770000,1.495956,-0.089273,-1.062260,1.457413
74.780000,1.494702,-0.200340,-2.445974,1.428563
74.790000,1.491695,-0.407509,-1.765901,1.395359
74.800000,1.485767,-0.639067,-2.784122,1.366085
74.810000,1.477062,-1.049172,-2.392206,1.331629
74.820000,1.467017,-1.262751,-2.343777,1.295240
74.830000,1.450872,-1.655532,-2.807917,1.253670
74.840000,1.435906,-1.819386,-3.186602,1.212756
74.850000,1.414675,-2.264295,-2.992848,1.167664
74.860000,1.392825,-2.724785,-2.636873,1.127351
74.870000,1.365873,-2.852747,-2.430769,1.084999
74.880000,1.336417,-2.676067,-1.780405,1.037176
74.890000,1.306520,-3.118638,-1.974719,0.989445
74.900000,1.273031,-3.383714,-1.890900,0.936427
74.910000,1.238754,-3.384952,-1.796493,0.880496
74.920000,1.203427,-3.516140,-2.106868,0.826621
74.930000,1.158581,-4.226729,-1.933501,0.770715
74.940000,1.119158,-4.169567,-1.866270,0.714358
74.950000,1.073543,-4.571550,-2.349609,0.656301
74.960000,1.028152,-4.727545,-1.443306,0.592813
74.970000,0.983458,-4.981748,-2.651502,0.530093
74.980000,0.932839,-5.293069,-2.535797,0.471367
74.990000,0.882801,-5.462503,-2.056357,0.401944
75.000000,0.828615,-5.459787,-1.950310,0.337890
75.010000,0.773687,-5.415411,-1.446154,0.271914
75.020000,0.716120,-5.660194,-1.904929,0.200620
75.030000,0.660869,-6.038258,-2.440260,0.134618
75.040000,0.604986,-5.985906,-1.861204,0.061299
75.050000,0.543483,-6.159767,-2.087971,-0.005374
75.060000,0.482162,-6.288639,-1.416693,-0.070670
75.070000,0.412279,-6.685116,-1.642338,-0.136486
75.080000,0.354462,-6.475247,-1.637824,-0.208329
75.090000,0.290146,-6.072621,-1.506378,-0.277921
75.100000,0.220865,-6.255527,-1.168281,-0.345752
75.110000,0.161626,-6.746157,-1.753846,-0.416569
75.120000,0.093601,-6.702614,-1.398055,-0.475958
75.130000,0.025947,-6.815402,-0.854323,-0.527740
75.140000,-0.033048,-6.420644,-1.119784,-0.581130
75.150000,-0.104398,-6.633557,-0.647740,-0.626470
75.160000,-0.161697,-5.742671,-0.080837,-0.678447
75.170000,-0.225124,-6.216740,-0.634220,-0.722656
75.180000,-0.281692,-5.831274,-0.289537,-0.767051
75.190000,-0.339752,-5.649387,-0.031341,-0.832360
75.200000,-0.399710,-5.292141,-1.261538,-0.901287
75.210000,-0.457828,-5.255901,-1.059411,-0.967437
75.220000,-0.511332,-5.707487,-1.361436,-1.024337
75.230000,-0.569660,-5.949559,-1.027317,-1.080255
75.240000,-0.627705,-5.782090,-0.814945,-1.136990
75.250000,-0.687078,-5.814809,-1.103453,-1.187644
75.260000,-0.746151,-6.019011,-0.451564,-1.234269
75.270000,-0.807994,-5.944719,-0.883499,-1.278156
75.280000,-0.859652,-5.706813,-0.174308,-1.322262
75.290000,-0.919551,-5.560821,0.730029,-1.363408
75.300000,-0.968029,-5.444054,0.002092,-1.399621
75.310000,-1.020454,-4.838903,-0.128028,-1.433219
75.320000,-1.069902,-4.880697,-0.163913,-1.461849
75.330000,-1.117779,-4.737297,0.260012,-1.487816
75.340000,-1.162518,-4.512296,0.118581,-1.510129
75.350000,-1.205230,-3.754102,0.472235,-1.529996
75.360000,-1.249677,-3.962830,-0.022572,-1.545318
75.370000,-1.285369,-3.604080,0.220561,-1.557023
75.380000,-1.316891,-3.249924,-0.042115,-1.564485
75.390000,-1.350462,-2.757509,0.354796,-1.568382
75.400000,-1.378764,-2.651613,0.942989,-1.570377
75.410000,-1.403517,-2.478418,0.371558,-1.570604
75.420000,-1.424258,-2.101319,0.153846,-1.568783
75.430000,-1.444561,-1.840900,0.054182,-1.565301
75.440000,-1.460098,-1.595604,-0.092308,-1.559513
75.450000,-1.473004,-1.102073,0.388884,-1.551778
75.460000,-1.483900,-0.983614,0.056851,-1.540177
75.470000,-1.491389,-0.733738,0.151549,-1.523924
75.480000,-1.497101,-0.466805,0.320028,-1.507350
75.490000,-1.500132,-0.154797,0.325154,-1.486362
75.500000,-1.500153,0.072177,0.681826,-1.464402
75.510000,-1.499008,0.151897,1.447546,-1.434259
75.520000,-1.496408,0.352809,1.875444,-1.395401
75.530000,-1.491372,0.716824,2.613683,-1.351267
75.540000,-1.482786,1.162646,3.080553,-1.302973
75.550000,-1.469455,1.328505,3.281113,-1.247925
75.560000,-1.451847,1.802399,4.276155,-1.193648
75.570000,-1.428416,2.573791,3.036349,-1.133879
75.580000,-1.402876,2.727150,2.770701,-1.072784
75.590000,-1.368506,3.069512,1.969833,-1.034320
75.600000,-1.337227,3.311823,2.770085,-0.991815
75.610000,-1.302726,3.420487,1.730852,-0.950174
75.620000,-1.262102,3.810634,1.305955,-0.901237
75.630000,-1.227155,4.068971,1.652031,-0.851545
75.640000,-1.187265,4.175346,0.634148,-0.805877
75.650000,-1.144098,4.455698,1.711006,-0.764755
75.660000,-1.100683,3.860460,1.717852,-0.708945
75.670000,-1.058338,4.466672,1.062778,-0.640731
75.680000,-1.014538,4.912020,2.722891,-0.570145
75.690000,-0.965703,4.908850,2.760934,-0.496414
75.700000,-0.914196,5.265146,2.829978,-0.418847
75.710000,-0.865426,5.656420,2.609548,-0.343940
75.720000,-0.807253,5.539526,2.495181,-0.262850
75.730000,-0.752883,6.210989,2.041824,-0.197460
75.740000,-0.689677,6.359946,2.115568,-0.145197
75.750000,-0.627115,6.561156,0.586631,-0.088357
75.760000,-0.565306,6.340441,0.598906,-0.028872
75.770000,-0.500341,6.018165,1.814921,0.032345
75.780000,-0.442673,6.310495,0.682144,0.087169
75.790000,-0.379240,6.310896,1.317564,0.144722
75.800000,-0.320626,6.030414,0.921357,0.201265
75.810000,-0.266101,6.103277,0.708339,0.254287
75.820000,-0.196758,6.001345,0.470138,0.306096
75.830000,-0.143053,6.037046,1.516460,0.362938
75.840000,-0.086072,6.022314,0.464706,0.413335
75.850000,-0.027627,5.889987,1.284095,0.469528
75.860000,0.034437,5.902252,1.031408,0.525168
75.870000,0.086515,5.460748,1.154953,0.583294
75.880000,0.142876,5.445247,-0.669448,0.649115
75.890000,0.202564,5.765999,1.265232,0.716207
75.900000,0.261843,5.402808,1.180912,0.774316
75.910000,0.317644,6.078053,1.719341,0.837234
75.920000,0.373765,5.739270,1.454108,0.896553
75.930000,0.435243,6.087033,0.656842,0.952048
75.940000,0.499421,5.920612,0.882516,1.011353
75.950000,0.554780,5.894740,0.998468,1.068994
75.960000,0.617335,6.157851,1.439852,1.117905
75.970000,0.669943,5.863589,0.545324,1.169717
75.980000,0.729772,5.350119,0.554236,1.220186
75.990000,0.790385,5.714473,0.134649,1.261874
76.000000,0.848371,5.656756,0.352719,1.300087
76.010000,0.903135,5.290496,0.107216,1.337286
76.020000,0.950884,5.172293,0.271926,1.374442
76.030000,1.002418,5.243034,0.346961,1.410137
76.040000,1.052967,5.036831,0.585629,1.442575
76.050000,1.098741,4.703159,-0.153846,1.470517
76.060000,1.142969,4.365832,0.153846,1.496371
76.070000,1.187906,4.135756,0.610344,1.518092
76.080000,1.226044,3.981689,-0.238603,1.533776
76.090000,1.263154,3.862011,-0.259256,1.546687
76.100000,1.300900,3.409388,-0.225239,1.558088
76.110000,1.330644,3.374753,0.951330,1.565335
76.120000,1.361497,2.930355,-0.584615,1.569860
76.130000,1.389288,2.259161,0.083494,1.570757
76.140000,1.411041,2.059369,-0.547052,1.568555
76.150000,1.432147,1.856137,-0.617985,1.563553
76.160000,1.449201,1.635735,-0.501674,1.556507
76.170000,1.464995,1.281993,-0.169539,1.545276
76.180000,1.474167,0.939386,-0.255064,1.529967
76.190000,1.483997,0.632269,-0.584615,1.512175
76.200000,1.488268,0.337145,-0.745537,1.491584
76.210000,1.490234,0.069968,-0.338462,1.467398
76.220000,1.489711,-0.099800,-1.168113,1.440647
76.230000,1.488288,-0.218556,-1.643454,1.409178
76.240000,1.484631,-0.502438,-2.335338,1.383059
76.250000,1.478018,-0.812176,-1.981446,1.362913
76.260000,1.469734,-0.988206,-2.498705,1.333524
76.270000,1.458243,-1.223721,-1.903448,1.306727
76.280000,1.446018,-1.446317,-2.284195,1.274624
76.290000,1.430217,-1.757462,-2.630639,1.239658
76.300000,1.412473,-1.749087,-1.917574,1.205443
76.310000,1.394434,-1.996720,-0.849107,1.169286
76.320000,1.372157,-2.036945,-2.282017,1.129021
76.330000,1.348805,-2.574009,-2.152357,1.091945
76.340000,1.323380,-2.686507,-2.063388,1.044865
76.350000,1.294650,-3.200736,-2.454715,0.987527
76.360000,1.262764,-3.244754,-2.615385,0.930113
76.370000,1.228600,-3.862613,-2.756354,0.870635
76.380000,1.191734,-3.925836,-2.322095,0.812749
76.390000,1.150951,-3.888032,-2.541656,0.750109
76.400000,1.111973,-4.426259,-2.398996,0.687157
76.410000,1.067962,-4.468543,-2.049755,0.625628
76.420000,1.017723,-5.023630,-1.674243,0.570702
76.430000,0.967460,-4.779068,-1.857212,0.501692
76.440000,0.921056,-5.117448,-1.962548,0.434219
76.450000,0.868539,-5.573700,-1.994770,0.379435
76.460000,0.812314,-5.394289,-1.655386,0.313686
76.470000,0.758677,-5.675491,-1.893534,0.239413
76.480000,0.702108,-5.553989,-1.922076,0.165276
76.490000,0.642856,-6.072451,-1.861415,0.107930
76.500000,0.580139,-6.191541,-1.886079,0.035732
76.510000,0.521580,-6.274169,-1.838830,-0.034504
76.520000,0.454910,-6.026374,-1.507692,-0.095166
76.530000,0.394151,-6.746036,-0.840994,-0.159766
76.540000,0.331882,-6.411567,-0.789542,-0.221770
76.550000,0.261654,-6.623421,-0.834469,-0.282869
76.560000,0.204529,-6.546110,-1.411693,-0.354325
76.570000,0.139751,-6.127135,-1.643364,-0.422149
76.580000,0.074867,-6.526447,-1.742446,-0.492294
76.590000,0.005641,-6.690679,-1.648147,-0.560593
76.600000,-0.060448,-6.119538,-1.390510,-0.626662
76.610000,-0.126341,-6.787018,-1.025073,-0.691282
76.620000,-0.189922,-6.802192,-1.116053,-0.759010
76.630000,-0.249163,-6.899382,-1.450288,-0.824426
76.640000,-0.317808,-6.822804,-0.713033,-0.881620
76.650000,-0.382941,-6.688568,-0.905677,-0.938874
76.660000,-0.449014,-6.657017,-1.147615,-0.999159
76.670000,-0.518548,-6.061267,-1.127295,-1.055223
76.680000,-0.579150,-6.366811,-1.015385,-1.110477
76.690000,-0.641262,-6.229753,-0.649323,-1.167071
76.700000,-0.707156,-5.692308,-0.953846,-1.219898
76.710000,-0.767777,-6.275751,-1.132821,-1.268165
76.720000,-0.822017,-5.792006,-0.497477,-1.310672
76.730000,-0.884081,-5.375503,0.081712,-1.352889
76.740000,-0.940215,-5.496756,-0.070628,-1.390354
76.750000,-0.996287,-5.484272,0.062184,-1.425780
76.760000,-1.044240,-4.862817,0.055781,-1.457443
76.770000,-1.095469,-4.919826,-0.104229,-1.485702
76.780000,-1.144954,-4.960399,0.323934,-1.508989
76.790000,-1.188764,-4.009468,-0.022060,-1.529606
76.800000,-1.232756,-4.216643,0.360932,-1.544578
76.810000,-1.270080,-3.719797,0.302182,-1.557268
76.820000,-1.309053,-3.415328,0.656017,-1.565392
76.830000,-1.340530,-2.922031,0.792727,-1.569976
76.840000,-1.371026,-2.967460,0.586109,-1.570514
76.850000,-1.398040,-2.536987,-0.317024,-1.567248
76.860000,-1.418975,-2.095411,0.468322,-1.560135
76.870000,-1.438062,-1.522876,0.105298,-1.548959
76.880000,-1.454891,-1.180320,0.975753,-1.533633
76.890000,-1.466434,-1.127731,0.737669,-1.515242
76.900000,-1.474970,-0.707918,0.706116,-1.492190
76.910000,-1.479553,-0.298789,1.515527,-1.467513
76.920000,-1.480697,0.048633,0.387935,-1.437441
76.930000,-1.479171,0.189011,1.323077,-1.405293
76.940000,-1.476276,0.455626,2.171964,-1.370467
76.950000,-1.470043,0.634225,3.006799,-1.330982
76.960000,-1.460651,1.150698,2.489876,-1.287763
76.970000,-1.447670,1.668279,2.556576,-1.240760
76.980000,-1.430082,2.055331,3.038566,-1.193661
76.990000,-1.409312,2.272843,2.561814,-1.145400
77.000000,-1.386113,2.420972,2.758401,-1.097115
77.010000,-1.355982,3.116484,2.597829,-1.038023
77.020000,-1.327505,3.333110,2.781773,-0.977336
77.030000,-1.292560,3.890832,2.432454,-0.911175
77.040000,-1.254581,3.758039,2.260086,-0.847272
77.050000,-1.212699,4.332777,2.636863,-0.780552
77.060000,-1.162449,4.925587,2.647917,-0.708083
77.070000,-1.116289,5.251288,1.810066,-0.649804
77.080000,-1.068579,5.419458,1.745120,-0.599566
77.090000,-1.017674,5.023643,1.339768,-0.540443
77.100000,-0.960886,5.008233,1.291160,-0.483794
77.110000,-0.910561,5.506406,1.411181,-0.421255
77.120000,-0.857028,5.273288,1.939842,-0.362270
77.130000,-0.802256,5.657159,1.110077,-0.310023
77.140000,-0.747929,5.240199,0.533882,-0.256169
77.150000,-0.690528,5.810085,1.338629,-0.202972
77.160000,-0.631769,5.892171,0.228589,-0.148396
77.170000,-0.574536,5.776680,0.980299,-0.086538
77.180000,-0.523117,5.742518,1.704607,-0.008462
77.190000,-0.463715,5.707779,2.266193,0.060582
77.200000,-0.407837,6.071064,1.886544,0.138892
77.210000,-0.345534,5.986521,2.657357,0.207908
77.220000,-0.281705,6.129630,1.417933,0.274600
77.230000,-0.220984,6.376449,1.368455,0.342648
77.240000,-0.157204,6.224006,1.578457,0.413810
77.250000,-0.095938,6.530615,1.702662,0.478810
77.260000,-0.030555,6.626134,0.943914,0.542490
77.270000,0.036609,6.732613,0.953846,0.611067
77.280000,0.106634,6.813541,0.814560,0.671940
77.290000,0.169486,6.770941,1.095721,0.732888
77.300000,0.234675,6.717873,0.774392,0.791736
77.310000,0.298011,6.456437,0.328580,0.849147
77.320000,0.363054,6.212685,1.200396,0.903629
77.330000,0.430589,6.345697,0.609186,0.959556
77.340000,0.490029,6.036041,0.963081,1.009632
77.350000,0.552840,6.204699,0.423872,1.059233
77.360000,0.612073,6.108639,0.220411,1.109109
77.370000,0.668950,5.639821,0.830769,1.156899
77.380000,0.723816,5.576467,0.637440,1.203866
77.390000,0.787239,5.636192,0.552551,1.247190
77.400000,0.840745,5.239232,0.640188,1.289053
77.410000,0.893976,4.840669,0.143923,1.326845
77.420000,0.945557,5.156771,-0.169655,1.359704
77.430000,0.997299,5.032517,-0.347926,1.393371
77.440000,1.040961,4.371493,0.263262,1.424092
77.450000,1.088979,4.212745,-0.053987,1.450557
77.460000,1.131680,4.354246,-0.164062,1.478495
77.470000,1.174590,3.879837,0.161839,1.501252
77.480000,1.212123,3.941227,-0.137528,1.521884
77.490000,1.250067,3.531733,-0.567995,1.538287
77.500000,1.285152,3.708177,0.534555,1.549769
77.510000,1.318498,2.927893,0.287366,1.559249
77.520000,1.346036,3.090110,-0.523077,1.565633
77.530000,1.374768,2.468603,-0.144505,1.569656
77.540000,1.401942,2.511503,-0.430487,1.570775
77.550000,1.421500,2.091624,-0.860581,1.569218
77.560000,1.440772,1.538846,-0.259823,1.565005
77.570000,1.457064,1.315305,-0.519509,1.557698
77.580000,1.470455,1.192024,0.196920,1.546836
77.590000,1.480827,0.977649,-0.751234,1.534134
77.600000,1.489039,0.578636,0.150566,1.518235
77.610000,1.493189,0.353972,-0.262420,1.496624
77.620000,1.495193,0.067802,-1.276016,1.473635
77.630000,1.494565,-0.124378,-0.939089,1.445518
77.640000,1.492887,-0.286126,-1.583643,1.415452
77.650000,1.489107,-0.503555,-1.885067,1.379557
77.660000,1.481920,-0.868383,-2.536701,1.345912
77.670000,1.471752,-1.023571,-2.611147,1.309179
77.680000,1.458003,-1.488136,-2.323353,1.268027
77.690000,1.443125,-1.965242,-2.918345,1.222646
77.700000,1.423608,-2.035946,-2.083124,1.171897
77.710000,1.401841,-2.273776,-3.127789,1.127856
77.720000,1.374267,-2.770469,-2.469850,1.075945
77.730000,1.345306,-3.020784,-3.188631,1.022979
77.740000,1.313428,-3.473096,-2.767827,0.966709
77.750000,1.276009,-3.712684,-2.406975,0.908603
77.760000,1.239829,-4.088094,-2.668838,0.845412
77.770000,1.197693,-4.450396,-2.925767,0.789121
77.780000,1.154963,-4.477401,-2.284070,0.720201
77.790000,1.106899,-4.759163,-2.383784,0.652726
77.800000,1.058746,-5.102681,-1.800513,0.582876
77.810000,1.008979,-5.419780,-2.383512,0.512188
77.820000,0.952268,-5.261658,-2.283807,0.444023
77.830000,0.898300,-5.306165,-1.659193,0.376365
77.840000,0.842062,-5.825027,-2.154879,0.306000
77.850000,0.779033,-5.790648,-2.191026,0.237993
77.860000,0.721181,-5.580163,-1.473136,0.165558
77.870000,0.658340,-6.392176,-1.637693,0.107199
77.880000,0.597962,-6.342251,-1.731787,0.032539
77.890000,0.526891,-6.034367,-1.181185,-0.025545
77.900000,0.467302,-6.312388,-1.362378,-0.087540
77.910000,0.402524,-6.653423,-1.046521,-0.147610
77.920000,0.344304,-6.591945,-1.304576,-0.208282
77.930000,0.272159,-5.818780,-1.078952,-0.266521
77.940000,0.210414,-5.839060,-0.845921,-0.331029
77.950000,0.143591,-6.208394,-1.457846,-0.407038
77.960000,0.082796,-6.591237,-2.352925,-0.488443
77.970000,0.016246,-6.612292,-2.000399,-0.565539
77.980000,-0.045840,-6.479557,-1.350464,-0.641363
77.990000,-0.115862,-6.746790,-1.385663,-0.716599
78.000000,-0.184089,-7.107114,-1.946313,-0.788336
78.010000,-0.251966,-7.439801,-1.388115,-0.858136
78.020000,-0.319649,-6.778798,-1.292181,-0.928937
78.030000,-0.388738,-6.898554,-1.255362,-0.994646
78.040000,-0.458493,-6.669530,-1.497153,-1.056122
78.050000,-0.531326,-7.073277,-1.116199,-1.116232
78.060000,-0.597993,-6.968006,-0.876761,-1.174451
78.070000,-0.667954,-7.023459,-0.515767,-1.228350
78.080000,-0.739332,-6.128488,-0.237170,-1.276710
78.090000,-0.798580,-6.571429,-0.652519,-1.323345
78.100000,-0.861471,-6.051703,-0.434454,-1.365376
78.110000,-0.926934,-6.290110,-0.215385,-1.405093
78.120000,-0.985130,-5.702382,-0.197205,-1.438735
78.130000,-1.041508,-5.754080,0.085990,-1.469474
78.140000,-1.092876,-5.190163,0.444483,-1.495547
78.150000,-1.144506,-5.136385,0.413840,-1.519780
78.160000,-1.191224,-4.582169,0.484059,-1.539508
78.170000,-1.234639,-4.531753,0.830186,-1.553896
78.180000,-1.274063,-3.759573,0.277015,-1.563782
78.190000,-1.314831,-3.607714,0.939892,-1.569108
78.200000,-1.345583,-3.169231,0.507601,-1.570765
78.210000,-1.375102,-2.837464,0.753527,-1.568347
78.220000,-1.401656,-2.595760,0.725304,-1.561444
78.230000,-1.422835,-1.952501,1.200000,-1.551264
78.240000,-1.442354,-1.738283,0.784366,-1.536549
78.250000,-1.455925,-1.170747,0.791314,-1.518548
78.260000,-1.466454,-0.968642,1.028791,-1.495887
78.270000,-1.473308,-0.495759,0.791948,-1.469114
78.280000,-1.475738,-0.058826,0.576104,-1.438286
78.290000,-1.474654,0.183480,1.323077,-1.403550
78.300000,-1.471529,0.426374,2.483779,-1.364646
78.310000,-1.465748,0.862079,2.792438,-1.322004
78.320000,-1.456416,1.122413,2.579248,-1.275350
78.330000,-1.442952,1.579960,2.555049,-1.225670
78.340000,-1.425450,2.007775,3.534807,-1.175391
78.350000,-1.402978,2.410853,2.738281,-1.120814
78.360000,-1.378187,2.920164,2.755576,-1.061678
78.370000,-1.346832,3.503973,3.118075,-1.000030
78.380000,-1.311792,3.819780,2.870962,-0.938524
78.390000,-1.273720,4.020509,2.749246,-0.872971
78.400000,-1.234437,4.259370,3.228146,-0.801807
78.410000,-1.190868,4.843069,2.989470,-0.729956
78.420000,-1.139326,4.619068,2.683484,-0.658954
78.430000,-1.090831,5.369074,2.593489,-0.581314
78.440000,-1.037450,5.215764,2.440015,-0.500273
78.450000,-0.977788,6.211369,2.398671,-0.421244
78.460000,-0.915608,6.220404,2.492308,-0.340834
78.470000,-0.850486,6.037576,2.416849,-0.260089
78.480000,-0.789121,6.474619,2.077119,-0.174952
78.490000,-0.717811,6.500436,1.749125,-0.100304
78.500000,-0.652232,6.731710,1.876923,-0.020435
78.510000,-0.577344,7.474983,1.936926,0.061716
78.520000,-0.507572,7.526986,1.844620,0.143498
78.530000,-0.435108,7.506969,1.859474,0.223509
78.540000,-0.360292,7.582064,1.477170,0.305456
78.550000,-0.283632,7.913652,1.512098,0.385839
78.560000,-0.200742,7.713669,1.320942,0.463107
78.570000,-0.126485,7.927159,1.374626,0.544089
78.580000,-0.052964,7.383639,1.434186,0.618729
78.590000,0.024791,7.857433,1.242032,0.693549
78.600000,0.108705,7.367539,1.492553,0.761842
78.610000,0.181357,7.466074,0.860374,0.826520
78.620000,0.253574,7.851286,-0.035021,0.879801
78.630000,0.334691,7.559664,-0.358731,0.925717
78.640000,0.406879,7.210723,-0.163267,0.971616
78.650000,0.472412,7.169248,-0.248416,1.019813
78.660000,0.540005,6.400716,-0.241861,1.066833
78.670000,0.608210,6.143242,-0.450480,1.112252
78.680000,0.667282,6.047502,0.161697,1.156352
78.690000,0.721994,5.923273,0.096452,1.196882
78.700000,0.779479,5.780728,0.198500,1.233405
78.710000,0.837474,5.214480,0.039095,1.272264
78.720000,0.886848,5.237438,-0.015561,1.312223
78.730000,0.938591,4.974898,0.254312,1.353317
78.740000,0.987552,5.048182,0.120704,1.389763
78.750000,1.036959,4.861067,0.215385,1.419154
78.760000,1.081966,4.677711,0.276923,1.448106
78.770000,1.125811,4.001205,0.248140,1.472108
78.780000,1.166890,4.337854,0.011883,1.488001
78.790000,1.206788,3.575805,-0.137353,1.507037
78.800000,1.245666,3.811986,-0.523114,1.522509
78.810000,1.279081,3.180437,-0.066205,1.534527
78.820000,1.308264,3.190713,-0.195720,1.545833
78.830000,1.338139,2.703396,-0.033950,1.555415
78.840000,1.365376,2.545122,-0.084674,1.562772
78.850000,1.390348,2.374141,0.132703,1.568050
78.860000,1.410912,2.244613,-0.003860,1.570595
78.870000,1.430818,1.918882,-0.144256,1.570429
78.880000,1.448196,1.623735,-0.116921,1.567627
78.890000,1.463127,1.505566,-0.340985,1.562761
78.900000,1.475105,1.101144,-0.005234,1.555604
78.910000,1.486801,0.839619,-0.891485,1.545167
78.920000,1.493499,0.685196,-0.160347,1.531546
78.930000,1.499207,0.515518,-0.574157,1.517610
78.940000,1.502348,0.122686,0.201367,1.496039
78.950000,1.502823,-0.044633,-0.434705,1.468953
78.960000,1.501678,-0.168733,-1.587256,1.439091
78.970000,1.498988,-0.424097,-1.789559,1.405587
78.980000,1.493675,-0.669212,-2.514361,1.366810
78.990000,1.485902,-0.933732,-2.672408,1.324307
79.000000,1.473112,-1.281528,-2.582958,1.281358
79.010000,1.457822,-1.727768,-2.428704,1.235266
79.020000,1.437618,-1.852721,-2.975718,1.188310
79.030000,1.414376,-2.432169,-2.786594,1.135599
79.040000,1.389536,-2.748256,-2.484690,1.078208
79.050000,1.358257,-3.187212,-2.369579,1.015377
79.060000,1.322358,-3.424544,-1.270999,0.956697
79.070000,1.287913,-3.838590,-2.518981,0.885775
79.080000,1.248185,-4.151008,-3.191763,0.816973
79.090000,1.200939,-4.519525,-2.578706,0.743364
79.100000,1.152902,-4.657883,-2.195241,0.670287
79.110000,1.103240,-5.077869,-2.597310,0.592123
79.120000,1.045859,-5.687941,-2.673785,0.511785
79.130000,0.991096,-5.857700,-2.085381,0.434406
79.140000,0.927335,-6.358068,-2.577997,0.354417
79.150000,0.867962,-6.132897,-2.224542,0.273192
79.160000,0.796352,-7.060797,-1.835866,0.189100
79.170000,0.727275,-6.706147,-2.759835,0.105044
79.180000,0.663380,-7.285666,-2.290635,0.020313
79.190000,0.583773,-7.265568,-2.153050,-0.063149
79.200000,0.515560,-7.460699,-1.744153,-0.149625
79.210000,0.442024,-7.520961,-1.843699,-0.233077
79.220000,0.362179,-7.721488,-1.789578,-0.317625
79.230000,0.286328,-7.842980,-1.495354,-0.399407
79.240000,0.203443,-8.051613,-1.966253,-0.479724
79.250000,0.123849,-7.879881,-1.630769,-0.555112
79.260000,0.039641,-7.657847,-1.235916,-0.633736
79.270000,-0.028363,-7.560777,-1.422486,-0.708404
79.280000,-0.114365,-7.751862,-1.051077,-0.783209
79.290000,-0.192910,-7.709103,-1.639495,-0.855298
79.300000,-0.273742,-8.220838,-1.090170,-0.919318
79.310000,-0.348059,-7.604372,-1.488359,-0.984535
79.320000,-0.421000,-7.520255,-0.815511,-1.048283
79.330000,-0.500699,-7.578071,-0.464154,-1.109185
79.340000,-0.574665,-7.020329,-0.943264,-1.161766
79.350000,-0.645437,-6.908536,0.050062,-1.215000
79.360000,-0.709221,-6.767067,-0.390355,-1.264772
79.370000,-0.780011,-6.848005,-0.203636,-1.313541
79.380000,-0.841774,-6.549828,0.055139,-1.355810
79.390000,-0.908392,-5.765879,-0.076760,-1.392691
79.400000,-0.969780,-6.020214,-0.455009,-1.428475
79.410000,-1.028767,-5.782954,-0.101451,-1.460575
79.420000,-1.074897,-4.958108,-0.088827,-1.488157
79.430000,-1.125601,-5.142290,-0.039267,-1.511287
79.440000,-1.174660,-4.799733,0.312112,-1.531245
79.450000,-1.219463,-4.189918,0.060102,-1.547343
79.460000,-1.263348,-4.149286,0.251474,-1.559599
79.470000,-1.302252,-3.650236,0.586525,-1.567196
79.480000,-1.335554,-3.228893,1.200000,-1.570596
79.490000,-1.369074,-2.706926,0.883980,-1.569728
79.500000,-1.394948,-2.482554,0.556337,-1.564812
79.510000,-1.418865,-2.025963,0.830769,-1.555578
79.520000,-1.437293,-1.543364,1.130999,-1.541941
79.530000,-1.453444,-1.234420,1.095365,-1.523339
79.540000,-1.463239,-0.973491,1.145870,-1.501829
79.550000,-1.471156,-0.497043,0.708484,-1.476155
79.560000,-1.474612,-0.194450,0.950913,-1.446038
79.570000,-1.474594,0.111604,1.150459,-1.411467
79.580000,-1.472061,0.345142,2.342153,-1.371229
79.590000,-1.467841,0.688383,2.766070,-1.330904
79.600000,-1.458652,1.101270,2.639061,-1.284612
79.610000,-1.445508,1.466059,2.131207,-1.234356
79.620000,-1.428017,1.871390,2.760274,-1.180631
79.630000,-1.405335,2.195188,2.774263,-1.126957
79.640000,-1.382239,2.697312,3.497475,-1.065018
79.650000,-1.350374,3.087580,3.119343,-1.002625
79.660000,-1.317241,3.707759,2.668972,-0.937396
79.670000,-1.279564,3.980855,2.604305,-0.870144
79.680000,-1.236335,4.487604,2.575978,-0.799183
79.690000,-1.190811,4.713344,2.635002,-0.722626
79.700000,-1.143427,5.333502,2.719291,-0.645886
79.710000,-1.091201,5.507692,3.034985,-0.567601
79.720000,-1.034981,5.931081,2.545110,-0.483976
79.730000,-0.974861,6.149451,2.738462,-0.401404
79.740000,-0.916572,6.158174,2.605168,-0.317654
79.750000,-0.841943,6.697517,2.246154,-0.233985
79.760000,-0.775945,6.921700,2.817299,-0.149847
79.770000,-0.710089,7.377243,2.085570,-0.061660
79.780000,-0.638942,7.293551,2.142785,0.024017
79.790000,-0.565494,7.569985,1.802495,0.107485
79.800000,-0.488849,7.751702,1.686281,0.184250
79.810000,-0.412450,7.750769,0.967999,0.264848
79.820000,-0.336393,7.392174,1.518489,0.343658
79.830000,-0.256537,7.679732,1.519478,0.420961
79.840000,-0.174144,7.504980,1.442649,0.499617
79.850000,-0.095795,8.096849,1.018296,0.578875
79.860000,-0.021776,8.009757,1.354260,0.657356
79.870000,0.061044,7.720728,1.505466,0.733079
79.880000,0.137769,7.801149,1.152809,0.804760
79.890000,0.213517,7.366004,1.321717,0.877818
79.900000,0.291417,7.888507,0.367699,0.946144
79.910000,0.368198,7.988651,0.549847,1.008324
79.920000,0.445331,7.370462,0.672914,1.068910
79.930000,0.520414,7.437145,0.257385,1.127366
79.940000,0.595037,6.813248,0.708535,1.185080
79.950000,0.662090,7.146356,0.240014,1.241422
79.960000,0.731447,7.096580,-0.002940,1.290147
79.970000,0.805902,6.479580,0.070195,1.334398
79.980000,0.870608,6.083212,0.429094,1.376756
79.990000,0.925540,5.683963,0.581492,1.415656
80.000000,0.986668,5.397488,-0.197970,1.446033
80.010000,1.036995,5.199052,-0.669023,1.465064
80.020000,1.098457,5.129007,-0.745557,1.485135
80.030000,1.148781,4.866556,-1.032591,1.499834
80.040000,1.188800,4.197549,-0.404423,1.514285
80.050000,1.232281,3.924255,-0.790588,1.528641
80.060000,1.270295,3.636019,-0.626549,1.544864
80.070000,1.304788,2.954147,-0.481548,1.556033
80.080000,1.336205,3.113338,-0.374201,1.563990
80.090000,1.363921,2.883536,-0.352748,1.568824
80.100000,1.391283,2.278322,-0.549708,1.570783
80.110000,1.413183,2.376953,-0.664479,1.568810
80.120000,1.433235,1.822951,-0.480218,1.563586
80.130000,1.449823,1.590332,-0.270744,1.555429
80.140000,1.464882,1.298834,-0.597936,1.543304
80.150000,1.476382,0.952933,-0.396805,1.529068
80.160000,1.484231,0.620247,-0.762746,1.509190
80.170000,1.488267,0.301425,0.565786,1.487348
80.180000,1.490234,0.020015,-0.318030,1.461566
80.190000,1.489418,-0.152626,-1.765904,1.434683
80.200000,1.487399,-0.284535,-1.968299,1.404136
80.210000,1.483179,-0.593123,-2.476758,1.368078
80.220000,1.475820,-0.919621,-2.710982,1.329096
80.230000,1.465827,-1.228670,-2.696628,1.287252
80.240000,1.451295,-1.665886,-2.814304,1.244225
80.250000,1.433577,-2.025988,-3.285198,1.199977
80.260000,1.413876,-2.393882,-3.181291,1.155197
80.270000,1.387106,-2.401460,-2.287942,1.108142
80.280000,1.361848,-2.864750,-1.947634,1.071620
80.290000,1.329743,-3.045878,-1.787131,1.030566
80.300000,1.299338,-3.378843,-1.886798,0.989847
80.310000,1.264117,-3.422015,-1.759003,0.943021
80.320000,1.233770,-3.526838,-2.520960,0.882773
80.330000,1.194273,-3.849194,-2.240633,0.816934
80.340000,1.155438,-4.013681,-2.183751,0.758356
80.350000,1.115589,-4.312951,-2.682657,0.693219
80.360000,1.068950,-4.517364,-2.610132,0.622165
80.370000,1.020521,-4.537173,-2.104105,0.560337
80.380000,0.972734,-4.904224,-1.836694,0.489088
80.390000,0.920951,-4.939179,-1.461405,0.418860
80.400000,0.865367,-5.759554,-2.263203,0.352258
80.410000,0.807467,-6.098625,-2.344801,0.286536
80.420000,0.748841,-6.108382,-2.405109,0.214958
80.430000,0.690697,-5.906659,-1.952489,0.144681
80.440000,0.628496,-6.386884,-1.876424,0.087047
80.450000,0.572726,-6.453046,-1.360119,0.031319
80.460000,0.507921,-6.330210,-0.714022,-0.027472
80.470000,0.445268,-6.538638,-0.791616,-0.084764
80.480000,0.387612,-6.120723,-1.127938,-0.133457
80.490000,0.323625,-5.847800,-0.279961,-0.173768
80.500000,0.259668,-6.107420,-0.330095,-0.236678
80.510000,0.207366,-5.629246,-1.015385,-0.289671
80.520000,0.146545,-5.858993,-0.891092,-0.340020
80.530000,0.089362,-5.395567,-1.049686,-0.407237
80.540000,0.031969,-5.766838,-2.040155,-0.494311
80.550000,-0.030205,-6.020706,-2.300289,-0.584582
80.560000,-0.088178,-5.960096,-2.492308,-0.670022
80.570000,-0.148765,-6.558263,-2.395858,-0.755936
80.580000,-0.218617,-7.079217,-2.457409,-0.840972
80.590000,-0.285935,-7.106853,-1.994126,-0.922631
80.600000,-0.356558,-7.467751,-2.577702,-1.002288
80.610000,-0.432575,-7.548414,-1.980263,-1.077572
80.620000,-0.504424,-7.647561,-1.458527,-1.148476
80.630000,-0.579515,-7.664932,-0.763884,-1.215206
80.640000,-0.652891,-7.412425,-0.269085,-1.263415
80.650000,-0.729579,-7.509673,0.310738,-1.300052
80.660000,-0.797228,-7.180422,0.696545,-1.325853
80.670000,-0.863910,-6.586235,0.878012,-1.351876
80.680000,-0.927470,-6.154349,0.897757,-1.378729
80.690000,-0.986416,-5.703015,0.558144,-1.407442
80.700000,-1.040330,-4.697824,0.499706,-1.436477
80.710000,-1.088098,-4.901969,0.000378,-1.465904
80.720000,-1.136236,-4.657786,0.416760,-1.490817
80.730000,-1.179936,-4.430149,0.435537,-1.513940
80.740000,-1.222222,-3.736079,0.257174,-1.530588
80.750000,-1.262363,-3.743459,-0.174011,-1.546693
80.760000,-1.294750,-3.784563,0.306506,-1.557878
80.770000,-1.328369,-3.169477,0.370112,-1.565684
80.780000,-1.358118,-2.987734,0.174096,-1.570051
80.790000,-1.385417,-2.434312,0.197856,-1.570635
80.800000,-1.409881,-2.322485,0.276923,-1.567704
80.810000,-1.429654,-1.932280,-0.826635,-1.560902
80.820000,-1.448121,-1.734596,0.285058,-1.551394
80.830000,-1.462687,-1.310247,0.390861,-1.538068
80.840000,-1.473269,-1.016026,0.489502,-1.520973
80.850000,-1.481727,-0.770975,0.652418,-1.501030
80.860000,-1.486419,-0.246120,0.921894,-1.476367
80.870000,-1.487182,0.022926,1.015385,-1.448859
80.880000,-1.486353,0.149660,1.582909,-1.422301
80.890000,-1.483728,0.401435,1.818732,-1.391383
80.900000,-1.478574,0.559416,2.149735,-1.356205
80.910000,-1.469956,0.818691,2.871170,-1.318720
80.920000,-1.459536,1.286965,2.779918,-1.275244
80.930000,-1.443999,1.675155,2.455426,-1.231706
80.940000,-1.425107,2.060798,2.915205,-1.181054
80.950000,-1.403340,2.045646,2.725122,-1.129395
80.960000,-1.378435,2.905921,2.482057,-1.074720
80.970000,-1.350656,3.155353,2.753758,-1.022491
80.980000,-1.317674,3.472396,2.450669,-0.965962
80.990000,-1.281928,3.750404,3.105245,-0.904455
81.000000,-1.245586,4.104775,2.651191,-0.839963
81.010000,-1.203173,4.561167,1.808623,-0.781818
81.020000,-1.160215,4.782773,2.282401,-0.716929
81.030000,-1.113662,4.749785,1.663317,-0.664001
81.040000,-1.063467,4.943343,1.416267,-0.597028
81.050000,-1.011494,5.521623,2.392593,-0.524765
81.060000,-0.957543,5.355884,2.570203,-0.459931
81.070000,-0.901837,5.487133,0.949806,-0.398152
81.080000,-0.851213,5.221021,1.569231,-0.331527
81.090000,-0.790160,5.807590,1.705802,-0.253977
81.100000,-0.731278,6.096907,2.338105,-0.179427
81.110000,-0.673693,6.362123,1.830723,-0.110730
81.120000,-0.610634,6.060989,2.197659,-0.031753
81.130000,-0.545191,6.705786,1.973037,0.025478
81.140000,-0.483221,6.280507,0.877160,0.082605
81.150000,-0.411175,6.377196,0.964584,0.146074
81.160000,-0.351711,6.459325,1.385963,0.230757
81.170000,-0.279926,6.857490,1.613545,0.313343
81.180000,-0.216011,6.973812,1.925569,0.393505
81.190000,-0.151109,7.043687,2.131711,0.472728
81.200000,-0.073978,6.823523,1.663926,0.550750
81.210000,-0.009274,7.354180,0.769698,0.631343
81.220000,0.065654,7.308255,1.620035,0.705863
81.230000,0.143957,7.269292,1.151058,0.781462
81.240000,0.213205,7.531804,1.415485,0.854546
81.250000,0.289097,7.412177,1.384615,0.924018
81.260000,0.360027,7.092479,1.057526,0.985338
81.270000,0.434645,7.219854,0.249028,1.044148
81.280000,0.507232,7.097426,0.445694,1.105507
81.290000,0.583129,6.891968,0.710648,1.161838
81.300000,0.644894,7.077457,0.222859,1.217897
81.310000,0.712522,6.902917,0.171084,1.269974
81.320000,0.781096,6.568743,-0.138492,1.313267
81.330000,0.847548,6.391600,0.232204,1.343234
81.340000,0.905649,6.251834,-0.409334,1.373699
81.350000,0.963738,5.878425,-0.501224,1.399030
81.360000,1.017067,4.939937,-0.553407,1.431424
81.370000,1.069955,5.077358,0.196619,1.459066
81.380000,1.121550,4.631217,-0.407408,1.480740
81.390000,1.166499,4.612331,-0.275749,1.502385
81.400000,1.203907,4.306888,-0.012007,1.522840
81.410000,1.245698,3.583139,-0.427412,1.537322
81.420000,1.280264,3.515392,-0.333836,1.550591
81.430000,1.315470,3.238078,-0.308341,1.560521
81.440000,1.346850,3.038425,-0.044294,1.567308
81.450000,1.375191,2.537384,-0.128965,1.570548
81.460000,1.399081,2.513459,-0.750386,1.570164
81.470000,1.420183,2.008327,-0.704717,1.566579
81.480000,1.438435,1.813203,-1.112550,1.559854
81.490000,1.455872,1.413009,-0.592158,1.549646
81.500000,1.468506,1.134656,-0.400000,1.534762
81.510000,1.478791,0.858334,-1.226517,1.516585
81.520000,1.485238,0.471754,-0.342449,1.494967
81.530000,1.488098,0.122188,0.227405,1.469653
81.540000,1.487945,-0.084990,-1.447611,1.439255
81.550000,1.486393,-0.241758,-1.876923,1.409634
81.560000,1.482952,-0.503844,-2.307692,1.373881
81.570000,1.476173,-0.854587,-2.518874,1.333131
81.580000,1.465682,-1.197025,-2.719957,1.295039
81.590000,1.453310,-1.512127,-3.263745,1.247238
81.600000,1.436403,-1.851744,-2.786374,1.203750
81.610000,1.412966,-2.331690,-2.822334,1.156211
81.620000,1.390949,-2.537873,-1.956931,1.105953
81.630000,1.362406,-2.898267,-2.855618,1.049802
81.640000,1.330216,-3.166865,-2.576131,0.991548
81.650000,1.299468,-3.687066,-2.679249,0.935588
81.660000,1.257444,-4.059730,-2.482639,0.874620
81.670000,1.221564,-3.717378,-1.677634,0.814564
81.680000,1.176946,-4.447770,-2.057877,0.753327
81.690000,1.134745,-4.545580,-2.139150,0.685616
81.700000,1.087834,-5.065329,-2.026422,0.637056
81.710000,1.034214,-5.193399,-1.436196,0.591017
81.720000,0.986019,-5.192650,-1.350132,0.529426
81.730000,0.932468,-5.231627,-2.010333,0.469430
81.740000,0.881265,-5.318303,-1.131124,0.413977
81.750000,0.831738,-5.509864,-2.051406,0.350663
81.760000,0.777685,-5.673365,-1.604175,0.304915
81.770000,0.721237,-5.055359,-0.899631,0.246063
81.780000,0.670273,-5.048674,-1.323077,0.184269
81.790000,0.613082,-5.623147,-2.035286,0.109271
81.800000,0.559293,-5.800934,-2.105645,0.028933
81.810000,0.503308,-5.756365,-2.150578,-0.038561
81.820000,0.440122,-6.052568,-1.904201,-0.107544
81.830000,0.381846,-6.303452,-1.516934,-0.176855
81.840000,0.315334,-6.399908,-1.645582,-0.247138
81.850000,0.255813,-6.113462,-1.736051,-0.322721
81.860000,0.185162,-6.729317,-1.714258,-0.394177
81.870000,0.122283,-6.803242,-1.242413,-0.459835
81.880000,0.054525,-6.246506,-1.354357,-0.522760
81.890000,-0.010307,-6.958285,-1.532428,-0.590566
81.900000,-0.080468,-6.962111,-1.340302,-0.660501
81.910000,-0.145071,-6.709072,0.251625,-0.730937
81.920000,-0.214163,-6.490862,-1.095512,-0.794209
81.930000,-0.276809,-6.861908,-1.199354,-0.865502
81.940000,-0.344408,-6.476777,-1.140855,-0.931590
81.950000,-0.415721,-6.633453,-1.280392,-0.989787
81.960000,-0.481791,-6.870217,-0.406016,-1.044245
81.970000,-0.543878,-6.614552,-0.499756,-1.099030
81.980000,-0.612899,-6.177212,-0.282830,-1.131416
81.990000,-0.673399,-6.359480,0.219571,-1.174576
82.000000,-0.738291,-5.694502,-0.621256,-1.216021
82.010000,-0.794796,-5.397269,-0.165950,-1.247799
82.020000,-0.851673,-5.424788,-0.257092,-1.286862
82.030000,-0.902146,-5.198272,-0.514770,-1.324370
82.040000,-0.958759,-4.867791,-0.097855,-1.359081
82.050000,-1.003707,-5.106274,-0.738818,-1.395533
82.060000,-1.047590,-4.491786,-0.036193,-1.426087
82.070000,-1.094693,-4.551348,0.236817,-1.450680
82.080000,-1.135785,-3.939799,-0.414876,-1.474989
82.090000,-1.178870,-3.987587,0.034032,-1.494891
82.100000,-1.220564,-3.492459,-0.403582,-1.512882
82.110000,-1.255180,-3.647512,-0.067418,-1.529321
82.120000,-1.287744,-3.259215,0.277784,-1.542590
82.130000,-1.318827,-2.942767,0.538890,-1.552779
82.140000,-1.348834,-3.023711,0.384083,-1.561016
82.150000,-1.375025,-2.547862,-0.235588,-1.567055
82.160000,-1.399934,-2.365830,0.112313,-1.570042
82.170000,-1.420792,-1.770028,0.148049,-1.570790
82.180000,-1.438615,-1.693912,0.250146,-1.569341
82.190000,-1.455137,-1.337039,0.141727,-1.565735
82.200000,-1.468415,-1.294516,0.104503,-1.558976
82.210000,-1.481602,-1.203255,0.131060,-1.548862
82.220000,-1.490074,-0.891475,-0.708931,-1.537262
82.230000,-1.497073,-0.644237,0.000533,-1.523416
82.240000,-1.501735,-0.250549,0.065128,-1.506934
82.250000,-1.503204,-0.034191,-0.232322,-1.488289
82.260000,-1.502823,0.057143,0.968209,-1.468819
82.270000,-1.501973,0.124722,1.744907,-1.445945
82.280000,-1.499559,0.334049,1.507692,-1.421191
82.290000,-1.495538,0.430346,2.033735,-1.393086
82.300000,-1.489307,0.733823,2.339311,-1.364702
82.310000,-1.480573,1.110089,1.815385,-1.333543
82.320000,-1.469404,1.113906,2.421637,-1.301067
82.330000,-1.455274,1.450051,1.848886,-1.260159
82.340000,-1.438931,1.824480,2.310530,-1.215113
82.350000,-1.418975,1.898745,2.696549,-1.165091
82.360000,-1.395015,2.396752,2.262205,-1.114694
82.370000,-1.367788,2.587866,2.490705,-1.060336
82.380000,-1.337383,3.189915,2.708516,-1.006748
82.390000,-1.305240,3.353040,2.126509,-0.945682
82.400000,-1.270300,3.585883,2.269561,-0.877588
82.410000,-1.227005,4.176127,2.595934,-0.821339
82.420000,-1.189365,4.443515,1.483822,-0.758373
82.430000,-1.143747,4.364596,3.020177,-0.692259
82.440000,-1.095753,5.051134,1.749412,-0.631532
82.450000,-1.044520,5.326109,2.077797,-0.563376
82.460000,-0.993712,5.530225,2.541911,-0.492495
82.470000,-0.937582,5.303710,1.661127,-0.414332
82.480000,-0.882449,5.676158,2.056392,-0.351253
82.490000,-0.823124,5.706447,2.025166,-0.291688
82.500000,-0.760854,6.162726,1.623856,-0.241841
82.510000,-0.703216,6.110776,0.976026,-0.186696
82.520000,-0.642963,5.995315,0.907580,-0.127950
82.530000,-0.584694,5.903870,0.545033,-0.062960
82.540000,-0.527170,5.491789,1.486960,-0.004805
82.550000,-0.467286,5.787496,1.503520,0.051018
82.560000,-0.410760,6.117926,0.789618,0.109058
82.570000,-0.357123,6.105405,1.366134,0.168358
82.580000,-0.290850,6.019109,0.830769,0.228181
82.590000,-0.226282,6.013599,0.870481,0.290972
82.600000,-0.169269,5.956128,1.281657,0.350085
82.610000,-0.111140,5.671707,1.045868,0.410478
82.620000,-0.048079,6.171720,1.065971,0.477310
82.630000,0.004975,5.965562,1.552608,0.541774
82.640000,0.067873,6.071117,1.165506,0.604745
82.650000,0.132890,6.226529,0.774808,0.667230
82.660000,0.194904,6.263119,1.348988,0.734904
82.670000,0.254042,6.066246,0.857965,0.800120
82.680000,0.319650,6.453563,1.458682,0.862341
82.690000,0.380772,6.089477,1.969132,0.927800
82.700000,0.444504,6.386544,1.189583,0.987997
82.710000,0.507811,6.161901,1.627890,1.047688
82.720000,0.566794,5.819642,1.064058,1.102409
82.730000,0.632278,6.373423,0.593964,1.155075
82.740000,0.688220,6.310139,1.067700,1.205238
82.750000,0.750547,6.379679,0.239911,1.250640
82.760000,0.812752,5.868605,0.315811,1.298423
82.770000,0.867281,5.818939,0.423557,1.337491
82.780000,0.923563,5.369654,0.070567,1.378276
82.790000,0.977153,5.154029,0.013901,1.413323
82.800000,1.028370,5.048167,-0.400000,1.444160
82.810000,1.082205,4.902889,0.146845,1.468948
82.820000,1.126166,4.433156,-0.493647,1.491534
82.830000,1.174766,4.065548,-0.729107,1.509649
82.840000,1.217689,3.944688,0.010612,1.528387
82.850000,1.253717,3.969168,-0.276548,1.542744
82.860000,1.292865,3.694642,-0.616082,1.554168
82.870000,1.324525,3.145422,-0.556124,1.562950
82.880000,1.352897,3.072581,0.089149,1.568763
82.890000,1.381780,2.542400,0.148056,1.570781
82.900000,1.404276,2.255582,-0.543922,1.569162
82.910000,1.427705,2.166866,-0.960206,1.563920
82.920000,1.443754,1.623463,-0.612057,1.554627
82.930000,1.459565,1.330179,-0.508243,1.540649
82.940000,1.471432,0.918909,-0.253176,1.522574
82.950000,1.480026,0.677083,-0.919012,1.502360
82.960000,1.484655,0.270907,-0.457584,1.475206
82.970000,1.485657,-0.050523,-0.800367,1.451338
82.980000,1.484512,-0.159426,-1.603520,1.421992
82.990000,1.481460,-0.382418,-1.815385,1.390603
83.000000,1.475566,-0.671764,-2.481069,1.353241
83.010000,1.468852,-1.009890,-2.366064,1.316324
83.020000,1.456564,-1.203437,-2.864314,1.275336
83.030000,1.441789,-1.646321,-2.169384,1.230560
83.040000,1.423721,-1.865893,-2.210092,1.186345
83.050000,1.399993,-2.473710,-2.845362,1.139068
83.060000,1.375961,-2.878473,-2.645019,1.085821
83.070000,1.349059,-2.953085,-2.653498,1.033858
83.080000,1.317426,-3.390767,-2.664621,0.977496
83.090000,1.282908,-3.625822,-2.735226,0.917752
83.100000,1.244020,-3.777899,-2.506835,0.860384
83.110000,1.203447,-4.272388,-2.590859,0.795342
83.120000,1.163721,-4.533581,-2.765637,0.724867
83.130000,1.113710,-4.810490,-2.576466,0.660831
83.140000,1.069211,-4.931815,-1.876923,0.590019
83.150000,1.017250,-4.801314,-2.212318,0.515132
83.160000,0.963428,-5.499501,-1.923019,0.452329
83.170000,0.906035,-5.604406,-2.051605,0.371475
83.180000,0.841928,-6.123409,-2.001550,0.295237
83.190000,0.783017,-6.204395,-1.552691,0.222701
83.200000,0.722532,-6.637927,-2.185225,0.147116
83.210000,0.661497,-6.519878,-2.141902,0.074448
83.220000,0.591723,-6.867841,-2.281001,0.002972
83.230000,0.527498,-6.931607,-1.981631,-0.079794
83.240000,0.458141,-6.894626,-1.775571,-0.157830
83.250000,0.390296,-6.710410,-1.632982,-0.235889
83.260000,0.315137,-7.301447,-1.352598,-0.315423
83.270000,0.241313,-7.046151,-1.876923,-0.389666
83.280000,0.169020,-7.263852,-0.861015,-0.466955
83.290000,0.101386,-7.002300,-1.266966,-0.543044
83.300000,0.026223,-7.709966,-0.948630,-0.621625
83.310000,-0.044897,-7.663956,-1.847564,-0.691004
83.320000,-0.125864,-7.168793,-0.229169,-0.761064
83.330000,-0.198002,-7.575724,-0.966029,-0.830759
83.340000,-0.271468,-7.659676,-0.680794,-0.893705
83.350000,-0.346520,-7.533117,-0.667035,-0.958697
83.360000,-0.417857,-7.101623,-1.336848,-1.022452
83.370000,-0.489454,-7.286793,-0.667413,-1.083999
83.380000,-0.562669,-6.888167,-0.525468,-1.137305
83.390000,-0.626955,-6.580220,-0.215385,-1.183544
83.400000,-0.698469,-6.808093,-0.730240,-1.229343
83.410000,-0.764695,-6.550287,0.312107,-1.275384
83.420000,-0.822079,-6.171439,-0.123015,-1.319063
83.430000,-0.881182,-5.507905,0.140647,-1.359077
83.440000,-0.941122,-5.404040,-0.304118,-1.392839
83.450000,-0.995838,-5.163457,-0.153846,-1.426842
83.460000,-1.051471,-5.487188,0.128933,-1.459771
83.470000,-1.098700,-5.089349,0.044215,-1.487301
83.480000,-1.146632,-4.814930,0.422082,-1.511616
83.490000,-1.190411,-4.006342,0.402725,-1.531637
83.500000,-1.236748,-3.979630,0.419108,-1.546012
83.510000,-1.272999,-3.769773,0.382853,-1.558396
83.520000,-1.312591,-3.633945,0.637612,-1.566808
83.530000,-1.343561,-3.052428,0.538118,-1.570423
83.540000,-1.373695,-2.581250,0.930005,-1.570096
83.550000,-1.398420,-2.378681,0.730376,-1.565568
83.560000,-1.423096,-2.008927,0.461115,-1.558221
83.570000,-1.440341,-1.780220,0.637564,-1.545103
83.580000,-1.456013,-1.276996,0.345640,-1.527424
83.590000,-1.467123,-1.032262,1.268082,-1.507752
83.600000,-1.474075,-0.664238,0.686789,-1.488331
83.610000,-1.478910,-0.246899,0.484370,-1.465592
83.620000,-1.479553,0.067406,0.559396,-1.442948
83.630000,-1.478790,0.127473,1.066290,-1.419004
83.640000,-1.476120,0.330149,1.993302,-1.396327
83.650000,-1.472056,0.461151,1.686878,-1.369790
83.660000,-1.465596,0.852266,2.167995,-1.341087
83.670000,-1.456133,1.026428,2.112252,-1.307874
83.680000,-1.445397,1.322430,2.046557,-1.278378
83.690000,-1.432422,1.527345,2.560518,-1.245652
83.700000,-1.416015,1.693250,2.442701,-1.207779
83.710000,-1.396594,2.215697,1.901502,-1.161527
83.720000,-1.375691,2.254430,2.085980,-1.115415
83.730000,-1.352018,2.509635,2.962979,-1.063584
83.740000,-1.321525,2.773576,2.251529,-1.017161
83.750000,-1.293025,3.430598,2.218619,-0.965610
83.760000,-1.255967,3.408654,2.222597,-0.905060
83.770000,-1.222011,3.862896,2.652445,-0.842515
83.780000,-1.183225,4.102020,3.065760,-0.772260
83.790000,-1.143098,4.388076,2.268048,-0.697173
83.800000,-1.092283,5.019418,2.912114,-0.631943
83.810000,-1.045367,5.019266,1.805908,-0.564621
83.820000,-0.996116,5.676481,2.791547,-0.492754
83.830000,-0.942032,5.658696,2.005553,-0.425056
83.840000,-0.886656,5.460565,2.252346,-0.350158
83.850000,-0.823835,5.505296,2.307074,-0.271653
83.860000,-0.771296,6.080156,1.716693,-0.195606
83.870000,-0.703422,6.551517,1.855549,-0.130809
83.880000,-0.638536,6.608118,1.411298,-0.049181
83.890000,-0.573742,6.537048,2.333486,0.030089
83.900000,-0.505052,6.994556,1.787861,0.102929
83.910000,-0.434989,6.635568,1.521227,0.184872
83.920000,-0.367074,7.194159,1.379481,0.260406
83.930000,-0.294006,7.467867,1.265876,0.330421
83.940000,-0.222246,7.267356,1.711852,0.414186
83.950000,-0.153913,7.159105,0.896623,0.486719
83.960000,-0.078669,7.104278,1.220055,0.556171
83.970000,-0.007948,7.327511,1.507624,0.615387
83.980000,0.064941,6.884456,1.240805,0.683659
83.990000,0.138309,7.301168,0.604130,0.751069
84.000000,0.210349,7.131592,1.073764,0.817209
84.010000,0.279754,7.246108,1.010627,0.879319
84.020000,0.352247,7.201279,0.588465,0.943840
84.030000,0.419953,7.006305,0.596605,1.005215
84.040000,0.491360,6.842081,0.856226,1.060737
84.050000,0.553396,6.708797,0.387499,1.120881
84.060000,0.623403,6.476898,1.171733,1.172014
84.070000,0.686504,6.598123,0.118809,1.222857
84.080000,0.755668,6.299876,0.452831,1.270868
84.090000,0.814055,6.146485,-0.183503,1.319524
84.100000,0.873863,6.203320,0.478527,1.359493
84.110000,0.931572,5.674976,0.215544,1.400013
84.120000,0.987191,5.343630,0.343687,1.432486
84.130000,1.043797,4.977076,-0.275299,1.462605
84.140000,1.094114,5.214027,-0.215385,1.489832
84.150000,1.140843,4.661699,-0.153846,1.512311
84.160000,1.192332,4.138862,-0.121391,1.531326
84.170000,1.230416,4.249744,-0.671005,1.547676
84.180000,1.271080,3.922636,-0.637982,1.558954
84.190000,1.305102,3.413405,-0.770934,1.567007
84.200000,1.342864,3.183714,-0.861068,1.570452
84.210000,1.372693,2.462113,-0.900952,1.570349
84.220000,1.397004,2.474623,-0.592703,1.566252
84.230000,1.419098,2.247798,-0.841092,1.558857
84.240000,1.439802,1.521086,-0.616834,1.548378
84.250000,1.454966,1.326706,-1.175582,1.534664
84.260000,1.466226,1.027730,-0.710751,1.518094
84.270000,1.474772,0.645785,-0.692009,1.498596
84.280000,1.479937,0.329328,-0.337982,1.478623
84.290000,1.481460,-0.008772,-0.800133,1.458742
84.300000,1.480218,-0.124302,-1.324493,1.436518
84.310000,1.478510,-0.261098,-1.663595,1.415401
84.320000,1.474973,-0.411815,-2.143850,1.380189
84.330000,1.469883,-0.723231,-2.346332,1.343519
84.340000,1.461167,-1.075048,-2.627799,1.304443
84.350000,1.449726,-1.357223,-2.345963,1.259946
84.360000,1.433916,-1.808430,-2.696294,1.209605
84.370000,1.415351,-2.110226,-2.503871,1.164337
84.380000,1.390722,-2.561550,-3.107692,1.109796
84.390000,1.364847,-2.966741,-2.861538,1.050470
84.400000,1.335314,-3.232002,-3.379279,0.991550
84.410000,1.298726,-3.612709,-2.397940,0.942643
84.420000,1.265135,-3.823716,-2.608944,0.873481
84.430000,1.221538,-3.853531,-2.285530,0.808597
84.440000,1.183086,-4.556493,-2.184900,0.742486
84.450000,1.134291,-4.573531,-2.265036,0.675114
84.460000,1.083416,-5.257663,-2.255538,0.597977
84.470000,1.036430,-5.562824,-3.090377,0.522859
84.480000,0.973481,-5.787416,-2.679156,0.447359
84.490000,0.924323,-5.704276,-2.411413,0.367868
84.500000,0.858755,-6.350410,-2.523164,0.295233
84.510000,0.796959,-6.196690,-1.880753,0.213706
84.520000,0.732308,-6.522897,-2.112901,0.139835
84.530000,0.662190,-6.780034,-1.820274,0.069828
84.540000,0.597335,-7.023392,-1.764656,0.008821
84.550000,0.531063,-6.795607,-1.036721,-0.069258
84.560000,0.461959,-7.014538,-2.425007,-0.155177
84.570000,0.392808,-7.226163,-1.902295,-0.237233
84.580000,0.313071,-7.425736,-2.240693,-0.308117
84.590000,0.248680,-7.289987,-0.879713,-0.368722
84.600000,0.178845,-7.379772,-1.482605,-0.445415
84.610000,0.104339,-7.240845,-0.778505,-0.514382
84.620000,0.026585,-6.859229,-1.510720,-0.584806
84.630000,-0.037282,-7.246325,-1.305089,-0.659461
84.640000,-0.109142,-7.012494,-1.224593,-0.729071
84.650000,-0.182611,-7.230698,-1.435981,-0.791863
84.660000,-0.252573,-7.454056,-0.819360,-0.861539
84.670000,-0.326973,-6.628057,-1.523504,-0.922448
84.680000,-0.392234,-6.578752,-1.478915,-0.980489
84.690000,-0.467699,-7.005155,-0.265174,-1.038543
84.700000,-0.529120,-6.527263,-0.365076,-1.094348
84.710000,-0.596979,-6.428335,-0.589140,-1.145732
84.720000,-0.664118,-6.510463,-0.371925,-1.196768
84.730000,-0.732986,-6.247704,-0.461538,-1.243523
84.740000,-0.791136,-6.200657,-0.450749,-1.294083
84.750000,-0.849854,-5.959708,-0.430047,-1.338556
84.760000,-0.912680,-5.887105,-0.241297,-1.378188
84.770000,-0.966024,-5.525113,1.212598,-1.402387
84.780000,-1.016901,-5.304601,0.079227,-1.426031
84.790000,-1.068813,-5.273916,0.153846,-1.449651
84.800000,-1.118793,-4.841986,0.136867,-1.472191
84.810000,-1.159339,-4.084463,-0.635663,-1.494532
84.820000,-1.202107,-4.309084,0.168821,-1.514456
84.830000,-1.239934,-3.641627,-0.137546,-1.533501
84.840000,-1.277244,-3.535603,0.253623,-1.547696
84.850000,-1.311809,-3.284621,-0.127190,-1.558757
84.860000,-1.344014,-2.943308,-0.402953,-1.566721
84.870000,-1.371312,-2.309349,-0.546264,-1.570371
84.880000,-1.395805,-2.295552,0.442561,-1.570118
84.890000,-1.418795,-2.092602,0.215385,-1.565388
84.900000,-1.437669,-1.799495,0.708075,-1.558001
84.910000,-1.454779,-1.268367,0.353517,-1.547809
84.920000,-1.467441,-1.251050,0.609088,-1.533751
84.930000,-1.477297,-0.864402,0.155633,-1.516137
84.940000,-1.484512,-0.551925,0.373099,-1.491737
84.950000,-1.487564,-0.150588,0.801075,-1.464948
84.960000,-1.487564,0.087272,0.928132,-1.435451
84.970000,-1.485677,0.264818,1.767103,-1.401722
84.980000,-1.481384,0.626816,2.160033,-1.365804
84.990000,-1.474677,0.856178,2.485555,-1.325414
85.000000,-1.463249,1.289325,1.740781,-1.288096
85.010000,-1.450436,1.567497,2.735684,-1.245048
85.020000,-1.433333,1.827000,2.837355,-1.196111
85.030000,-1.410846,2.279652,2.151902,-1.145526
85.040000,-1.386700,2.295660,2.319120,-1.095959
85.050000,-1.360930,3.146905,2.869164,-1.037123
85.060000,-1.328004,3.431094,2.272372,-0.981606
85.070000,-1.295119,3.772613,2.770775,-0.919487
85.080000,-1.256528,4.127473,2.871406,-0.851813
85.090000,-1.216776,4.278382,2.502000,-0.783103
85.100000,-1.168964,4.331260,2.718296,-0.713668
85.110000,-1.120605,4.545658,2.359244,-0.651704
85.120000,-1.071044,5.013938,2.385828,-0.588306
85.130000,-1.020201,5.103464,1.610590,-0.514662
85.140000,-0.964504,5.611187,2.340990,-0.434078
85.150000,-0.909484,5.690261,2.340062,-0.362685
85.160000,-0.847432,6.070074,2.146478,-0.287491
85.170000,-0.780781,6.569721,2.794599,-0.210965
85.180000,-0.724456,6.355585,1.817603,-0.128067
85.190000,-0.659019,6.822527,2.232603,-0.045170
85.200000,-0.588160,6.979812,1.630769,0.042127
85.210000,-0.517941,7.246892,1.490506,0.115384
85.220000,-0.448266,7.087998,1.630769,0.189961
85.230000,-0.375723,7.369014,0.924702,0.252001
85.240000,-0.298161,7.576302,0.948582,0.327606
85.250000,-0.229140,7.422419,-0.039832,0.392384
85.260000,-0.154732,7.161438,1.013595,0.465441
85.270000,-0.080798,7.437508,0.814061,0.534435
85.280000,-0.012713,6.855523,1.404696,0.608810
85.290000,0.063626,6.843809,0.789340,0.671920
85.300000,0.135434,7.290743,0.070409,0.738138
85.310000,0.205257,6.701679,1.065061,0.797583
85.320000,0.271434,6.884866,-0.302966,0.857882
85.330000,0.339523,6.652093,0.790823,0.913932
85.340000,0.405809,6.833652,0.600269,0.974242
85.350000,0.477265,6.241751,1.056986,1.023315
85.360000,0.542791,6.207966,0.494717,1.083877
85.370000,0.605765,6.191004,0.550564,1.144285
85.380000,0.664590,6.000754,0.818207,1.191127
85.390000,0.733719,6.034872,0.726874,1.237090
85.400000,0.788542,6.243290,-0.011409,1.283429
85.410000,0.852621,5.897809,0.327456,1.328241
85.420000,0.908086,5.517884,0.246991,1.364675
85.430000,0.960530,5.625235,-0.094672,1.399536
85.440000,1.015497,5.360211,-0.393107,1.429638
85.450000,1.063642,5.270257,0.108728,1.462641
85.460000,1.112523,4.623062,-0.196101,1.489329
85.470000,1.158571,4.350314,-0.125663,1.512443
85.480000,1.202370,4.300168,-0.455813,1.529120
85.490000,1.242224,3.550025,0.153846,1.544990
85.500000,1.279417,3.678667,-0.369579,1.556184
85.510000,1.315967,3.441450,-0.162491,1.565290
85.520000,1.347012,3.026506,-0.352378,1.569770
85.530000,1.375757,2.841278,-0.414548,1.570675
85.540000,1.401511,2.440101,-0.697751,1.568438
85.550000,1.422454,1.886384,-0.788946,1.561692
85.560000,1.442418,1.644936,-0.318539,1.548713
85.570000,1.456474,1.191209,-0.784582,1.528897
85.580000,1.468033,0.956449,-0.916598,1.501149
85.590000,1.475904,0.466500,-0.884389,1.467490
85.600000,1.478408,0.063261,-1.444608,1.428541
85.610000,1.476346,-0.326345,-2.076522,1.383912
85.620000,1.472338,-0.576591,-2.872268,1.337357
85.630000,1.464130,-1.030496,-2.769355,1.287788
85.640000,1.450444,-1.476391,-2.717015,1.245980
85.650000,1.434638,-1.937365,-2.963622,1.193802
85.660000,1.412264,-2.242334,-2.476050,1.138429
85.670000,1.388413,-2.690705,-2.615507,1.076024
85.680000,1.358537,-3.135116,-2.421819,1.015967
85.690000,1.324912,-3.593197,-2.927715,0.949980
85.700000,1.286752,-3.569096,-2.023298,0.882481
85.710000,1.247015,-4.337356,-2.673053,0.804900
85.720000,1.197603,-4.771686,-3.123438,0.727798
85.730000,1.152029,-5.032741,-3.170813,0.649044
85.740000,1.097931,-5.053247,-2.274592,0.572121
85.750000,1.040115,-6.045441,-2.616539,0.493649
85.760000,0.980070,-6.304148,-2.357726,0.415269
85.770000,0.921654,-6.019439,-1.303472,0.354687
85.780000,0.858632,-6.640277,-1.575318,0.298581
85.790000,0.794049,-6.193586,-1.525273,0.234201
85.800000,0.724898,-6.556310,-1.085038,0.176157
85.810000,0.662117,-6.535561,-1.094158,0.120690
85.820000,0.601200,-6.193956,-1.155358,0.051173
85.830000,0.536374,-6.434462,-1.450521,-0.014825
85.840000,0.477992,-6.642045,-0.833303,-0.070530
85.850000,0.409993,-6.107963,-1.211065,-0.138767
85.860000,0.349326,-6.450206,-1.556884,-0.196323
85.870000,0.282060,-6.512742,-0.977140,-0.265133
85.880000,0.225316,-6.445116,-0.945043,-0.331210
85.890000,0.159726,-6.140740,-1.493456,-0.396292
85.900000,0.094608,-6.448352,-1.390829,-0.448569
85.910000,0.031844,-6.455131,-0.835515,-0.507782
85.920000,-0.030821,-6.456033,-1.462542,-0.574740
85.930000,-0.095086,-6.258551,-1.484529,-0.632617
85.940000,-0.154601,-6.161571,-1.108641,-0.698018
85.950000,-0.214573,-6.249915,-1.769113,-0.759361
85.960000,-0.280531,-6.239501,-0.537423,-0.820128
85.970000,-0.343368,-6.319503,-0.458306,-0.879486
85.980000,-0.402315,-6.269122,-0.748071,-0.943162
85.990000,-0.466087,-6.254614,-1.066457,-1.004626
86.000000,-0.527325,-6.442601,-1.464777,-1.066180
86.010000,-0.596661,-6.453251,-1.392620,-1.114893
86.020000,-0.654990,-5.919182,-1.163359,-1.172472
86.030000,-0.715746,-6.134105,0.018582,-1.223707
86.040000,-0.775659,-6.065150,-1.404760,-1.272759
86.050000,-0.830215,-6.019236,-0.701268,-1.318748
86.060000,-0.892531,-5.328134,-0.474533,-1.358444
86.070000,-0.948514,-5.899423,0.243859,-1.397844
86.080000,-1.003522,-4.998391,-0.002052,-1.430819
86.090000,-1.053719,-5.297667,-0.330215,-1.461278
86.100000,-1.101721,-5.039047,-0.458663,-1.490081
86.110000,-1.149737,-4.487892,-0.056553,-1.510456
86.120000,-1.193523,-4.452865,0.011817,-1.528676
86.130000,-1.237478,-3.912860,0.074875,-1.543587
86.140000,-1.274427,-3.622664,0.892308,-1.554072
86.150000,-1.310867,-3.497331,0.386123,-1.562859
86.160000,-1.344222,-3.015896,0.488729,-1.568163
86.170000,-1.374791,-2.903824,0.578881,-1.570524
86.180000,-1.397405,-2.441570,0.181982,-1.570095
86.190000,-1.421166,-2.150278,0.303630,-1.567422
86.200000,-1.440221,-1.729946,0.195947,-1.562088
86.210000,-1.456109,-1.500902,0.325871,-1.555431
86.220000,-1.469488,-1.119520,0.276923,-1.543788
86.230000,-1.479989,-0.925969,0.164373,-1.529078
86.240000,-1.488021,-0.540044,0.457230,-1.511857
86.250000,-1.492460,-0.369212,0.810608,-1.485356
86.260000,-1.494049,-0.019036,0.598515,-1.454842
86.270000,-1.492991,0.181006,1.608250,-1.419609
86.280000,-1.489970,0.458182,2.359783,-1.379492
86.290000,-1.483797,0.842672,2.927664,-1.334633
86.300000,-1.474255,1.224384,2.698753,-1.284927
86.310000,-1.460604,1.614052,2.654731,-1.244749
86.320000,-1.442419,1.918091,3.533947,-1.209180
86.330000,-1.419844,2.213834,2.354070,-1.172964
86.340000,-1.398791,2.520876,2.325645,-1.130981
86.350000,-1.371197,2.642644,2.508593,-1.078955
86.360000,-1.341953,2.905495,1.763934,-1.040388
86.370000,-1.312179,3.383534,2.839399,-0.993462
86.380000,-1.278396,3.301646,1.967314,-0.946120
86.390000,-1.245098,3.541988,1.783364,-0.897308
86.400000,-1.210679,3.900211,1.670377,-0.842647
86.410000,-1.171979,3.912063,1.542075,-0.782389
86.420000,-1.132137,4.275630,2.112273,-0.719178
86.430000,-1.088335,4.401293,2.265058,-0.649759
86.440000,-1.039079,4.943538,0.989025,-0.589202
86.450000,-0.997987,5.253770,2.508745,-0.533779
86.460000,-0.947452,5.048527,2.261472,-0.474648
86.470000,-0.888168,4.914395,1.935177,-0.412306
86.480000,-0.834637,5.435332,3.110497,-0.353154
86.490000,-0.784630,5.692883,1.904149,-0.281815
86.500000,-0.726600,5.776127,1.064012,-0.225313
86.510000,-0.674612,5.886911,1.692308,-0.167150
86.520000,-0.613572,5.547942,1.991019,-0.087542
86.530000,-0.559038,6.107769,1.499135,-0.006365
86.540000,-0.497192,5.997955,2.279309,0.078974
86.550000,-0.435351,6.428451,1.932422,0.163909
86.560000,-0.369305,6.812297,1.759982,0.236619
86.570000,-0.303179,6.412596,1.464234,0.319052
86.580000,-0.226768,7.306751,1.646541,0.396668
86.590000,-0.162166,7.335300,1.818759,0.477276
86.600000,-0.089581,7.162747,1.262296,0.555770
86.610000,-0.015943,7.231172,1.775198,0.633112
86.620000,0.063009,7.208926,1.347650,0.708446
86.630000,0.135102,7.415863,1.021287,0.781209
86.640000,0.208571,7.450368,0.942258,0.856365
86.650000,0.282200,7.663981,0.426418,0.919551
86.660000,0.354078,7.473358,0.849612,0.981452
86.670000,0.430675,7.470095,0.844622,1.039821
86.680000,0.503249,7.446980,-0.171338,1.096194
86.690000,0.574386,6.785901,0.235247,1.154882
86.700000,0.642403,7.085957,0.073714,1.210830
86.710000,0.708959,6.441701,0.890643,1.261664
86.720000,0.776355,6.761349,-0.671625,1.307893
86.730000,0.842124,5.918816,0.604414,1.352348
86.740000,0.906082,6.034211,0.012427,1.390862
86.750000,0.964646,5.883906,-0.326881,1.421235
86.760000,1.017821,5.717361,-0.491884,1.453964
86.770000,1.070379,5.503107,-0.284061,1.482665
86.780000,1.122562,4.877076,-0.153645,1.506326
86.790000,1.170012,4.543219,-0.566947,1.528186
86.800000,1.214527,4.357806,-0.385587,1.545388
86.810000,1.257526,3.814918,-0.665546,1.557991
86.820000,1.294766,3.974895,-0.747339,1.565947
86.830000,1.329272,3.276874,-0.760849,1.570242
86.840000,1.360027,2.987049,-0.659070,1.570359
86.850000,1.388774,2.588767,-0.161933,1.566098
86.860000,1.411551,2.381558,-0.527785,1.556671
86.870000,1.431954,1.797802,-0.713599,1.543484
86.880000,1.449393,1.433043,-0.872508,1.526955
86.890000,1.461227,1.144886,-1.105329,1.506138
86.900000,1.469587,0.681875,-0.765425,1.483853
86.910000,1.473449,0.221046,-0.843978,1.455727
86.920000,1.474246,-0.086016,-1.144952,1.425012
86.930000,1.472686,-0.254708,-1.882460,1.388174
86.940000,1.469447,-0.554554,-2.208434,1.352455
86.950000,1.461888,-0.928507,-2.617727,1.323733
86.960000,1.451824,-1.212827,-2.487599,1.285727
86.970000,1.437704,-1.382093,-2.412493,1.253280
86.980000,1.422244,-1.710837,-2.150397,1.213464
86.990000,1.402998,-1.902331,-2.454709,1.176340
87.000000,1.382801,-2.346632,-2.146109,1.136208
87.010000,1.359151,-2.483710,-2.082146,1.094443
87.020000,1.332624,-2.868199,-2.177159,1.055782
87.030000,1.304143,-2.666234,-2.065335,1.007918
87.040000,1.274099,-2.806073,-1.743455,0.960017
87.050000,1.241654,-3.516775,-1.861089,0.909669
87.060000,1.208715,-3.716505,-2.246154,0.845166
87.070000,1.168166,-3.738548,-2.910524,0.774638
87.080000,1.131214,-4.268972,-2.440813,0.705331
87.090000,1.086612,-4.595257,-2.637866,0.638915
87.100000,1.037594,-4.533400,-2.143400,0.578423
87.110000,0.989611,-4.783328,-1.799992,0.505008
87.120000,0.937241,-5.394077,-2.639089,0.423463
87.130000,0.880597,-5.718500,-2.659371,0.348447
87.140000,0.823027,-5.854074,-1.938132,0.276378
87.150000,0.761250,-6.391708,-2.497603,0.197995
87.160000,0.702509,-6.503623,-2.058994,0.127933
87.170000,0.637405,-6.277668,-1.482139,0.055697
87.180000,0.574461,-6.783608,-1.954121,-0.009941
87.190000,0.503150,-6.818026,-0.998669,-0.090123
87.200000,0.436252,-6.553693,-1.700183,-0.170954
87.210000,0.370355,-7.073490,-1.724761,-0.250840
87.220000,0.301507,-7.149193,-1.181843,-0.327469
87.230000,0.232615,-7.201528,-1.632952,-0.402178
87.240000,0.154010,-7.024229,-1.569231,-0.481518
87.250000,0.085264,-7.336583,-0.929829,-0.554322
87.260000,0.008521,-7.260031,-1.439785,-0.625608
87.270000,-0.066897,-7.587021,-1.693595,-0.697137
87.280000,-0.141553,-7.150546,-1.226349,-0.764197
87.290000,-0.206935,-7.433735,-1.015798,-0.832555
87.300000,-0.284346,-7.448112,-0.694984,-0.889312
87.310000,-0.355258,-6.959296,-0.249885,-0.952697
87.320000,-0.424160,-7.225526,-0.545678,-1.010342
87.330000,-0.493908,-7.079517,-0.519913,-1.068703
87.340000,-0.564293,-6.661239,-0.491669,-1.122552
87.350000,-0.629820,-6.539624,-0.359716,-1.170915
87.360000,-0.700578,-6.471650,-0.335174,-1.222012
87.370000,-0.762861,-6.217442,-0.133755,-1.266852
87.380000,-0.816177,-5.871105,-0.230296,-1.310737
87.390000,-0.877692,-5.763265,-0.800498,-1.352649
87.400000,-0.939917,-5.380041,0.631375,-1.386500
87.410000,-0.990882,-5.691871,-0.309317,-1.417895
87.420000,-1.045076,-5.312595,-0.029655,-1.441615
87.430000,-1.095992,-4.871651,0.153846,-1.464682
87.440000,-1.141551,-3.945570,-0.677557,-1.488284
87.450000,-1.183054,-3.770395,0.388234,-1.508539
87.460000,-1.221960,-3.863653,-0.030696,-1.526797
87.470000,-1.260493,-3.629578,0.333975,-1.545221
87.480000,-1.296582,-3.309648,0.044037,-1.557298
87.490000,-1.328704,-3.236169,-0.229439,-1.565726
87.500000,-1.360568,-2.791930,0.030138,-1.570107
87.510000,-1.385083,-2.590247,0.562620,-1.570169
87.520000,-1.409222,-2.221353,-0.175993,-1.565821
87.530000,-1.430534,-1.933453,0.298882,-1.556856
87.540000,-1.448101,-1.696856,0.484878,-1.543917
87.550000,-1.462015,-1.207735,0.461538,-1.525582
87.560000,-1.472204,-0.828778,0.319894,-1.503008
87.570000,-1.479171,-0.434166,0.788829,-1.475430
87.580000,-1.481460,-0.099290,0.373373,-1.443792
87.590000,-1.480697,0.176968,1.307063,-1.408486
87.600000,-1.478137,0.349641,2.122071,-1.372144
87.610000,-1.471999,0.688712,2.960150,-1.331870
87.620000,-1.462823,1.166106,2.518450,-1.284513
87.630000,-1.450620,1.513280,3.531076,-1.232543
87.640000,-1.433411,1.901315,3.352690,-1.180412
87.650000,-1.409566,2.422593,2.740613,-1.123413
87.660000,-1.383817,2.711481,4.173777,-1.066460
87.670000,-1.355069,3.203650,2.376027,-1.006056
87.680000,-1.320723,3.499282,2.621521,-0.939744
87.690000,-1.280098,4.034573,2.914572,-0.870287
87.700000,-1.241521,4.550942,2.432118,-0.801933
87.710000,-1.193685,4.685126,2.114192,-0.724131
87.720000,-1.144706,5.176298,2.762149,-0.644510
87.730000,-1.092054,5.570998,2.430769,-0.581559
87.740000,-1.034916,5.112088,2.100243,-0.510097
87.750000,-0.976131,5.934178,2.232728,-0.430109
87.760000,-0.915421,6.039116,2.157704,-0.348392
87.770000,-0.859112,6.471830,1.973088,-0.263360
87.780000,-0.795414,6.877963,2.001216,-0.180194
87.790000,-0.726867,6.918517,1.446154,-0.100111
87.800000,-0.656118,7.136095,2.106581,-0.022242
87.810000,-0.588880,7.013864,1.984196,0.057396
87.820000,-0.512228,7.259778,1.745228,0.139344
87.830000,-0.439396,7.029172,1.406708,0.222382
87.840000,-0.365346,7.474879,1.470802,0.306355
87.850000,-0.285798,7.709285,1.144825,0.382567
87.860000,-0.212500,7.914860,1.253419,0.460778
87.870000,-0.129907,8.019481,1.191188,0.531341
87.880000,-0.053724,7.327456,1.651263,0.611721
87.890000,0.024695,8.019259,0.641437,0.676236
87.900000,0.101493,7.726188,0.707692,0.745344
87.910000,0.175254,7.486133,0.873933,0.815679
87.920000,0.257081,7.262098,0.981408,0.880386
87.930000,0.330123,7.082410,0.988201,0.945997
87.940000,0.396769,6.888578,0.923393,1.015635
87.950000,0.471892,7.344339,0.156581,1.074672
87.960000,0.539334,7.214795,0.517448,1.126818
87.970000,0.612459,6.518681,0.338462,1.182006
87.980000,0.683081,6.921262,-0.486941,1.228838
87.990000,0.745266,6.130326,1.402012,1.280019
88.000000,0.808296,6.407605,0.601022,1.327894
88.010000,0.872045,5.970069,0.237184,1.372131
88.020000,0.929332,6.096927,0.457234,1.409724
88.030000,0.990005,5.654063,-0.956478,1.444718
88.040000,1.050049,5.655424,-0.547095,1.472213
88.050000,1.101698,5.276962,-0.231710,1.499030
88.060000,1.150754,5.082908,-0.693420,1.521665
88.070000,1.194216,4.404522,-1.266608,1.539232
88.080000,1.237735,4.081008,-0.551131,1.552954
88.090000,1.277787,3.729728,-0.745952,1.562660
88.100000,1.314443,3.538462,-0.516929,1.568856
88.110000,1.347739,3.089454,-0.707692,1.570778
88.120000,1.377181,2.872661,-0.724394,1.569100
88.130000,1.402346,2.543033,-0.238778,1.563243
88.140000,1.424059,1.802910,-0.478646,1.553659
88.150000,1.443089,1.664340,-0.794629,1.541663
88.160000,1.456684,1.110144,-0.344948,1.523028
88.170000,1.466230,0.928278,-0.750597,1.510087
88.180000,1.471229,0.683475,-0.179391,1.506201
88.190000,1.479142,0.342588,0.305810,1.489661
88.200000,1.481079,0.083624,-0.497351,1.455862
88.210000,1.480137,-0.157415,-1.548103,1.415067
88.220000,1.477595,-0.444938,-2.289064,1.368980
88.230000,1.471517,-0.700067,-3.772374,1.317825
88.240000,1.461624,-1.358152,-3.476734,1.259790
88.250000,1.446503,-1.779953,-3.771562,1.195309
88.260000,1.425825,-2.587839,-3.519749,1.125477
88.270000,1.398661,-2.978654,-4.062574,1.050482
88.280000,1.367361,-3.436241,-3.825454,0.970648
88.290000,1.326241,-4.263930,-3.360382,0.886428
88.300000,1.287225,-4.339533,-4.113692,0.799979
88.310000,1.232820,-5.173660,-3.524760,0.705193
88.320000,1.178747,-5.827845,-4.063460,0.605382
88.330000,1.123401,-6.396648,-3.847981,0.503729
88.340000,1.057971,-7.023742,-3.441861,0.408244
88.350000,0.987843,-6.884384,-1.985333,0.311084
88.360000,0.914966,-7.767141,-3.066649,0.213930
88.370000,0.837974,-7.594115,-2.498919,0.122648
88.380000,0.756906,-7.955786,-1.727483,0.036085
88.390000,0.677230,-8.454832,-1.952076,-0.044312
88.400000,0.589243,-8.071461,-1.055050,-0.116898
88.410000,0.505429,-8.171166,-1.308056,-0.189643
88.420000,0.424956,-8.273745,-0.769231,-0.266001
88.430000,0.346981,-7.941029,-1.224545,-0.340537
88.440000,0.264095,-8.261461,-0.860298,-0.422656
88.450000,0.180524,-8.258257,-0.581245,-0.503488
88.460000,0.105782,-8.061931,-1.299314,-0.583943
88.470000,0.025930,-8.018991,-1.015385,-0.663110
88.480000,-0.058097,-7.849142,-1.592569,-0.739117
88.490000,-0.139647,-8.285714,-1.150729,-0.812308
88.500000,-0.217279,-7.930080,-0.789530,-0.881518
88.510000,-0.300203,-7.849091,-0.799507,-0.944056
88.520000,-0.372281,-7.774108,-0.309106,-1.010946
88.530000,-0.449674,-7.509605,-0.809805,-1.070835
88.540000,-0.525144,-7.412751,-0.978944,-1.133995
88.550000,-0.598485,-7.122653,-0.322521,-1.193525
88.560000,-0.666291,-7.264692,0.441696,-1.242049
88.570000,-0.733863,-6.959966,0.544332,-1.285885
88.580000,-0.802005,-6.878469,0.153846,-1.327094
88.590000,-0.870523,-6.034887,0.207409,-1.364778
88.600000,-0.928873,-6.143427,0.192133,-1.406443
88.610000,-0.988321,-5.809127,0.663758,-1.437351
88.620000,-1.047993,-5.601919,0.123859,-1.466456
88.630000,-1.092455,-4.899665,0.146310,-1.492374
88.640000,-1.143292,-4.633847,0.548191,-1.514288
88.650000,-1.190053,-4.124279,0.356817,-1.534922
88.660000,-1.234986,-4.364835,0.832723,-1.548824
88.670000,-1.278113,-4.070797,0.776583,-1.560093
88.680000,-1.312221,-3.641783,0.469143,-1.567698
88.690000,-1.343420,-3.123687,0.728572,-1.570681
88.700000,-1.374042,-2.945745,0.475002,-1.569658
88.710000,-1.401716,-2.486879,0.646154,-1.564418
88.720000,-1.423660,-2.043050,0.769231,-1.554780
88.730000,-1.441001,-1.759969,0.690897,-1.540506
88.740000,-1.455748,-1.235104,0.720468,-1.521868
88.750000,-1.467427,-0.957023,1.015385,-1.499958
88.760000,-1.473647,-0.580957,0.902928,-1.470387
88.770000,-1.476816,-0.119118,0.323038,-1.438195
88.780000,-1.476120,0.167698,1.656880,-1.401178
88.790000,-1.473262,0.435009,2.275286,-1.360420
88.800000,-1.467369,0.825374,2.761439,-1.319819
88.810000,-1.456371,1.205916,3.113623,-1.275510
88.820000,-1.443673,1.567078,2.502773,-1.220448
88.830000,-1.424249,2.105694,2.878053,-1.168589
88.840000,-1.403080,2.103698,2.972188,-1.112682
88.850000,-1.375783,2.877301,2.156984,-1.055079
88.860000,-1.345469,3.255493,2.499875,-0.992054
88.870000,-1.309285,3.631148,2.519896,-0.932444
88.880000,-1.271397,3.869510,1.985689,-0.863905
88.890000,-1.231745,4.155315,2.591353,-0.795871
88.900000,-1.183852,4.335305,2.833090,-0.718977
88.910000,-1.138824,5.254376,2.853837,-0.640691
88.920000,-1.086998,5.126376,2.659536,-0.560169
88.930000,-1.030886,5.799680,2.023888,-0.482702
88.940000,-0.971714,6.132497,2.799041,-0.403758
88.950000,-0.904572,5.855549,2.123077,-0.323910
88.960000,-0.844686,6.700265,2.392572,-0.242300
88.970000,-0.779353,6.967266,2.239223,-0.155635
88.980000,-0.711456,7.022032,2.350895,-0.073089
88.990000,-0.638320,7.115763,1.955061,0.014237
89.000000,-0.566478,7.522966,2.000000,0.096939
89.010000,-0.486405,7.077459,1.797374,0.178293
89.020000,-0.413013,7.505307,1.386074,0.257695
89.030000,-0.340943,7.943189,1.628924,0.344268
89.040000,-0.260922,7.935208,1.188515,0.425720
89.050000,-0.185131,7.694664,1.623076,0.506124
89.060000,-0.100426,8.124969,1.022060,0.581378
89.070000,-0.020107,7.717222,1.240509,0.660084
89.080000,0.051443,8.157180,0.840735,0.738259
89.090000,0.135517,8.232967,1.003936,0.815838
89.100000,0.213042,7.841819,1.090567,0.890413
89.110000,0.299166,7.829982,0.726382,0.955365
89.120000,0.372692,7.685181,0.972966,1.023431
89.130000,0.445886,7.357612,0.857130,1.083327
89.140000,0.522410,7.655501,0.600185,1.145438
89.150000,0.598707,7.253892,0.299558,1.198163
89.160000,0.674966,6.869483,0.049307,1.251984
89.170000,0.741471,7.072867,-0.213011,1.300228
89.180000,0.811656,6.930510,-0.259942,1.344900
89.190000,0.871433,6.624466,-0.155473,1.385390
89.200000,0.934754,6.241523,-0.064095,1.423800
89.210000,0.994982,6.010381,-0.761374,1.459676
89.220000,1.055231,5.825674,-0.532067,1.487885
89.230000,1.108865,4.892950,-0.585583,1.513416
89.240000,1.156664,4.976984,-0.775712,1.534307
89.250000,1.204468,4.690310,-0.524127,1.550133
89.260000,1.247614,4.197802,-0.565503,1.561847
89.270000,1.290038,3.437069,-0.680743,1.568260
89.280000,1.327782,3.638720,-1.242615,1.570751
89.290000,1.357443,2.759622,-0.849162,1.569282
89.300000,1.386052,2.825692,-1.539026,1.564137
89.310000,1.410286,2.360315,-0.136139,1.554736
89.320000,1.431098,1.835062,-1.159822,1.541980
89.330000,1.448536,1.409877,-1.217650,1.522932
89.340000,1.459174,1.011544,-0.733683,1.498369
89.350000,1.467533,0.557221,-1.016483,1.468906
89.360000,1.470991,0.150917,-1.145316,1.435903
89.370000,1.470779,-0.126830,-1.420576,1.400595
89.380000,1.467897,-0.409769,-2.198302,1.358328
89.390000,1.461362,-0.913628,-2.588733,1.316649
89.400000,1.451423,-1.269358,-2.977814,1.270904
89.410000,1.437323,-1.448651,-3.143530,1.217677
89.420000,1.418360,-2.130345,-3.232591,1.160841
89.430000,1.397080,-2.390525,-3.083419,1.096872
89.440000,1.368132,-2.961046,-3.014668,1.036005
89.450000,1.337972,-3.067401,-2.852918,0.969605
89.460000,1.303186,-3.713681,-2.892545,0.898691
89.470000,1.262539,-4.190418,-3.196295,0.831782
89.480000,1.216507,-4.426144,-3.002142,0.759430
89.490000,1.164991,-5.173356,-2.492196,0.686091
89.500000,1.118821,-5.015359,-1.970732,0.611531
89.510000,1.063210,-5.483368,-3.624736,0.529093
89.520000,1.007473,-5.649614,-2.254664,0.446686
89.530000,0.945617,-6.387929,-2.496212,0.370348
89.540000,0.875622,-6.487374,-2.512544,0.288383
89.550000,0.818979,-6.389508,-2.369231,0.203790
89.560000,0.750139,-6.620327,-2.131217,0.120681
89.570000,0.676337,-7.299859,-1.660485,0.059922
89.580000,0.603241,-7.234722,-1.094067,-0.009006
89.590000,0.537686,-7.294267,-1.422745,-0.074003
89.600000,0.461838,-7.392805,-1.020774,-0.147486
89.610000,0.394173,-7.144251,-1.302332,-0.227809
89.620000,0.327153,-7.236655,-1.659759,-0.298404
89.630000,0.247206,-7.398514,-1.204984,-0.375784
89.640000,0.178708,-7.411936,-1.554581,-0.462562
89.650000,0.108558,-7.406512,-1.741022,-0.542327
89.660000,0.031999,-7.652211,-1.456485,-0.617681
89.670000,-0.040574,-7.253681,-1.679059,-0.699987
89.680000,-0.122660,-7.502387,-0.829973,-0.766421
89.690000,-0.191097,-7.614667,-1.071906,-0.839088
89.700000,-0.273690,-7.462171,-1.304380,-0.910368
89.710000,-0.340022,-7.700935,-0.776220,-0.978434
89.720000,-0.412799,-7.401902,-0.419723,-1.030376
89.730000,-0.491704,-7.369494,-0.187229,-1.068412
89.740000,-0.559715,-7.140586,0.646154,-1.106217
89.750000,-0.627369,-6.642155,0.460347,-1.151964
89.760000,-0.693593,-6.402883,0.230698,-1.195719
89.770000,-0.755720,-5.637371,-0.246271,-1.246007
89.780000,-0.816300,-5.812861,-0.172004,-1.294539
89.790000,-0.869164,-5.593611,-0.254101,-1.338218
89.800000,-0.922480,-5.351910,-0.320596,-1.380213
89.810000,-0.977270,-5.341001,-0.415516,-1.415841
89.820000,-1.027992,-4.888304,-0.024967,-1.439965
89.830000,-1.084719,-4.778311,0.262173,-1.460631
89.840000,-1.128928,-4.596037,0.588147,-1.487945
89.850000,-1.173470,-4.027551,-0.062481,-1.513146
89.860000,-1.219011,-3.741991,0.193736,-1.533890
89.870000,-1.257839,-3.618793,0.343208,-1.551264
89.880000,-1.290762,-3.342823,0.507114,-1.562786
89.890000,-1.325921,-3.311429,0.158338,-1.569408
89.900000,-1.357465,-2.946663,0.645005,-1.570562
89.910000,-1.386214,-2.310361,0.103548,-1.566644
89.920000,-1.408869,-2.388536,0.775052,-1.557005
89.930000,-1.431606,-2.008683,0.870781,-1.542908
89.940000,-1.446390,-1.459768,1.154027,-1.523335
89.950000,-1.459335,-1.173626,1.067584,-1.498088
89.960000,-1.468290,-0.618758,1.122329,-1.469212
89.970000,-1.471160,-0.152470,0.849499,-1.434425
89.980000,-1.470812,0.142056,1.958015,-1.394106
89.990000,-1.467978,0.439004,2.386071,-1.348851
90.000000,-1.460654,0.855718,2.675262,-1.299697
90.010000,-1.450215,1.370909,3.126329,-1.247485
90.020000,-1.433834,1.720269,3.401521,-1.193271
90.030000,-1.414847,2.210250,2.936177,-1.135632
90.040000,-1.390591,2.726561,3.270910,-1.075842
90.050000,-1.361810,3.214345,2.337269,-1.027069
90.060000,-1.329696,3.465245,1.936632,-0.977686
90.070000,-1.291873,3.532688,1.344311,-0.936495
90.080000,-1.253568,3.961467,1.878169,-0.886014
90.090000,-1.216851,3.935829,2.290690,-0.838312
90.100000,-1.178010,4.006402,1.780045,-0.782959
90.110000,-1.133358,4.466498,2.156138,-0.726670
90.120000,-1.087773,4.097916,1.625957,-0.679305
90.130000,-1.044857,4.724536,1.676802,-0.616587
90.140000,-1.000075,4.789304,1.709866,-0.550870
90.150000,-0.950363,4.832494,1.790989,-0.491050
90.160000,-0.906336,5.195109,1.853557,-0.431417
90.170000,-0.849974,4.958295,1.430784,-0.366138
90.180000,-0.795373,5.543595,2.125165,-0.294345
90.190000,-0.737714,5.353299,1.860923,-0.203537
90.200000,-0.685813,6.196498,2.370644,-0.108682
90.210000,-0.622628,6.238626,2.489299,-0.027010
90.220000,-0.558526,6.824542,2.216871,0.056795
90.230000,-0.492003,6.987373,2.506783,0.147236
90.240000,-0.419045,6.960794,1.879736,0.226284
90.250000,-0.347653,7.528979,1.094668,0.287749
90.260000,-0.276088,7.527726,0.550616,0.340902
90.270000,-0.201680,7.505698,0.332903,0.397287
90.280000,-0.132147,7.098882,0.964676,0.460182
90.290000,-0.061778,7.076509,0.612625,0.512342
90.300000,0.009464,6.617681,0.342248,0.575312
90.310000,0.075837,6.400642,0.506457,0.643923
90.320000,0.138958,6.317766,0.848925,0.725263
90.330000,0.202574,6.833196,1.518806,0.799029
90.340000,0.272914,6.639205,1.691886,0.871289
90.350000,0.338268,6.817981,1.303029,0.935550
90.360000,0.414761,6.688595,0.320090,1.002368
90.370000,0.481509,6.831876,0.900720,1.061319
90.380000,0.550839,6.960036,0.337205,1.117582
90.390000,0.614592,6.761396,0.841612,1.176892
90.400000,0.682471,6.434807,0.726701,1.225123
90.410000,0.743442,6.095322,0.302009,1.276425
90.420000,0.810825,6.293955,-0.183045,1.317847
90.430000,0.866726,6.162172,-0.217493,1.361537
90.440000,0.925876,5.474859,0.574568,1.404538
90.450000,0.987835,5.533867,-0.092392,1.440025
90.460000,1.041949,5.364224,-0.237032,1.473029
90.470000,1.092155,5.145273,-0.183160,1.498496
90.480000,1.141709,4.903679,-0.409589,1.520997
90.490000,1.188708,4.514748,-1.319828,1.539934
90.500000,1.233577,4.327923,-0.619054,1.552410
90.510000,1.274690,3.521122,-0.482618,1.562840
90.520000,1.313175,3.626470,-0.612363,1.568806
90.530000,1.343281,3.218228,-0.750028,1.570794
90.540000,1.374056,2.621334,-1.029266,1.568400
90.550000,1.400249,2.290054,-0.958300,1.562471
90.560000,1.422725,1.835183,-1.025038,1.552279
90.570000,1.440547,1.452754,-0.892308,1.537441
90.580000,1.455590,1.120042,-1.300612,1.515940
90.590000,1.466311,0.828680,-1.293824,1.485355
90.600000,1.471750,0.314452,-0.516868,1.449161
90.610000,1.472686,-0.098894,-1.624679,1.406773
90.620000,1.470769,-0.331268,-3.030176,1.359292
90.630000,1.464364,-0.846688,-2.581995,1.304743
90.640000,1.454376,-1.125226,-3.952296,1.244917
90.650000,1.438804,-1.606016,-3.890960,1.181699
90.660000,1.416580,-2.528155,-3.902976,1.112130
90.670000,1.389683,-3.119060,-3.825503,1.043123
90.680000,1.357114,-3.531043,-3.112498,0.970309
90.690000,1.322087,-3.955642,-3.603190,0.907494
90.700000,1.280068,-4.417037,-2.472271,0.857804
90.710000,1.234412,-4.481308,-1.982922,0.809737
90.720000,1.186309,-4.810333,-1.647506,0.755839
90.730000,1.137762,-4.631536,-1.524747,0.700008
90.740000,1.093360,-5.307428,-1.707309,0.629927
90.750000,1.040069,-5.487090,-2.138453,0.555892
90.760000,0.989153,-5.293957,-2.663213,0.475937
90.770000,0.932115,-5.920216,-3.131300,0.394412
90.780000,0.874537,-6.228561,-2.861387,0.319218
90.790000,0.818596,-6.258091,-2.162302,0.239834
90.800000,0.753459,-6.469946,-2.027689,0.172720
90.810000,0.691198,-6.549639,-1.525651,0.106650
90.820000,0.622198,-6.414771,-1.517680,0.038095
90.830000,0.555317,-6.552325,-1.014857,-0.026429
90.840000,0.484125,-6.536685,-1.303732,-0.085297
90.850000,0.423855,-6.640844,0.247062,-0.144044
90.860000,0.350588,-6.601407,-0.652077,-0.200071
90.870000,0.292706,-6.671008,-1.346690,-0.267387
90.880000,0.225887,-6.480343,-1.584041,-0.328329
90.890000,0.163199,-6.550148,-1.585607,-0.402795
90.900000,0.092605,-6.263736,-1.900682,-0.492944
90.910000,0.032774,-6.707451,-2.094134,-0.583082
90.920000,-0.034682,-7.044890,-2.579949,-0.667116
90.930000,-0.104704,-7.270541,-2.000000,-0.746305
90.940000,-0.183537,-7.545384,-2.220924,-0.825589
90.950000,-0.250235,-7.580548,-1.599553,-0.904435
90.960000,-0.324861,-7.158962,-1.343241,-0.973872
90.970000,-0.407966,-7.548262,-1.020873,-1.042405
90.980000,-0.479938,-7.716047,-1.618677,-1.110429
90.990000,-0.548665,-7.394884,-0.453755,-1.173139
91.000000,-0.623498,-7.496139,-0.493041,-1.231653
91.010000,-0.695554,-7.051799,-0.420664,-1.287387
91.020000,-0.765507,-6.940664,-0.349013,-1.337334
91.030000,-0.835501,-6.670554,0.004513,-1.382734
91.040000,-0.909174,-6.758231,0.023064,-1.423798
91.050000,-0.968194,-6.078157,0.055615,-1.460309
91.060000,-1.029925,-6.166022,0.464494,-1.491035
91.070000,-1.088168,-5.797835,0.185181,-1.518006
91.080000,-1.144193,-5.040739,0.721392,-1.539171
91.090000,-1.191418,-4.603413,0.640481,-1.555116
91.100000,-1.241608,-4.205724,0.769231,-1.564702
91.110000,-1.280000,-4.448302,1.073151,-1.570088
91.120000,-1.321127,-3.326516,1.374406,-1.570165
91.130000,-1.352982,-2.944798,1.242793,-1.565010
91.140000,-1.384576,-2.772615,0.961317,-1.554369
91.150000,-1.409772,-2.323296,1.170784,-1.537918
91.160000,-1.427663,-1.813131,1.323077,-1.516256
91.170000,-1.442604,-1.367033,0.794649,-1.491160
91.180000,-1.452732,-0.706753,1.593762,-1.460265
91.190000,-1.457427,-0.323039,1.424101,-1.423820
91.200000,-1.458190,0.118002,1.751468,-1.380757
91.210000,-1.455399,0.413941,2.402291,-1.332025
91.220000,-1.448539,0.908406,2.641490,-1.296466
91.230000,-1.439297,1.178709,2.751443,-1.257722
91.240000,-1.423352,1.681949,2.379574,-1.217064
91.250000,-1.406611,1.947203,3.033286,-1.182534
91.260000,-1.385667,1.894687,2.233037,-1.140368
91.270000,-1.362715,2.391095,2.451548,-1.091054
91.280000,-1.336812,2.627582,2.514664,-1.022580
91.290000,-1.308371,3.232156,2.589463,-0.947020
91.300000,-1.273783,3.663256,3.095149,-0.872942
91.310000,-1.235864,4.073755,3.618038,-0.798426
91.320000,-1.190068,4.795604,2.977934,-0.716174
91.330000,-1.143718,5.148744,2.553846,-0.639370
91.340000,-1.091977,5.530436,2.590247,-0.565780
91.350000,-1.036252,5.760252,2.430769,-0.497626
91.360000,-0.975426,6.111333,1.947356,-0.441866
91.370000,-0.917323,5.635480,1.095432,-0.376536
91.380000,-0.854645,6.038035,1.790416,-0.319853
91.390000,-0.792597,6.219534,1.137313,-0.250235
91.400000,-0.731963,6.243519,1.270125,-0.179315
91.410000,-0.671169,5.897061,1.138462,-0.109605
91.420000,-0.610900,6.639432,1.597260,-0.038651
91.430000,-0.544816,6.651289,1.565147,0.025675
91.440000,-0.483948,6.685183,1.891285,0.088257
91.450000,-0.416919,6.688751,0.930573,0.152983
91.460000,-0.350610,6.240139,1.141891,0.222725
91.470000,-0.289968,6.743091,0.815325,0.278769
91.480000,-0.219786,6.408539,1.589389,0.344931
91.490000,-0.152880,6.501964,1.114145,0.407188
91.500000,-0.088527,6.635838,1.327265,0.495218
91.510000,-0.021475,6.216547,1.876923,0.583013
91.520000,0.040434,6.898499,1.372192,0.664495
91.530000,0.111696,6.728482,1.812079,0.747381
91.540000,0.181166,7.063990,1.849928,0.825141
91.550000,0.255984,7.412158,1.630769,0.905183
91.560000,0.335326,7.685259,1.628518,0.976747
91.570000,0.401551,7.836709,1.144946,1.046366
91.580000,0.478189,7.169295,1.230433,1.116008
91.590000,0.551332,7.290596,1.378861,1.182365
91.600000,0.622965,7.448095,0.505722,1.236534
91.610000,0.700102,7.484006,-0.695135,1.291436
91.620000,0.771170,7.241474,-0.120030,1.338742
91.630000,0.842018,6.498002,-0.030769,1.383002
91.640000,0.905394,6.584391,-0.216313,1.423730
91.650000,0.969933,6.180577,-0.089734,1.461817
91.660000,1.030249,5.998238,-0.141509,1.493687
91.670000,1.087126,5.701591,-0.454277,1.520646
91.680000,1.142313,5.088054,-0.591474,1.541391
91.690000,1.191974,5.075544,-0.271559,1.555993
91.700000,1.238104,4.522448,-0.563524,1.566153
91.710000,1.280540,4.136927,-0.736138,1.570559
91.720000,1.319856,3.810098,-1.008930,1.569429
91.730000,1.352065,3.407273,-1.207208,1.562985
91.740000,1.382173,2.672845,-1.359740,1.550567
91.750000,1.405990,1.942701,-1.376034,1.533707
91.760000,1.425817,1.680515,-1.800011,1.510477
91.770000,1.440897,1.027133,-1.097342,1.483991
91.780000,1.450477,0.668560,-1.329964,1.451644
91.790000,1.454376,0.191819,-1.759463,1.411470
91.800000,1.453994,-0.177061,-2.309164,1.369262
91.810000,1.450509,-0.509648,-2.808308,1.319752
91.820000,1.442495,-1.063076,-3.154617,1.264782
91.830000,1.430410,-1.522243,-3.099526,1.208204
91.840000,1.412956,-1.990561,-3.362876,1.147650
91.850000,1.390457,-2.486321,-2.773982,1.086087
91.860000,1.362717,-2.985937,-3.838786,1.018268
91.870000,1.329443,-3.405513,-3.344754,0.943716
91.880000,1.291687,-4.319440,-3.288957,0.868487
91.890000,1.252337,-4.510136,-2.466249,0.794254
91.900000,1.201603,-5.125494,-3.078893,0.713293
91.910000,1.151961,-5.366554,-3.033703,0.631084
91.920000,1.092691,-6.090881,-3.119169,0.559809
91.930000,1.040317,-6.224941,-2.459389,0.497365
91.940000,0.982809,-6.202035,-1.385302,0.438339
91.950000,0.918424,-5.736098,-1.153556,0.384335
91.960000,0.857962,-5.989222,-0.940148,0.326108
91.970000,0.794268,-6.279444,-1.027616,0.260911
91.980000,0.733934,-6.157313,-1.080234,0.205730
91.990000,0.673482,-5.730196,-0.746735,0.152655
92.000000,0.609535,-5.662653,-1.107092,0.087803
92.010000,0.548100,-6.170499,-1.073621,0.017182
92.020000,0.493633,-6.139102,-1.921488,-0.065817
92.030000,0.426563,-6.502176,-1.397263,-0.142047
92.040000,0.368035,-6.264866,-1.962495,-0.225803
92.050000,0.297074,-6.874049,-2.281656,-0.313953
92.060000,0.232644,-6.978211,-2.061538,-0.396533
92.070000,0.156211,-6.738539,-1.446006,-0.465367
92.080000,0.094023,-7.364344,-1.588779,-0.544920
92.090000,0.020029,-6.827812,-1.076853,-0.616792
92.100000,-0.052531,-7.377016,-0.723020,-0.689680
92.110000,-0.127040,-7.554085,-1.707506,-0.763598
92.120000,-0.198953,-7.481204,-1.052140,-0.827073
92.130000,-0.278795,-7.077238,-1.282856,-0.894265
92.140000,-0.348912,-6.731334,-1.115025,-0.961577
92.150000,-0.417251,-7.232530,-1.102904,-1.031555
92.160000,-0.488882,-7.318898,-0.965479,-1.090272
92.170000,-0.562367,-7.247732,-1.011549,-1.152211
92.180000,-0.633895,-7.336955,-0.523077,-1.205701
92.190000,-0.700494,-6.356206,-0.576758,-1.259174
92.200000,-0.765799,-6.780443,-0.179750,-1.308835
92.210000,-0.833508,-6.568903,0.496563,-1.352424
92.220000,-0.895143,-6.375022,-0.198250,-1.392939
92.230000,-0.957808,-6.116939,0.073836,-1.429348
92.240000,-1.016996,-5.364673,0.019587,-1.460810
92.250000,-1.070671,-5.077258,0.419862,-1.488117
92.260000,-1.123356,-4.601777,0.464420,-1.512851
92.270000,-1.173974,-4.312966,0.278153,-1.532302
92.280000,-1.214261,-4.311550,0.842794,-1.548015
92.290000,-1.259209,-3.851338,1.144675,-1.558291
92.300000,-1.295710,-3.772414,0.583301,-1.566520
92.310000,-1.332328,-3.627637,0.784142,-1.570169
92.320000,-1.365790,-3.193564,0.810126,-1.570276
92.330000,-1.390001,-2.480772,0.607668,-1.566385
92.340000,-1.416048,-2.269308,0.617092,-1.557326
92.350000,-1.435158,-1.847556,0.819174,-1.544369
92.360000,-1.451865,-1.416727,0.702027,-1.529290
92.370000,-1.462912,-1.050797,0.355275,-1.508448
92.380000,-1.471879,-0.574902,-0.366346,-1.481500
92.390000,-1.475985,-0.295779,0.955629,-1.452544
92.400000,-1.476501,0.088617,1.007541,-1.421034
92.410000,-1.474755,0.269473,2.186709,-1.382773
92.420000,-1.470363,0.481485,3.130609,-1.339571
92.430000,-1.462971,0.978435,2.933177,-1.294052
92.440000,-1.451466,1.277891,2.952092,-1.244220
92.450000,-1.433813,1.753659,3.493468,-1.194451
92.460000,-1.412074,2.296337,3.169630,-1.137987
92.470000,-1.390210,2.710151,2.436947,-1.080430
92.480000,-1.362479,3.426497,2.746823,-1.032266
92.490000,-1.325725,3.347547,2.047899,-0.972677
92.500000,-1.293418,3.784963,2.996025,-0.904519
92.510000,-1.254112,4.065870,2.515441,-0.844346
92.520000,-1.214071,4.226975,2.342918,-0.776341
92.530000,-1.168556,4.391250,2.746090,-0.702416
92.540000,-1.120799,4.672855,2.644882,-0.629562
92.550000,-1.068115,4.816283,2.426857,-0.553652
92.560000,-1.008737,5.665138,1.552024,-0.480092
92.570000,-0.950866,5.693992,2.319616,-0.403026
92.580000,-0.891482,5.947751,2.336468,-0.330489
92.590000,-0.832394,6.190609,2.613439,-0.244678
92.600000,-0.770126,6.684726,1.902066,-0.162908
92.610000,-0.701550,6.840804,2.035785,-0.080430
92.620000,-0.630479,7.078125,1.842007,0.000966
92.630000,-0.559651,7.464342,1.994913,0.079701
92.640000,-0.484010,7.500996,1.661114,0.162973
92.650000,-0.414679,7.463884,1.248401,0.247702
92.660000,-0.344316,7.538861,1.524927,0.333386
92.670000,-0.257521,7.462953,1.411804,0.413183
92.680000,-0.180537,7.966491,1.217343,0.490238
92.690000,-0.107686,7.824033,1.643396,0.565845
92.700000,-0.029741,7.529550,1.128142,0.647269
92.710000,0.048688,8.116841,1.003458,0.722702
92.720000,0.127372,7.641321,1.772291,0.795833
92.730000,0.203850,7.478901,1.074332,0.867402
92.740000,0.279854,7.330717,0.942089,0.929355
92.750000,0.363502,7.335009,0.220938,0.991839
92.760000,0.439842,7.306544,0.242993,1.049152
92.770000,0.511305,7.472522,-0.023966,1.107465
92.780000,0.583203,7.226214,0.733985,1.164604
92.790000,0.650018,7.075526,-0.323715,1.218962
92.800000,0.718467,6.840936,-0.590841,1.265789
92.810000,0.783343,6.817350,-0.583178,1.313100
92.820000,0.846228,6.117320,-0.080327,1.355701
92.830000,0.909027,5.601223,-0.385580,1.393629
92.840000,0.973277,5.384350,0.181650,1.428786
92.850000,1.026699,5.073589,-0.029319,1.460577
92.860000,1.078211,5.372442,0.147546,1.485761
92.870000,1.132035,5.118410,-0.216175,1.506977
92.880000,1.176754,4.740901,-0.680181,1.527771
92.890000,1.219725,4.076062,-0.650259,1.546152
92.900000,1.264962,4.027523,-0.834089,1.559387
92.910000,1.301286,3.578661,-1.216208,1.567284
92.920000,1.331882,3.462414,-0.498549,1.570735
92.930000,1.363510,3.124106,-0.429335,1.569424
92.940000,1.390221,2.232363,-0.918998,1.564188
92.950000,1.415603,2.116663,-0.756593,1.554659
92.960000,1.433850,1.784754,-0.526970,1.539508
92.970000,1.449457,1.377830,-0.878678,1.523282
92.980000,1.462144,1.058768,-1.300650,1.502102
92.990000,1.468818,0.612174,-0.733735,1.475250
93.000000,1.472686,0.152674,-1.250598,1.447932
93.010000,1.472385,-0.123275,-1.232159,1.416221
93.020000,1.470533,-0.308349,-2.263838,1.374756
93.030000,1.466278,-0.605677,-2.528932,1.329501
93.040000,1.457483,-0.982301,-2.919809,1.289456
93.050000,1.443831,-1.622537,-2.909877,1.240545
93.060000,1.428916,-1.821889,-2.865540,1.188354
93.070000,1.406513,-2.061538,-2.499598,1.133953
93.080000,1.382984,-2.740742,-3.502203,1.077884
93.090000,1.354744,-3.005048,-2.355533,1.014660
93.100000,1.321305,-3.100573,-2.557763,0.955250
93.110000,1.287041,-3.812994,-2.910054,0.902377
93.120000,1.248594,-4.128106,-1.975526,0.854130
93.130000,1.202121,-4.376720,-2.297440,0.801451
93.140000,1.162011,-4.575965,-1.496879,0.751865
93.150000,1.115978,-4.574652,-1.504958,0.694876
93.160000,1.071866,-4.131456,-0.689678,0.644582
93.170000,1.020980,-4.295264,-1.582504,0.583458
93.180000,0.973335,-4.422090,-1.837480,0.521255
93.190000,0.926186,-4.956108,-2.143521,0.452126
93.200000,0.874796,-5.534820,-2.615992,0.390538
93.210000,0.824813,-5.390185,-1.944577,0.330942
93.220000,0.769895,-5.338387,-1.064499,0.270832
93.230000,0.710581,-5.950334,-1.852860,0.195687
93.240000,0.654435,-5.513944,-1.982093,0.111944
93.250000,0.592092,-5.707166,-1.722516,0.036813
93.260000,0.530316,-6.346624,-2.099412,-0.042374
93.270000,0.470844,-6.087263,-2.075762,-0.126947
93.280000,0.398308,-6.769892,-1.926363,-0.208183
93.290000,0.337326,-7.014629,-1.996412,-0.295712
93.300000,0.259496,-6.819712,-1.399851,-0.375317
93.310000,0.190562,-6.990507,-1.866847,-0.466649
93.320000,0.114025,-7.433614,-2.041601,-0.540986
93.330000,0.043701,-7.731546,-0.481425,-0.611727
93.340000,-0.036533,-7.575969,-1.248204,-0.688231
93.350000,-0.106730,-7.825835,-1.763716,-0.767442
93.360000,-0.186032,-7.858316,-1.280959,-0.840790
93.370000,-0.259571,-7.611304,-1.323077,-0.913334
93.380000,-0.335563,-7.396799,-1.016662,-0.981576
93.390000,-0.407599,-7.302744,-1.013612,-1.038041
93.400000,-0.484799,-7.497374,-0.424975,-1.102608
93.410000,-0.562931,-7.491752,-0.215385,-1.159083
93.420000,-0.628791,-7.014047,-0.774993,-1.211216
93.430000,-0.699050,-7.079788,0.395305,-1.265344
93.440000,-0.767124,-6.842784,-0.232238,-1.317053
93.450000,-0.834372,-6.607247,0.246799,-1.363072
93.460000,-0.900378,-6.462909,0.326940,-1.403802
93.470000,-0.964574,-6.304681,-0.353233,-1.439888
93.480000,-1.018740,-5.864953,-0.162609,-1.470708
93.490000,-1.074894,-5.229199,0.461538,-1.497282
93.500000,-1.127057,-4.923027,0.109340,-1.520334
93.510000,-1.177418,-4.888879,0.276923,-1.539120
93.520000,-1.223718,-4.072687,0.830769,-1.552711
93.530000,-1.268199,-4.164740,1.079579,-1.562549
93.540000,-1.303566,-3.648622,0.328228,-1.568821
93.550000,-1.338839,-3.272254,0.689691,-1.570775
93.560000,-1.369444,-3.135180,0.693505,-1.567922
93.570000,-1.396274,-2.666297,0.422991,-1.560755
93.580000,-1.419647,-1.945578,1.236002,-1.548508
93.590000,-1.438348,-1.566060,0.829878,-1.531622
93.600000,-1.453072,-1.165553,0.846091,-1.511456
93.610000,-1.463814,-0.853240,1.081427,-1.488400
93.620000,-1.470016,-0.369778,1.097128,-1.461014
93.630000,-1.471542,-0.033536,0.319095,-1.429500
93.640000,-1.470377,0.163595,1.072356,-1.394418
93.650000,-1.466652,0.502285,2.016852,-1.356392
93.660000,-1.460489,0.756715,2.616901,-1.310787
93.670000,-1.451382,1.141919,3.324686,-1.262225
93.680000,-1.437288,1.427071,2.829640,-1.209644
93.690000,-1.418586,1.827941,2.974436,-1.154531
93.700000,-1.395488,2.731674,2.861538,-1.099093
93.710000,-1.367107,2.683734,3.269854,-1.038456
93.720000,-1.334692,3.140181,3.115562,-0.977093
93.730000,-1.302585,3.438614,2.885426,-0.913556
93.740000,-1.263446,4.053895,3.261589,-0.848795
93.750000,-1.218926,3.960626,2.929765,-0.778847
93.760000,-1.172037,4.798710,2.434147,-0.707303
93.770000,-1.126912,5.156579,2.277687,-0.631847
93.780000,-1.075160,5.457962,2.381611,-0.562398
93.790000,-1.015051,5.662950,2.664329,-0.477091
93.800000,-0.959595,6.209576,2.697479,-0.389951
93.810000,-0.900168,6.112162,2.781549,-0.314103
93.820000,-0.835359,6.669583,1.935275,-0.229936
93.830000,-0.764903,6.929855,2.529144,-0.142630
93.840000,-0.697645,7.169249,2.047390,-0.064366
93.850000,-0.631501,7.338175,2.409587,0.017089
93.860000,-0.552755,7.399620,1.403713,0.098069
93.870000,-0.483779,7.151818,1.756050,0.186664
93.880000,-0.411122,7.324491,1.919510,0.270883
93.890000,-0.329182,8.041341,1.626285,0.356222
93.900000,-0.250552,8.136030,1.415034,0.431000
93.910000,-0.167664,7.830378,0.797038,0.497809
93.920000,-0.103704,7.572533,1.151206,0.572178
93.930000,-0.013641,7.906927,-0.330476,0.625758
93.940000,0.058375,7.499884,0.463203,0.684939
93.950000,0.131773,7.141095,0.634382,0.748353
93.960000,0.204805,7.173181,0.248576,0.798580
93.970000,0.275001,7.128213,-0.057628,0.864021
93.980000,0.351505,6.967073,0.610380,0.926826
93.990000,0.414906,6.586591,1.170816,0.994488
94.000000,0.484279,6.805982,-0.058050,1.054717
94.010000,0.551313,6.529399,0.697576,1.114966
94.020000,0.619311,6.696078,1.004615,1.166937
94.030000,0.683907,6.706759,0.284989,1.221188
94.040000,0.743572,6.623040,-0.192123,1.266343
94.050000,0.811159,6.124491,0.222973,1.315205
94.060000,0.866156,6.009668,0.338462,1.364001
94.070000,0.928466,5.930209,0.787532,1.402498
94.080000,0.985271,5.842247,0.122317,1.439463
94.090000,1.039959,5.480492,0.334501,1.471525
94.100000,1.091890,4.758339,0.064912,1.497542
94.110000,1.142660,4.754351,-0.637449,1.519961
94.120000,1.191040,4.177921,-0.155742,1.538147
94.130000,1.232401,4.087884,-0.497273,1.552785
94.140000,1.274841,3.514412,-0.568441,1.562800
94.150000,1.309791,3.259956,-0.769143,1.568876
94.160000,1.343256,3.254743,-0.912697,1.570765
94.170000,1.374020,2.949451,-0.734969,1.568428
94.180000,1.399572,2.437345,-1.046235,1.562604
94.190000,1.421661,1.951006,-0.310737,1.554961
94.200000,1.439662,1.554563,-0.889300,1.541772
94.210000,1.454867,1.303631,-0.892308,1.527870
94.220000,1.466105,0.947274,-0.665275,1.510080
94.230000,1.473700,0.526539,-0.194340,1.489106
94.240000,1.477762,0.251291,-0.635768,1.467899
94.250000,1.478627,-0.058365,-0.786339,1.436368
94.260000,1.476985,-0.269243,-1.881270,1.399725
94.270000,1.472985,-0.464882,-2.636974,1.356222
94.280000,1.466711,-0.862908,-2.799496,1.306749
94.290000,1.455336,-1.257437,-2.856527,1.251669
94.300000,1.438944,-1.601201,-3.560623,1.192013
94.310000,1.417810,-2.553275,-4.054093,1.129553
94.320000,1.391533,-2.950931,-2.665368,1.064900
94.330000,1.363230,-3.353121,-3.784277,0.992162
94.340000,1.324712,-3.980085,-3.107692,0.926291
94.350000,1.288260,-4.425328,-3.259394,0.846314
94.360000,1.243248,-4.785985,-3.566861,0.767953
94.370000,1.192395,-5.235494,-3.660308,0.677288
94.380000,1.141539,-5.631321,-3.082644,0.595050
94.390000,1.082800,-6.029788,-2.756465,0.507560
94.400000,1.017661,-6.125726,-2.967444,0.414157
94.410000,0.955781,-6.416761,-1.701453,0.326684
94.420000,0.887334,-6.651151,-2.565960,0.231684
94.430000,0.807901,-7.214814,-2.000000,0.140493
94.440000,0.738648,-7.404149,-1.745366,0.048684
94.450000,0.663745,-7.447327,-1.854369,-0.043373
94.460000,0.581593,-8.103280,-2.135213,-0.134517
94.470000,0.502782,-7.934734,-1.180106,-0.227801
94.480000,0.419978,-8.109081,-1.287941,-0.319854
94.490000,0.337115,-8.282398,-1.651954,-0.414341
94.500000,0.243095,-8.764776,-1.258012,-0.495468
94.510000,0.157183,-8.898869,-1.800369,-0.583252
94.520000,0.071402,-8.426325,-1.312877,-0.669340
94.530000,-0.015400,-8.341201,-1.065831,-0.754014
94.540000,-0.097544,-8.418666,-1.663271,-0.834980
94.550000,-0.192840,-8.347193,-0.769651,-0.912042
94.560000,-0.271846,-8.961772,-0.234692,-0.989506
94.570000,-0.363700,-8.587309,-0.715635,-1.059244
94.580000,-0.438519,-8.283071,-0.987408,-1.127058
94.590000,-0.527774,-7.915076,-0.859843,-1.192400
94.600000,-0.603452,-7.843185,-0.151836,-1.249788
94.610000,-0.686541,-7.991980,-0.106547,-1.300885
94.620000,-0.755802,-7.310879,0.265654,-1.355105
94.630000,-0.828177,-7.315637,0.689980,-1.401162
94.640000,-0.898228,-6.916683,0.474349,-1.441400
94.650000,-0.966563,-6.585741,-0.146167,-1.475309
94.660000,-1.034616,-6.422284,0.206575,-1.505599
94.670000,-1.094035,-5.795499,0.830769,-1.529580
94.680000,-1.145445,-5.688969,0.648226,-1.547873
94.690000,-1.201928,-4.700677,1.125031,-1.560730
94.700000,-1.245444,-4.776961,-0.096900,-1.568748
94.710000,-1.288958,-3.878994,1.592258,-1.570740
94.720000,-1.326781,-3.591266,1.292207,-1.567340
94.730000,-1.360551,-3.110405,0.980435,-1.558156
94.740000,-1.390177,-2.397053,1.074688,-1.543311
94.750000,-1.413751,-2.105428,1.713442,-1.524895
94.760000,-1.429832,-1.549367,1.201899,-1.506628
94.770000,-1.443540,-1.123244,1.228238,-1.487330
94.780000,-1.451784,-0.706015,0.937915,-1.462109
94.790000,-1.455983,-0.252260,0.924574,-1.437588
94.800000,-1.456664,0.056226,0.941016,-1.405880
94.810000,-1.455520,0.229748,1.507692,-1.376288
94.820000,-1.452250,0.498215,2.703288,-1.333591
94.830000,-1.444656,0.807878,2.482478,-1.296024
94.840000,-1.434338,1.159256,3.000928,-1.253342
94.850000,-1.420229,1.380528,3.559455,-1.197509
94.860000,-1.401686,1.964968,3.459466,-1.138088
94.870000,-1.379044,2.629615,2.765001,-1.078293
94.880000,-1.351238,2.601871,3.255866,-1.014265
94.890000,-1.318384,3.082356,2.924458,-0.960781
94.900000,-1.283814,3.837409,2.578983,-0.908920
94.910000,-1.247084,4.080253,2.698405,-0.862269
94.920000,-1.204998,4.138809,1.972160,-0.806136
94.930000,-1.161529,4.348113,1.995785,-0.745940
94.940000,-1.121210,4.352238,2.065913,-0.677265
94.950000,-1.071055,4.907366,2.184615,-0.623507
94.960000,-1.024771,5.083550,1.731650,-0.554303
94.970000,-0.974573,5.298650,2.196655,-0.463604
94.980000,-0.922019,5.548172,2.745044,-0.385045
94.990000,-0.864773,5.814745,2.083544,-0.309579
