time,angle,velocity,torque,control
0.000000,-2.885672,0.004396,0.153846,0.000000
0.010000,-2.885672,-0.014225,-0.309392,0.000000
0.020000,-2.885672,-0.004396,0.041959,0.000000
0.030000,-2.885672,-0.002187,-0.137750,0.000000
0.040000,-2.885672,-0.009943,-0.111389,0.000000
0.050000,-2.885672,-0.003670,-0.061847,0.000000
0.060000,-2.885672,-0.011295,-0.135939,0.000000
0.070000,-2.885672,-0.007830,-0.150989,0.000000
0.080000,-2.885672,-0.009717,0.009740,0.000000
0.090000,-2.885672,-0.004396,0.258951,0.000000
0.100000,-2.885672,-0.004396,0.087477,0.000000
0.110000,-2.885672,-0.008794,-0.523142,0.000000
0.120000,-2.885672,-0.021748,-0.701260,0.000000
0.130000,-2.885672,-0.004396,-0.338462,0.000000
0.140000,-2.885672,-0.004396,0.209534,0.000000
0.150000,-2.885672,-0.005282,-0.412414,0.000000
0.160000,-2.885672,-0.009681,-0.350924,0.000000
0.170000,-2.885672,-0.010545,-0.246004,0.000000
0.180000,-2.885672,0.000691,-0.221837,0.000000
0.190000,-2.885672,-0.004396,-0.208069,0.000000
0.200000,-2.885672,-0.008253,0.280059,0.000000
0.210000,-2.885672,-0.002174,-0.422662,0.000000
0.220000,-2.885672,-0.004396,-0.147213,0.000000
0.230000,-2.885672,-0.011612,-0.447668,0.000000
0.240000,-2.885672,0.003455,-0.063688,0.000000
0.250000,-2.885672,0.003957,-0.221523,0.000000
0.260000,-2.885672,-0.008155,0.012961,0.000000
0.270000,-2.885672,0.002110,0.049236,0.000000
0.280000,-2.885672,-0.009645,0.005977,0.000000
0.290000,-2.885672,-0.004396,-0.000447,0.000000
0.300000,-2.885672,0.002491,-0.245128,0.000000
0.310000,-2.885672,-0.004396,-0.038162,0.000000
0.320000,-2.885672,-0.010751,-0.129388,0.000000
0.330000,-2.885672,-0.004396,-0.324472,0.000000
0.340000,-2.885672,0.002246,0.509384,0.000000
0.350000,-2.885672,0.004396,-0.330930,0.000000
0.360000,-2.885672,-0.011725,-0.266851,0.000000
0.370000,-2.885672,-0.004396,-0.167837,0.000000
0.380000,-2.885672,-0.004396,-0.515875,0.000000
0.390000,-2.885672,-0.009100,-0.623483,0.000000
0.400000,-2.885672,0.002571,-1.343981,0.000000
0.410000,-2.885672,0.002786,0.009095,0.000000
0.420000,-2.885672,-0.007249,-0.363281,0.000000
0.430000,-2.885672,0.003776,-0.494882,0.000000
0.440000,-2.885672,-0.004396,0.398956,0.000000
0.450000,-2.885672,-0.012207,0.003335,0.000000
0.460000,-2.885672,-0.000265,-0.345870,0.000000
0.470000,-2.885672,0.001979,-0.081517,0.000000
0.480000,-2.885672,-0.000162,0.110487,0.000000
0.490000,-2.885672,0.004269,-0.334015,0.000000
0.500000,-2.885672,-0.005314,-0.412858,0.000000
0.510000,-2.885672,-0.007403,-0.160292,0.000000
0.520000,-2.885672,0.003086,-0.955162,0.000000
0.530000,-2.885672,-0.006385,-0.092308,0.000000
0.540000,-2.885672,-0.013187,-0.195322,0.000000
0.550000,-2.885672,-0.004396,-0.201288,0.000000
0.560000,-2.885672,-0.013184,-0.338417,0.000000
0.570000,-2.885672,-0.004738,0.276923,0.000000
0.580000,-2.885672,-0.013017,-0.517128,0.000000
0.590000,-2.885672,-0.003022,-0.108658,0.000000
0.600000,-2.885672,0.003228,-0.630290,0.000000
0.610000,-2.885672,0.011253,-0.687385,0.000000
0.620000,-2.885672,-0.013187,-0.619750,0.000000
0.630000,-2.885672,-0.013187,-0.317139,0.000000
0.640000,-2.885672,0.002255,-0.178989,0.000000
0.650000,-2.885871,-0.017779,-0.054667,0.000000
0.660000,-2.885672,-0.001402,-0.296550,0.000000
0.670000,-2.885672,-0.004396,0.259862,0.000000
0.680000,-2.885672,-0.004396,-0.501388,0.000000
0.690000,-2.885672,-0.011772,0.382336,0.000000
0.700000,-2.885672,-0.004396,-0.330353,0.000000
0.710000,-2.885932,-0.010392,-0.702398,0.000000
0.720000,-2.885672,-0.003084,-0.292556,0.000000
0.730000,-2.885672,-0.000133,-0.183682,0.000000
0.740000,-2.885672,-0.003822,-0.215385,0.000000
0.750000,-2.885672,-0.004396,-0.681898,0.000000
0.760000,-2.885672,0.004396,0.009357,0.000000
0.770000,-2.885672,0.003989,0.305351,0.000000
0.780000,-2.885672,-0.004396,0.267576,0.000000
0.790000,-2.885672,-0.011672,0.011635,0.000000
0.800000,-2.885672,-0.010299,0.941632,0.000000
0.810000,-2.885672,-0.001004,-0.366585,0.000000
0.820000,-2.885917,-0.012587,-0.404201,0.000000
0.830000,-2.885672,0.003903,-0.628920,0.000000
0.840000,-2.885672,0.004396,-0.153846,0.000000
0.850000,-2.885672,-0.006529,-0.028979,0.000000
0.860000,-2.885672,0.004396,-0.606891,0.000000
0.870000,-2.885947,-0.010732,0.242562,0.000000
0.880000,-2.885677,-0.004523,0.090530,0.000000
0.890000,-2.885672,-0.004396,-0.288653,0.000000
0.900000,-2.885672,-0.003878,0.114065,0.000000
0.910000,-2.886003,-0.010866,-0.255996,0.000000
0.920000,-2.885672,-0.013187,-0.363983,0.000000
0.930000,-2.885672,0.003633,-1.165501,0.000000
0.940000,-2.885672,-0.010074,0.078173,0.000000
0.950000,-2.885672,-0.004396,-0.106620,0.000000
0.960000,-2.885672,-0.007515,-0.239138,0.000000
0.970000,-2.885672,-0.006576,0.092308,0.000000
0.980000,-2.885672,-0.006524,-0.109145,0.000000
0.990000,-2.885672,-0.004396,-0.338462,0.000000
1.000000,-2.885672,0.001054,0.159952,0.000000
1.010000,-2.885672,0.002039,0.104363,0.000000
1.020000,-2.885672,-0.019681,-0.322379,0.000000
1.030000,-2.885672,-0.004396,-0.153846,0.000000
1.040000,-2.885672,-0.001309,-0.458265,0.000000
1.050000,-2.885672,-0.003143,-0.101075,0.000000
1.060000,-2.885672,-0.003537,-0.125224,0.000000
1.070000,-2.885672,-0.010688,0.122764,0.000000
1.080000,-2.885672,-0.006002,-0.338462,0.000000
1.090000,-2.885672,0.000032,-0.063125,0.000000
1.100000,-2.885672,-0.011447,0.314752,0.000000
1.110000,-2.885672,-0.010320,-0.191289,0.000000
1.120000,-2.885672,-0.004396,0.436002,0.000000
1.130000,-2.885672,-0.011446,-0.204446,0.000000
1.140000,-2.885672,-0.004396,-0.338462,0.000000
1.150000,-2.885672,-0.009983,-0.170532,0.000000
1.160000,-2.885672,-0.006050,0.099556,0.000000
1.170000,-2.885672,-0.013187,-0.439496,0.000000
1.180000,-2.885672,-0.012165,-0.251146,0.000000
1.190000,-2.885672,-0.009345,0.238182,0.000000
1.200000,-2.885672,-0.012990,-0.215385,0.000000
1.210000,-2.885672,0.007427,-0.080661,0.000000
1.220000,-2.885672,-0.000290,0.010137,0.000000
1.230000,-2.885672,0.000390,0.181889,0.000000
1.240000,-2.885672,-0.004396,-0.186739,0.000000
1.250000,-2.885672,-0.013187,-0.191991,0.000000
1.260000,-2.885672,-0.005954,0.805868,0.000000
1.270000,-2.885672,0.004396,0.180142,0.000000
1.280000,-2.885672,-0.004396,-0.153846,0.000000
1.290000,-2.885672,-0.005777,-0.080791,0.000000
1.300000,-2.885672,-0.004396,-0.107952,0.000000
1.310000,-2.885672,-0.004396,0.198345,0.000000
1.320000,-2.885672,-0.016810,0.276923,0.000000
1.330000,-2.885672,-0.004396,-0.248356,0.000000
1.340000,-2.885672,-0.001322,-0.073798,0.000000
1.350000,-2.885672,0.007020,-0.295292,0.000000
1.360000,-2.885672,-0.011046,-0.170434,0.000000
1.370000,-2.885672,-0.004396,0.272911,0.000000
1.380000,-2.885672,-0.016591,-0.030769,0.000000
1.390000,-2.885672,-0.004450,-0.334669,0.000000
1.400000,-2.885672,-0.008397,-0.083820,0.000000
1.410000,-2.885672,0.004396,-0.138316,0.000000
1.420000,-2.885672,-0.004581,-0.030769,0.000000
1.430000,-2.885672,-0.010718,-0.082618,0.000000
1.440000,-2.885672,0.000629,0.013261,0.000000
1.450000,-2.885672,-0.013187,-0.258223,0.000000
1.460000,-2.885672,0.001655,-0.961822,0.000000
1.470000,-2.885672,0.000512,-0.441516,0.000000
1.480000,-2.885672,0.001312,0.748626,0.000000
1.490000,-2.885672,-0.001095,-0.345770,0.000000
1.500000,-2.885672,-0.012071,-0.270060,0.000000
1.510000,-2.885672,-0.005464,-0.377559,0.000000
1.520000,-2.885672,-0.002579,0.546476,0.000000
1.530000,-2.885672,-0.008262,-0.257258,0.000000
1.540000,-2.885672,0.004396,0.301385,0.000000
1.550000,-2.885672,-0.000119,-0.143060,0.000000
1.560000,-2.885672,0.011097,-0.010070,0.000000
1.570000,-2.885672,0.004396,0.046166,0.000000
1.580000,-2.885672,0.002524,0.224524,0.000000
1.590000,-2.885672,0.001583,-0.326116,0.000000
1.600000,-2.885672,0.001401,-0.024075,0.000000
1.610000,-2.885672,-0.004396,-0.300752,0.000000
1.620000,-2.885672,-0.001536,-0.237638,0.000000
1.630000,-2.885672,-0.002162,0.107941,0.000000
1.640000,-2.885672,0.001208,0.143024,0.000000
1.650000,-2.885672,-0.003688,-0.348372,0.000000
1.660000,-2.885672,-0.004876,0.250005,0.000000
1.670000,-2.885672,-0.000991,-0.187638,0.000000
1.680000,-2.885672,-0.013187,0.288346,0.000000
1.690000,-2.885672,-0.010581,-0.030769,0.000000
1.700000,-2.885672,0.003416,-0.146986,0.000000
1.710000,-2.885672,-0.004396,0.566444,0.000000
1.720000,-2.885672,0.003607,-0.058384,0.000000
1.730000,-2.885672,-0.004396,-0.228354,0.000000
1.740000,-2.885672,0.001985,-0.562782,0.000000
1.750000,-2.885672,-0.003746,0.131094,0.000000
1.760000,-2.885672,-0.013187,0.000857,0.000000
1.770000,-2.885672,0.004396,-0.456968,0.000000
1.780000,-2.885672,-0.004396,0.231592,0.000000
1.790000,-2.885672,-0.013187,0.211733,0.000000
1.800000,-2.885672,0.002939,-0.039579,0.000000
1.810000,-2.885672,-0.004396,0.260171,0.000000
1.820000,-2.885672,-0.004396,-0.209457,0.000000
1.830000,-2.885672,-0.008261,-0.336069,0.000000
1.840000,-2.885672,0.003736,0.153846,0.000000
1.850000,-2.885672,-0.006333,-0.009909,0.000000
1.860000,-2.885672,-0.004396,-0.043987,0.000000
1.870000,-2.885672,-0.004396,0.099857,0.000000
1.880000,-2.885672,0.002528,0.368436,0.000000
1.890000,-2.885672,-0.007397,-0.216886,0.000000
1.900000,-2.885672,-0.002414,-0.100134,0.000000
1.910000,-2.885672,-0.000742,-0.122670,0.000000
1.920000,-2.885672,-0.010184,0.179446,0.000000
1.930000,-2.885672,-0.002214,-0.138575,0.000000
1.940000,-2.885672,0.004396,-0.317900,0.000000
1.950000,-2.885672,-0.013187,-1.083362,0.000000
1.960000,-2.885672,-0.000694,-0.215385,0.000000
1.970000,-2.885672,-0.000661,-0.426142,0.000000
1.980000,-2.885672,-0.007566,-0.205286,0.000000
1.990000,-2.885672,-0.004396,0.276488,0.000000
2.000000,-2.885672,-0.009182,-0.053992,0.000000
2.010000,-2.885672,0.001384,0.447580,0.000000
2.020000,-2.885672,-0.013187,-0.518559,0.000000
2.030000,-2.885672,-0.000048,0.124754,0.000000
2.040000,-2.885672,-0.005504,0.637882,0.000000
2.050000,-2.885672,0.002140,0.076517,0.000000
2.060000,-2.885672,0.001088,-0.606504,0.000000
2.070000,-2.885672,-0.004396,0.050394,0.000000
2.080000,-2.885672,-0.004396,0.009813,0.000000
2.090000,-2.885672,0.007008,-0.518143,0.000000
2.100000,-2.885672,0.001115,-0.384387,0.000000
2.110000,-2.885672,-0.012195,-0.120068,0.000000
2.120000,-2.885672,-0.013187,-0.203769,0.000000
2.130000,-2.885672,0.000619,-0.127408,0.000000
2.140000,-2.885672,0.003406,-0.505751,0.000000
2.150000,-2.885672,-0.001453,-0.010930,0.000000
2.160000,-2.885672,0.009475,-0.503230,0.000000
2.170000,-2.885672,-0.012068,-0.007269,0.000000
2.180000,-2.885672,0.000474,0.002421,0.000000
2.190000,-2.885672,-0.004396,-0.135950,0.000000
2.200000,-2.885672,-0.006543,-0.038771,0.000000
2.210000,-2.885672,0.002207,-0.585683,0.000000
2.220000,-2.885672,-0.006518,0.293992,0.000000
2.230000,-2.885672,-0.021849,-0.337556,0.000000
2.240000,-2.885672,0.004396,-0.322730,0.000000
2.250000,-2.885672,0.001683,-0.058894,0.000000
2.260000,-2.885672,-0.002045,-0.334875,0.000000
2.270000,-2.885672,-0.002702,-0.260534,0.000000
2.280000,-2.885672,-0.006976,-0.389290,0.000000
2.290000,-2.885672,0.013001,-0.025575,0.000000
2.300000,-2.885672,-0.004396,0.206120,0.000000
2.310000,-2.885672,-0.008179,-0.355595,0.000000
2.320000,-2.885672,-0.004396,0.235987,0.000000
2.330000,-2.885672,-0.004830,-0.229062,0.000000
2.340000,-2.885672,-0.004396,-0.243754,0.000000
2.350000,-2.885672,-0.005836,-0.287005,0.000000
2.360000,-2.885672,-0.006693,-0.474823,0.000000
2.370000,-2.885672,-0.011600,-0.327354,0.000000
2.380000,-2.885672,-0.004396,-0.292744,0.000000
2.390000,-2.885672,0.003865,-0.373980,0.000000
2.400000,-2.885672,-0.008871,-0.087819,0.000000
2.410000,-2.885672,0.001467,0.215429,0.000000
2.420000,-2.885672,-0.008275,-0.058812,0.000000
2.430000,-2.885672,-0.029885,-0.695307,0.000000
2.440000,-2.885672,-0.004396,0.015725,0.000000
2.450000,-2.885672,-0.006251,-0.406160,0.000000
2.460000,-2.885672,-0.007101,0.163304,0.000000
2.470000,-2.885672,0.000128,-0.152059,0.000000
2.480000,-2.885672,0.004396,-0.078518,0.000000
2.490000,-2.885672,-0.004396,0.204882,0.000000
2.500000,-2.885672,-0.004396,-0.204465,0.000000
2.510000,-2.885672,-0.011026,0.340557,0.000000
2.520000,-2.885672,-0.004396,0.073902,0.000000
2.530000,-2.885672,-0.010486,0.182411,0.000000
2.540000,-2.885672,-0.014684,0.092308,0.000000
2.550000,-2.885672,-0.004396,-0.174150,0.000000
2.560000,-2.885672,0.004088,-0.316939,0.000000
2.570000,-2.885672,0.001486,-0.215385,0.000000
2.580000,-2.885672,-0.004396,0.062896,0.000000
2.590000,-2.885672,-0.003149,-0.056957,0.000000
2.600000,-2.885672,0.006615,-0.153846,0.000000
2.610000,-2.885672,0.004396,1.644599,0.000000
2.620000,-2.885672,-0.009446,0.106739,0.000000
2.630000,-2.885672,-0.010231,-0.440851,0.000000
2.640000,-2.885672,0.002333,-0.074093,0.000000
2.650000,-2.885672,0.004396,0.014351,0.000000
2.660000,-2.885672,0.009827,-0.124841,0.000000
2.670000,-2.885672,0.003274,-0.398746,0.000000
2.680000,-2.885672,-0.004330,1.498504,0.000000
2.690000,-2.885672,-0.005904,0.022033,0.000000
2.700000,-2.885672,-0.004396,-0.242316,0.000000
2.710000,-2.885672,-0.013187,-0.589587,0.000000
2.720000,-2.885672,-0.004396,-0.683636,0.000000
2.730000,-2.885672,-0.004396,-0.549105,0.000000
2.740000,-2.885672,-0.008860,-0.105520,0.000000
2.750000,-2.885672,-0.003439,-0.557835,0.000000
2.760000,-2.885672,-0.004037,-0.435104,0.000000
2.770000,-2.885672,-0.007285,-0.154701,0.000000
2.780000,-2.885672,-0.004396,-0.289584,0.000000
2.790000,-2.885672,-0.004516,0.282817,0.000000
2.800000,-2.885672,-0.008863,-0.177076,0.000000
2.810000,-2.885672,0.000712,-0.024919,0.000000
2.820000,-2.885672,-0.010266,-0.400403,0.000000
2.830000,-2.885672,0.000839,-0.081956,0.000000
2.840000,-2.885672,0.003026,-0.626977,0.000000
2.850000,-2.885672,-0.004839,-0.027665,0.000000
2.860000,-2.885672,0.004288,0.451750,0.000000
2.870000,-2.885672,-0.004396,-0.099418,0.000000
2.880000,-2.885672,-0.003005,-0.454936,0.000000
2.890000,-2.885672,-0.004396,-0.135370,0.000000
2.900000,-2.885672,0.003000,-0.064965,0.000000
2.910000,-2.885672,-0.004396,-0.333432,0.000000
2.920000,-2.885672,0.004190,0.025004,0.000000
2.930000,-2.885672,-0.004396,-0.478869,0.000000
2.940000,-2.885672,-0.013187,0.555211,0.000000
2.950000,-2.885672,-0.017857,-0.063460,0.000000
2.960000,-2.885672,-0.005267,0.086205,0.000000
2.970000,-2.885672,-0.004396,-0.095593,0.000000
2.980000,-2.885672,-0.006771,0.110637,0.000000
2.990000,-2.885672,0.004396,-0.613536,0.000000
3.000000,-2.885672,-0.004396,-0.094382,0.000000
3.010000,-2.885672,-0.004396,0.116316,0.000000
3.020000,-2.885672,0.001417,-0.113155,0.000000
3.030000,-2.885672,-0.002307,0.016146,0.000000
3.040000,-2.885672,0.004396,-0.239395,0.000000
3.050000,-2.885672,-0.004396,-0.743275,0.000000
3.060000,-2.885672,-0.005034,-0.021830,0.000000
3.070000,-2.885672,-0.004396,-0.338462,0.000000
3.080000,-2.885672,-0.008741,0.124823,0.000000
3.090000,-2.885672,0.001018,-0.172615,0.000000
3.100000,-2.885672,-0.004396,-0.358899,0.000000
3.110000,-2.885672,-0.004396,0.153846,0.000000
3.120000,-2.885672,-0.006435,-0.366012,0.000000
3.130000,-2.885672,-0.013187,-0.305091,0.000000
3.140000,-2.885672,-0.008644,-0.438004,0.000000
3.150000,-2.885672,-0.007549,-0.141145,0.000000
3.160000,-2.885672,-0.013187,-0.256543,0.000000
3.170000,-2.885672,-0.006969,-0.338462,0.000000
3.180000,-2.885672,0.010804,-0.030769,0.000000
3.190000,-2.885672,-0.006895,-0.048264,0.000000
3.200000,-2.885672,-0.008676,0.071990,0.000000
3.210000,-2.885672,-0.004396,-0.452155,0.000000
3.220000,-2.885672,-0.004396,-0.016630,0.000000
3.230000,-2.885672,-0.006021,-0.338462,0.000000
3.240000,-2.885672,-0.004534,-0.035605,0.000000
3.250000,-2.885672,-0.000672,-0.243604,0.000000
3.260000,-2.885672,-0.009502,-0.463340,0.000000
3.270000,-2.885672,-0.005095,-0.395108,0.000000
3.280000,-2.885672,-0.001173,-0.104566,0.000000
3.290000,-2.885672,0.001803,-0.070206,0.000000
3.300000,-2.885672,0.001925,-0.077022,0.000000
3.310000,-2.885672,-0.004396,0.498476,0.000000
3.320000,-2.885672,-0.004176,0.009250,0.000000
3.330000,-2.885672,-0.000304,-0.052056,0.000000
3.340000,-2.885672,-0.003395,-0.474045,0.000000
3.350000,-2.885672,-0.000299,-0.544615,0.000000
3.360000,-2.885672,-0.001226,0.322454,0.000000
3.370000,-2.885672,-0.009013,0.250818,0.000000
3.380000,-2.885672,-0.002006,0.137122,0.000000
3.390000,-2.885672,-0.004396,0.064700,0.000000
3.400000,-2.885672,-0.007763,-0.499507,0.000000
3.410000,-2.885672,-0.005513,-0.069894,0.000000
3.420000,-2.885672,-0.012655,-0.301250,0.000000
3.430000,-2.885672,-0.006640,-0.050372,0.000000
3.440000,-2.885672,0.000815,0.349873,0.000000
3.450000,-2.885672,-0.018615,-0.496854,0.000000
3.460000,-2.885672,-0.013187,-0.215385,0.000000
3.470000,-2.885672,-0.017258,-0.556115,0.000000
3.480000,-2.885672,0.002274,0.175121,0.000000
3.490000,-2.885672,0.002064,-0.338462,0.000000
3.500000,-2.885672,-0.004396,0.047180,0.000000
3.510000,-2.885672,-0.008413,-0.338462,0.000000
3.520000,-2.885672,0.004396,-0.094864,0.000000
3.530000,-2.885672,0.003580,0.509763,0.000000
3.540000,-2.885672,-0.000372,0.276923,0.000000
3.550000,-2.885672,0.002488,-0.319901,0.000000
3.560000,-2.885672,-0.004556,-0.327220,0.000000
3.570000,-2.885672,-0.006910,-0.338581,0.000000
3.580000,-2.885672,0.008947,-0.179169,0.000000
3.590000,-2.885672,0.003161,-0.215385,0.000000
3.600000,-2.885672,-0.004396,-0.894045,0.000000
3.610000,-2.885672,-0.002724,-0.325240,0.000000
3.620000,-2.885672,-0.004396,-0.281223,0.000000
3.630000,-2.885672,0.001245,-0.346663,0.000000
3.640000,-2.885672,-0.004396,-0.118423,0.000000
3.650000,-2.885672,-0.008912,0.127311,0.000000
3.660000,-2.885672,-0.004201,0.195326,0.000000
3.670000,-2.885672,0.003455,-0.396706,0.000000
3.680000,-2.885672,-0.003296,-0.261456,0.000000
3.690000,-2.885672,-0.000295,-0.260393,0.000000
3.700000,-2.885672,0.004296,-0.025167,0.000000
3.710000,-2.885672,-0.004396,0.192849,0.000000
3.720000,-2.885672,-0.010247,0.092693,0.000000
3.730000,-2.885672,-0.004396,-0.236802,0.000000
3.740000,-2.885672,-0.012642,-0.223010,0.000000
3.750000,-2.885672,-0.004396,-0.222778,0.000000
3.760000,-2.885672,-0.004396,-0.517476,0.000000
3.770000,-2.885672,-0.005632,0.066345,0.000000
3.780000,-2.885672,0.003348,0.146514,0.000000
3.790000,-2.885672,-0.011050,-0.148924,0.000000
3.800000,-2.885672,0.004396,-0.854180,0.000000
3.810000,-2.885672,-0.016349,-0.141463,0.000000
3.820000,-2.885672,-0.011668,-0.285305,0.000000
3.830000,-2.885672,-0.013187,-0.567948,0.000000
3.840000,-2.885672,-0.001445,-0.258382,0.000000
3.850000,-2.885672,-0.004396,-0.038761,0.000000
3.860000,-2.885672,-0.004981,-0.432837,0.000000
3.870000,-2.885672,-0.004396,-0.121970,0.000000
3.880000,-2.885672,-0.007341,0.009231,0.000000
3.890000,-2.885672,-0.013187,-0.478600,0.000000
3.900000,-2.885672,0.001123,0.242559,0.000000
3.910000,-2.885672,-0.004396,-0.030769,0.000000
3.920000,-2.885672,-0.004396,-0.280487,0.000000
3.930000,-2.885672,0.001966,0.051788,0.000000
3.940000,-2.885672,-0.004396,-0.108454,0.000000
3.950000,-2.885672,-0.004396,-0.613790,0.000000
3.960000,-2.885672,-0.004396,-0.153846,0.000000
3.970000,-2.885672,-0.018807,-0.463879,0.000000
3.980000,-2.885672,0.004379,0.092078,0.000000
3.990000,-2.885672,0.000995,-0.527121,0.000000
4.000000,-2.885672,-0.006930,-0.171588,0.000000
4.010000,-2.885672,-0.017094,-0.278636,0.000000
4.020000,-2.885672,-0.013006,-0.093575,0.000000
4.030000,-2.885672,-0.010422,0.111663,0.000000
4.040000,-2.885672,0.009478,-0.053849,0.000000
4.050000,-2.885672,0.004062,-0.178785,0.000000
4.060000,-2.885672,0.001021,-0.334101,0.000000
4.070000,-2.885672,-0.018899,-0.018591,0.000000
4.080000,-2.885672,-0.004396,0.048349,0.000000
4.090000,-2.885672,-0.000909,-0.178249,0.000000
4.100000,-2.885672,0.004396,0.174816,0.000000
4.110000,-2.885672,-0.004396,-0.052313,0.000000
4.120000,-2.885672,0.000789,-0.212229,0.000000
4.130000,-2.885672,-0.004396,0.171258,0.000000
4.140000,-2.885672,-0.007274,0.093398,0.000000
4.150000,-2.885672,0.012785,-0.031707,0.000000
4.160000,-2.885672,-0.001805,-0.392865,0.000000
4.170000,-2.885672,0.006548,-0.454637,0.000000
4.180000,-2.885672,-0.004396,-0.136119,0.000000
4.190000,-2.885672,-0.004085,-0.516553,0.000000
4.200000,-2.885672,-0.004396,-0.150443,0.000000
4.210000,-2.885672,-0.013155,-0.645708,0.000000
4.220000,-2.885672,-0.013187,-0.251135,0.000000
4.230000,-2.885672,0.000304,-0.252546,0.000000
4.240000,-2.885672,-0.004396,0.071046,0.000000
4.250000,-2.885672,-0.020890,0.238843,0.000000
4.260000,-2.885672,0.002620,-0.227814,0.000000
4.270000,-2.885672,-0.004396,-0.258117,0.000000
4.280000,-2.885672,0.001338,-0.092308,0.000000
4.290000,-2.885672,-0.004396,-0.299495,0.000000
4.300000,-2.885672,-0.008286,0.210421,0.000000
4.310000,-2.885672,-0.008916,-0.120454,0.000000
4.320000,-2.885672,-0.013187,-0.108618,0.000000
4.330000,-2.885672,-0.007219,-0.397757,0.000000
4.340000,-2.885672,-0.012344,-0.795387,0.000000
4.350000,-2.885672,-0.007970,-0.163338,0.000000
4.360000,-2.885672,-0.002178,-0.324055,0.000000
4.370000,-2.885672,-0.004396,0.277168,0.000000
4.380000,-2.885672,-0.009060,0.396849,0.000000
4.390000,-2.885672,-0.004396,-0.170213,0.000000
4.400000,-2.885672,-0.002511,0.307664,0.000000
4.410000,-2.885672,-0.013187,-0.334836,0.000000
4.420000,-2.885672,-0.009738,0.089947,0.000000
4.430000,-2.885672,0.003176,-0.400882,0.000000
4.440000,-2.885672,-0.008959,0.361012,0.000000
4.450000,-2.885672,-0.004396,0.166680,0.000000
4.460000,-2.885672,-0.012312,0.117116,0.000000
4.470000,-2.885672,0.002870,-0.207231,0.000000
4.480000,-2.885672,-0.004396,-0.169027,0.000000
4.490000,-2.885672,0.010182,-0.135928,0.000000
4.500000,-2.885672,-0.000505,-0.768170,0.000000
4.510000,-2.885672,-0.004396,-0.396792,0.000000
4.520000,-2.885672,-0.000670,-0.092308,0.000000
4.530000,-2.885672,-0.019599,-0.444885,0.000000
4.540000,-2.885672,0.001938,0.059236,0.000000
4.550000,-2.885672,-0.003134,0.022211,0.000000
4.560000,-2.885672,-0.006034,-0.088124,0.000000
4.570000,-2.885672,-0.000847,-0.325474,0.000000
4.580000,-2.885672,-0.013035,-0.710880,0.000000
4.590000,-2.885672,-0.001782,-0.218712,0.000000
4.600000,-2.885672,-0.007283,-0.235593,0.000000
4.610000,-2.885672,-0.004552,-0.025287,0.000000
4.620000,-2.885672,0.003997,0.022400,0.000000
4.630000,-2.885672,-0.011281,-0.967183,0.000000
4.640000,-2.885672,0.001830,0.248653,0.000000
4.650000,-2.885672,0.000727,-0.043609,0.000000
4.660000,-2.885672,-0.010135,-0.378636,0.000000
4.670000,-2.885672,-0.004396,-0.351300,0.000000
4.680000,-2.885672,-0.010591,-0.222413,0.000000
4.690000,-2.885672,-0.004396,-0.497301,0.000000
4.700000,-2.885672,-0.011928,-0.118590,0.000000
4.710000,-2.885672,-0.010117,-0.516209,0.000000
4.720000,-2.885672,-0.007127,-0.030769,0.000000
4.730000,-2.885672,-0.013187,-0.122547,0.000000
4.740000,-2.885672,-0.004396,-0.062127,0.000000
4.750000,-2.885672,-0.003128,-0.496452,0.000000
4.760000,-2.885672,0.003924,-0.383505,0.000000
4.770000,-2.885672,0.000036,-0.247921,0.000000
4.780000,-2.885672,0.000362,-0.456473,0.000000
4.790000,-2.885672,-0.004396,-0.050485,0.000000
4.800000,-2.885672,-0.000526,-0.107027,0.000000
4.810000,-2.885672,0.008800,0.399870,0.000000
4.820000,-2.885672,0.000487,-0.304281,0.000000
4.830000,-2.885672,0.000821,-0.142352,0.000000
4.840000,-2.885672,-0.012867,-0.327258,0.000000
4.850000,-2.885672,-0.007079,-0.244546,0.000000
4.860000,-2.885672,0.001511,-0.215385,0.000000
4.870000,-2.885672,-0.000948,-0.142976,0.000000
4.880000,-2.885672,0.003652,-1.209474,0.000000
4.890000,-2.885672,-0.008430,-0.002525,0.000000
4.900000,-2.885672,-0.007423,0.498227,0.000000
4.910000,-2.885672,0.003752,-0.592072,0.000000
4.920000,-2.885672,-0.004109,0.118063,0.000000
4.930000,-2.885672,0.003679,-0.971648,0.000000
4.940000,-2.885672,0.001518,-0.217613,0.000000
4.950000,-2.885672,0.004396,0.059987,0.000000
4.960000,-2.885672,0.000688,-0.134576,0.000000
4.970000,-2.885672,-0.012359,-0.198011,0.000000
4.980000,-2.885672,-0.004757,-0.700110,0.000000
4.990000,-2.885672,-0.008840,-0.091625,0.000000
5.000000,-2.885672,0.024879,4.780976,-0.556447
5.010000,-2.823700,12.344196,56.528306,-0.560785
5.020000,-2.646265,-17.156513,15.618825,-0.565150
5.030000,-2.454209,17.674662,-5.076044,-0.569477
5.040000,-2.277681,16.938875,-0.654367,-0.573738
5.050000,-2.122919,16.398266,-0.965116,-0.578038
5.060000,-1.956790,15.901203,-1.015385,-0.582234
5.070000,-1.794343,16.039635,-1.809611,-0.586413
5.080000,-1.645987,15.028588,-4.492248,-0.590477
5.090000,-1.502090,14.044957,-5.949522,-0.594597
5.100000,-1.372143,11.898547,-5.572948,-0.598685
5.110000,-1.264740,10.281380,-5.896771,-0.602708
5.120000,-1.167732,9.068985,-5.690918,-0.606616
5.130000,-1.082615,7.803035,-5.114713,-0.610621
5.140000,-1.010012,6.300044,-3.628368,-0.614570
5.150000,-0.952747,5.612739,-2.933317,-0.618500
5.160000,-0.903196,4.735281,-2.727873,-0.622388
5.170000,-0.864611,3.802153,-1.999543,-0.626156
5.180000,-0.828601,3.066785,-0.746044,-0.629916
5.190000,-0.800628,2.766986,-1.507255,-0.633636
5.200000,-0.776455,2.276188,-0.921362,-0.637334
5.210000,-0.757066,1.801218,-0.887825,-0.640960
5.220000,-0.741371,1.526109,-0.437133,-0.644525
5.230000,-0.728623,1.073638,0.073783,-0.648100
5.240000,-0.718052,0.966144,-0.202846,-0.651654
5.250000,-0.710194,0.751056,0.740218,-0.655124
5.260000,-0.703933,0.535549,0.254029,-0.658531
5.270000,-0.699606,0.405975,0.684381,-0.661927
5.280000,-0.696453,0.248156,0.841965,-0.665250
5.290000,-0.693674,0.241758,0.687316,-0.668541
5.300000,-0.692010,0.115212,0.782202,-0.671822
5.310000,-0.691806,-0.029648,0.334411,-0.675079
5.320000,-0.691806,-0.019816,1.140481,-0.678235
5.330000,-0.691806,-0.018362,0.284363,-0.681430
5.340000,-0.691806,-0.004238,0.353950,-0.684555
5.350000,-0.691806,-0.009067,-0.107742,-0.687672
5.360000,-0.691806,-0.020584,-0.001493,-0.690703
5.370000,-0.691806,-0.006501,-0.072415,-0.693701
5.380000,-0.691806,-0.019421,-0.314946,-0.696680
5.390000,-0.692187,-0.020998,-0.413724,-0.699591
5.400000,-0.692187,-0.012255,-0.696064,-0.702435
5.410000,-0.692187,-0.013187,-0.544905,-0.705219
5.420000,-0.692569,-0.021978,-0.707692,-0.708006
5.430000,-0.692569,-0.030769,-0.881469,-0.710690
5.440000,-0.692950,-0.031904,-1.184112,-0.713299
5.450000,-0.693332,-0.083516,-1.108030,-0.715861
5.460000,-0.694476,-0.099501,-1.048951,-0.718485
5.470000,-0.695239,-0.117014,-0.854110,-0.720920
5.480000,-0.696002,-0.073182,-1.044505,-0.723429
5.490000,-0.696765,-0.077119,-1.236408,-0.725856
5.500000,-0.697528,-0.083516,-1.700975,-0.728232
5.510000,-0.698291,-0.071690,-2.473256,-0.730639
5.520000,-0.699054,-0.092308,-0.518633,-0.732988
5.530000,-0.699817,-0.118681,-0.818293,-0.735270
5.540000,-0.701343,-0.148608,-1.346660,-0.737347
5.550000,-0.702869,-0.165798,-1.186863,-0.739524
5.560000,-0.704470,-0.169684,-1.038849,-0.741662
5.570000,-0.706138,-0.173981,-1.401163,-0.743741
5.580000,-0.708518,-0.271893,-1.097541,-0.745763
5.590000,-0.710984,-0.265732,-1.043328,-0.747744
5.600000,-0.713359,-0.206613,-1.015585,-0.749645
5.610000,-0.715076,-0.146922,-1.220673,-0.751513
5.620000,-0.716657,-0.175262,-1.126270,-0.753347
5.630000,-0.718341,-0.189011,-1.384615,-0.755144
5.640000,-0.720035,-0.180220,-0.866962,-0.756873
5.650000,-0.722028,-0.204616,-0.967691,-0.758557
5.660000,-0.724101,-0.221163,-1.458634,-0.760208
5.670000,-0.726520,-0.250633,-1.262127,-0.761793
5.680000,-0.728809,-0.221151,-1.198009,-0.763326
5.690000,-0.730716,-0.180220,-0.951717,-0.764779
5.700000,-0.732178,-0.150859,-0.495272,-0.766210
5.710000,-0.733387,-0.153846,-0.874764,-0.767543
5.720000,-0.734913,-0.150847,-1.200000,-0.768901
5.730000,-0.736057,-0.151104,-1.219197,-0.770186
5.740000,-0.737863,-0.180220,-1.028017,-0.771377
5.750000,-0.739490,-0.172782,-1.048536,-0.772540
5.760000,-0.741398,-0.204991,-0.864118,-0.773662
5.770000,-0.743305,-0.217690,-1.015385,-0.774725
5.780000,-0.745212,-0.174565,-0.606570,-0.775771
5.790000,-0.746738,-0.145055,-1.071649,-0.776753
5.800000,-0.747883,-0.113614,-1.087331,-0.777681
5.810000,-0.748936,-0.101099,-0.825363,-0.778547
5.820000,-0.749715,-0.099373,-1.178119,-0.779342
5.830000,-0.750553,-0.074725,-1.252780,-0.780084
5.840000,-0.751698,-0.116500,-0.568878,-0.780808
5.850000,-0.752461,-0.100343,-1.205292,-0.781450
5.860000,-0.753605,-0.088897,-1.066847,-0.782068
5.870000,-0.754368,-0.127473,-0.892308,-0.782624
5.880000,-0.755512,-0.121179,-1.098950,-0.783128
5.890000,-0.756657,-0.109890,-1.095890,-0.783559
5.900000,-0.757536,-0.118681,-1.309859,-0.783911
5.910000,-0.758946,-0.139121,-0.969235,-0.784228
5.920000,-0.760472,-0.138432,-0.753235,-0.784485
5.930000,-0.761824,-0.113878,-0.814279,-0.784722
5.940000,-0.762379,-0.057143,-0.892308,-0.784900
5.950000,-0.762950,-0.043985,-0.920433,-0.785053
5.960000,-0.763142,0.010107,-1.375189,-0.785175
5.970000,-0.763142,-0.004396,-0.508571,-0.785266
5.980000,-0.763142,-0.004396,-1.200000,-0.785339
5.990000,-0.763142,0.004396,-0.940205,-0.785379
6.000000,-0.763142,-0.011127,-1.185581,-0.785398
6.010000,-0.763142,0.004307,-1.261538,-0.785388
6.020000,-0.763142,-0.006861,-1.185006,-0.785348
6.030000,-0.763142,-0.004396,-1.431602,-0.785278
6.040000,-0.763142,-0.012737,-1.092671,-0.785183
6.050000,-0.763142,-0.004396,-0.830769,-0.785065
6.060000,-0.763142,0.003652,-1.015385,-0.784903
6.070000,-0.763142,-0.013187,-1.015385,-0.784729
6.080000,-0.763142,-0.004396,-1.200000,-0.784529
6.090000,-0.763142,-0.003436,-0.897956,-0.784285
6.100000,-0.763142,-0.004396,-1.033004,-0.784035
6.110000,-0.763142,0.002480,-1.154290,-0.783734
6.120000,-0.763142,0.004396,-0.668102,-0.783490
6.130000,-0.763142,0.004396,-1.651068,-0.783160
6.140000,-0.763142,-0.006670,-1.261538,-0.782757
6.150000,-0.763142,-0.004444,-1.292139,-0.782373
6.160000,-0.763142,-0.009749,-0.940437,-0.781955
6.170000,-0.763142,-0.004396,-0.830769,-0.781519
6.180000,-0.763142,-0.016469,-0.592808,-0.781075
6.190000,-0.763142,-0.004396,-1.146790,-0.780573
6.200000,-0.763142,-0.004396,-0.989426,-0.780041
6.210000,-0.763142,-0.013187,-1.153174,-0.779446
6.220000,-0.763142,0.002179,-0.954927,-0.778867
6.230000,-0.763142,-0.006091,-0.991650,-0.778198
6.240000,-0.763142,-0.004396,-0.881204,-0.777574
6.250000,-0.763142,-0.012792,-0.542440,-0.776883
6.260000,-0.763142,-0.004897,-0.544133,-0.776173
6.270000,-0.763142,-0.019330,-0.319922,-0.775482
6.280000,-0.763142,-0.003568,-0.840139,-0.774667
6.290000,-0.763142,-0.009489,-0.545534,-0.773943
6.300000,-0.763142,-0.000337,-0.293486,-0.773102
6.310000,-0.763142,-0.004396,-0.474282,-0.772253
6.320000,-0.763142,-0.006406,-0.964341,-0.771222
6.330000,-0.763142,0.000311,-0.766805,-0.770038
6.340000,-0.763142,-0.004396,0.024285,-0.768839
6.350000,-0.763142,-0.004396,-0.213283,-0.767499
6.360000,-0.763142,0.000805,-0.613197,-0.766101
6.370000,-0.763142,0.003462,-0.507285,-0.764675
6.380000,-0.763142,0.004396,0.021212,-0.763264
6.390000,-0.763142,-0.009539,-0.030769,-0.761850
6.400000,-0.763142,-0.002629,0.301369,-0.760360
6.410000,-0.763142,-0.012354,-0.001612,-0.758768
6.420000,-0.763142,-0.004396,0.548847,-0.757116
6.430000,-0.762760,0.004396,-0.141869,-0.755586
6.440000,-0.762760,0.004396,0.153846,-0.753985
6.450000,-0.762760,-0.004396,0.671800,-0.752388
6.460000,-0.762760,0.010878,0.694635,-0.750737
6.470000,-0.762760,0.004396,0.165138,-0.749012
6.480000,-0.762760,-0.003109,0.673175,-0.747291
6.490000,-0.762760,-0.004396,0.776030,-0.745669
6.500000,-0.762760,0.006581,0.861360,-0.743760
6.510000,-0.762379,0.017399,0.830769,-0.741879
6.520000,-0.761997,0.051308,0.401101,-0.739811
6.530000,-0.761234,0.065934,0.805262,-0.737629
6.540000,-0.760853,0.012995,0.931095,-0.735433
6.550000,-0.760472,0.057144,0.215472,-0.733547
6.560000,-0.759709,0.029837,0.737537,-0.731791
6.570000,-0.759327,0.016641,1.250541,-0.730305
6.580000,-0.759179,0.037609,1.080303,-0.728470
6.590000,-0.758500,0.082030,1.230318,-0.726731
6.600000,-0.757801,0.074725,1.630769,-0.724766
6.610000,-0.756657,0.087842,0.585599,-0.722619
6.620000,-0.755484,0.118681,1.042868,-0.720544
6.630000,-0.754294,0.136264,0.890312,-0.718581
6.640000,-0.752821,0.153356,1.090646,-0.716673
6.650000,-0.751171,0.173535,0.968591,-0.714586
6.660000,-0.749568,0.175090,0.640967,-0.712509
6.670000,-0.747776,0.178798,1.266955,-0.710234
6.680000,-0.745850,0.224176,0.995071,-0.708148
6.690000,-0.743414,0.245521,0.918766,-0.705918
6.700000,-0.741435,0.197802,1.337375,-0.703727
6.710000,-0.739796,0.132702,0.952796,-0.701467
6.720000,-0.738334,0.144783,0.965248,-0.698982
6.730000,-0.736623,0.162940,1.166054,-0.696589
6.740000,-0.734913,0.193398,0.922898,-0.694355
6.750000,-0.732906,0.213090,0.999322,-0.691797
6.760000,-0.730746,0.224176,0.878127,-0.689243
6.770000,-0.728070,0.285714,0.834618,-0.686519
6.780000,-0.724994,0.250549,0.408841,-0.684087
6.790000,-0.722976,0.202922,1.186817,-0.681230
6.800000,-0.720798,0.215385,0.994781,-0.678713
6.810000,-0.718651,0.206593,0.922205,-0.676227
6.820000,-0.716462,0.229755,1.052069,-0.673447
6.830000,-0.714123,0.254886,1.353707,-0.670468
6.840000,-0.711261,0.293370,1.061708,-0.667559
6.850000,-0.708211,0.276756,0.651725,-0.664728
6.860000,-0.705921,0.212806,1.214769,-0.661825
6.870000,-0.703816,0.250549,1.037032,-0.658845
6.880000,-0.701174,0.273027,0.872765,-0.655780
6.890000,-0.698832,0.219071,0.965730,-0.652585
6.900000,-0.696002,0.291418,1.080674,-0.649493
6.910000,-0.692857,0.394651,1.007896,-0.646423
6.920000,-0.689444,0.245148,0.502333,-0.643153
6.930000,-0.687021,0.259341,1.148915,-0.640187
6.940000,-0.684169,0.294325,1.619381,-0.637131
6.950000,-0.681452,0.234219,0.918384,-0.634215
6.960000,-0.678740,0.304438,1.253550,-0.631582
6.970000,-0.675573,0.381476,1.110988,-0.628728
6.980000,-0.672448,0.234089,1.184299,-0.626114
6.990000,-0.670062,0.232430,1.091954,-0.623561
7.000000,-0.667744,0.274213,1.341929,-0.621076
7.010000,-0.664860,0.237772,1.166364,-0.618210
7.020000,-0.662355,0.313864,1.298216,-0.615501
7.030000,-0.658822,0.322146,0.813035,-0.612835
7.040000,-0.655905,0.265194,1.104141,-0.609724
7.050000,-0.653461,0.241442,1.197788,-0.606655
7.060000,-0.650914,0.249006,1.481790,-0.603501
7.070000,-0.648318,0.238781,1.140444,-0.600854
7.080000,-0.645370,0.318484,1.043393,-0.598188
7.090000,-0.641833,0.312301,0.593566,-0.595383
7.100000,-0.639457,0.241758,0.886804,-0.592074
7.110000,-0.636947,0.232967,1.164170,-0.589076
7.120000,-0.634226,0.277188,1.075067,-0.586282
7.130000,-0.631492,0.251481,1.371572,-0.583486
7.140000,-0.628823,0.338003,1.190369,-0.580227
7.150000,-0.625420,0.312523,2.217195,-0.576930
7.160000,-0.622120,0.297359,1.261538,-0.573789
7.170000,-0.619783,0.250549,1.237030,-0.570866
7.180000,-0.617037,0.276400,0.999084,-0.568145
7.190000,-0.613927,0.327654,1.256833,-0.565122
7.200000,-0.610885,0.295977,1.089798,-0.562295
7.210000,-0.607673,0.316069,0.764004,-0.559299
7.220000,-0.604269,0.302745,1.207720,-0.556307
7.230000,-0.602040,0.238482,1.237483,-0.553501
7.240000,-0.599489,0.259341,1.295601,-0.550546
7.250000,-0.596337,0.343559,1.073649,-0.547105
7.260000,-0.592925,0.303297,1.109385,-0.543601
7.270000,-0.589952,0.279236,0.124686,-0.540008
7.280000,-0.587032,0.291774,1.180879,-0.536789
7.290000,-0.584414,0.236893,1.412101,-0.533872
7.300000,-0.581877,0.273283,1.784476,-0.531119
7.310000,-0.578294,0.354987,1.172930,-0.527800
7.320000,-0.574787,0.309115,1.143216,-0.524739
7.330000,-0.571873,0.281494,1.264493,-0.521609
7.340000,-0.568715,0.262238,1.436695,-0.518446
7.350000,-0.566055,0.262467,1.279307,-0.514741
7.360000,-0.562936,0.349660,1.121758,-0.510952
7.370000,-0.559580,0.362766,0.959280,-0.507379
7.380000,-0.556409,0.320270,1.019647,-0.503404
7.390000,-0.552830,0.294505,1.219242,-0.499363
7.400000,-0.550254,0.311242,1.327025,-0.495082
7.410000,-0.547118,0.379919,1.217492,-0.491166
7.420000,-0.542896,0.421741,1.232425,-0.487278
7.430000,-0.538991,0.357052,1.658995,-0.483314
7.440000,-0.535345,0.351122,1.147489,-0.479503
7.450000,-0.532001,0.302519,0.778421,-0.475073
7.460000,-0.528357,0.437210,1.124148,-0.470910
7.470000,-0.523853,0.348844,0.746769,-0.466670
7.480000,-0.520121,0.391209,1.329674,-0.462398
7.490000,-0.516327,0.341190,1.208502,-0.457957
7.500000,-0.512873,0.443956,1.309504,-0.453674
7.510000,-0.508089,0.430131,1.269068,-0.449251
7.520000,-0.504120,0.417582,1.200000,-0.445197
7.530000,-0.499924,0.361800,1.017584,-0.440562
7.540000,-0.496490,0.391209,1.138463,-0.435993
7.550000,-0.491654,0.455243,1.160497,-0.431383
7.560000,-0.487544,0.433173,1.287023,-0.426842
7.570000,-0.483520,0.386320,1.001436,-0.422276
7.580000,-0.479572,0.492539,1.189204,-0.417796
7.590000,-0.474736,0.410684,1.308120,-0.413337
7.600000,-0.470204,0.462362,1.026920,-0.408539
7.610000,-0.466124,0.348941,1.434334,-0.404777
7.620000,-0.461509,0.514087,1.272122,-0.399913
7.630000,-0.456868,0.383599,0.973006,-0.394584
7.640000,-0.452661,0.454445,1.206469,-0.389233
7.650000,-0.448481,0.367286,1.181846,-0.384077
7.660000,-0.443394,0.558540,0.805737,-0.379164
7.670000,-0.438451,0.450264,1.287846,-0.373982
7.680000,-0.433797,0.432437,1.446154,-0.368566
7.690000,-0.429581,0.519444,1.263582,-0.362875
7.700000,-0.424220,0.451210,0.747710,-0.357452
7.710000,-0.418900,0.505495,1.201292,-0.351749
7.720000,-0.414433,0.482791,1.267962,-0.345991
7.730000,-0.408751,0.568938,0.873847,-0.340231
7.740000,-0.403364,0.538529,1.116097,-0.336211
7.750000,-0.398949,0.438593,1.352540,-0.332396
7.760000,-0.393244,0.550987,-0.113223,-0.328049
7.770000,-0.387856,0.521647,1.128451,-0.323889
7.780000,-0.383325,0.435582,0.393811,-0.319955
7.790000,-0.378937,0.519021,1.105311,-0.316144
7.800000,-0.373603,0.437566,1.216810,-0.311855
7.810000,-0.368836,0.474810,1.092012,-0.307443
7.820000,-0.365183,0.382631,1.248633,-0.303801
7.830000,-0.360237,0.539116,0.903109,-0.299952
7.840000,-0.355733,0.428531,1.788622,-0.296346
7.850000,-0.351628,0.445233,1.393554,-0.292368
7.860000,-0.347563,0.356044,1.378526,-0.289001
7.870000,-0.342856,0.499012,0.999221,-0.285457
7.880000,-0.339322,0.346974,1.366702,-0.281212
7.890000,-0.334970,0.429757,1.188931,-0.277666
7.900000,-0.331796,0.329670,1.479440,-0.273329
7.910000,-0.327358,0.475131,1.423747,-0.269503
7.920000,-0.323290,0.381462,1.257359,-0.265226
7.930000,-0.319649,0.379499,0.897969,-0.260870
7.940000,-0.315420,0.349264,1.432076,-0.256620
7.950000,-0.311781,0.437769,1.479962,-0.252916
7.960000,-0.307279,0.391209,0.713877,-0.248963
7.970000,-0.303251,0.374627,1.466413,-0.244943
7.980000,-0.299789,0.336106,1.263168,-0.240886
7.990000,-0.295970,0.435165,1.380384,-0.236732
8.000000,-0.291255,0.382418,1.077311,-0.232574
8.010000,-0.287541,0.374768,0.878716,-0.228661
8.020000,-0.283243,0.364609,0.833941,-0.224523
8.030000,-0.279746,0.424274,1.377888,-0.220018
8.040000,-0.275391,0.469734,1.155304,-0.215400
8.050000,-0.271418,0.391062,1.506667,-0.210773
8.060000,-0.267792,0.365163,1.521641,-0.206102
8.070000,-0.263606,0.421839,1.168256,-0.201702
8.080000,-0.258993,0.465263,0.889106,-0.198338
8.090000,-0.254408,0.419492,1.064439,-0.193839
8.100000,-0.250820,0.382175,1.381214,-0.190425
8.110000,-0.246321,0.458886,1.396308,-0.186554
8.120000,-0.242027,0.408345,0.696179,-0.182163
8.130000,-0.237625,0.421347,1.187909,-0.177935
8.140000,-0.234050,0.347597,1.686287,-0.173998
8.150000,-0.230198,0.454269,1.122683,-0.169295
8.160000,-0.225658,0.427396,1.024931,-0.164940
8.170000,-0.221376,0.415946,1.434695,-0.160735
8.180000,-0.217486,0.368979,1.018907,-0.156317
8.190000,-0.213378,0.467909,1.341508,-0.151834
8.200000,-0.209055,0.450935,1.136302,-0.147305
8.210000,-0.204495,0.430049,1.208953,-0.143226
8.220000,-0.200465,0.372836,1.163356,-0.139146
8.230000,-0.196593,0.495371,1.086252,-0.134888
8.240000,-0.191477,0.406316,1.303945,-0.129770
8.250000,-0.187169,0.430130,1.129517,-0.125468
8.260000,-0.183495,0.347253,1.223257,-0.120599
8.270000,-0.178908,0.508692,1.260139,-0.115631
8.280000,-0.174339,0.404278,1.221615,-0.111442
8.290000,-0.169778,0.504490,0.945057,-0.106693
8.300000,-0.165841,0.363804,2.289845,-0.102430
8.310000,-0.160727,0.581602,1.363518,-0.097231
8.320000,-0.156195,0.444397,1.200000,-0.093612
8.330000,-0.151605,0.399280,1.382097,-0.089655
8.340000,-0.147776,0.442796,1.339322,-0.085152
8.350000,-0.142928,0.466895,0.953846,-0.079881
8.360000,-0.138031,0.457871,1.025654,-0.074545
8.370000,-0.134303,0.401109,1.467360,-0.069207
8.380000,-0.129646,0.529319,1.344925,-0.063758
8.390000,-0.124719,0.432941,1.453577,-0.058207
8.400000,-0.119876,0.490652,1.010089,-0.053196
8.410000,-0.115459,0.423480,1.266602,-0.047779
8.420000,-0.109795,0.547139,1.167550,-0.042707
8.430000,-0.104686,0.530540,1.138462,-0.037893
8.440000,-0.099983,0.426926,1.769314,-0.032447
8.450000,-0.094865,0.596791,1.570772,-0.026705
8.460000,-0.089273,0.491110,1.418977,-0.021352
8.470000,-0.084270,0.463464,1.265381,-0.016188
8.480000,-0.078881,0.600240,1.381189,-0.010713
8.490000,-0.073816,0.539944,1.349555,-0.005609
8.500000,-0.068307,0.487655,1.060627,-0.001016
8.510000,-0.063561,0.567033,1.104039,0.004905
8.520000,-0.057975,0.502250,1.073265,0.009532
8.530000,-0.052567,0.525702,1.117322,0.014852
8.540000,-0.048014,0.475089,1.420821,0.020385
8.550000,-0.042382,0.564144,0.243783,0.026217
8.560000,-0.037365,0.500333,1.236131,0.031356
8.570000,-0.032306,0.465116,1.470125,0.036547
8.580000,-0.026532,0.549906,1.099560,0.041779
8.590000,-0.021462,0.526744,1.299712,0.047175
8.600000,-0.016156,0.440405,1.455324,0.052699
8.610000,-0.010913,0.639261,1.206643,0.057678
8.620000,-0.005573,0.530907,1.227404,0.063286
8.630000,0.000191,0.408791,1.378428,0.068979
8.640000,0.005150,0.668855,0.787145,0.074274
8.650000,0.010375,0.514286,1.141341,0.079732
8.660000,0.015684,0.504835,0.956153,0.085829
8.670000,0.020969,0.599051,1.417282,0.091320
8.680000,0.026697,0.479121,1.233762,0.096657
8.690000,0.031772,0.552769,0.876169,0.102442
8.700000,0.036701,0.531868,1.366716,0.108066
8.710000,0.042799,0.523420,0.979877,0.113666
8.720000,0.048354,0.553769,2.008069,0.119485
8.730000,0.053357,0.565839,1.538843,0.125333
8.740000,0.059610,0.555760,1.424663,0.130978
8.750000,0.065099,0.521745,1.436832,0.136607
8.760000,0.070323,0.573102,1.588286,0.142093
8.770000,0.076123,0.598283,1.132558,0.147611
8.780000,0.081903,0.531821,1.114369,0.153417
8.790000,0.087222,0.551969,1.520915,0.159233
8.800000,0.093282,0.607383,0.915777,0.164544
8.810000,0.098465,0.464717,1.228778,0.170051
8.820000,0.104213,0.579522,0.532839,0.175574
8.830000,0.109755,0.609117,1.170749,0.180896
8.840000,0.115390,0.470260,1.137251,0.186162
8.850000,0.120959,0.603623,1.031189,0.191695
8.860000,0.126707,0.617687,0.947016,0.196589
8.870000,0.132189,0.461355,1.321793,0.201280
8.880000,0.136835,0.570553,0.990861,0.206794
8.890000,0.142972,0.553223,1.032989,0.212261
8.900000,0.148105,0.485643,1.317060,0.217765
8.910000,0.153646,0.584615,1.228473,0.223199
8.920000,0.158744,0.540185,1.698945,0.229056
8.930000,0.164386,0.519170,1.381892,0.235191
8.940000,0.169460,0.597324,1.206690,0.241109
8.950000,0.175239,0.513148,0.805077,0.246952
8.960000,0.181349,0.575824,1.186126,0.252681
8.970000,0.186488,0.615746,1.368453,0.258678
8.980000,0.192557,0.568748,1.114457,0.264492
8.990000,0.197885,0.525648,0.866957,0.270338
9.000000,0.203068,0.620564,1.328560,0.276459
9.010000,0.209610,0.558882,1.013593,0.282219
9.020000,0.214961,0.489049,0.689938,0.287862
9.030000,0.220744,0.672976,0.778919,0.293243
9.040000,0.227274,0.635015,1.188862,0.299091
9.050000,0.232137,0.465405,1.024274,0.302872
9.060000,0.238121,0.686414,0.824480,0.306249
9.070000,0.243807,0.581367,0.892308,0.310594
9.080000,0.249109,0.408791,1.262819,0.314105
9.090000,0.254327,0.609297,0.675764,0.318574
9.100000,0.259181,0.487433,0.955524,0.322463
9.110000,0.264249,0.459202,1.143139,0.327047
9.120000,0.268463,0.506958,1.241048,0.331293
9.130000,0.273934,0.462527,0.874101,0.335698
9.140000,0.278593,0.458011,0.953846,0.339688
9.150000,0.282856,0.364736,1.193054,0.344640
9.160000,0.287798,0.540370,1.019432,0.350118
9.170000,0.292503,0.471512,1.232800,0.355828
9.180000,0.297086,0.426134,1.111609,0.362073
9.190000,0.301207,0.447629,1.507692,0.368094
9.200000,0.306780,0.514965,1.588115,0.374421
9.210000,0.311976,0.499459,1.026414,0.380638
9.220000,0.317296,0.498674,1.735810,0.386722
9.230000,0.322370,0.595870,1.554344,0.392837
9.240000,0.328363,0.545442,0.925784,0.398899
9.250000,0.333081,0.481569,1.547998,0.404598
9.260000,0.339265,0.618120,0.659236,0.410155
9.270000,0.344952,0.571575,0.905131,0.415517
9.280000,0.350270,0.494051,1.742150,0.420968
9.290000,0.356489,0.619780,0.646154,0.426236
9.300000,0.361444,0.566695,1.200000,0.431535
9.310000,0.366914,0.484901,1.651847,0.436761
9.320000,0.372852,0.619518,0.422964,0.442121
9.330000,0.378334,0.547484,1.000324,0.447431
9.340000,0.383234,0.485979,1.268303,0.452707
9.350000,0.389331,0.586662,0.719126,0.458001
9.360000,0.394467,0.498656,1.350421,0.463262
9.370000,0.399684,0.481159,1.254405,0.468479
9.380000,0.405413,0.635140,0.984730,0.473787
9.390000,0.410847,0.508387,1.015385,0.479084
9.400000,0.415779,0.446316,0.975328,0.484154
9.410000,0.421130,0.603188,1.431452,0.489491
9.420000,0.427112,0.513359,0.910121,0.494731
9.430000,0.431640,0.452751,1.384282,0.499726
9.440000,0.437110,0.558446,1.301373,0.504949
9.450000,0.442944,0.596634,0.989668,0.509444
9.460000,0.447915,0.445431,1.518019,0.513826
9.470000,0.452952,0.524237,1.183755,0.518528
9.480000,0.458008,0.568109,1.173641,0.523303
9.490000,0.463038,0.429771,0.400724,0.528080
9.500000,0.467402,0.529545,1.231818,0.532950
9.510000,0.473135,0.467475,1.190765,0.537615
9.520000,0.477823,0.453317,0.850708,0.542222
9.530000,0.482148,0.426509,1.235784,0.546922
9.540000,0.487528,0.544868,0.895798,0.551437
9.550000,0.492138,0.516844,1.192728,0.555609
9.560000,0.496957,0.431264,1.323077,0.558717
9.570000,0.501236,0.510420,1.498672,0.561881
9.580000,0.506586,0.416618,1.301162,0.564781
9.590000,0.510218,0.426642,0.956659,0.567966
9.600000,0.514328,0.346329,1.278640,0.571401
9.610000,0.517979,0.445412,1.189806,0.574800
9.620000,0.522859,0.370402,0.556063,0.578199
9.630000,0.526224,0.380910,1.388132,0.581304
9.640000,0.529895,0.364835,1.537225,0.584794
9.650000,0.532972,0.322733,0.924926,0.588015
9.660000,0.537069,0.464806,1.222872,0.590655
9.670000,0.540622,0.315351,1.279137,0.593971
9.680000,0.543922,0.329670,1.200000,0.597459
9.690000,0.547203,0.304944,0.863460,0.601000
9.700000,0.550278,0.313205,1.219039,0.604491
9.710000,0.554170,0.392888,0.867417,0.607922
9.720000,0.557753,0.333242,0.907724,0.611301
9.730000,0.561235,0.304518,1.112804,0.614727
9.740000,0.563985,0.286320,2.080650,0.618170
9.750000,0.568009,0.409579,1.068920,0.621434
9.760000,0.571459,0.351840,1.109031,0.624917
9.770000,0.574944,0.326869,1.243282,0.628372
9.780000,0.578148,0.372145,1.015385,0.631793
9.790000,0.581011,0.271978,1.173079,0.635240
9.800000,0.584553,0.407451,0.989306,0.638316
9.810000,0.588806,0.364973,1.813063,0.641733
9.820000,0.592067,0.305616,0.802706,0.645102
9.830000,0.595710,0.350285,0.490334,0.648437
9.840000,0.598344,0.268132,1.143313,0.651655
9.850000,0.601826,0.391209,1.130669,0.654689
9.860000,0.605612,0.337553,0.967131,0.658124
9.870000,0.608984,0.301358,1.377830,0.661497
9.880000,0.612278,0.323661,0.983055,0.664580
9.890000,0.615118,0.285454,0.966581,0.667975
9.900000,0.618987,0.390216,0.987578,0.671073
9.910000,0.622198,0.324486,1.178432,0.674313
9.920000,0.625567,0.354454,1.614401,0.677364
9.930000,0.629115,0.266750,1.076923,0.679926
9.940000,0.631911,0.276782,1.565282,0.682688
9.950000,0.635205,0.371383,1.254323,0.685625
9.960000,0.638789,0.294106,0.929368,0.688198
9.970000,0.641585,0.272771,1.138462,0.690645
9.980000,0.644893,0.302916,1.206656,0.693141
9.990000,0.647712,0.246925,0.925204,0.695835
10.000000,0.650177,0.325248,1.177246,0.698418
10.010000,0.653562,0.364835,1.139178,0.700931
10.020000,0.656463,0.247444,1.525380,0.703603
10.030000,0.658950,0.259341,1.192103,0.706201
10.040000,0.661408,0.271402,1.178621,0.708731
10.050000,0.663984,0.241155,0.361371,0.711342
10.060000,0.666691,0.256307,0.275834,0.714009
10.070000,0.669965,0.338462,1.091474,0.716362
10.080000,0.672732,0.232967,0.987801,0.718747
10.090000,0.675230,0.225887,1.341043,0.721171
10.100000,0.677596,0.215385,1.146187,0.723422
10.110000,0.679866,0.241758,1.292156,0.725809
10.120000,0.682282,0.259922,0.836877,0.727984
10.130000,0.685303,0.303923,0.959696,0.729990
10.140000,0.687991,0.268132,1.261538,0.732212
10.150000,0.690280,0.197802,1.288258,0.734729
10.160000,0.692229,0.218285,1.022153,0.737163
10.170000,0.694733,0.235838,1.181163,0.739506
10.180000,0.697119,0.207230,0.839685,0.741700
10.190000,0.699043,0.241249,1.326642,0.743196
10.200000,0.702138,0.290479,1.110275,0.744819
10.210000,0.704987,0.247195,1.008905,0.746174
10.220000,0.706614,0.153846,1.076923,0.747453
10.230000,0.707989,0.139979,1.138462,0.748730
10.240000,0.709561,0.162637,1.110284,0.749854
10.250000,0.711613,0.198474,1.053025,0.751031
10.260000,0.713478,0.180220,1.573017,0.752842
10.270000,0.715171,0.180220,1.553710,0.754745
10.280000,0.716933,0.203119,0.978169,0.756392
10.290000,0.719230,0.232967,1.145180,0.758091
10.300000,0.721180,0.197045,1.050433,0.759741
10.310000,0.722705,0.118681,1.076923,0.761241
10.320000,0.724231,0.109890,1.259945,0.762686
10.330000,0.725009,0.101430,1.330034,0.764190
10.340000,0.726438,0.136264,1.283185,0.765589
10.350000,0.727665,0.162027,0.830769,0.767020
10.360000,0.729540,0.189011,1.363812,0.768368
10.370000,0.731134,0.171429,1.001000,0.769701
10.380000,0.733005,0.171429,1.291678,0.770888
10.390000,0.735214,0.169592,1.212855,0.772096
10.400000,0.737064,0.151390,1.020367,0.773221
10.410000,0.738346,0.115097,0.871959,0.774284
10.420000,0.739490,0.079378,0.990023,0.775343
10.430000,0.740555,0.109890,1.086237,0.776384
10.440000,0.741398,0.088190,1.507692,0.777417
10.450000,0.742321,0.096004,1.384615,0.778298
10.460000,0.743305,0.096286,1.376193,0.779101
10.470000,0.744128,0.087663,1.397783,0.779889
10.480000,0.745212,0.084795,1.239169,0.780615
10.490000,0.746738,0.127473,1.604617,0.781310
10.500000,0.747883,0.127473,1.124210,0.781974
10.510000,0.749409,0.151917,0.943329,0.782548
10.520000,0.751188,0.145133,1.055132,0.783074
10.530000,0.752461,0.106376,1.417500,0.783509
10.540000,0.752842,0.021978,1.212979,0.783955
10.550000,0.753223,0.002444,1.066646,0.784357
10.560000,0.753223,0.017643,1.259000,0.784706
10.570000,0.753605,0.034050,1.192638,0.784977
10.580000,0.753986,0.029720,1.008040,0.785188
10.590000,0.753986,0.016108,1.343915,0.785321
10.600000,0.753986,-0.004396,1.340167,0.785388
10.610000,0.753986,-0.005715,1.787680,0.785391
10.620000,0.753986,0.004396,1.238676,0.785329
10.630000,0.753986,-0.004396,2.137079,0.785209
10.640000,0.753986,-0.004396,1.063309,0.785027
10.650000,0.753986,0.004396,1.369556,0.784782
10.660000,0.753986,-0.006410,1.641045,0.784468
10.670000,0.753986,-0.010410,1.889870,0.784114
10.680000,0.753986,-0.010922,1.539395,0.783722
10.690000,0.753986,-0.004396,1.502711,0.783328
10.700000,0.753986,-0.000570,1.087753,0.782857
10.710000,0.753986,-0.004396,1.125152,0.782318
10.720000,0.753986,-0.003192,1.406565,0.781746
10.730000,0.753986,-0.009635,1.159634,0.781146
10.740000,0.753986,0.000540,1.399749,0.780461
10.750000,0.753986,-0.002298,0.734271,0.779729
10.760000,0.753986,-0.004396,1.736805,0.778959
10.770000,0.753986,-0.010764,1.206303,0.778202
10.780000,0.753986,-0.006521,1.212853,0.777348
10.790000,0.753986,0.010326,0.481562,0.776404
10.800000,0.753986,-0.004396,1.702420,0.775403
10.810000,0.753986,-0.004396,1.138462,0.774337
10.820000,0.753986,-0.015860,1.082325,0.773376
10.830000,0.753986,0.004726,0.612357,0.772325
10.840000,0.753986,0.012144,0.594347,0.771114
10.850000,0.753986,-0.011854,0.385103,0.770027
10.860000,0.753986,-0.013141,0.462184,0.768730
10.870000,0.753986,-0.010341,0.491416,0.767335
10.880000,0.753986,-0.012175,0.951670,0.765974
10.890000,0.753986,0.004396,0.646154,0.764556
10.900000,0.753986,-0.003462,0.059648,0.763154
10.910000,0.753986,0.004396,0.365245,0.761598
10.920000,0.753986,0.000508,-0.181057,0.760089
10.930000,0.753986,-0.013187,0.118866,0.758526
10.940000,0.753986,-0.004396,0.073513,0.756856
10.950000,0.753986,0.001142,-0.293907,0.755393
10.960000,0.753986,-0.016207,0.057588,0.753665
10.970000,0.753986,-0.009192,-0.573504,0.752037
10.980000,0.753605,-0.013187,0.081730,0.750138
10.990000,0.753605,-0.004123,0.052955,0.748421
11.000000,0.753605,-0.012988,-0.695173,0.746565
11.010000,0.753605,-0.014553,-0.324737,0.744748
11.020000,0.753605,-0.021978,-0.566632,0.742730
11.030000,0.753605,-0.015169,-0.959897,0.740768
11.040000,0.753223,-0.026939,-0.710774,0.738772
11.050000,0.753065,-0.039560,-0.306970,0.736567
11.060000,0.752323,-0.089143,-0.727415,0.734280
11.070000,0.751698,-0.039560,-0.849499,0.732025
11.080000,0.750935,-0.074725,-1.101333,0.729960
11.090000,0.750360,-0.052695,-1.076195,0.727710
11.100000,0.749941,-0.058988,-1.078441,0.725535
11.110000,0.749409,-0.041610,-1.086173,0.723072
11.120000,0.749409,-0.013187,-1.584342,0.720903
11.130000,0.749409,-0.005046,-1.503137,0.718349
11.140000,0.749027,-0.015133,-1.514740,0.715757
11.150000,0.748959,-0.049933,-1.075603,0.713256
11.160000,0.748088,-0.088240,-0.552464,0.710760
11.170000,0.747120,-0.109890,-1.662748,0.708099
11.180000,0.746137,-0.141337,-1.237972,0.705417
11.190000,0.744450,-0.189054,-1.200453,0.702734
11.200000,0.742727,-0.219910,-1.358388,0.699971
11.210000,0.740344,-0.241758,-0.950997,0.697280
11.220000,0.737532,-0.288076,-0.442234,0.694493
11.230000,0.734837,-0.275188,-1.150609,0.691356
11.240000,0.732242,-0.250549,-1.359090,0.688255
11.250000,0.729906,-0.252717,-0.760802,0.685483
11.260000,0.727402,-0.267840,-1.098116,0.682595
11.270000,0.724624,-0.259341,-1.080484,0.679477
11.280000,0.722065,-0.303465,-1.405522,0.676438
11.290000,0.718917,-0.323302,-0.892308,0.673250
11.300000,0.715839,-0.264640,-0.991786,0.669978
11.310000,0.713603,-0.284486,-1.251599,0.666369
11.320000,0.710129,-0.268688,-1.065245,0.663291
11.330000,0.707803,-0.268702,-1.203991,0.660199
11.340000,0.704364,-0.371631,-0.793016,0.656761
11.350000,0.700677,-0.323112,-1.160419,0.653269
11.360000,0.698120,-0.251447,-1.059373,0.649522
11.370000,0.694920,-0.349502,-1.128447,0.646323
11.380000,0.691697,-0.320879,-0.768865,0.642601
11.390000,0.688565,-0.325188,-1.665404,0.638920
11.400000,0.684889,-0.375931,-1.060793,0.634957
11.410000,0.681647,-0.295437,-1.011988,0.631305
11.420000,0.678584,-0.346947,-1.036254,0.627311
11.430000,0.675011,-0.373267,-0.896503,0.623660
11.440000,0.670978,-0.419314,-0.315607,0.619836
11.450000,0.667195,-0.400000,-1.170085,0.615777
11.460000,0.663787,-0.326794,-1.070590,0.611795
11.470000,0.660105,-0.396484,-0.941541,0.607913
11.480000,0.656440,-0.363732,-0.889811,0.604276
11.490000,0.652054,-0.420933,-0.941152,0.600306
11.500000,0.648493,-0.339785,-2.170454,0.596256
11.510000,0.644917,-0.396264,-1.110307,0.592090
11.520000,0.640659,-0.398638,-1.161877,0.587926
11.530000,0.636943,-0.431942,-1.524445,0.583993
11.540000,0.632600,-0.361314,-1.002984,0.580712
11.550000,0.629244,-0.373398,-0.920677,0.577417
11.560000,0.625227,-0.441885,-0.906803,0.574009
11.570000,0.621381,-0.401985,-1.063030,0.571327
11.580000,0.617509,-0.394835,-0.834624,0.568229
11.590000,0.614152,-0.295584,-1.011050,0.564940
11.600000,0.610779,-0.364835,-1.175172,0.561229
11.610000,0.607118,-0.352983,-1.092881,0.557734
11.620000,0.603514,-0.396461,-1.468134,0.554494
11.630000,0.599844,-0.352306,-0.412724,0.550958
11.640000,0.596818,-0.324312,-0.779775,0.547518
11.650000,0.593126,-0.364835,-1.047411,0.544748
11.660000,0.590107,-0.313830,-1.150654,0.541447
11.670000,0.586053,-0.431299,-1.009263,0.537259
11.680000,0.582546,-0.312088,-1.043361,0.532920
11.690000,0.579500,-0.347218,-1.668077,0.529121
11.700000,0.575761,-0.398246,-0.843048,0.524575
11.710000,0.572313,-0.346300,-1.435458,0.520130
11.720000,0.568732,-0.430038,-1.110218,0.515956
11.730000,0.564768,-0.312159,-1.322082,0.511024
11.740000,0.560882,-0.419324,-1.015385,0.507086
11.750000,0.556907,-0.379674,-0.949913,0.502743
11.760000,0.552477,-0.454829,-1.203263,0.498363
11.770000,0.548507,-0.353509,-1.279282,0.493462
11.780000,0.545009,-0.462122,-1.269703,0.488974
11.790000,0.540284,-0.401770,-0.941358,0.484159
11.800000,0.535555,-0.470330,-0.800912,0.479821
11.810000,0.531740,-0.356044,-1.679387,0.474725
11.820000,0.527390,-0.472337,-0.963543,0.470279
11.830000,0.523359,-0.396185,-1.357912,0.466281
11.840000,0.518150,-0.496703,-1.015385,0.461892
11.850000,0.514390,-0.374307,-0.352923,0.456963
11.860000,0.509610,-0.459755,-0.805798,0.452518
11.870000,0.505264,-0.455759,-1.465530,0.447674
11.880000,0.500781,-0.512110,-1.053460,0.442490
11.890000,0.496550,-0.439824,-0.563898,0.437729
11.900000,0.491777,-0.505495,-0.892308,0.432696
11.910000,0.486788,-0.510460,-1.253564,0.427777
11.920000,0.481897,-0.432765,-1.138462,0.423292
11.930000,0.477554,-0.479121,-1.111491,0.418497
11.940000,0.472839,-0.452747,-0.498127,0.413479
11.950000,0.467995,-0.505081,-1.261538,0.409037
11.960000,0.463141,-0.441588,-1.125443,0.404051
11.970000,0.458570,-0.514210,-0.756500,0.399412
11.980000,0.453481,-0.498746,-1.076923,0.394459
11.990000,0.448797,-0.469475,-0.506515,0.389630
12.000000,0.444536,-0.482977,-1.054278,0.384646
12.010000,0.439213,-0.480405,-0.937258,0.379826
12.020000,0.434224,-0.527891,-1.035165,0.374668
12.030000,0.429951,-0.461538,-1.419924,0.369141
12.040000,0.424650,-0.540196,-1.155009,0.364051
12.050000,0.419859,-0.505495,-0.968504,0.358223
12.060000,0.415072,-0.446458,-1.534692,0.352805
12.070000,0.409680,-0.506620,-0.857600,0.347734
12.080000,0.404794,-0.575824,-0.384428,0.342050
12.090000,0.399275,-0.460128,-1.463270,0.336958
12.100000,0.394255,-0.505495,-1.053076,0.331575
12.110000,0.389345,-0.562871,-0.825206,0.326147
12.120000,0.383758,-0.467633,-1.450141,0.321250
12.130000,0.378678,-0.531868,-1.015385,0.315387
12.140000,0.373374,-0.515435,-1.264373,0.309596
12.150000,0.367552,-0.500013,-0.879518,0.303930
12.160000,0.363121,-0.607593,-1.076923,0.298550
12.170000,0.357317,-0.512130,-0.654241,0.292959
12.180000,0.351688,-0.554600,-0.892308,0.287386
12.190000,0.346548,-0.574764,-1.127333,0.281092
12.200000,0.340853,-0.505689,-0.913047,0.275514
12.210000,0.335404,-0.604595,-1.043362,0.270064
12.220000,0.329931,-0.545312,-1.498653,0.263673
12.230000,0.323982,-0.541957,-0.720805,0.257616
12.240000,0.318480,-0.564463,-1.079083,0.251983
12.250000,0.313315,-0.570142,-1.234337,0.246661
12.260000,0.307430,-0.568698,-0.411655,0.240441
12.270000,0.301242,-0.577369,-0.854887,0.235047
12.280000,0.296220,-0.561623,-0.398644,0.228908
12.290000,0.290184,-0.550148,-0.762531,0.223766
12.300000,0.284289,-0.600503,-0.957552,0.217745
12.310000,0.279344,-0.573069,-1.280827,0.212130
12.320000,0.273052,-0.568504,-0.881134,0.206186
12.330000,0.267050,-0.520280,-0.987414,0.200718
12.340000,0.262390,-0.595405,-1.254543,0.194733
12.350000,0.256592,-0.535827,-1.331065,0.188490
12.360000,0.250057,-0.523727,-0.599860,0.183586
12.370000,0.244894,-0.625605,-1.195693,0.176963
12.380000,0.238990,-0.654695,-0.281469,0.169580
12.390000,0.233073,-0.522682,-1.044773,0.162162
12.400000,0.227279,-0.677503,-0.893098,0.154401
12.410000,0.221129,-0.695940,-0.815867,0.146653
12.420000,0.214929,-0.519457,-1.405299,0.138783
12.430000,0.208447,-0.687095,-1.015385,0.131103
12.440000,0.201112,-0.672907,-1.711038,0.123104
12.450000,0.195202,-0.742900,-0.965974,0.115255
12.460000,0.188282,-0.802745,-1.265389,0.107416
12.470000,0.181773,-0.634415,-1.651188,0.101385
12.480000,0.174324,-0.667319,-0.783482,0.097078
12.490000,0.166705,-0.619779,-0.830769,0.093021
12.500000,0.160577,-0.731352,-0.830769,0.088598
12.510000,0.154460,-0.653175,-1.249354,0.084089
12.520000,0.147773,-0.561608,-0.655312,0.079466
12.530000,0.141626,-0.635574,-0.945914,0.074464
12.540000,0.135836,-0.591424,-0.918128,0.070436
12.550000,0.130668,-0.516880,-1.283731,0.066222
12.560000,0.125206,-0.554474,-0.883545,0.061402
12.570000,0.120115,-0.552218,-1.190315,0.056902
12.580000,0.114955,-0.450082,-0.760673,0.052751
12.590000,0.110110,-0.568541,-1.098039,0.048049
12.600000,0.104805,-0.443576,-1.124028,0.044097
12.610000,0.099745,-0.469200,-0.896703,0.040338
12.620000,0.096191,-0.426374,-1.079232,0.036959
12.630000,0.090788,-0.461538,-1.206417,0.031978
12.640000,0.086107,-0.457634,-1.042791,0.024819
12.650000,0.081676,-0.426374,-1.173884,0.017313
12.660000,0.076759,-0.548277,-1.261538,0.009672
12.670000,0.071200,-0.600942,-1.862276,0.001966
12.680000,0.066567,-0.491463,-1.333703,-0.005579
12.690000,0.060771,-0.595131,-1.335148,-0.013083
12.700000,0.053997,-0.681458,-0.900083,-0.020774
12.710000,0.048886,-0.558719,-2.041582,-0.028371
12.720000,0.042696,-0.646154,-1.377064,-0.036384
12.730000,0.035240,-0.652958,-1.469970,-0.043628
12.740000,0.029408,-0.744191,-1.296150,-0.050623
12.750000,0.021973,-0.836335,-0.921080,-0.056969
12.760000,0.015169,-0.665040,-0.907788,-0.063617
12.770000,0.008517,-0.671001,-1.571931,-0.069946
12.780000,0.001445,-0.594725,-1.542314,-0.075937
12.790000,-0.004753,-0.729035,-0.958825,-0.082638
12.800000,-0.012003,-0.829703,-1.503962,-0.088880
12.810000,-0.018805,-0.647842,-1.631466,-0.095390
12.820000,-0.025404,-0.651739,-0.104649,-0.101064
12.830000,-0.032235,-0.603761,-0.881369,-0.107185
12.840000,-0.038005,-0.665181,-0.997473,-0.113199
12.850000,-0.045214,-0.720124,-1.276452,-0.119184
12.860000,-0.050704,-0.535289,-1.839328,-0.125398
12.870000,-0.057994,-0.623500,-1.410654,-0.131640
12.880000,-0.063782,-0.689227,-1.285992,-0.137897
12.890000,-0.069534,-0.598888,-1.535205,-0.144115
12.900000,-0.076773,-0.672598,-1.271712,-0.150618
12.910000,-0.082510,-0.565589,-0.966704,-0.156937
12.920000,-0.088273,-0.655831,-0.861790,-0.163273
12.930000,-0.095304,-0.745979,-1.281784,-0.169527
12.940000,-0.101516,-0.616976,-1.926569,-0.175819
12.950000,-0.107331,-0.583605,-0.978371,-0.182185
12.960000,-0.113798,-0.657437,-1.378800,-0.188511
12.970000,-0.119533,-0.709592,-1.625945,-0.195291
12.980000,-0.126125,-0.614232,-1.327365,-0.201696
12.990000,-0.133171,-0.538988,-1.160335,-0.208181
13.000000,-0.139183,-0.730961,-0.935777,-0.214000
13.010000,-0.145508,-0.726407,-1.323077,-0.220312
13.020000,-0.152118,-0.630439,-1.763843,-0.226367
13.030000,-0.158072,-0.604111,-1.087747,-0.232055
13.040000,-0.164682,-0.571229,-1.474771,-0.236359
13.050000,-0.170538,-0.654609,-1.110629,-0.240906
13.060000,-0.175746,-0.570125,-1.522851,-0.245220
13.070000,-0.182572,-0.487094,-1.227191,-0.250951
13.080000,-0.188141,-0.583718,-0.868455,-0.257388
13.090000,-0.192923,-0.576251,-1.088035,-0.263533
13.100000,-0.199038,-0.540351,-0.789468,-0.269978
13.110000,-0.204456,-0.597452,-1.263171,-0.276759
13.120000,-0.210203,-0.600780,-1.384615,-0.283344
13.130000,-0.216391,-0.514354,-1.844471,-0.290078
13.140000,-0.221715,-0.664443,-1.010438,-0.295588
13.150000,-0.228314,-0.654918,-1.568802,-0.302376
13.160000,-0.234088,-0.543697,-1.817388,-0.309826
13.170000,-0.240887,-0.639993,-0.846760,-0.316642
13.180000,-0.247111,-0.688899,-1.121509,-0.320912
13.190000,-0.252771,-0.563494,-1.184131,-0.328436
13.200000,-0.259052,-0.646154,-1.183970,-0.335904
13.210000,-0.265726,-0.626315,-1.373331,-0.343562
13.220000,-0.271297,-0.658363,-1.242731,-0.351044
13.230000,-0.278570,-0.681580,-1.146383,-0.358696
13.240000,-0.285429,-0.702834,-1.143725,-0.366270
13.250000,-0.291597,-0.696990,-1.607579,-0.373313
13.260000,-0.298369,-0.642037,-1.330080,-0.379156
13.270000,-0.305058,-0.690110,-0.960804,-0.382963
13.280000,-0.312624,-0.703063,-1.200754,-0.387583
13.290000,-0.318383,-0.663930,-1.256119,-0.392409
13.300000,-0.325557,-0.680255,-1.434989,-0.395865
13.310000,-0.331503,-0.517793,-1.384697,-0.400565
13.320000,-0.337164,-0.586234,-1.106076,-0.405296
13.330000,-0.342789,-0.662972,-1.628102,-0.410654
13.340000,-0.347855,-0.479583,-1.076923,-0.416310
13.350000,-0.353399,-0.581097,-1.329229,-0.420763
13.360000,-0.359126,-0.572797,-1.068352,-0.426334
13.370000,-0.364436,-0.482427,-1.440709,-0.432042
13.380000,-0.369818,-0.559034,-1.379069,-0.436888
13.390000,-0.374836,-0.527161,-1.692308,-0.442165
13.400000,-0.380324,-0.540970,-1.325253,-0.447550
13.410000,-0.386175,-0.599812,-1.801469,-0.452696
13.420000,-0.391184,-0.506267,-1.372262,-0.457666
13.430000,-0.396262,-0.540659,-1.170605,-0.462937
13.440000,-0.401884,-0.506570,-1.498655,-0.467505
13.450000,-0.406705,-0.510290,-1.183220,-0.473010
13.460000,-0.411786,-0.559007,-1.331117,-0.477955
13.470000,-0.416746,-0.443393,-1.442215,-0.482779
13.480000,-0.422103,-0.537866,-1.045436,-0.487439
13.490000,-0.427288,-0.605771,-1.238518,-0.492560
13.500000,-0.432502,-0.415279,-1.430031,-0.497254
13.510000,-0.437693,-0.549164,-1.148482,-0.501717
13.520000,-0.442750,-0.520316,-1.605593,-0.506068
13.530000,-0.448029,-0.462165,-1.017579,-0.510264
13.540000,-0.452517,-0.549451,-1.485918,-0.514678
13.550000,-0.457215,-0.455426,-1.424761,-0.519732
13.560000,-0.462539,-0.513710,-1.130404,-0.524423
13.570000,-0.466649,-0.407329,-0.939866,-0.528736
13.580000,-0.471927,-0.501672,-1.052843,-0.533261
13.590000,-0.476110,-0.520917,-1.425960,-0.537787
13.600000,-0.481055,-0.421867,-1.272442,-0.541566
13.610000,-0.485089,-0.426094,-1.270454,-0.545864
13.620000,-0.489908,-0.457243,-1.431353,-0.550145
13.630000,-0.494163,-0.526677,-0.947546,-0.554231
13.640000,-0.499139,-0.357065,-1.454493,-0.558599
13.650000,-0.503010,-0.453538,-1.312008,-0.562952
13.660000,-0.507291,-0.396711,-1.280797,-0.567241
13.670000,-0.511789,-0.463654,-1.255155,-0.571726
13.680000,-0.516044,-0.360481,-1.707546,-0.576038
13.690000,-0.520082,-0.455488,-1.342265,-0.580239
13.700000,-0.524646,-0.417897,-1.086588,-0.583636
13.710000,-0.529539,-0.463145,-1.200000,-0.587719
13.720000,-0.532947,-0.368546,-1.683417,-0.591785
13.730000,-0.537171,-0.428833,-1.213126,-0.596029
13.740000,-0.541382,-0.420728,-1.281298,-0.600226
13.750000,-0.545694,-0.452747,-1.322518,-0.604439
13.760000,-0.549502,-0.347253,-1.512187,-0.608326
13.770000,-0.554071,-0.443448,-1.140238,-0.612186
13.780000,-0.558308,-0.418889,-1.301730,-0.616048
13.790000,-0.562113,-0.452944,-1.443406,-0.619808
13.800000,-0.566018,-0.350287,-1.210620,-0.623603
13.810000,-0.569847,-0.422817,-1.292543,-0.627322
13.820000,-0.574136,-0.384442,-1.048580,-0.630794
13.830000,-0.578545,-0.426374,-1.298522,-0.634390
13.840000,-0.582060,-0.329670,-0.876869,-0.638356
13.850000,-0.585842,-0.365832,-1.201232,-0.642387
13.860000,-0.589774,-0.416432,-0.982601,-0.646728
13.870000,-0.593448,-0.403074,-1.733469,-0.650664
13.880000,-0.597971,-0.386468,-1.474508,-0.653040
13.890000,-0.601419,-0.348845,-1.366033,-0.655622
13.900000,-0.605063,-0.443956,-1.055605,-0.658511
13.910000,-0.609036,-0.350106,-1.281513,-0.660998
13.920000,-0.612267,-0.380149,-1.338957,-0.663794
13.930000,-0.615568,-0.295817,-2.191085,-0.667280
13.940000,-0.618996,-0.309678,-0.979151,-0.671035
13.950000,-0.621941,-0.334709,-1.911633,-0.674593
13.960000,-0.625468,-0.389849,-1.362406,-0.678347
13.970000,-0.628936,-0.363989,-1.329003,-0.681966
13.980000,-0.632007,-0.305439,-1.821640,-0.685579
13.990000,-0.635615,-0.349877,-0.990591,-0.688793
14.000000,-0.638662,-0.321462,-1.777080,-0.692217
14.010000,-0.642675,-0.426374,-0.705088,-0.695549
14.020000,-0.646029,-0.364749,-1.076923,-0.698577
14.030000,-0.649327,-0.317477,-1.686365,-0.701994
14.040000,-0.652518,-0.329577,-1.200000,-0.705279
14.050000,-0.655939,-0.338462,-1.262783,-0.708415
14.060000,-0.659881,-0.402753,-1.484698,-0.711422
14.070000,-0.663146,-0.280362,-1.208023,-0.714259
14.080000,-0.665881,-0.294855,-1.229379,-0.717302
14.090000,-0.668917,-0.306219,-1.480420,-0.720150
14.100000,-0.671988,-0.312527,-1.073848,-0.723066
14.110000,-0.675870,-0.408791,-1.185534,-0.725485
14.120000,-0.679222,-0.311884,-1.437597,-0.728184
14.130000,-0.681888,-0.261161,-1.499130,-0.730897
14.140000,-0.684799,-0.337998,-0.762762,-0.733552
14.150000,-0.687610,-0.281229,-1.075665,-0.735217
14.160000,-0.690484,-0.303892,-1.007055,-0.736665
14.170000,-0.694069,-0.339050,-0.785709,-0.738500
14.180000,-0.696742,-0.207125,-1.569231,-0.740246
14.190000,-0.698525,-0.194411,-1.199529,-0.742083
14.200000,-0.700865,-0.237334,-1.383410,-0.743575
14.210000,-0.703197,-0.222960,-1.191487,-0.744934
14.220000,-0.705398,-0.200571,-1.168022,-0.746703
14.230000,-0.707399,-0.205507,-1.396025,-0.748173
14.240000,-0.709735,-0.294505,-1.145879,-0.749788
14.250000,-0.712132,-0.241758,-1.103655,-0.751362
14.260000,-0.713847,-0.182174,-1.613670,-0.752885
14.270000,-0.715457,-0.130585,-1.091055,-0.754418
14.280000,-0.716983,-0.145055,-0.840750,-0.755949
14.290000,-0.718128,-0.158448,-1.408168,-0.757463
14.300000,-0.719632,-0.162131,-1.381070,-0.759193
14.310000,-0.721524,-0.171429,-0.979758,-0.760768
14.320000,-0.723135,-0.180779,-1.577060,-0.762331
14.330000,-0.725376,-0.230849,-1.298371,-0.763810
14.340000,-0.727409,-0.224176,-1.241203,-0.765294
14.350000,-0.729460,-0.182803,-0.982710,-0.766756
14.360000,-0.730979,-0.156597,-0.765462,-0.768078
14.370000,-0.732094,-0.127473,-1.152298,-0.769340
14.380000,-0.733387,-0.129936,-1.721704,-0.770592
14.390000,-0.734476,-0.109890,-0.918815,-0.771800
14.400000,-0.735676,-0.109890,-1.445515,-0.772826
14.410000,-0.736820,-0.140156,-1.152566,-0.773942
14.420000,-0.738468,-0.159474,-1.391969,-0.775127
14.430000,-0.740148,-0.169001,-1.569231,-0.776174
14.440000,-0.741901,-0.186210,-1.300751,-0.777095
14.450000,-0.744068,-0.180717,-1.310691,-0.778070
14.460000,-0.745381,-0.154863,-1.288748,-0.778914
14.470000,-0.746738,-0.127473,-1.277473,-0.779715
14.480000,-0.747883,-0.098190,-1.520677,-0.780419
14.490000,-0.748646,-0.074725,-1.364234,-0.781057
14.500000,-0.749027,-0.052341,-1.457003,-0.781728
14.510000,-0.749605,-0.052868,-1.347941,-0.782313
14.520000,-0.750360,-0.074857,-1.777711,-0.782841
14.530000,-0.750935,-0.075759,-1.719459,-0.783326
14.540000,-0.751698,-0.092308,-1.144573,-0.783756
14.550000,-0.752461,-0.065934,-1.582034,-0.784147
14.560000,-0.753223,-0.074725,-1.472919,-0.784462
14.570000,-0.753986,-0.066184,-1.200000,-0.784744
14.580000,-0.754749,-0.083516,-1.316111,-0.784982
14.590000,-0.755780,-0.110816,-1.211871,-0.785161
14.600000,-0.756576,-0.090443,-0.759898,-0.785292
14.610000,-0.757420,-0.101099,-1.142674,-0.785368
14.620000,-0.758513,-0.116324,-1.618039,-0.785397
14.630000,-0.759327,-0.110245,-1.475428,-0.785382
14.640000,-0.760472,-0.077776,-1.149138,-0.785317
14.650000,-0.761234,-0.054586,-1.110506,-0.785206
14.660000,-0.761616,-0.047424,-1.123929,-0.785047
14.670000,-0.761997,0.000095,-1.477586,-0.784836
14.680000,-0.761997,0.001927,-1.165438,-0.784535
14.690000,-0.761997,-0.004504,-0.896879,-0.784230
14.700000,-0.761997,-0.004396,-1.215379,-0.783879
14.710000,-0.761997,0.004396,-1.138462,-0.783423
14.720000,-0.761997,-0.000639,-1.261538,-0.782916
14.730000,-0.761997,-0.004396,-1.002779,-0.782407
14.740000,-0.761997,-0.004396,-1.196745,-0.781780
14.750000,-0.761997,0.000306,-1.185688,-0.781131
14.760000,-0.761997,-0.004396,-1.114282,-0.780431
14.770000,-0.761997,-0.004396,-1.072042,-0.779689
14.780000,-0.761997,-0.011849,-0.745152,-0.778946
14.790000,-0.761997,-0.005577,-0.650770,-0.778116
14.800000,-0.761997,-0.004311,-0.646154,-0.777100
14.810000,-0.761997,0.004396,-0.965523,-0.776151
14.820000,-0.761997,0.004396,-0.915197,-0.775225
14.830000,-0.761997,-0.000530,-0.656196,-0.774051
14.840000,-0.761997,-0.002688,-0.447812,-0.773001
14.850000,-0.761997,-0.004396,-0.627951,-0.771876
14.860000,-0.761990,-0.004222,-0.460320,-0.770707
14.870000,-0.761720,0.002006,-0.438827,-0.769518
14.880000,-0.761616,0.004396,-0.653713,-0.768140
14.890000,-0.761616,-0.004396,-0.444503,-0.766761
14.900000,-0.761616,-0.004396,-0.196862,-0.765395
14.910000,-0.761616,-0.002497,-0.118893,-0.763795
14.920000,-0.761616,-0.005112,0.020733,-0.762219
14.930000,-0.761616,0.006270,-0.026687,-0.760743
14.940000,-0.761616,0.004396,0.039213,-0.759230
14.950000,-0.761616,0.000406,0.070068,-0.757586
14.960000,-0.761616,0.001824,0.102762,-0.756103
14.970000,-0.761616,-0.005727,0.191765,-0.754682
14.980000,-0.761616,-0.001477,0.400238,-0.752985
14.990000,-0.761616,-0.004396,0.348189,-0.751162
15.000000,-0.761616,0.003349,0.678388,-0.749347
15.010000,-0.761616,-0.009445,0.545331,-0.747390
15.020000,-0.761616,-0.004396,0.741691,-0.745393
15.030000,-0.761234,-0.004396,0.765964,-0.743281
15.040000,-0.761234,0.004396,0.905261,-0.741247
15.050000,-0.761234,0.004396,0.830769,-0.739081
15.060000,-0.761234,0.021433,1.138462,-0.736706
15.070000,-0.760853,0.037923,1.338761,-0.734570
15.080000,-0.760090,0.074725,1.273868,-0.732275
15.090000,-0.759513,0.035051,1.173227,-0.729697
15.100000,-0.759204,0.059987,0.928483,-0.726993
15.110000,-0.758359,0.087578,1.228062,-0.724472
15.120000,-0.757326,0.109890,0.830769,-0.722111
15.130000,-0.756275,0.098237,1.361708,-0.719399
15.140000,-0.755131,0.107541,1.585676,-0.716517
15.150000,-0.753795,0.140671,1.538546,-0.713823
15.160000,-0.752167,0.156581,0.972990,-0.711018
15.170000,-0.750553,0.162742,0.748228,-0.708488
15.180000,-0.748664,0.180220,1.176406,-0.705642
15.190000,-0.746549,0.239542,1.108457,-0.702688
15.200000,-0.744068,0.259341,1.035988,-0.699853
15.210000,-0.741296,0.250549,0.826740,-0.696636
15.220000,-0.739109,0.209849,1.343555,-0.693612
15.230000,-0.736820,0.229015,1.683086,-0.690703
15.240000,-0.734693,0.236692,1.166630,-0.687418
15.250000,-0.732275,0.235248,0.985775,-0.684127
15.260000,-0.729722,0.278492,1.400020,-0.681126
15.270000,-0.726443,0.356044,0.965532,-0.678136
15.280000,-0.723111,0.251373,1.073080,-0.675014
15.290000,-0.720687,0.270133,1.311367,-0.671898
15.300000,-0.718022,0.285714,1.032445,-0.668207
15.310000,-0.715316,0.256075,1.990332,-0.664303
15.320000,-0.712000,0.364275,1.203921,-0.660934
15.330000,-0.708477,0.337555,0.861223,-0.657897
15.340000,-0.705543,0.276736,0.774455,-0.653966
15.350000,-0.702869,0.313340,1.191232,-0.650473
15.360000,-0.699481,0.298700,1.564709,-0.646843
15.370000,-0.696046,0.329163,1.231989,-0.643146
15.380000,-0.692124,0.452019,0.815845,-0.639354
15.390000,-0.688830,0.317390,1.101828,-0.635154
15.400000,-0.685130,0.341100,1.009082,-0.631484
15.410000,-0.681777,0.298193,1.120599,-0.627844
15.420000,-0.678570,0.382418,1.211374,-0.624349
15.430000,-0.673802,0.379555,1.150486,-0.620802
15.440000,-0.670423,0.338002,1.368528,-0.616897
15.450000,-0.666789,0.391209,1.517391,-0.613027
15.460000,-0.663836,0.341271,0.682936,-0.608783
15.470000,-0.659547,0.472744,1.199042,-0.604223
15.480000,-0.655763,0.377861,0.491179,-0.600351
15.490000,-0.651775,0.381331,1.101986,-0.596190
15.500000,-0.648620,0.315757,1.045339,-0.592163
15.510000,-0.644147,0.451578,1.105645,-0.588441
15.520000,-0.640235,0.386272,0.911407,-0.585072
15.530000,-0.636298,0.353747,1.076923,-0.581790
15.540000,-0.632477,0.338462,0.971486,-0.578163
15.550000,-0.628926,0.388301,1.100829,-0.575357
15.560000,-0.624659,0.411665,1.259158,-0.571642
15.570000,-0.620887,0.373626,1.138462,-0.567771
15.580000,-0.617526,0.347253,1.446154,-0.564208
15.590000,-0.613808,0.356044,1.185758,-0.560798
15.600000,-0.609999,0.390789,0.775502,-0.557084
15.610000,-0.605886,0.405429,0.844891,-0.553336
15.620000,-0.602430,0.306423,0.624270,-0.549837
15.630000,-0.598994,0.314693,0.058202,-0.546252
15.640000,-0.595342,0.432464,0.557800,-0.542264
15.650000,-0.591287,0.375831,1.107852,-0.538504
15.660000,-0.587425,0.386243,0.880721,-0.534918
15.670000,-0.584230,0.276928,1.630748,-0.530018
15.680000,-0.580415,0.417582,0.946260,-0.524996
15.690000,-0.576023,0.398354,2.396835,-0.519729
15.700000,-0.572105,0.440144,1.085817,-0.514790
15.710000,-0.567826,0.406140,1.009514,-0.509745
15.720000,-0.564460,0.407243,1.866083,-0.505033
15.730000,-0.559144,0.444711,1.426017,-0.500012
15.740000,-0.554761,0.442870,1.338487,-0.494796
15.750000,-0.550450,0.393800,0.889825,-0.489392
15.760000,-0.546322,0.486175,0.957427,-0.484192
15.770000,-0.540991,0.473034,0.182279,-0.479512
15.780000,-0.536172,0.470614,0.830769,-0.474521
15.790000,-0.531615,0.393944,1.502500,-0.468928
15.800000,-0.526936,0.578333,0.830769,-0.463033
15.810000,-0.521508,0.526985,1.175689,-0.457454
15.820000,-0.516593,0.486034,1.215908,-0.452123
15.830000,-0.511368,0.551686,1.130639,-0.446376
15.840000,-0.505894,0.518467,0.996869,-0.440976
15.850000,-0.500795,0.488279,1.053612,-0.434928
15.860000,-0.495771,0.571323,1.062919,-0.429469
15.870000,-0.490045,0.512448,0.768299,-0.423690
15.880000,-0.484344,0.535602,0.510314,-0.418138
15.890000,-0.479534,0.539787,1.174163,-0.412691
15.900000,-0.473680,0.492436,1.051588,-0.406581
15.910000,-0.467867,0.583707,1.011143,-0.400663
15.920000,-0.462900,0.576778,1.316398,-0.394331
15.930000,-0.456643,0.524292,0.503564,-0.388499
15.940000,-0.450944,0.544128,0.895680,-0.381907
15.950000,-0.446182,0.595772,1.311832,-0.376448
15.960000,-0.439829,0.548083,1.112529,-0.370807
15.970000,-0.433928,0.558242,0.970744,-0.365164
15.980000,-0.428624,0.624588,1.076923,-0.359643
15.990000,-0.422766,0.603573,0.471168,-0.354223
16.000000,-0.416644,0.494638,0.883222,-0.348139
16.010000,-0.411147,0.644510,0.569102,-0.341694
16.020000,-0.404666,0.590833,0.939337,-0.335482
16.030000,-0.399287,0.475568,1.139746,-0.329402
16.040000,-0.393066,0.658660,0.747911,-0.324741
16.050000,-0.387744,0.612938,0.527198,-0.319538
16.060000,-0.381963,0.462525,1.022404,-0.313693
16.070000,-0.375867,0.621549,0.572233,-0.306108
16.080000,-0.370096,0.578764,0.954036,-0.298199
16.090000,-0.364259,0.555001,1.387721,-0.290150
16.100000,-0.357954,0.592886,1.585250,-0.282079
16.110000,-0.351784,0.675473,1.097541,-0.273830
16.120000,-0.345880,0.665615,1.286435,-0.265901
16.130000,-0.337837,0.670662,1.117486,-0.257625
16.140000,-0.331385,0.580558,1.469824,-0.249542
16.150000,-0.323795,0.689599,0.479842,-0.241573
16.160000,-0.317481,0.730385,0.882297,-0.233795
16.170000,-0.310141,0.892367,0.964446,-0.226745
16.180000,-0.302350,0.771836,1.258340,-0.220149
16.190000,-0.295301,0.728728,1.286343,-0.213064
16.200000,-0.288204,0.742840,0.892349,-0.205894
16.210000,-0.281140,0.641593,1.353460,-0.199015
16.220000,-0.273118,0.778882,0.843251,-0.192290
16.230000,-0.266461,0.622722,0.994793,-0.185400
16.240000,-0.259260,0.722034,0.968968,-0.177829
16.250000,-0.251969,0.596660,0.768552,-0.171180
16.260000,-0.245203,0.710122,1.015385,-0.164266
16.270000,-0.237699,0.783517,0.830128,-0.157746
16.280000,-0.231681,0.673658,0.552097,-0.150386
16.290000,-0.223948,0.693016,0.762278,-0.143490
16.300000,-0.217554,0.610438,0.949989,-0.136699
16.310000,-0.210457,0.737429,1.676822,-0.130129
16.320000,-0.203330,0.667132,1.260425,-0.123289
16.330000,-0.197111,0.682793,1.507692,-0.116051
16.340000,-0.189657,0.670321,0.856191,-0.109756
16.350000,-0.182900,0.544848,1.018286,-0.102200
16.360000,-0.175788,0.783492,0.291281,-0.095224
16.370000,-0.168659,0.749329,0.052855,-0.088176
16.380000,-0.162698,0.731155,1.610813,-0.080569
16.390000,-0.154472,0.732871,0.953100,-0.074057
16.400000,-0.148564,0.604078,1.261538,-0.067216
16.410000,-0.141160,0.650869,1.066254,-0.060703
16.420000,-0.134298,0.610571,0.521615,-0.053867
16.430000,-0.127720,0.723905,0.835169,-0.047440
16.440000,-0.120836,0.720281,0.969797,-0.040524
16.450000,-0.113870,0.673623,1.384615,-0.033524
16.460000,-0.106821,0.676395,1.010458,-0.026594
16.470000,-0.099988,0.582425,1.125231,-0.020000
16.480000,-0.092890,0.760464,0.830683,-0.012796
16.490000,-0.086647,0.731651,1.006142,-0.005542
16.500000,-0.080036,0.747939,1.320581,-0.001636
16.510000,-0.072570,0.684229,1.007193,0.003901
16.520000,-0.066481,0.543951,1.105610,0.009611
16.530000,-0.059508,0.689950,0.770349,0.015071
16.540000,-0.053617,0.646600,0.466743,0.020293
16.550000,-0.047466,0.613556,1.332061,0.025913
16.560000,-0.040845,0.613083,0.493767,0.031142
16.570000,-0.035474,0.583361,1.153121,0.037012
16.580000,-0.029467,0.631228,1.138462,0.042006
16.590000,-0.023407,0.593407,1.131953,0.046845
16.600000,-0.017194,0.469153,1.251749,0.052794
16.610000,-0.011551,0.680277,1.315788,0.059615
16.620000,-0.006321,0.568417,1.257178,0.065984
16.630000,-0.000420,0.472079,0.867700,0.073054
16.640000,0.005207,0.677103,1.158698,0.080578
16.650000,0.010981,0.600946,1.419869,0.087669
16.660000,0.017442,0.525042,0.899531,0.094437
16.670000,0.024172,0.701557,0.729166,0.101469
16.680000,0.030106,0.692377,1.225802,0.108156
16.690000,0.036187,0.599746,1.714495,0.115431
16.700000,0.043082,0.643472,0.782616,0.121873
16.710000,0.049559,0.576820,1.663280,0.128720
16.720000,0.055753,0.784162,1.492066,0.135122
16.730000,0.062713,0.657297,0.992564,0.141838
16.740000,0.068544,0.645757,1.281147,0.148510
16.750000,0.076175,0.727519,0.971032,0.154505
16.760000,0.082116,0.587342,1.170376,0.160594
16.770000,0.088342,0.669200,1.171723,0.166950
16.780000,0.095298,0.615376,0.919285,0.174024
16.790000,0.101282,0.707692,1.144698,0.180431
16.800000,0.108514,0.685551,0.991290,0.187361
16.810000,0.114698,0.600101,1.083213,0.193448
16.820000,0.121252,0.708858,0.835957,0.199639
16.830000,0.128050,0.677564,1.240513,0.205830
16.840000,0.134089,0.643962,1.656396,0.212311
16.850000,0.140928,0.642685,1.069106,0.218893
16.860000,0.147490,0.559949,1.154399,0.225655
16.870000,0.154296,0.690028,0.834769,0.233033
16.880000,0.160527,0.700873,0.897338,0.239050
16.890000,0.166707,0.527512,1.538188,0.245516
16.900000,0.173660,0.665701,1.572668,0.251899
16.910000,0.180006,0.737686,1.076923,0.257524
16.920000,0.186075,0.663530,1.059856,0.262505
16.930000,0.193173,0.662719,0.954765,0.267253
16.940000,0.199041,0.500808,1.040012,0.272167
16.950000,0.205504,0.723347,0.917071,0.277745
16.960000,0.211092,0.625563,1.207254,0.282718
16.970000,0.216714,0.541443,0.972531,0.287636
16.980000,0.223351,0.551796,0.461538,0.292668
16.990000,0.229262,0.595553,1.033264,0.299388
17.000000,0.233909,0.517359,1.836894,0.307042
17.010000,0.240973,0.530223,0.876826,0.314757
17.020000,0.246242,0.646154,0.679727,0.322300
17.030000,0.251574,0.626224,1.567737,0.329837
17.040000,0.258195,0.593387,1.076992,0.337289
17.050000,0.265140,0.570224,1.764579,0.344527
17.060000,0.271422,0.795381,0.216012,0.352043
17.070000,0.278226,0.705377,1.167585,0.359449
17.080000,0.285620,0.758457,1.336952,0.367089
17.090000,0.291932,0.701624,0.991695,0.374273
17.100000,0.299546,0.619780,0.942993,0.381444
17.110000,0.306052,0.768284,0.609260,0.388386
17.120000,0.313420,0.680441,1.018455,0.395424
17.130000,0.320228,0.785619,0.992142,0.402635
17.140000,0.327618,0.713239,1.128689,0.407734
17.150000,0.334615,0.624081,1.240584,0.412667
17.160000,0.341300,0.628571,1.304279,0.416594
17.170000,0.348002,0.612035,0.623199,0.421168
17.180000,0.353920,0.710029,1.219728,0.426214
17.190000,0.360112,0.563511,1.064696,0.430065
17.200000,0.365949,0.470319,1.507843,0.434662
17.210000,0.371816,0.683352,0.331346,0.440352
17.220000,0.377470,0.514066,0.953846,0.446123
17.230000,0.382735,0.452747,1.132388,0.452018
17.240000,0.388034,0.636000,1.261378,0.458244
17.250000,0.394255,0.523077,1.224748,0.464261
17.260000,0.399331,0.478751,1.341863,0.469716
17.270000,0.405366,0.610989,1.276960,0.474857
17.280000,0.410930,0.534405,1.156221,0.480502
17.290000,0.415965,0.481579,1.668745,0.485919
17.300000,0.421721,0.569878,1.048044,0.491406
17.310000,0.427733,0.516408,1.107340,0.497167
17.320000,0.432287,0.497505,1.089954,0.502770
17.330000,0.438177,0.570638,1.146873,0.508328
17.340000,0.444095,0.567701,1.138462,0.513629
17.350000,0.448989,0.504453,1.209723,0.518863
17.360000,0.455171,0.574443,1.096253,0.523392
17.370000,0.460559,0.562782,0.815891,0.529230
17.380000,0.465591,0.460816,1.605486,0.534306
17.390000,0.471695,0.524784,1.842861,0.538659
17.400000,0.477094,0.562315,1.119589,0.544291
17.410000,0.481638,0.449213,1.269578,0.549313
17.420000,0.487495,0.555954,1.094767,0.554496
17.430000,0.493135,0.563451,0.732193,0.559194
17.440000,0.497689,0.436424,1.243876,0.563577
17.450000,0.502674,0.547746,1.052587,0.568330
17.460000,0.508065,0.537646,0.894050,0.573104
17.470000,0.512771,0.447861,1.222039,0.578108
17.480000,0.517804,0.505896,1.095709,0.582378
17.490000,0.523295,0.452178,0.724073,0.587064
17.500000,0.528355,0.541180,1.127630,0.592400
17.510000,0.532564,0.398361,1.315359,0.598165
17.520000,0.537982,0.556189,0.887150,0.603872
17.530000,0.542812,0.514286,1.182386,0.609869
17.540000,0.547476,0.447317,0.947068,0.615505
17.550000,0.552453,0.573188,1.086151,0.621239
17.560000,0.557760,0.509173,1.152278,0.626724
17.570000,0.563630,0.486727,0.822470,0.630352
17.580000,0.567778,0.536397,0.903327,0.633908
17.590000,0.573323,0.460849,1.102128,0.637041
17.600000,0.579150,0.490683,0.830769,0.639587
17.610000,0.582991,0.438521,1.484864,0.643474
17.620000,0.587891,0.528454,0.719196,0.647310
17.630000,0.592524,0.435070,1.123242,0.651435
17.640000,0.597255,0.378594,0.849524,0.655159
17.650000,0.600804,0.431882,1.160336,0.658356
17.660000,0.605595,0.435057,0.802077,0.662197
17.670000,0.609462,0.421295,1.401716,0.666834
17.680000,0.613652,0.371394,1.260573,0.671591
17.690000,0.617223,0.421332,1.262830,0.676481
17.700000,0.621568,0.442895,1.480092,0.681288
17.710000,0.625887,0.477359,1.003171,0.685958
17.720000,0.630194,0.373797,1.196421,0.690512
17.730000,0.633696,0.452947,1.159130,0.694731
17.740000,0.639088,0.415740,0.759267,0.697934
17.750000,0.642959,0.453578,1.144275,0.701844
17.760000,0.647572,0.355260,1.234883,0.705680
17.770000,0.651371,0.435278,1.015385,0.709390
17.780000,0.656255,0.396284,0.847482,0.713171
17.790000,0.659940,0.401192,1.068581,0.716793
17.800000,0.664204,0.344726,1.072680,0.720189
17.810000,0.667705,0.447935,0.931829,0.723547
17.820000,0.672407,0.379824,0.516013,0.727003
17.830000,0.676012,0.384204,1.114108,0.730187
17.840000,0.679641,0.354107,1.590093,0.733310
17.850000,0.683030,0.355988,1.197262,0.736495
17.860000,0.687228,0.389014,0.953846,0.739405
17.870000,0.690661,0.320879,1.048041,0.742099
17.880000,0.693787,0.333049,1.152700,0.744579
17.890000,0.697364,0.261919,1.120411,0.747227
17.900000,0.699817,0.294505,1.167007,0.749768
17.910000,0.704013,0.386001,1.185419,0.752198
17.920000,0.707065,0.268132,1.174989,0.753929
17.930000,0.709436,0.242704,1.022002,0.755416
17.940000,0.711986,0.271647,1.009215,0.756903
17.950000,0.715037,0.221452,1.499309,0.758414
17.960000,0.717431,0.268132,0.935054,0.760256
17.970000,0.720116,0.297971,0.916568,0.762077
17.980000,0.722684,0.198303,1.564769,0.763680
17.990000,0.724279,0.169223,1.007665,0.765430
18.000000,0.726049,0.178162,1.025854,0.767105
18.010000,0.728028,0.206176,0.854167,0.768600
18.020000,0.730071,0.197802,0.929562,0.770071
18.030000,0.732242,0.206593,1.027632,0.771407
18.040000,0.734152,0.224068,1.320804,0.772811
18.050000,0.736358,0.201493,1.151380,0.773970
18.060000,0.737993,0.160695,1.172812,0.775168
18.070000,0.739490,0.117203,1.568662,0.776266
18.080000,0.740635,0.127473,1.167310,0.777323
18.090000,0.742047,0.107266,1.324037,0.778331
18.100000,0.743067,0.112077,1.261538,0.779180
18.110000,0.744068,0.113351,1.125382,0.779940
18.120000,0.745212,0.117944,0.902209,0.780760
18.130000,0.746572,0.131313,1.072689,0.781536
18.140000,0.747883,0.136264,1.121094,0.782170
18.150000,0.749409,0.162637,0.818699,0.782715
18.160000,0.751219,0.147296,1.029869,0.783251
18.170000,0.752638,0.107075,1.138462,0.783712
18.180000,0.753223,0.039269,1.688910,0.784104
18.190000,0.753605,0.046467,0.835195,0.784484
18.200000,0.753986,0.030769,1.196145,0.784794
18.210000,0.753986,-0.004396,1.444904,0.785032
18.220000,0.753986,-0.003225,1.138462,0.785192
18.230000,0.753986,0.001434,1.570539,0.785289
18.240000,0.753986,-0.006387,1.078854,0.785365
18.250000,0.753986,-0.006595,1.353872,0.785398
18.260000,0.753986,-0.004396,1.311850,0.785383
18.270000,0.753986,-0.004396,1.799058,0.785296
18.280000,0.753986,0.004396,1.255302,0.785138
18.290000,0.753986,-0.009115,1.010856,0.784915
18.300000,0.753986,-0.001078,1.446154,0.784593
18.310000,0.753986,0.002142,1.335737,0.784181
18.320000,0.753986,-0.008138,1.485169,0.783700
18.330000,0.753986,-0.000032,1.295660,0.783132
18.340000,0.753986,0.002428,1.438821,0.782500
18.350000,0.753986,-0.011324,1.073278,0.781763
18.360000,0.753986,-0.005827,0.990341,0.780976
18.370000,0.753986,-0.013187,1.438566,0.780054
18.380000,0.753986,0.004396,1.332298,0.779108
18.390000,0.753986,-0.013187,1.253372,0.778108
18.400000,0.753986,-0.009016,1.109263,0.776937
18.410000,0.753986,-0.004396,0.953846,0.775698
18.420000,0.753986,0.001039,1.211172,0.774360
18.430000,0.753986,-0.007242,1.078685,0.772946
18.440000,0.753986,-0.006661,0.636003,0.771446
18.450000,0.753986,0.002801,0.463445,0.769956
18.460000,0.753986,-0.004396,0.960456,0.768455
18.470000,0.753986,-0.004396,1.099369,0.766716
18.480000,0.753986,0.001555,0.501301,0.765041
18.490000,0.753986,-0.001173,-0.108732,0.763345
18.500000,0.753986,-0.012278,0.397772,0.761309
18.510000,0.753986,-0.008539,0.466493,0.759310
18.520000,0.753986,-0.009774,0.276923,0.757221
18.530000,0.753986,0.002955,-0.331739,0.754870
18.540000,0.753986,-0.004843,-0.058954,0.752576
18.550000,0.753986,-0.013187,-0.215385,0.750142
18.560000,0.753605,-0.014473,0.135839,0.747704
18.570000,0.753605,-0.004396,-0.699965,0.745138
18.580000,0.753605,-0.013187,-0.733187,0.742540
18.590000,0.753605,-0.012308,-0.756921,0.739849
18.600000,0.753543,-0.014609,-0.828980,0.737038
18.610000,0.753077,-0.051731,-0.892308,0.734078
18.620000,0.752317,-0.092308,-0.892308,0.731131
18.630000,0.751518,-0.069544,-0.935908,0.728059
18.640000,0.750553,-0.094406,-0.939157,0.725051
18.650000,0.749781,-0.082626,-1.075364,0.721960
18.660000,0.749027,-0.048352,-1.489274,0.718793
18.670000,0.748646,-0.065934,-1.323077,0.715608
18.680000,0.747883,-0.060775,-1.369882,0.712139
18.690000,0.747120,-0.102110,-0.828027,0.708879
18.700000,0.746165,-0.149482,-1.819360,0.705107
18.710000,0.744648,-0.188670,-1.207162,0.701465
18.720000,0.742299,-0.235769,-1.239234,0.697820
18.730000,0.740200,-0.275689,-1.138462,0.694150
18.740000,0.736946,-0.323782,-1.559071,0.690400
18.750000,0.734008,-0.300041,-1.245575,0.686279
18.760000,0.731048,-0.275773,-1.245432,0.682240
18.770000,0.727797,-0.350300,-0.850873,0.678605
18.780000,0.724930,-0.309146,-1.504342,0.674389
18.790000,0.721913,-0.383432,-1.448520,0.670350
18.800000,0.717883,-0.347253,-1.244010,0.666272
18.810000,0.714694,-0.304197,-1.316778,0.661715
18.820000,0.710781,-0.413015,-1.054147,0.657415
18.830000,0.707334,-0.372760,-1.174856,0.653220
18.840000,0.702669,-0.500497,-0.892308,0.648991
18.850000,0.699248,-0.347253,-1.442020,0.644335
18.860000,0.695365,-0.423469,-1.343946,0.639464
18.870000,0.691266,-0.376607,-0.955668,0.634614
18.880000,0.687129,-0.460195,-1.665651,0.629774
18.890000,0.682565,-0.401974,-1.110828,0.625099
18.900000,0.678676,-0.468324,-1.011503,0.620697
18.910000,0.673983,-0.459090,-0.916483,0.617528
18.920000,0.669138,-0.517987,-0.863804,0.613747
18.930000,0.665021,-0.385142,-1.618970,0.610157
18.940000,0.661109,-0.443956,-0.937539,0.606610
18.950000,0.656495,-0.411484,-1.036263,0.603545
18.960000,0.652117,-0.437613,-1.059783,0.599663
18.970000,0.648166,-0.345563,-0.862739,0.595819
18.980000,0.644735,-0.390455,-0.758682,0.592126
18.990000,0.640454,-0.392624,-1.128552,0.588124
19.000000,0.636907,-0.432038,-1.210943,0.584316
19.010000,0.632482,-0.356044,-0.798010,0.580313
19.020000,0.629338,-0.348339,-0.960714,0.576015
19.030000,0.625056,-0.452614,-0.890449,0.571887
19.040000,0.621291,-0.429841,-1.224272,0.567874
19.050000,0.617123,-0.433765,-1.166424,0.563551
19.060000,0.613436,-0.362655,-0.903504,0.559212
19.070000,0.609359,-0.431327,-0.980712,0.554937
19.080000,0.605412,-0.417115,-1.522747,0.550514
19.090000,0.600913,-0.447183,-0.982672,0.545589
19.100000,0.597257,-0.380978,-0.899684,0.541614
19.110000,0.592764,-0.458523,-0.790340,0.536988
19.120000,0.588691,-0.427020,-1.095798,0.532218
19.130000,0.583637,-0.422491,-1.247839,0.528177
19.140000,0.579979,-0.428905,-1.366413,0.523453
19.150000,0.575009,-0.465630,-1.118895,0.518106
19.160000,0.571271,-0.470330,-1.507692,0.512455
19.170000,0.566094,-0.461538,-0.626387,0.506784
19.180000,0.562063,-0.497642,-1.057211,0.501932
19.190000,0.557179,-0.487526,-1.020784,0.497493
19.200000,0.552346,-0.535552,-1.174216,0.493234
19.210000,0.547928,-0.404913,-1.131214,0.488471
19.220000,0.543203,-0.505833,-0.949110,0.484007
19.230000,0.538858,-0.477466,-0.823048,0.479855
19.240000,0.533394,-0.419871,-1.457069,0.474835
19.250000,0.529212,-0.507468,-1.626994,0.470047
19.260000,0.524405,-0.428455,-1.308507,0.465172
19.270000,0.519229,-0.540777,-1.261538,0.460000
19.280000,0.514882,-0.406922,-0.931568,0.455688
19.290000,0.510125,-0.502239,-0.853559,0.450476
19.300000,0.505614,-0.463352,-1.074385,0.444209
19.310000,0.500440,-0.532860,-1.075188,0.437038
19.320000,0.495642,-0.475294,-1.274572,0.430193
19.330000,0.490219,-0.542996,-0.629798,0.423275
19.340000,0.484753,-0.573781,-1.181374,0.416614
19.350000,0.479921,-0.524426,-1.094287,0.409574
19.360000,0.473673,-0.621968,-1.446438,0.402211
19.370000,0.467511,-0.598173,-1.138462,0.395484
19.380000,0.461712,-0.635885,-1.251709,0.388588
19.390000,0.454729,-0.627419,-1.311759,0.381242
19.400000,0.448425,-0.586737,-0.726814,0.373773
19.410000,0.442877,-0.745972,-1.076923,0.366522
19.420000,0.435319,-0.646734,-1.178134,0.359212
19.430000,0.429056,-0.654282,-1.589009,0.352032
19.440000,0.422388,-0.735538,-0.551419,0.344415
19.450000,0.415630,-0.620514,-1.502556,0.336945
19.460000,0.407875,-0.747317,-0.744077,0.329248
19.470000,0.401132,-0.676104,-0.913952,0.321388
19.480000,0.394227,-0.737030,-1.051722,0.313523
19.490000,0.386907,-0.815966,-1.271265,0.305938
19.500000,0.379627,-0.787717,-1.102238,0.298179
19.510000,0.372147,-0.862725,-0.173499,0.290964
19.520000,0.365118,-0.625996,-1.558663,0.282904
19.530000,0.357478,-0.719087,-0.906047,0.275615
19.540000,0.349313,-0.636806,-1.007589,0.267489
19.550000,0.341603,-0.734263,-0.650289,0.259494
19.560000,0.334562,-0.795604,-0.908365,0.251885
19.570000,0.327246,-0.797605,-1.029391,0.243757
19.580000,0.319033,-0.812370,-1.076923,0.235530
19.590000,0.311671,-0.782254,-1.262048,0.228191
19.600000,0.304744,-0.848352,-0.932746,0.222641
19.610000,0.296554,-0.770237,-1.011471,0.217232
19.620000,0.288979,-0.733290,-1.202717,0.211110
19.630000,0.281639,-0.581411,-0.798938,0.205582
19.640000,0.275525,-0.780512,-0.523077,0.199427
19.650000,0.267745,-0.701658,-0.937710,0.192809
19.660000,0.261549,-0.714820,-0.857713,0.187761
19.670000,0.254052,-0.730977,-0.834099,0.182230
19.680000,0.248654,-0.530827,-1.151020,0.175933
19.690000,0.241734,-0.648556,-1.065713,0.168435
19.700000,0.235239,-0.688783,-1.029608,0.161602
19.710000,0.229413,-0.658005,-1.018955,0.154195
19.720000,0.222286,-0.634716,-0.975351,0.147832
19.730000,0.216078,-0.541415,-1.294551,0.140361
19.740000,0.209549,-0.714829,-1.102980,0.132922
19.750000,0.202248,-0.701943,-0.951515,0.125467
19.760000,0.196261,-0.666366,-1.752504,0.118417
19.770000,0.189712,-0.661616,-1.071878,0.111220
19.780000,0.182902,-0.574783,-0.566798,0.104370
19.790000,0.176182,-0.679786,-0.892308,0.096589
19.800000,0.168766,-0.739358,-1.144434,0.089234
19.810000,0.162269,-0.759323,-1.194789,0.082833
19.820000,0.154896,-0.731735,-1.038845,0.076340
19.830000,0.148719,-0.586159,-1.123469,0.068694
19.840000,0.141613,-0.696486,-1.062182,0.061686
19.850000,0.134412,-0.673867,-1.055049,0.053991
19.860000,0.127800,-0.714908,-1.207470,0.046680
19.870000,0.119413,-0.729412,-1.230167,0.039004
19.880000,0.113561,-0.707871,-0.869192,0.031630
19.890000,0.106355,-0.722654,-1.252366,0.024091
19.900000,0.099151,-0.638647,-1.085916,0.016489
19.910000,0.091167,-0.759460,-1.374673,0.008306
19.920000,0.084115,-0.707688,-0.892312,0.000957
19.930000,0.077490,-0.789135,-1.355482,-0.006105
19.940000,0.069901,-0.724506,-1.178466,-0.013656
19.950000,0.062389,-0.769314,-1.137879,-0.020794
19.960000,0.055073,-0.813187,0.049235,-0.028114
19.970000,0.047315,-0.765113,-1.165985,-0.035907
19.980000,0.040076,-0.799255,-1.172672,-0.043442
19.990000,0.033221,-0.628571,-1.158197,-0.050322
20.000000,0.025550,-0.698980,-1.107970,-0.057679
20.010000,0.017889,-0.619780,-1.313496,-0.065046
20.020000,0.010766,-0.737959,-1.161318,-0.072216
20.030000,0.003021,-0.751868,-1.131312,-0.080141
20.040000,-0.003478,-0.830884,-1.438562,-0.087381
20.050000,-0.011732,-0.826001,-1.110301,-0.092704
20.060000,-0.018979,-0.734085,-0.961563,-0.098972
20.070000,-0.025794,-0.684735,-0.367158,-0.106535
20.080000,-0.033554,-0.592964,-1.244841,-0.113533
20.090000,-0.040135,-0.710387,-1.260545,-0.120721
20.100000,-0.048456,-0.702679,-1.216105,-0.128400
20.110000,-0.054700,-0.764019,-1.037032,-0.136044
20.120000,-0.061676,-0.837219,-0.892308,-0.143670
20.130000,-0.068798,-0.694177,-0.466138,-0.150703
20.140000,-0.076276,-0.738982,-1.261538,-0.156621
20.150000,-0.083734,-0.579941,-1.084723,-0.164207
20.160000,-0.090853,-0.711693,-0.555762,-0.171279
20.170000,-0.097967,-0.715742,-0.930053,-0.178678
20.180000,-0.104410,-0.778022,-1.081014,-0.186491
20.190000,-0.111993,-0.757230,-1.328931,-0.193064
20.200000,-0.118543,-0.708975,-1.587719,-0.200209
20.210000,-0.126229,-0.699329,-1.298717,-0.206987
20.220000,-0.133186,-0.598593,-1.462532,-0.214508
20.230000,-0.140029,-0.727791,-1.068414,-0.222004
20.240000,-0.147596,-0.679343,-1.139095,-0.229373
20.250000,-0.154387,-0.725954,-1.195243,-0.235502
20.260000,-0.162023,-0.845133,-0.811266,-0.242884
20.270000,-0.168182,-0.726842,-1.691304,-0.250359
20.280000,-0.175793,-0.710252,-0.963778,-0.257160
20.290000,-0.182325,-0.643017,-1.379125,-0.263498
20.300000,-0.189857,-0.698901,-0.660570,-0.269353
20.310000,-0.196101,-0.744797,-1.216755,-0.276444
20.320000,-0.203437,-0.720645,-1.504411,-0.283142
20.330000,-0.210195,-0.682770,-1.241813,-0.290610
20.340000,-0.216847,-0.568520,-1.078080,-0.297569
20.350000,-0.223842,-0.733941,-0.941461,-0.303848
20.360000,-0.230683,-0.723397,-1.244811,-0.311375
20.370000,-0.237454,-0.709154,-1.217102,-0.318089
20.380000,-0.244301,-0.686749,-1.200000,-0.324938
20.390000,-0.251118,-0.610576,-1.277891,-0.331611
20.400000,-0.258048,-0.701483,-1.186854,-0.338890
20.410000,-0.264753,-0.636757,-1.054439,-0.344676
20.420000,-0.270873,-0.659935,-1.091893,-0.350002
20.430000,-0.278661,-0.672723,-1.200152,-0.355377
20.440000,-0.285127,-0.671195,-1.507692,-0.360808
20.450000,-0.291436,-0.645425,-0.966891,-0.365653
20.460000,-0.297872,-0.526079,-1.120457,-0.369866
20.470000,-0.303752,-0.595546,-1.085233,-0.375295
20.480000,-0.309622,-0.672532,-1.305560,-0.381023
20.490000,-0.315921,-0.486402,-1.799529,-0.387647
20.500000,-0.321507,-0.587240,-1.200000,-0.394432
20.510000,-0.327027,-0.692133,-1.346505,-0.401392
20.520000,-0.333266,-0.527414,-1.462155,-0.407358
20.530000,-0.339345,-0.586683,-1.511344,-0.413843
20.540000,-0.345713,-0.657823,-1.151259,-0.420108
20.550000,-0.351349,-0.642454,-1.242752,-0.426121
20.560000,-0.357468,-0.567792,-1.127831,-0.432465
20.570000,-0.364251,-0.546397,-1.306863,-0.438150
20.580000,-0.370304,-0.631840,-1.190335,-0.443733
20.590000,-0.376073,-0.659098,-1.269845,-0.450019
20.600000,-0.382254,-0.548752,-1.346765,-0.456357
20.610000,-0.388318,-0.680207,-1.473033,-0.462668
20.620000,-0.394507,-0.702054,-1.406683,-0.468549
20.630000,-0.400363,-0.556719,-1.410053,-0.474194
20.640000,-0.407010,-0.614333,-1.353404,-0.480088
20.650000,-0.413546,-0.638628,-1.577622,-0.486312
20.660000,-0.419091,-0.654013,-1.332429,-0.492326
20.670000,-0.425489,-0.600051,-1.659740,-0.497916
20.680000,-0.430773,-0.571554,-1.367910,-0.502928
20.690000,-0.437051,-0.628571,-1.350161,-0.508526
20.700000,-0.443231,-0.675641,-1.561352,-0.514140
20.710000,-0.448923,-0.473742,-0.890884,-0.519807
20.720000,-0.454744,-0.596992,-1.226719,-0.525515
20.730000,-0.460533,-0.715192,-1.225821,-0.530329
20.740000,-0.466015,-0.479121,-1.455400,-0.534780
20.750000,-0.472102,-0.606657,-1.209301,-0.538966
20.760000,-0.476896,-0.618163,-1.076923,-0.543763
20.770000,-0.482814,-0.441337,-1.067757,-0.548186
20.780000,-0.487926,-0.561083,-1.269411,-0.552637
20.790000,-0.492237,-0.569213,-0.996872,-0.557134
20.800000,-0.498100,-0.468394,-1.579678,-0.562056
20.810000,-0.502458,-0.526367,-1.109930,-0.566606
20.820000,-0.507644,-0.457777,-1.176529,-0.570777
20.830000,-0.512910,-0.486405,-1.197362,-0.575178
20.840000,-0.517140,-0.470330,-1.662879,-0.579402
20.850000,-0.521616,-0.462328,-1.015385,-0.583462
20.860000,-0.526201,-0.495412,-1.330310,-0.587592
20.870000,-0.531289,-0.399563,-1.588878,-0.591380
20.880000,-0.535191,-0.467482,-1.650701,-0.595924
20.890000,-0.539713,-0.448202,-0.924123,-0.599994
20.900000,-0.543551,-0.470330,-0.755223,-0.603995
20.910000,-0.548753,-0.371082,-1.449356,-0.608671
20.920000,-0.552467,-0.440711,-1.410215,-0.613396
20.930000,-0.556972,-0.442756,-0.984539,-0.617063
20.940000,-0.561712,-0.452985,-1.203334,-0.620761
20.950000,-0.565370,-0.364835,-0.938340,-0.624680
20.960000,-0.569742,-0.417582,-1.232765,-0.628653
20.970000,-0.574311,-0.400000,-1.420409,-0.632926
20.980000,-0.577982,-0.437899,-1.238275,-0.637304
20.990000,-0.582639,-0.350255,-1.136962,-0.641357
21.000000,-0.586586,-0.420699,-1.194546,-0.645016
21.010000,-0.590692,-0.392809,-1.201867,-0.649147
21.020000,-0.595293,-0.461538,-1.200000,-0.652703
21.030000,-0.598673,-0.407045,-0.986042,-0.656034
21.040000,-0.602725,-0.378160,-1.340875,-0.659780
21.050000,-0.606851,-0.430815,-1.267885,-0.663666
21.060000,-0.611039,-0.415133,-1.490547,-0.667185
21.070000,-0.615129,-0.362722,-1.579003,-0.670749
21.080000,-0.618220,-0.338462,-1.423535,-0.674115
21.090000,-0.622111,-0.389566,-1.218596,-0.677238
21.100000,-0.625888,-0.417582,-1.575481,-0.680237
21.110000,-0.629710,-0.357679,-1.491927,-0.683506
21.120000,-0.633134,-0.341929,-1.839658,-0.686660
21.130000,-0.636198,-0.327649,-1.247389,-0.689664
21.140000,-0.639680,-0.338462,-1.345012,-0.693050
21.150000,-0.643740,-0.408791,-1.076923,-0.696152
21.160000,-0.646792,-0.290192,-1.861252,-0.699532
21.170000,-0.649816,-0.327760,-1.292747,-0.703059
21.180000,-0.653342,-0.328167,-1.200000,-0.706487
21.190000,-0.656513,-0.340582,-1.505526,-0.709754
21.200000,-0.660466,-0.379729,-1.133594,-0.713114
21.210000,-0.663566,-0.282360,-1.341214,-0.716573
21.220000,-0.666662,-0.347253,-1.462545,-0.719981
21.230000,-0.670018,-0.317853,-1.588397,-0.723322
21.240000,-0.673104,-0.338345,-1.387057,-0.726250
21.250000,-0.677005,-0.414065,-1.089234,-0.729162
21.260000,-0.680145,-0.273830,-1.244833,-0.731916
21.270000,-0.683331,-0.364835,-1.191553,-0.734846
21.280000,-0.686847,-0.303478,-1.321809,-0.737978
21.290000,-0.689962,-0.312088,-1.087941,-0.740571
21.300000,-0.693105,-0.415802,-0.990460,-0.743449
21.310000,-0.696846,-0.269990,-1.491203,-0.746223
21.320000,-0.698903,-0.259341,-1.765413,-0.749050
21.330000,-0.702118,-0.312374,-0.894312,-0.751788
21.340000,-0.704927,-0.264469,-1.728206,-0.754398
21.350000,-0.707593,-0.304611,-1.124082,-0.757114
21.360000,-0.711476,-0.324725,-0.973078,-0.759521
21.370000,-0.714073,-0.264877,-1.229602,-0.761881
21.380000,-0.716634,-0.260094,-1.476068,-0.764167
21.390000,-0.719272,-0.261241,-1.200000,-0.766178
21.400000,-0.722011,-0.276923,-1.356411,-0.768047
21.410000,-0.724476,-0.285022,-1.621074,-0.769945
21.420000,-0.727448,-0.295711,-1.411164,-0.771761
21.430000,-0.730089,-0.230445,-1.112228,-0.773370
21.440000,-0.732242,-0.206593,-0.959799,-0.774855
21.450000,-0.734150,-0.187853,-1.093136,-0.776223
21.460000,-0.736439,-0.213928,-1.353676,-0.777490
21.470000,-0.738154,-0.197723,-1.324742,-0.778655
21.480000,-0.740333,-0.217230,-1.238755,-0.779787
21.490000,-0.742403,-0.237736,-1.216690,-0.780844
21.500000,-0.744748,-0.197802,-1.269786,-0.781758
21.510000,-0.746357,-0.162637,-1.151940,-0.782554
21.520000,-0.747883,-0.127473,-1.187290,-0.783258
21.530000,-0.749027,-0.106693,-1.613991,-0.783656
21.540000,-0.749932,-0.113166,-0.970685,-0.784050
21.550000,-0.750935,-0.094697,-1.395984,-0.784386
21.560000,-0.752079,-0.083516,-1.067199,-0.784670
21.570000,-0.752842,-0.101099,-1.200000,-0.784886
21.580000,-0.753605,-0.071064,-1.384615,-0.785087
21.590000,-0.754368,-0.094507,-1.200049,-0.785238
21.600000,-0.755160,-0.100431,-0.697548,-0.785336
21.610000,-0.755976,-0.104174,-1.205155,-0.785390
21.620000,-0.756657,-0.092308,-0.297156,-0.785394
21.630000,-0.757801,-0.078864,-1.196404,-0.785355
21.640000,-0.758564,-0.105860,-1.217970,-0.785265
21.650000,-0.759709,-0.117099,-1.286771,-0.785120
21.660000,-0.760472,-0.061301,-1.203324,-0.784885
21.670000,-0.760853,-0.022225,-1.261106,-0.784549
21.680000,-0.761234,-0.039560,-1.173304,-0.784117
21.690000,-0.761616,-0.007586,-1.155085,-0.783601
21.700000,-0.761616,-0.010480,-1.020087,-0.783007
21.710000,-0.761616,-0.005526,-1.192084,-0.782350
21.720000,-0.761616,-0.009209,-1.255690,-0.781584
21.730000,-0.761616,-0.004396,-0.973035,-0.780817
21.740000,-0.761616,-0.013187,-1.053404,-0.779916
21.750000,-0.761616,-0.004396,-1.138462,-0.779021
21.760000,-0.761616,-0.001503,-1.036423,-0.778157
21.770000,-0.761616,0.009450,-0.694614,-0.777360
21.780000,-0.761616,0.004396,-0.920914,-0.776426
21.790000,-0.761616,0.001270,-0.953846,-0.775571
21.800000,-0.761616,-0.002790,-0.579283,-0.774551
21.810000,-0.761616,-0.002116,-0.817112,-0.773538
21.820000,-0.761616,0.000771,-0.450751,-0.772410
21.830000,-0.761616,-0.018605,-0.918433,-0.771293
21.840000,-0.761616,-0.004629,-0.953846,-0.770250
21.850000,-0.761616,0.001864,-0.427059,-0.769041
21.860000,-0.761616,-0.001919,-0.655681,-0.767884
21.870000,-0.761616,-0.004396,-0.337922,-0.766036
21.880000,-0.761616,0.004396,-0.092308,-0.763869
21.890000,-0.761616,0.005625,-0.188266,-0.761514
21.900000,-0.761616,-0.004396,-0.112179,-0.758962
21.910000,-0.761616,0.011053,0.047502,-0.756339
21.920000,-0.761616,0.004396,-0.029573,-0.753519
21.930000,-0.761616,0.012329,0.221389,-0.750552
21.940000,-0.761234,0.006055,0.326848,-0.747325
21.950000,-0.761234,0.002551,0.953846,-0.743987
21.960000,-0.761234,-0.003771,0.940734,-0.741037
21.970000,-0.760853,0.022376,1.253174,-0.738861
21.980000,-0.760801,0.041935,1.170112,-0.736646
21.990000,-0.760090,0.071416,1.022654,-0.734312
22.000000,-0.759709,0.017684,0.729125,-0.731867
22.010000,-0.759709,0.029916,1.668420,-0.729435
22.020000,-0.759327,0.033512,1.611571,-0.726892
22.030000,-0.758564,0.099026,1.225254,-0.724673
22.040000,-0.757727,0.095730,1.683635,-0.722044
22.050000,-0.756275,0.092308,1.176388,-0.719557
22.060000,-0.755512,0.109890,0.723039,-0.717284
22.070000,-0.754116,0.121507,1.179122,-0.714085
22.080000,-0.752842,0.162529,1.136948,-0.710698
22.090000,-0.750935,0.179691,1.067157,-0.707377
22.100000,-0.749362,0.180220,1.492610,-0.703992
22.110000,-0.747155,0.222539,1.373160,-0.700383
22.120000,-0.744535,0.287690,1.370785,-0.696933
22.130000,-0.741405,0.293973,1.328050,-0.693617
22.140000,-0.739109,0.243707,1.275178,-0.689859
22.150000,-0.736615,0.248182,1.273365,-0.686144
22.160000,-0.733784,0.268877,1.358549,-0.682590
22.170000,-0.731098,0.268132,1.578653,-0.678474
22.180000,-0.727873,0.366829,1.177785,-0.674721
22.190000,-0.724231,0.343125,0.681489,-0.670614
22.200000,-0.721135,0.296565,1.496883,-0.666202
22.210000,-0.717640,0.322353,1.207119,-0.661968
22.220000,-0.714457,0.308776,1.562078,-0.657576
22.230000,-0.710358,0.436083,1.083349,-0.653539
22.240000,-0.706302,0.329670,-0.400000,-0.649286
22.250000,-0.703082,0.394179,1.295913,-0.645028
22.260000,-0.699132,0.352647,1.347320,-0.641086
22.270000,-0.695451,0.437124,1.200000,-0.636161
22.280000,-0.690609,0.430309,1.040877,-0.632023
22.290000,-0.687037,0.404382,1.169524,-0.627604
22.300000,-0.682675,0.410474,1.158098,-0.623404
22.310000,-0.678796,0.419401,1.200000,-0.618577
22.320000,-0.673912,0.456802,0.982232,-0.613977
22.330000,-0.670156,0.400000,1.384615,-0.608936
22.340000,-0.665645,0.396093,1.394187,-0.603978
22.350000,-0.661287,0.458615,1.405078,-0.598728
22.360000,-0.656360,0.464709,0.613877,-0.593753
22.370000,-0.652140,0.452400,1.315786,-0.588409
22.380000,-0.647674,0.413449,1.128818,-0.583409
22.390000,-0.642481,0.570563,0.898608,-0.577538
22.400000,-0.637539,0.457215,1.061287,-0.571882
22.410000,-0.632450,0.449365,1.010684,-0.566169
22.420000,-0.628032,0.524638,1.283392,-0.560370
22.430000,-0.622213,0.559522,1.050838,-0.554385
22.440000,-0.616413,0.502706,0.916472,-0.548356
22.450000,-0.611910,0.570901,0.957943,-0.542360
22.460000,-0.606318,0.587595,1.398479,-0.536546
22.470000,-0.600563,0.496703,1.580538,-0.530570
22.480000,-0.595217,0.615685,1.081131,-0.524543
22.490000,-0.588808,0.679359,1.056532,-0.519276
22.500000,-0.583490,0.470068,0.925827,-0.513215
22.510000,-0.577754,0.613133,1.061914,-0.507593
22.520000,-0.572345,0.635537,0.957041,-0.501877
22.530000,-0.566052,0.464593,1.152714,-0.497085
22.540000,-0.560790,0.599937,0.926417,-0.490825
22.550000,-0.555061,0.581215,0.880407,-0.485202
22.560000,-0.549166,0.473245,0.830769,-0.478922
22.570000,-0.543758,0.635005,0.847891,-0.473163
22.580000,-0.537553,0.624369,1.086979,-0.466387
22.590000,-0.532204,0.466382,1.280627,-0.459557
22.600000,-0.525616,0.682159,1.030998,-0.453314
22.610000,-0.520231,0.642040,0.997040,-0.446862
22.620000,-0.513984,0.523077,1.252709,-0.440084
22.630000,-0.507189,0.586446,1.680410,-0.433832
22.640000,-0.501493,0.663736,1.110632,-0.427474
22.650000,-0.495335,0.655449,1.186281,-0.421055
22.660000,-0.488576,0.648380,0.979554,-0.414752
22.670000,-0.482370,0.534504,1.447039,-0.409166
22.680000,-0.475529,0.690569,0.762705,-0.402412
22.690000,-0.469024,0.670231,0.908382,-0.393985
22.700000,-0.463149,0.647920,1.618468,-0.386787
22.710000,-0.456228,0.642962,0.892255,-0.381035
22.720000,-0.449740,0.572479,0.534784,-0.374553
22.730000,-0.444085,0.748339,0.672944,-0.369487
22.740000,-0.436887,0.644016,0.932224,-0.364287
22.750000,-0.431252,0.571756,0.983240,-0.358434
22.760000,-0.424039,0.610989,0.986928,-0.352124
22.770000,-0.417995,0.569470,0.859350,-0.344421
22.780000,-0.412341,0.684686,1.308675,-0.337541
22.790000,-0.405486,0.686227,1.189616,-0.329824
22.800000,-0.398581,0.547410,1.256034,-0.322574
22.810000,-0.392177,0.727526,0.545294,-0.315233
22.820000,-0.385496,0.698217,0.947862,-0.307854
22.830000,-0.379241,0.702882,1.200000,-0.300133
22.840000,-0.370991,0.751427,1.322044,-0.292289
22.850000,-0.365131,0.598364,1.296240,-0.285326
22.860000,-0.357315,0.678306,0.410113,-0.278093
22.870000,-0.350963,0.725451,1.047078,-0.271143
22.880000,-0.344407,0.826100,0.987328,-0.263761
22.890000,-0.336878,0.694238,0.953846,-0.256533
22.900000,-0.330363,0.623786,1.519895,-0.248836
22.910000,-0.322554,0.682440,1.015385,-0.242416
22.920000,-0.315403,0.618469,0.484997,-0.234426
22.930000,-0.307703,0.731648,0.857989,-0.226345
22.940000,-0.300679,0.745964,1.015385,-0.218625
22.950000,-0.293504,0.851460,1.125201,-0.211191
22.960000,-0.286033,0.717183,1.157342,-0.203382
22.970000,-0.279584,0.733131,1.396994,-0.195154
22.980000,-0.271371,0.750763,1.121115,-0.187117
22.990000,-0.264083,0.714028,0.945974,-0.180059
23.000000,-0.257132,0.806774,1.678743,-0.173051
23.010000,-0.249784,0.623510,0.767981,-0.166138
23.020000,-0.241853,0.742857,0.632684,-0.158783
23.030000,-0.234319,0.666879,0.747228,-0.150520
23.040000,-0.227214,0.764608,0.934020,-0.142457
23.050000,-0.219293,0.725275,0.999560,-0.133358
23.060000,-0.212006,0.784597,1.138638,-0.124761
23.070000,-0.204294,0.821655,0.772249,-0.116098
23.080000,-0.196759,0.803399,1.200000,-0.107654
23.090000,-0.189124,0.838850,1.015385,-0.099043
23.100000,-0.181364,0.717122,1.683372,-0.091105
23.110000,-0.173253,0.760440,1.158940,-0.082938
23.120000,-0.164608,0.684794,1.273701,-0.074991
23.130000,-0.156939,0.789483,1.249332,-0.067334
23.140000,-0.148708,0.699164,1.241179,-0.059581
23.150000,-0.140376,0.800464,0.750360,-0.051976
23.160000,-0.132959,0.659359,1.334921,-0.043289
23.170000,-0.124126,0.749776,1.028488,-0.034999
23.180000,-0.116371,0.651035,1.049556,-0.026649
23.190000,-0.108859,0.838955,0.478479,-0.018746
23.200000,-0.100576,0.699340,0.987694,-0.009739
23.210000,-0.092508,0.875398,0.924016,-0.001843
23.220000,-0.084103,0.728093,1.239801,0.005393
23.230000,-0.075927,0.858712,0.898925,0.013627
23.240000,-0.067506,0.691989,0.646154,0.022621
23.250000,-0.059960,0.853450,0.577853,0.030563
23.260000,-0.051635,0.752005,1.086971,0.036274
23.270000,-0.043793,0.870231,0.942092,0.042199
23.280000,-0.035652,0.786634,0.686345,0.048687
23.290000,-0.028541,0.814110,1.034842,0.055019
23.300000,-0.020213,0.746231,0.868690,0.060988
23.310000,-0.013453,0.755984,1.093768,0.066390
23.320000,-0.005804,0.725257,1.261411,0.072398
23.330000,0.000396,0.536608,1.261538,0.078146
23.340000,0.007326,0.741334,0.888568,0.084533
23.350000,0.014315,0.713796,1.045392,0.091140
23.360000,0.020090,0.622613,1.384872,0.097089
23.370000,0.026825,0.599798,1.071353,0.104861
23.380000,0.033048,0.550921,1.444052,0.113614
23.390000,0.039957,0.773736,0.928842,0.122053
23.400000,0.046149,0.709552,0.924656,0.129538
23.410000,0.053038,0.676484,1.526769,0.137258
23.420000,0.060815,0.716658,1.437606,0.145170
23.430000,0.067514,0.640369,1.062118,0.152432
23.440000,0.074783,0.742857,0.460321,0.160037
23.450000,0.082193,0.664756,1.145602,0.167662
23.460000,0.088866,0.717289,1.261652,0.175661
23.470000,0.096790,0.667144,1.053071,0.183428
23.480000,0.103732,0.754694,1.252053,0.191079
23.490000,0.111843,0.789363,1.082013,0.199384
23.500000,0.119078,0.828477,1.403347,0.206348
23.510000,0.126607,0.825339,1.266192,0.214454
23.520000,0.133624,0.691193,1.457674,0.222485
23.530000,0.141974,0.792779,0.932965,0.229989
23.540000,0.149616,0.642043,1.373694,0.238001
23.550000,0.157586,0.765778,0.928441,0.246330
23.560000,0.165799,0.658163,1.492086,0.253766
23.570000,0.172659,0.879486,1.261538,0.261294
23.580000,0.180625,0.863361,0.895193,0.268366
23.590000,0.189027,0.857274,1.379103,0.276618
23.600000,0.196046,0.814672,0.887533,0.284148
23.610000,0.203908,0.843217,1.240518,0.291747
23.620000,0.211796,0.798216,1.138462,0.299344
23.630000,0.218516,0.813609,1.418206,0.306885
23.640000,0.226751,0.751959,0.967599,0.314577
23.650000,0.234428,0.664254,1.523262,0.321418
23.660000,0.241959,0.712481,0.333624,0.329159
23.670000,0.249440,0.598779,1.962396,0.337301
23.680000,0.257674,0.699706,1.322020,0.344333
23.690000,0.264843,0.679461,0.550816,0.351070
23.700000,0.272525,0.807543,0.781819,0.358438
23.710000,0.280385,0.731863,0.507802,0.365818
23.720000,0.287467,0.855579,1.261538,0.373317
23.730000,0.295666,0.778022,0.667934,0.380118
23.740000,0.302646,0.785554,0.889369,0.386938
23.750000,0.311115,0.766170,0.827198,0.393337
23.760000,0.317563,0.689404,1.609611,0.400331
23.770000,0.324663,0.709358,1.340563,0.407508
23.780000,0.331745,0.601393,1.297722,0.413730
23.790000,0.339310,0.812610,1.120293,0.420364
23.800000,0.347110,0.725275,0.794981,0.426989
23.810000,0.353648,0.802386,1.808192,0.433597
23.820000,0.359967,0.689073,0.956266,0.439263
23.830000,0.366574,0.572812,0.917551,0.446018
23.840000,0.374152,0.664564,0.696108,0.452043
23.850000,0.380681,0.704035,1.267479,0.459212
23.860000,0.386687,0.686185,1.151650,0.465438
23.870000,0.393646,0.655013,1.187312,0.472418
23.880000,0.399950,0.596229,1.437347,0.479440
23.890000,0.407585,0.673261,1.015385,0.486241
23.900000,0.413974,0.673613,1.577601,0.492427
23.910000,0.419874,0.685009,1.174168,0.498715
23.920000,0.427676,0.640788,0.905885,0.503973
23.930000,0.433817,0.610685,1.386745,0.510331
23.940000,0.440498,0.683263,0.800291,0.516484
23.950000,0.446559,0.534285,1.186464,0.522895
23.960000,0.453112,0.657416,1.006403,0.528617
23.970000,0.459273,0.691205,0.937683,0.534704
23.980000,0.465350,0.529088,1.012226,0.541086
23.990000,0.472088,0.658348,1.015385,0.546951
24.000000,0.477915,0.603543,0.915532,0.552970
24.010000,0.483742,0.614661,1.653098,0.558953
24.020000,0.490406,0.594705,1.192424,0.564985
24.030000,0.496801,0.561532,1.478904,0.571302
24.040000,0.502379,0.649460,1.288361,0.576662
24.050000,0.508736,0.588631,0.953846,0.582263
24.060000,0.514400,0.498766,1.010572,0.588404
24.070000,0.520390,0.733632,1.236885,0.594164
24.080000,0.527078,0.627775,1.032107,0.599821
24.090000,0.532454,0.492767,1.921469,0.604664
24.100000,0.539007,0.621384,0.674892,0.608941
24.110000,0.544252,0.562361,0.600542,0.613166
24.120000,0.549622,0.510717,1.305956,0.618861
24.130000,0.555353,0.624108,1.058367,0.624836
24.140000,0.560692,0.546822,1.052184,0.629807
24.150000,0.565525,0.478281,1.479862,0.634698
24.160000,0.571510,0.600682,1.278527,0.640417
24.170000,0.577363,0.560835,0.743995,0.646442
24.180000,0.582342,0.454556,1.274201,0.651958
24.190000,0.588085,0.640376,0.626803,0.657487
24.200000,0.593569,0.573711,1.153255,0.663045
24.210000,0.598670,0.448872,1.243452,0.668438
24.220000,0.604414,0.650947,1.166647,0.673713
24.230000,0.610288,0.564314,1.001434,0.678942
24.240000,0.615373,0.440773,1.804773,0.684034
24.250000,0.621836,0.586878,0.308594,0.688886
24.260000,0.626655,0.580870,0.940736,0.693845
24.270000,0.631530,0.457056,1.754821,0.697195
24.280000,0.637026,0.612768,0.855846,0.700613
24.290000,0.642468,0.527179,0.797943,0.703394
24.300000,0.647062,0.410505,0.658151,0.705858
24.310000,0.651026,0.467916,1.043125,0.708405
24.320000,0.655690,0.430477,0.169207,0.710795
24.330000,0.660009,0.385525,0.927322,0.713491
24.340000,0.664015,0.327038,1.249367,0.716228
24.350000,0.666966,0.375382,1.124391,0.719346
24.360000,0.671555,0.380783,1.413695,0.722452
24.370000,0.674764,0.309337,1.179989,0.725534
24.380000,0.677686,0.312088,1.139265,0.728738
24.390000,0.681061,0.269594,1.497457,0.731679
24.400000,0.684102,0.377165,1.163229,0.734782
24.410000,0.687806,0.360563,0.732410,0.737637
24.420000,0.691153,0.294505,0.988128,0.740420
24.430000,0.694167,0.329670,0.993472,0.743045
24.440000,0.697222,0.255865,0.793201,0.745616
24.450000,0.699981,0.280710,1.253022,0.748447
24.460000,0.703480,0.390291,0.406038,0.750799
24.470000,0.706416,0.245316,1.325947,0.753124
24.480000,0.708972,0.241758,1.259976,0.755490
24.490000,0.711743,0.280161,1.044501,0.757657
24.500000,0.714313,0.224176,1.305246,0.759385
24.510000,0.716602,0.252835,1.371076,0.761417
24.520000,0.719382,0.312932,1.144368,0.763502
24.530000,0.722705,0.231477,1.495136,0.765376
24.540000,0.724496,0.170719,1.077923,0.767009
24.550000,0.726751,0.180220,1.212940,0.768680
24.560000,0.728723,0.234956,1.650548,0.770340
24.570000,0.731098,0.206589,1.323015,0.771930
24.580000,0.733150,0.206593,0.901022,0.773468
24.590000,0.735676,0.224176,1.138462,0.774836
24.600000,0.737629,0.192872,0.596679,0.775940
24.610000,0.739490,0.136264,1.390519,0.777254
24.620000,0.740708,0.143376,1.027135,0.778373
24.630000,0.742201,0.119602,1.462603,0.779413
24.640000,0.743517,0.101099,1.213559,0.780284
24.650000,0.744831,0.113324,1.273556,0.781199
24.660000,0.746357,0.154815,1.028416,0.782032
24.670000,0.747590,0.138309,0.972431,0.782752
24.680000,0.749409,0.180220,1.048416,0.783386
24.690000,0.751316,0.171429,1.138462,0.783926
24.700000,0.752617,0.115073,1.280362,0.784382
24.710000,0.753605,0.073181,1.172975,0.784734
24.720000,0.753986,0.039560,1.054791,0.785049
24.730000,0.754368,0.004396,1.370274,0.785268
24.740000,0.754368,-0.004752,1.500202,0.785370
24.750000,0.754368,-0.004396,1.441910,0.785395
24.760000,0.754368,-0.010689,1.028330,0.785330
24.770000,0.754368,-0.004396,1.416167,0.785174
24.780000,0.754368,0.004142,1.685219,0.784934
24.790000,0.754368,-0.004396,0.946127,0.784668
24.800000,0.754368,-0.010313,1.344387,0.784230
24.810000,0.754368,-0.004396,1.211928,0.783712
24.820000,0.754368,-0.004396,1.345147,0.783189
24.830000,0.754368,-0.004410,1.414737,0.782544
24.840000,0.754368,0.003181,0.599628,0.781781
24.850000,0.754368,-0.004396,0.461923,0.780921
24.860000,0.754368,0.002700,1.428346,0.780028
24.870000,0.754368,0.001106,0.999896,0.779085
24.880000,0.754368,-0.005525,0.886133,0.777921
24.890000,0.754368,-0.001609,1.076923,0.776848
24.900000,0.754368,-0.009727,0.951871,0.775457
24.910000,0.754368,-0.010728,1.125970,0.774050
24.920000,0.754368,-0.004396,0.588765,0.772705
24.930000,0.754368,-0.020834,0.236871,0.771088
24.940000,0.754368,-0.009393,0.433711,0.769309
24.950000,0.754368,-0.004396,0.424309,0.767562
24.960000,0.754368,-0.010547,0.387637,0.765779
24.970000,0.754005,-0.004829,0.082364,0.763896
24.980000,0.753986,0.004396,0.431783,0.761971
24.990000,0.753986,-0.007660,-0.030769,0.759799
25.000000,0.753986,-0.021828,-0.024982,0.757829
25.010000,0.753986,-0.004396,0.377590,0.755764
25.020000,0.753986,-0.005968,0.166849,0.753310
25.030000,0.753986,-0.020680,-0.942698,0.750973
25.040000,0.753986,0.001985,0.678924,0.748491
25.050000,0.753986,-0.004882,-0.687270,0.746118
25.060000,0.753605,-0.013187,-0.907998,0.743476
25.070000,0.753605,-0.017818,-0.493408,0.740618
25.080000,0.753605,-0.025637,-0.502451,0.737886
25.090000,0.753223,-0.021978,-0.997112,0.734625
25.100000,0.752842,-0.087379,-0.944058,0.731980
25.110000,0.751973,-0.096199,-0.697600,0.728694
25.120000,0.750935,-0.109890,-0.754814,0.725535
25.130000,0.750172,-0.092308,-0.749875,0.722134
25.140000,0.749402,-0.074571,-2.047472,0.718783
25.150000,0.748646,-0.065934,-1.197214,0.715735
25.160000,0.747883,-0.061641,-1.596419,0.712336
25.170000,0.747120,-0.102391,-0.383474,0.708464
25.180000,0.745975,-0.153712,-1.405753,0.704782
25.190000,0.744434,-0.198152,-1.549648,0.700693
25.200000,0.742161,-0.242324,-0.850574,0.696940
25.210000,0.739490,-0.259341,-1.384615,0.693166
25.220000,0.737039,-0.334624,-1.296785,0.688996
25.230000,0.733821,-0.312088,-1.253021,0.684734
25.240000,0.730749,-0.285714,-1.363528,0.680617
25.250000,0.727103,-0.338963,-1.122200,0.675947
25.260000,0.724231,-0.316101,-1.300669,0.671289
25.270000,0.720358,-0.406759,-1.128998,0.667201
25.280000,0.716283,-0.346491,-1.379281,0.662586
25.290000,0.712595,-0.421948,-1.245633,0.658268
25.300000,0.708860,-0.387591,-1.084146,0.653722
25.310000,0.705170,-0.425801,-1.547196,0.648617
25.320000,0.700336,-0.419168,-1.177799,0.644067
25.330000,0.696811,-0.384379,-1.272126,0.638954
25.340000,0.692593,-0.452747,-1.257683,0.634126
25.350000,0.688384,-0.435165,-1.384615,0.629524
25.360000,0.683164,-0.441234,-1.036626,0.624645
25.370000,0.679006,-0.423431,-1.548636,0.619625
25.380000,0.674692,-0.447350,-1.210361,0.614561
25.390000,0.669581,-0.555941,-0.999282,0.609173
25.400000,0.665048,-0.415052,-1.191145,0.603936
25.410000,0.660385,-0.507815,-0.681613,0.598443
25.420000,0.655088,-0.509945,-1.268943,0.592848
25.430000,0.650048,-0.490876,-1.015385,0.587320
25.440000,0.645697,-0.491324,-1.842926,0.581694
25.450000,0.639828,-0.498747,-0.699099,0.575421
25.460000,0.634483,-0.570253,-1.210389,0.568832
25.470000,0.629988,-0.475688,-1.951933,0.564192
25.480000,0.624289,-0.562821,-1.014652,0.559408
25.490000,0.618622,-0.580899,-0.847272,0.554843
25.500000,0.613883,-0.465783,-1.203085,0.549856
25.510000,0.607848,-0.507782,-0.969858,0.545157
25.520000,0.602644,-0.616799,-1.257365,0.540343
25.530000,0.597950,-0.453044,-0.870873,0.536012
25.540000,0.592458,-0.549451,-0.844011,0.532637
25.550000,0.587741,-0.544495,-1.034307,0.528235
25.560000,0.582217,-0.430288,-0.921806,0.522978
25.570000,0.577992,-0.549451,-1.080209,0.517559
25.580000,0.573469,-0.447266,-1.695921,0.512102
25.590000,0.568202,-0.542892,-0.890350,0.506182
25.600000,0.563113,-0.465902,-1.305750,0.499276
25.610000,0.557797,-0.528186,-0.842611,0.491949
25.620000,0.552650,-0.616677,-1.533031,0.484248
25.630000,0.547263,-0.490236,-1.615641,0.476983
25.640000,0.541786,-0.623984,-0.908362,0.469642
25.650000,0.534924,-0.654915,-1.215462,0.462298
25.660000,0.529657,-0.617137,-1.341090,0.454448
25.670000,0.523363,-0.585574,-0.611685,0.446527
25.680000,0.516440,-0.628571,-1.497145,0.439039
25.690000,0.509340,-0.757212,-1.222594,0.431041
25.700000,0.502805,-0.772139,-1.247812,0.423173
25.710000,0.496013,-0.685737,-1.123317,0.414987
25.720000,0.488026,-0.762578,-0.983789,0.406677
25.730000,0.480599,-0.641633,-0.823738,0.398806
25.740000,0.473906,-0.827006,-1.167377,0.390120
25.750000,0.466248,-0.774841,-1.384615,0.381050
25.760000,0.458895,-0.895848,-0.947445,0.372305
25.770000,0.450792,-0.805814,-1.164672,0.364025
25.780000,0.442675,-0.925867,-1.248050,0.357389
25.790000,0.434867,-0.775568,-1.160642,0.351041
25.800000,0.427004,-0.780604,-0.997999,0.345241
25.810000,0.419230,-0.778133,-1.313729,0.339992
25.820000,0.412295,-0.725275,-1.279372,0.334942
25.830000,0.404769,-0.796183,-0.703644,0.329055
25.840000,0.397844,-0.622001,-0.850611,0.322151
25.850000,0.390926,-0.698501,-1.549611,0.316259
25.860000,0.383448,-0.618348,-0.769504,0.308794
25.870000,0.377141,-0.687983,-0.970729,0.300614
25.880000,0.370671,-0.771122,-0.839218,0.293055
25.890000,0.363618,-0.741367,-1.121501,0.285682
25.900000,0.356926,-0.674992,-1.560893,0.277374
25.910000,0.349520,-0.619162,-1.245915,0.270904
25.920000,0.343137,-0.753168,-1.004747,0.264813
25.930000,0.335232,-0.738938,-1.097683,0.257254
25.940000,0.328318,-0.767210,-0.898594,0.251677
25.950000,0.321565,-0.740002,-1.129159,0.245362
25.960000,0.314366,-0.614200,-1.618054,0.239232
25.970000,0.307806,-0.704325,-0.999672,0.230692
25.980000,0.301000,-0.707090,-0.835947,0.222347
25.990000,0.293760,-0.747513,-0.838521,0.214260
26.000000,0.286904,-0.792274,-1.014454,0.205451
26.010000,0.279906,-0.691272,-1.518715,0.197552
26.020000,0.271653,-0.802691,-1.328678,0.188795
26.030000,0.264713,-0.631397,-1.747801,0.180171
26.040000,0.257208,-0.727337,-0.946629,0.171983
26.050000,0.249414,-0.686935,-1.058367,0.162872
26.060000,0.241542,-0.789650,-1.301253,0.154262
26.070000,0.233801,-0.707692,-0.939321,0.146557
26.080000,0.225797,-0.827375,-1.176243,0.137955
26.090000,0.217214,-0.750402,-0.885522,0.130506
26.100000,0.209802,-0.887696,-0.950815,0.122964
26.110000,0.201827,-0.852132,-0.751378,0.114318
26.120000,0.193648,-0.823118,-1.104083,0.105357
26.130000,0.185407,-0.830914,-0.954857,0.096825
26.140000,0.177828,-0.895104,-1.168528,0.088399
26.150000,0.169444,-0.871913,-1.118779,0.079368
26.160000,0.161579,-0.892123,-1.177634,0.070516
26.170000,0.152766,-0.866103,-1.023680,0.062839
26.180000,0.145545,-0.824045,-1.458338,0.055129
26.190000,0.136422,-0.843867,-1.115541,0.048090
26.200000,0.128553,-0.838677,-1.246489,0.040000
26.210000,0.119885,-0.824567,-1.102221,0.032664
26.220000,0.112190,-0.792380,-1.264627,0.025602
26.230000,0.104496,-0.743384,-1.228006,0.017594
26.240000,0.096947,-0.670135,-1.489029,0.009857
26.250000,0.088848,-0.791300,-1.202541,0.002935
26.260000,0.080474,-0.709406,-1.351062,-0.003924
26.270000,0.072973,-0.839763,-1.139883,-0.013235
26.280000,0.065781,-0.733621,-1.468417,-0.022739
26.290000,0.058086,-0.812158,-1.200000,-0.032098
26.300000,0.049410,-0.713414,-1.613654,-0.042158
26.310000,0.041801,-0.829071,-1.022519,-0.052809
26.320000,0.033626,-0.742723,-1.428152,-0.063093
26.330000,0.024987,-0.858410,-0.391692,-0.073564
26.340000,0.015605,-0.788079,-1.826707,-0.083917
26.350000,0.006898,-0.965067,-1.434182,-0.094354
26.360000,-0.002296,-0.852772,-1.439498,-0.103523
26.370000,-0.011110,-1.037938,-1.049044,-0.109782
26.380000,-0.021115,-0.937540,-1.358475,-0.115822
26.390000,-0.031084,-0.889722,-0.585649,-0.120654
26.400000,-0.039178,-0.880252,-1.054068,-0.127126
26.410000,-0.047582,-0.867765,-1.166203,-0.133248
26.420000,-0.055530,-0.873694,-0.768715,-0.138929
26.430000,-0.063251,-0.813187,-0.504216,-0.144323
26.440000,-0.070430,-0.797808,-1.084722,-0.150449
26.450000,-0.078224,-0.763395,-1.039346,-0.155966
26.460000,-0.085267,-0.636369,-0.917846,-0.161906
26.470000,-0.091872,-0.634423,-0.830569,-0.170741
26.480000,-0.099215,-0.606995,-1.767313,-0.179112
26.490000,-0.105468,-0.757202,-0.997560,-0.187793
26.500000,-0.112695,-0.773204,-1.377030,-0.196363
26.510000,-0.119595,-0.734066,-1.322849,-0.204558
26.520000,-0.126934,-0.800466,-0.972751,-0.210054
26.530000,-0.134220,-0.631848,-1.757206,-0.217178
26.540000,-0.141850,-0.758421,-1.297895,-0.224211
26.550000,-0.149232,-0.647044,-1.415778,-0.232729
26.560000,-0.156722,-0.722327,-1.067421,-0.239783
26.570000,-0.164151,-0.743462,-1.088942,-0.247787
26.580000,-0.171471,-0.778022,-1.046326,-0.255335
26.590000,-0.178621,-0.802730,-1.088582,-0.262915
26.600000,-0.185500,-0.762615,-1.290935,-0.270590
26.610000,-0.193283,-0.792567,-1.277487,-0.278141
26.620000,-0.200242,-0.645100,-1.246010,-0.286826
26.630000,-0.208807,-0.736170,-0.960950,-0.294065
26.640000,-0.215863,-0.699422,-0.957495,-0.301277
26.650000,-0.223128,-0.823279,-1.551017,-0.309137
26.660000,-0.230918,-0.808926,-1.066730,-0.315996
26.670000,-0.238332,-0.813683,-1.238710,-0.322754
26.680000,-0.245809,-0.731602,-1.287647,-0.330080
26.690000,-0.253109,-0.725275,-1.435658,-0.336799
26.700000,-0.261225,-0.751648,-1.200000,-0.344003
26.710000,-0.267792,-0.689978,-1.153730,-0.351777
26.720000,-0.275254,-0.761482,-1.386700,-0.359025
26.730000,-0.282217,-0.676862,-1.372136,-0.366628
26.740000,-0.289642,-0.750298,-0.892308,-0.374150
26.750000,-0.297753,-0.611350,-0.771758,-0.381388
26.760000,-0.304475,-0.725275,-1.320235,-0.388321
26.770000,-0.312541,-0.744746,-1.175516,-0.395344
26.780000,-0.319099,-0.786941,-1.085445,-0.402143
26.790000,-0.327387,-0.846858,-1.395068,-0.408848
26.800000,-0.333787,-0.695534,-1.118822,-0.416397
26.810000,-0.340764,-0.707899,-1.134395,-0.423940
26.820000,-0.348593,-0.615609,-1.273333,-0.430528
26.830000,-0.355470,-0.746148,-1.038417,-0.437132
26.840000,-0.363188,-0.753052,-1.108980,-0.444090
26.850000,-0.369570,-0.767339,-1.221813,-0.450979
26.860000,-0.376983,-0.786813,-1.160709,-0.457018
26.870000,-0.383192,-0.592890,-1.790086,-0.463302
26.880000,-0.390786,-0.683792,-0.736547,-0.470083
26.890000,-0.398252,-0.657617,-1.454150,-0.476760
26.900000,-0.404525,-0.759754,-1.133665,-0.483639
26.910000,-0.411628,-0.782044,-1.145138,-0.490445
26.920000,-0.418024,-0.670523,-1.781911,-0.497095
26.930000,-0.424931,-0.642814,-0.926226,-0.503546
26.940000,-0.432403,-0.562986,-1.474482,-0.509377
26.950000,-0.438444,-0.733354,-1.185058,-0.516301
26.960000,-0.445926,-0.698901,-0.872418,-0.522995
26.970000,-0.452385,-0.746869,-1.171915,-0.528905
26.980000,-0.458752,-0.681833,-1.128806,-0.534916
26.990000,-0.465640,-0.537286,-1.439719,-0.540609
27.000000,-0.471647,-0.681288,-0.684426,-0.547250
27.010000,-0.478485,-0.702977,-1.027613,-0.553627
27.020000,-0.484146,-0.613453,-0.955338,-0.559820
27.030000,-0.491290,-0.616076,-1.277591,-0.565420
27.040000,-0.497444,-0.595601,-0.784591,-0.571254
27.050000,-0.503513,-0.674233,-1.225106,-0.576918
27.060000,-0.509352,-0.649958,-1.330920,-0.582904
27.070000,-0.515788,-0.492013,-1.406789,-0.588044
27.080000,-0.522262,-0.606084,-0.967447,-0.593554
27.090000,-0.527794,-0.689341,-1.379230,-0.599857
27.100000,-0.533632,-0.571375,-1.373832,-0.605019
27.110000,-0.539596,-0.584615,-1.092112,-0.610477
27.120000,-0.545839,-0.638482,-0.993017,-0.615913
27.130000,-0.550988,-0.536815,-1.791298,-0.621154
27.140000,-0.557017,-0.561191,-1.220243,-0.626740
27.150000,-0.562812,-0.567671,-1.090311,-0.631954
27.160000,-0.567734,-0.531408,-1.725296,-0.636753
27.170000,-0.573639,-0.567523,-0.897855,-0.642061
27.180000,-0.579844,-0.582248,-1.646286,-0.646643
27.190000,-0.584413,-0.518625,-1.013811,-0.651641
27.200000,-0.590291,-0.523117,-0.810164,-0.656676
27.210000,-0.595385,-0.555830,-0.970731,-0.660824
27.220000,-0.600411,-0.465219,-1.420393,-0.665534
27.230000,-0.605974,-0.610989,-1.319177,-0.669093
27.240000,-0.610516,-0.513874,-1.197120,-0.673377
27.250000,-0.615511,-0.426374,-1.876923,-0.677466
27.260000,-0.620089,-0.452747,-1.357209,-0.681419
27.270000,-0.624601,-0.493684,-1.198138,-0.685433
27.280000,-0.629085,-0.447612,-1.243565,-0.689200
27.290000,-0.633672,-0.479304,-0.829485,-0.692933
27.300000,-0.637687,-0.431679,-1.376481,-0.697091
27.310000,-0.641853,-0.493619,-1.522820,-0.700530
27.320000,-0.646471,-0.407725,-0.621652,-0.704238
27.330000,-0.650509,-0.430665,-1.404728,-0.707728
27.340000,-0.654471,-0.393498,-1.264416,-0.711631
27.350000,-0.658258,-0.450926,-1.355605,-0.714855
27.360000,-0.662597,-0.383605,-1.095227,-0.718305
27.370000,-0.666076,-0.379356,-1.249083,-0.721793
27.380000,-0.669832,-0.373626,-1.126747,-0.725591
27.390000,-0.673736,-0.391209,-1.697234,-0.729051
27.400000,-0.678056,-0.382801,-1.315019,-0.732268
27.410000,-0.681400,-0.305731,-1.418695,-0.735207
27.420000,-0.685115,-0.417582,-1.128818,-0.738538
27.430000,-0.688437,-0.310760,-1.271987,-0.741747
27.440000,-0.692575,-0.418017,-0.710225,-0.744904
27.450000,-0.696603,-0.303033,-1.356658,-0.747827
27.460000,-0.699188,-0.318257,-1.210797,-0.750658
27.470000,-0.702707,-0.349782,-1.243834,-0.753184
27.480000,-0.705921,-0.303565,-1.317439,-0.755839
27.490000,-0.709267,-0.374430,-1.275517,-0.758283
27.500000,-0.712787,-0.325878,-1.464253,-0.760593
27.510000,-0.715371,-0.248560,-1.496001,-0.763050
27.520000,-0.718346,-0.299499,-1.235539,-0.765206
27.530000,-0.721059,-0.297276,-0.947135,-0.767219
27.540000,-0.724044,-0.277064,-1.572188,-0.769251
27.550000,-0.726763,-0.329670,-1.317746,-0.771248
27.560000,-0.729766,-0.246068,-0.949028,-0.773049
27.570000,-0.731936,-0.199535,-1.173977,-0.774685
27.580000,-0.734150,-0.196969,-1.359024,-0.776281
27.590000,-0.736064,-0.215385,-1.565715,-0.777702
27.600000,-0.738281,-0.221173,-1.497182,-0.778931
27.610000,-0.740423,-0.228098,-0.974667,-0.780159
27.620000,-0.742792,-0.279646,-1.346494,-0.781285
27.630000,-0.745212,-0.224095,-1.231619,-0.782229
27.640000,-0.747260,-0.168205,-1.206159,-0.783052
27.650000,-0.748646,-0.127473,-1.388650,-0.783739
27.660000,-0.749735,-0.136264,-1.182816,-0.784310
27.670000,-0.751247,-0.141850,-1.457062,-0.784773
27.680000,-0.752461,-0.122269,-1.357019,-0.785101
27.690000,-0.753380,-0.101099,-1.160810,-0.785309
27.700000,-0.754467,-0.124800,-1.189266,-0.785396
27.710000,-0.755512,-0.101099,-1.378006,-0.785356
27.720000,-0.756401,-0.086501,-1.405508,-0.785246
27.730000,-0.757352,-0.093860,-0.914037,-0.785093
27.740000,-0.758232,-0.103357,-1.062799,-0.784895
27.750000,-0.759215,-0.094895,-1.352102,-0.784632
27.760000,-0.760337,-0.104205,-0.624409,-0.784285
27.770000,-0.760853,-0.046409,-1.084081,-0.783907
27.780000,-0.761234,-0.048352,-1.111232,-0.783431
27.790000,-0.761616,-0.034523,-0.965600,-0.782892
27.800000,-0.761616,-0.008338,-1.255200,-0.782237
27.810000,-0.761616,-0.013187,-1.138462,-0.781445
27.820000,-0.761616,0.011112,-0.968368,-0.780444
27.830000,-0.761616,0.005410,-1.076923,-0.779484
27.840000,-0.761616,-0.004396,-0.778709,-0.778403
27.850000,-0.761616,-0.012971,-1.073901,-0.777184
27.860000,-0.761616,-0.004396,-0.938495,-0.776197
27.870000,-0.761616,-0.010983,-0.822967,-0.775004
27.880000,-0.761616,-0.018123,-0.673140,-0.773786
27.890000,-0.761616,-0.004396,-0.856541,-0.772764
27.900000,-0.761616,-0.001040,-0.906871,-0.771405
27.910000,-0.761616,-0.017508,-0.432340,-0.770052
27.920000,-0.761616,-0.011562,-0.411377,-0.769094
27.930000,-0.761616,0.003562,-0.411675,-0.767570
27.940000,-0.761616,0.001820,-0.262038,-0.766070
27.950000,-0.761616,-0.009914,-0.346540,-0.764638
27.960000,-0.761616,-0.004396,-0.102254,-0.763053
27.970000,-0.761616,0.002395,-0.187371,-0.761171
27.980000,-0.761616,-0.004396,-0.602507,-0.759730
27.990000,-0.761616,-0.004396,-0.092308,-0.757776
28.000000,-0.761616,0.000274,-0.071119,-0.755811
28.010000,-0.761616,0.001122,-0.012115,-0.753953
28.020000,-0.761616,0.000260,0.273280,-0.751776
28.030000,-0.761338,0.010800,0.327048,-0.750085
28.040000,-0.761234,0.003909,0.348671,-0.748087
28.050000,-0.761234,-0.004396,0.508700,-0.745769
28.060000,-0.761234,0.004396,0.675706,-0.742716
28.070000,-0.761234,0.006769,0.830769,-0.739636
28.080000,-0.761020,0.021978,0.761727,-0.736522
28.090000,-0.760838,0.040617,0.958779,-0.733211
28.100000,-0.760090,0.083516,1.066696,-0.730197
28.110000,-0.759327,0.057143,0.951571,-0.726802
28.120000,-0.758329,0.097724,0.736267,-0.723134
28.130000,-0.757430,0.126729,0.853335,-0.720070
28.140000,-0.756112,0.127473,0.690388,-0.716280
28.150000,-0.754749,0.136264,1.346953,-0.712692
28.160000,-0.752842,0.180220,1.067962,-0.709054
28.170000,-0.750935,0.203454,1.384615,-0.705222
28.180000,-0.749027,0.212412,0.915788,-0.700704
28.190000,-0.746939,0.276479,1.326183,-0.696636
28.200000,-0.743687,0.329670,1.103340,-0.692341
28.210000,-0.740414,0.289413,1.033208,-0.687849
28.220000,-0.737418,0.297117,1.269865,-0.683498
28.230000,-0.734616,0.329670,1.090659,-0.678911
28.240000,-0.731165,0.300208,1.250730,-0.674451
28.250000,-0.727521,0.398899,1.369110,-0.670280
28.260000,-0.723155,0.359204,2.174971,-0.667589
28.270000,-0.719272,0.347253,1.200000,-0.662733
28.280000,-0.715889,0.356044,1.343145,-0.656624
28.290000,-0.712428,0.421694,1.167578,-0.650163
28.300000,-0.707459,0.462134,0.524119,-0.643527
28.310000,-0.703234,0.469953,1.031205,-0.636731
28.320000,-0.698611,0.404543,1.313164,-0.629741
28.330000,-0.693610,0.594130,1.457740,-0.622733
28.340000,-0.687854,0.502338,1.039129,-0.615362
28.350000,-0.682595,0.556850,1.269802,-0.607855
28.360000,-0.677273,0.641575,1.557435,-0.599959
28.370000,-0.670732,0.571318,1.708856,-0.592297
28.380000,-0.664606,0.528364,1.603011,-0.584543
28.390000,-0.657845,0.773088,0.950832,-0.576328
28.400000,-0.651409,0.706778,1.259576,-0.568400
28.410000,-0.644821,0.692296,1.210201,-0.560654
28.420000,-0.637079,0.714217,1.166827,-0.552687
28.430000,-0.630212,0.656655,1.510557,-0.544421
28.440000,-0.622424,0.790896,1.099331,-0.536408
28.450000,-0.615236,0.664449,1.418989,-0.528820
28.460000,-0.607780,0.802070,0.791594,-0.522239
28.470000,-0.599959,0.644107,0.991778,-0.514596
28.480000,-0.591667,0.772140,0.790908,-0.507900
28.490000,-0.584211,0.696689,1.004748,-0.501056
28.500000,-0.576937,0.798188,0.937525,-0.493896
28.510000,-0.569710,0.761575,1.023335,-0.486083
28.520000,-0.562674,0.707727,1.076677,-0.478504
28.530000,-0.554962,0.748475,1.057260,-0.471009
28.540000,-0.547640,0.677634,1.148779,-0.463624
28.550000,-0.540421,0.697110,1.067123,-0.456550
28.560000,-0.532696,0.679675,0.685093,-0.448840
28.570000,-0.524579,0.791899,0.085799,-0.440958
28.580000,-0.517350,0.767829,1.131335,-0.433334
28.590000,-0.510605,0.830769,1.015385,-0.426236
28.600000,-0.501770,0.813559,0.909518,-0.417865
28.610000,-0.494876,0.808464,1.270703,-0.409753
28.620000,-0.487594,0.819840,0.960801,-0.402656
28.630000,-0.480352,0.747331,1.384615,-0.394869
28.640000,-0.471641,0.807505,0.796999,-0.387697
28.650000,-0.464464,0.653363,0.594625,-0.380291
28.660000,-0.455985,0.714616,0.830769,-0.372672
28.670000,-0.449137,0.630614,0.666580,-0.364066
28.680000,-0.441246,0.809038,-0.178585,-0.356069
28.690000,-0.433118,0.675894,0.891527,-0.348247
28.700000,-0.425720,0.862430,0.690570,-0.339327
28.710000,-0.417648,0.725435,0.461538,-0.330745
28.720000,-0.410343,0.922387,1.725366,-0.321921
28.730000,-0.402266,0.870334,0.630656,-0.312770
28.740000,-0.394537,0.841473,1.349859,-0.304263
28.750000,-0.385548,0.849400,1.120395,-0.296571
28.760000,-0.377113,0.943557,1.138961,-0.287993
28.770000,-0.368774,0.862353,0.880151,-0.278930
28.780000,-0.361626,0.894942,1.214365,-0.270269
28.790000,-0.352031,0.898616,0.716382,-0.261484
28.800000,-0.344935,0.879782,1.179220,-0.252397
28.810000,-0.335943,0.904887,1.129648,-0.242885
28.820000,-0.327902,0.942308,1.442307,-0.233428
28.830000,-0.318358,0.883141,0.769231,-0.224251
28.840000,-0.310951,0.975423,1.277260,-0.214680
28.850000,-0.301214,0.866176,0.627063,-0.206752
28.860000,-0.292840,0.963170,1.024711,-0.197601
28.870000,-0.283978,0.862536,0.646154,-0.189343
28.880000,-0.275289,0.941460,0.762940,-0.180511
28.890000,-0.266321,0.768795,1.142719,-0.171699
28.900000,-0.258116,0.917299,0.836574,-0.162642
28.910000,-0.249375,0.786627,1.397705,-0.154512
28.920000,-0.240403,0.949410,0.506617,-0.145739
28.930000,-0.231552,0.848716,1.258990,-0.136882
28.940000,-0.222724,0.959564,1.221514,-0.127559
28.950000,-0.214228,0.861878,1.275781,-0.118375
28.960000,-0.205168,0.941220,1.044480,-0.109725
28.970000,-0.196534,0.903394,1.034176,-0.101121
28.980000,-0.186920,0.908664,1.076923,-0.091421
28.990000,-0.178690,0.952614,1.037730,-0.081409
29.000000,-0.170125,0.958543,0.268480,-0.072478
29.010000,-0.161450,1.015066,0.875362,-0.062461
29.020000,-0.151589,0.879561,-0.433851,-0.052941
29.030000,-0.142747,0.987144,0.738779,-0.043973
29.040000,-0.132912,0.744734,1.082180,-0.035195
29.050000,-0.123311,0.927074,0.750851,-0.026609
29.060000,-0.115159,0.777425,1.295595,-0.017054
29.070000,-0.106179,0.917193,0.984711,-0.008389
29.080000,-0.096656,0.899993,1.130782,0.001172
29.090000,-0.087019,0.941445,0.830769,0.010313
29.100000,-0.077951,1.070915,0.889214,0.019729
29.110000,-0.069176,0.928280,0.717740,0.028809
29.120000,-0.060234,1.016433,0.826509,0.038051
29.130000,-0.050424,0.788375,0.830769,0.047416
29.140000,-0.041711,0.929410,1.081839,0.055811
29.150000,-0.031879,0.839560,1.933668,0.065343
29.160000,-0.022538,0.947999,1.061575,0.074098
29.170000,-0.013616,0.911782,1.101405,0.083175
29.180000,-0.005150,0.945055,0.892308,0.091066
29.190000,0.003099,0.878278,1.528793,0.100616
29.200000,0.012649,0.941939,0.988121,0.110229
29.210000,0.020772,0.908833,1.330477,0.118354
29.220000,0.030364,0.959845,1.009526,0.128210
29.230000,0.039649,1.049270,1.566912,0.137645
29.240000,0.049290,0.836799,1.009050,0.146714
29.250000,0.057147,0.991231,1.555282,0.156198
29.260000,0.066729,0.845520,0.901690,0.164745
29.270000,0.076038,0.997230,0.822762,0.170902
29.280000,0.083188,0.772438,1.104919,0.178344
29.290000,0.092394,0.973662,0.576302,0.185302
29.300000,0.101132,0.878486,1.468202,0.192059
29.310000,0.109318,0.929576,0.845495,0.198606
29.320000,0.117337,0.756181,1.087499,0.206352
29.330000,0.125974,0.872849,1.060188,0.214521
29.340000,0.133121,0.647724,1.307696,0.223920
29.350000,0.141257,0.844321,1.571864,0.232065
29.360000,0.149204,0.664853,1.253379,0.240699
29.370000,0.157201,0.796211,0.977188,0.249425
29.380000,0.165431,0.693961,0.875229,0.258284
29.390000,0.173699,0.862071,1.142520,0.266547
29.400000,0.181342,0.795027,0.797047,0.275389
29.410000,0.189761,0.888396,0.239045,0.283774
29.420000,0.198538,0.744273,1.101295,0.292198
29.430000,0.207233,0.842382,1.121240,0.301074
29.440000,0.215221,0.745089,0.939561,0.308659
29.450000,0.224111,0.813481,0.868020,0.316848
29.460000,0.232197,0.702135,1.222459,0.324200
29.470000,0.240151,0.850057,0.995531,0.332263
29.480000,0.248649,0.697461,1.252599,0.339858
29.490000,0.257472,0.798696,0.515864,0.348533
29.500000,0.265210,0.726247,0.688868,0.356648
29.510000,0.273592,0.809090,0.845466,0.364383
29.520000,0.281607,0.705681,1.214081,0.372311
29.530000,0.290303,0.794498,1.330725,0.380072
29.540000,0.298187,0.779765,1.064719,0.387382
29.550000,0.306575,0.841559,0.957787,0.395053
29.560000,0.314805,0.715447,1.015385,0.402491
29.570000,0.322398,0.880754,0.671932,0.410185
29.580000,0.330376,0.748151,0.327876,0.417778
29.590000,0.338576,0.874725,0.670753,0.425496
29.600000,0.346430,0.813641,0.633061,0.432530
29.610000,0.353147,0.825769,1.473814,0.440564
29.620000,0.361184,0.768554,0.911242,0.449237
29.630000,0.368375,0.734672,1.488293,0.457260
29.640000,0.376700,0.777163,1.080533,0.464848
29.650000,0.384810,0.739623,1.343272,0.473095
29.660000,0.392457,0.781161,0.360463,0.480669
29.670000,0.400607,0.719138,1.941361,0.487684
29.680000,0.408377,0.757366,1.016586,0.495287
29.690000,0.415917,0.707692,1.152437,0.502102
29.700000,0.423610,0.804680,0.891312,0.508338
29.710000,0.431183,0.706258,1.542023,0.515577
29.720000,0.439307,0.809682,1.181601,0.522037
29.730000,0.446204,0.680264,0.603074,0.528681
29.740000,0.453927,0.709289,1.017270,0.534802
29.750000,0.461298,0.682961,1.112377,0.541694
29.760000,0.467401,0.679082,1.173908,0.548177
29.770000,0.475015,0.715840,1.154409,0.554404
29.780000,0.481865,0.584456,0.912077,0.561250
29.790000,0.488491,0.726671,1.411404,0.567707
29.800000,0.495465,0.681319,1.124342,0.573243
29.810000,0.501866,0.695436,1.078722,0.580304
29.820000,0.508766,0.667823,0.826447,0.587230
29.830000,0.515129,0.523077,1.015385,0.593444
29.840000,0.522276,0.720057,0.762900,0.599316
29.850000,0.528781,0.724731,1.092155,0.604896
29.860000,0.534520,0.637986,1.329430,0.610847
29.870000,0.541769,0.610088,0.743995,0.616526
29.880000,0.547773,0.536120,1.101027,0.622681
29.890000,0.553349,0.708329,0.635749,0.628054
29.900000,0.560642,0.628082,0.974382,0.633027
29.910000,0.566304,0.584615,1.383877,0.638288
29.920000,0.572249,0.622703,1.047265,0.643757
29.930000,0.578009,0.625875,0.766776,0.648932
29.940000,0.583671,0.563349,1.200000,0.654116
29.950000,0.589668,0.540468,0.878374,0.659271
29.960000,0.595279,0.591530,0.903371,0.664598
29.970000,0.600237,0.530876,1.219741,0.669371
29.980000,0.606495,0.511072,1.455397,0.674091
29.990000,0.612041,0.547087,0.880408,0.678891
30.000000,0.617106,0.552623,1.372007,0.683514
30.010000,0.622479,0.517779,1.228255,0.688269
30.020000,0.628173,0.510733,1.239225,0.692816
30.030000,0.632341,0.451209,0.975606,0.697396
30.040000,0.637892,0.517190,1.117859,0.701547
30.050000,0.643170,0.509733,0.831503,0.705133
30.060000,0.647426,0.400091,1.222642,0.709176
30.070000,0.652459,0.505495,0.836668,0.713205
30.080000,0.657057,0.451955,0.310181,0.716926
30.090000,0.661710,0.451193,0.835120,0.720655
30.100000,0.665848,0.411035,1.181410,0.723985
30.110000,0.670520,0.501896,0.413208,0.727764
30.120000,0.674574,0.420592,1.096326,0.730920
30.130000,0.678684,0.410524,1.383298,0.734389
30.140000,0.682447,0.355469,1.378292,0.737573
30.150000,0.686613,0.474873,1.732128,0.740573
30.160000,0.690335,0.336375,0.936115,0.743196
30.170000,0.694017,0.380627,1.445025,0.746277
30.180000,0.697571,0.294016,1.452873,0.749175
30.190000,0.700751,0.361950,1.166024,0.751924
30.200000,0.704760,0.408419,0.807344,0.754805
30.210000,0.708170,0.243580,1.354960,0.757254
30.220000,0.710895,0.299417,1.234379,0.758967
30.230000,0.713932,0.276916,1.323144,0.760782
30.240000,0.716796,0.277074,1.200000,0.762539
30.250000,0.720093,0.363489,1.135321,0.764785
30.260000,0.722864,0.241758,1.256966,0.766905
30.270000,0.725156,0.210323,1.601002,0.769127
30.280000,0.727464,0.240857,1.064304,0.771220
30.290000,0.729768,0.246030,0.575915,0.773168
30.300000,0.732242,0.239126,1.224302,0.775009
30.310000,0.734401,0.256332,1.222693,0.776650
30.320000,0.737242,0.251488,1.065514,0.778046
30.330000,0.739518,0.179579,0.845513,0.779419
30.340000,0.741016,0.153846,0.751590,0.780624
30.350000,0.742718,0.140308,1.086748,0.781661
30.360000,0.744129,0.170022,1.293533,0.782587
30.370000,0.745594,0.155493,0.975374,0.783379
30.380000,0.747393,0.150069,0.725710,0.784058
30.390000,0.749027,0.194367,1.074065,0.784585
30.400000,0.750935,0.192810,0.953846,0.785005
30.410000,0.752578,0.130190,0.811748,0.785263
30.420000,0.753667,0.088007,1.241469,0.785387
30.430000,0.754368,0.030769,0.523077,0.785379
30.440000,0.754749,0.030769,1.010441,0.785250
30.450000,0.755512,0.057133,1.814846,0.784967
30.460000,0.755894,0.004396,1.293030,0.784530
30.470000,0.755894,-0.002673,1.694814,0.783954
30.480000,0.755894,-0.004396,1.154359,0.783248
30.490000,0.755894,-0.004396,0.869553,0.782438
30.500000,0.755894,-0.006757,0.741789,0.781507
30.510000,0.755894,-0.010972,1.413730,0.780378
30.520000,0.755894,-0.004396,0.691670,0.779163
30.530000,0.755894,-0.000687,0.781754,0.777857
30.540000,0.755894,0.011005,1.230544,0.776350
30.550000,0.755894,-0.011770,0.749393,0.774685
30.560000,0.755894,-0.012681,0.259206,0.772884
30.570000,0.755894,-0.007161,0.264482,0.770830
30.580000,0.755894,-0.004396,0.328934,0.768635
30.590000,0.755838,0.011905,0.285898,0.766514
30.600000,0.755512,-0.004396,0.338331,0.763953
30.610000,0.755512,-0.004396,-0.012971,0.761406
30.620000,0.755512,-0.004396,0.228837,0.758809
30.630000,0.755512,-0.004396,-0.182479,0.756048
30.640000,0.755512,-0.013187,-0.389213,0.753311
30.650000,0.755512,-0.005510,-0.695988,0.750478
30.660000,0.755512,-0.013187,-0.267005,0.747151
30.670000,0.755512,-0.013187,-0.400000,0.744003
30.680000,0.755131,-0.029906,-0.892308,0.740392
30.690000,0.755131,-0.013187,-0.995193,0.737010
30.700000,0.755022,-0.020731,-1.534025,0.733389
30.710000,0.754749,-0.071751,-0.873321,0.729458
30.720000,0.753605,-0.123285,-1.159035,0.725588
30.730000,0.752113,-0.172215,-1.155940,0.721502
30.740000,0.750330,-0.152347,-0.898257,0.717402
30.750000,0.749150,-0.127473,-1.610895,0.712912
30.760000,0.747883,-0.113846,-1.295385,0.708280
30.770000,0.746738,-0.145055,-0.670233,0.703574
30.780000,0.745017,-0.211292,-1.504862,0.698929
30.790000,0.742542,-0.250549,-1.415799,0.693688
30.800000,0.739894,-0.306573,-1.887831,0.689757
30.810000,0.736067,-0.399925,-1.020082,0.687042
30.820000,0.732880,-0.314977,-1.549869,0.683793
30.830000,0.729953,-0.329670,-1.176819,0.679721
30.840000,0.726476,-0.330682,-1.098178,0.676282
30.850000,0.723076,-0.347253,-1.088720,0.672825
30.860000,0.719084,-0.426491,-1.265660,0.668044
30.870000,0.715661,-0.316181,-1.237116,0.662354
30.880000,0.712112,-0.394235,-1.214123,0.657004
30.890000,0.708447,-0.389026,-1.192147,0.651489
30.900000,0.704612,-0.490429,-1.120840,0.645626
30.910000,0.699767,-0.398848,-0.863027,0.639510
30.920000,0.695875,-0.484971,-1.425897,0.633870
30.930000,0.690881,-0.446361,-0.972423,0.628297
30.940000,0.686225,-0.590820,-1.238782,0.622352
30.950000,0.680846,-0.409978,-1.409530,0.616633
30.960000,0.675670,-0.563500,-1.239970,0.610116
30.970000,0.670658,-0.596517,-1.384615,0.603445
30.980000,0.665184,-0.509226,-1.211292,0.597186
30.990000,0.659418,-0.609262,-1.132417,0.590449
31.000000,0.653778,-0.610461,-1.046547,0.584101
31.010000,0.648286,-0.515011,-0.880890,0.578579
31.020000,0.641493,-0.633438,-0.728132,0.571843
31.030000,0.636051,-0.727886,-1.350968,0.565860
31.040000,0.630075,-0.527956,-1.637533,0.558510
31.050000,0.623983,-0.633886,-1.497643,0.551439
31.060000,0.617629,-0.661773,-1.008819,0.543897
31.070000,0.611525,-0.654945,-0.858411,0.537269
31.080000,0.605164,-0.649015,-1.207511,0.529494
31.090000,0.598173,-0.532746,-1.289234,0.522804
31.100000,0.591931,-0.688591,-1.345217,0.515174
31.110000,0.585021,-0.733095,-0.942457,0.507290
31.120000,0.578183,-0.757808,-1.190121,0.499490
31.130000,0.571260,-0.760440,-1.076923,0.491662
31.140000,0.564202,-0.589022,-1.245958,0.483257
31.150000,0.556737,-0.688307,-1.072716,0.474916
31.160000,0.549785,-0.732628,-0.786389,0.466874
31.170000,0.542283,-0.792081,-1.266422,0.459506
31.180000,0.535154,-0.792764,-1.096804,0.451094
31.190000,0.527008,-0.821978,-0.830885,0.443678
31.200000,0.519224,-0.873385,-0.961624,0.435393
31.210000,0.512463,-0.758456,-1.442183,0.426869
31.220000,0.504815,-0.791995,-1.565361,0.418750
31.230000,0.496955,-0.719553,-1.210744,0.410742
31.240000,0.488731,-0.838060,-0.926331,0.402361
31.250000,0.481186,-0.689069,-1.060326,0.395918
31.260000,0.473359,-0.766407,-1.159348,0.390866
31.270000,0.465291,-0.702664,-0.703132,0.384871
31.280000,0.457212,-0.783304,-1.050101,0.377149
31.290000,0.450163,-0.756387,-0.612983,0.370144
31.300000,0.443093,-0.755590,-0.649084,0.363488
31.310000,0.435873,-0.734931,-1.128577,0.356490
31.320000,0.429323,-0.695131,-0.843966,0.350080
31.330000,0.421338,-0.786829,-1.322860,0.340636
31.340000,0.414343,-0.692437,-1.159534,0.333013
31.350000,0.406721,-0.732317,-1.035103,0.323563
31.360000,0.399515,-0.677612,-1.125489,0.313723
31.370000,0.391542,-0.808294,-0.912637,0.305640
31.380000,0.383539,-0.675687,-0.953846,0.298036
31.390000,0.376211,-0.793972,-0.995157,0.289267
31.400000,0.367610,-0.693771,-1.126645,0.281141
31.410000,0.359420,-0.787722,-0.999261,0.272761
31.420000,0.351099,-0.802137,-0.942836,0.264033
31.430000,0.343711,-0.896737,-0.861303,0.255339
31.440000,0.335448,-0.893159,-1.010602,0.246719
31.450000,0.327827,-0.893262,-1.138462,0.237829
31.460000,0.318606,-0.859833,-1.044292,0.229039
31.470000,0.310513,-0.896763,-0.847618,0.219441
31.480000,0.301416,-0.860727,-0.976568,0.210716
31.490000,0.294002,-0.888389,-1.083606,0.202342
31.500000,0.285178,-0.890134,-0.703721,0.194622
31.510000,0.276787,-0.920784,-0.939128,0.185576
31.520000,0.267613,-0.883809,-0.892512,0.176973
31.530000,0.258898,-0.886256,-0.889835,0.168461
31.540000,0.251109,-0.819209,-0.985600,0.159315
31.550000,0.242530,-0.886537,-0.788477,0.149996
31.560000,0.234080,-0.764917,-1.119792,0.140588
31.570000,0.224484,-0.855809,-0.956180,0.131185
31.580000,0.216487,-0.820504,-1.794854,0.121741
31.590000,0.207053,-0.841490,-1.121951,0.112386
31.600000,0.199392,-0.752977,-1.149910,0.102880
31.610000,0.190469,-0.818549,-0.919118,0.092646
31.620000,0.181060,-0.840477,-2.193718,0.083794
31.630000,0.172084,-0.968859,-1.152625,0.074679
31.640000,0.163685,-0.906964,-1.384572,0.064660
31.650000,0.154034,-1.011580,-1.144894,0.055187
31.660000,0.144562,-0.957833,-1.272749,0.045707
31.670000,0.134251,-0.921356,-0.976310,0.036884
31.680000,0.126401,-1.014719,-1.010729,0.026601
31.690000,0.116541,-0.909890,-1.138462,0.017245
31.700000,0.107536,-0.984689,-0.584615,0.007891
31.710000,0.098583,-0.805484,-1.740129,-0.002236
31.720000,0.088162,-0.936659,-0.967673,-0.012105
31.730000,0.079885,-0.892837,-0.731773,-0.020973
31.740000,0.069042,-0.937725,-1.156403,-0.030137
31.750000,0.060525,-0.955637,-1.138462,-0.039401
31.760000,0.050333,-0.869838,-1.010830,-0.048891
31.770000,0.041790,-0.935984,-0.770209,-0.058333
31.780000,0.031870,-0.877270,-1.167170,-0.068360
31.790000,0.022503,-1.103297,-1.248359,-0.077304
31.800000,0.013191,-1.044616,-1.293504,-0.087114
31.810000,0.003754,-1.072384,-1.152773,-0.096543
31.820000,-0.005997,-1.017849,-0.899121,-0.105076
31.830000,-0.015708,-0.845377,-0.662378,-0.114805
31.840000,-0.023992,-0.976899,-0.954701,-0.124791
31.850000,-0.033535,-0.797216,-0.746277,-0.134135
31.860000,-0.042644,-0.921766,-0.904087,-0.143654
31.870000,-0.052048,-0.927475,-1.323077,-0.153115
31.880000,-0.062355,-1.068877,-1.266757,-0.162323
31.890000,-0.071604,-0.995573,-1.191648,-0.172843
31.900000,-0.081779,-0.918721,-1.092411,-0.182845
31.910000,-0.090404,-1.004211,-1.034044,-0.192082
31.920000,-0.100831,-0.814747,-1.233381,-0.202055
31.930000,-0.110051,-0.975421,-1.183205,-0.212597
31.940000,-0.120395,-1.091792,-0.923960,-0.221419
31.950000,-0.129700,-1.044965,-1.468215,-0.230595
31.960000,-0.138741,-1.029511,-1.138462,-0.239326
31.970000,-0.148646,-0.870495,-1.051089,-0.248629
31.980000,-0.158598,-0.898911,-1.492136,-0.256738
31.990000,-0.167093,-0.799298,-1.687137,-0.266306
32.000000,-0.177206,-1.020237,-1.436603,-0.275881
32.010000,-0.185559,-0.904453,-1.611988,-0.284979
32.020000,-0.195623,-1.003795,-0.976900,-0.294326
32.030000,-0.204197,-0.938174,-1.305251,-0.303906
32.040000,-0.213848,-0.921629,-1.112851,-0.313277
32.050000,-0.223054,-1.055597,-1.002283,-0.321880
32.060000,-0.232714,-0.823085,-1.489522,-0.330782
32.070000,-0.241246,-0.988649,-0.980158,-0.339086
32.080000,-0.251112,-0.804396,-0.801945,-0.347436
32.090000,-0.259505,-0.948183,-0.606509,-0.356159
32.100000,-0.268944,-0.852837,-1.469389,-0.364247
32.110000,-0.277465,-0.920020,-0.914664,-0.373609
32.120000,-0.286342,-0.958902,-1.547835,-0.381770
32.130000,-0.295384,-0.963331,-1.026451,-0.391059
32.140000,-0.303882,-0.909450,-1.346509,-0.398946
32.150000,-0.313460,-0.834212,-0.932865,-0.406285
32.160000,-0.322139,-0.831539,-1.218718,-0.415143
32.170000,-0.330426,-0.830769,-0.951691,-0.423166
32.180000,-0.339342,-0.871690,-1.015385,-0.430974
32.190000,-0.347455,-0.742857,-0.889503,-0.439591
32.200000,-0.356172,-0.829285,-1.322287,-0.447405
32.210000,-0.364377,-0.757295,-0.747216,-0.455797
32.220000,-0.373136,-0.870173,-0.838187,-0.463720
32.230000,-0.381392,-0.809527,-0.717589,-0.472190
32.240000,-0.389934,-0.833637,-0.994253,-0.479421
32.250000,-0.397857,-0.792993,-1.053427,-0.486975
32.260000,-0.406199,-0.888229,-1.048370,-0.494567
32.270000,-0.414836,-0.787516,-1.992131,-0.502387
32.280000,-0.422973,-0.819498,-0.601979,-0.509806
32.290000,-0.430893,-0.772686,-1.237351,-0.517423
32.300000,-0.437972,-0.867704,-1.101499,-0.524838
32.310000,-0.446355,-0.805097,-0.757414,-0.532302
32.320000,-0.453713,-0.841552,-1.141250,-0.538957
32.330000,-0.461677,-0.852408,-1.131570,-0.545504
32.340000,-0.469627,-0.847077,-0.971685,-0.552799
32.350000,-0.476865,-0.813606,-1.792465,-0.559639
32.360000,-0.484283,-0.742857,-1.200000,-0.566341
32.370000,-0.491337,-0.682604,-1.050652,-0.572570
32.380000,-0.498967,-0.582456,-0.828607,-0.579195
32.390000,-0.506827,-0.696758,-1.000385,-0.585353
32.400000,-0.513989,-0.649555,-1.073931,-0.593076
32.410000,-0.520389,-0.757596,-1.078740,-0.601181
32.420000,-0.527456,-0.858290,-1.092975,-0.609012
32.430000,-0.533766,-0.683410,-1.727536,-0.617075
32.440000,-0.541318,-0.683990,-1.200000,-0.624846
32.450000,-0.549278,-0.602198,-1.281058,-0.632553
32.460000,-0.556574,-0.773572,-0.851879,-0.639788
32.470000,-0.563836,-0.711729,-1.010362,-0.647390
32.480000,-0.571358,-0.848543,-1.276087,-0.654669
32.490000,-0.577858,-0.767108,-1.261538,-0.661499
32.500000,-0.584966,-0.684889,-1.380242,-0.667968
32.510000,-0.593451,-0.696556,-1.456701,-0.673805
32.520000,-0.599649,-0.602198,-1.046394,-0.679199
32.530000,-0.606999,-0.738200,-1.167403,-0.683561
32.540000,-0.613887,-0.646154,-1.308897,-0.687532
32.550000,-0.619923,-0.612901,-1.232135,-0.692114
32.560000,-0.626517,-0.638478,-1.076923,-0.696302
32.570000,-0.632087,-0.515466,-0.686751,-0.700434
32.580000,-0.637802,-0.557468,-1.181192,-0.704765
32.590000,-0.643372,-0.577481,-1.058836,-0.708947
32.600000,-0.648352,-0.445831,-1.686765,-0.712621
32.610000,-0.653607,-0.490618,-1.026034,-0.716235
32.620000,-0.658404,-0.576792,-0.919399,-0.720054
32.630000,-0.663411,-0.401142,-1.165234,-0.723915
32.640000,-0.667767,-0.454768,-1.432005,-0.727085
32.650000,-0.672074,-0.414516,-1.635297,-0.730513
32.660000,-0.676854,-0.523077,-0.737842,-0.733751
32.670000,-0.680895,-0.366613,-1.384615,-0.736823
32.680000,-0.684804,-0.464084,-0.892308,-0.740204
32.690000,-0.688629,-0.362193,-1.220225,-0.743354
32.700000,-0.693556,-0.482934,-1.831329,-0.746242
32.710000,-0.697140,-0.312008,-1.806467,-0.748973
32.720000,-0.700329,-0.379413,-1.270836,-0.752412
32.730000,-0.703642,-0.364677,-0.892308,-0.755822
32.740000,-0.707065,-0.326832,-1.599034,-0.759116
32.750000,-0.711279,-0.399860,-1.139439,-0.761969
32.760000,-0.714255,-0.305309,-1.924376,-0.763826
32.770000,-0.717540,-0.318130,-0.839720,-0.765750
32.780000,-0.720699,-0.336181,-1.039329,-0.767360
32.790000,-0.723468,-0.282228,-1.558630,-0.768932
32.800000,-0.726902,-0.338462,-1.083300,-0.770136
32.810000,-0.729565,-0.233905,-1.021953,-0.771542
32.820000,-0.731765,-0.197802,-0.707692,-0.772927
32.830000,-0.733762,-0.189415,-1.025760,-0.774366
32.840000,-0.736005,-0.196596,-1.402724,-0.775519
32.850000,-0.738077,-0.204499,-1.174804,-0.776791
32.860000,-0.739801,-0.199426,-1.060845,-0.777745
32.870000,-0.742016,-0.219949,-1.047336,-0.778981
32.880000,-0.744412,-0.210666,-1.339592,-0.779891
32.890000,-0.746135,-0.172870,-0.787138,-0.780647
32.900000,-0.747813,-0.139498,-1.282722,-0.781547
32.910000,-0.748646,-0.118669,-1.752595,-0.782323
32.920000,-0.749988,-0.123230,-1.174604,-0.782927
32.930000,-0.750968,-0.111432,-1.205397,-0.783582
32.940000,-0.752079,-0.113360,-1.805665,-0.784221
32.950000,-0.753223,-0.101099,-1.261538,-0.784717
32.960000,-0.754216,-0.118681,-1.618759,-0.785036
32.970000,-0.755131,-0.095332,-0.734763,-0.785240
32.980000,-0.756099,-0.104505,-1.104638,-0.785372
32.990000,-0.757101,-0.117225,-1.508051,-0.785393
33.000000,-0.758183,-0.118681,-1.667377,-0.785305
33.010000,-0.759327,-0.111408,-1.006963,-0.785094
33.020000,-0.760472,-0.118681,-0.866648,-0.784754
33.030000,-0.761202,-0.065934,-1.036150,-0.784262
33.040000,-0.761616,-0.057143,-1.015385,-0.783680
33.050000,-0.761997,-0.002500,-1.068453,-0.783012
33.060000,-0.761997,0.004170,-1.200000,-0.782102
33.070000,-0.761997,-0.004392,-1.076973,-0.781080
33.080000,-0.761997,-0.009186,-1.121522,-0.779929
33.090000,-0.761771,0.004396,-0.975584,-0.778709
33.100000,-0.761997,-0.013066,-0.827393,-0.777309
33.110000,-0.761616,-0.004396,-0.980326,-0.775763
33.120000,-0.761616,-0.003538,-0.821011,-0.774171
33.130000,-0.761616,-0.004396,-0.490393,-0.772407
33.140000,-0.761616,0.002244,-0.261861,-0.770634
33.150000,-0.761616,-0.004396,-0.421465,-0.768859
33.160000,-0.761616,-0.004396,-0.461538,-0.766714
33.170000,-0.761616,0.004396,-0.275171,-0.764454
33.180000,-0.761616,-0.001723,-0.144492,-0.762126
33.190000,-0.761616,-0.010408,-0.092308,-0.759525
33.200000,-0.761616,-0.001876,-0.048405,-0.757155
33.210000,-0.761616,-0.003546,-0.104203,-0.754654
33.220000,-0.761616,0.000740,0.200146,-0.751779
33.230000,-0.761616,-0.004396,0.504421,-0.748966
33.240000,-0.761616,0.006291,0.364998,-0.746074
33.250000,-0.761234,0.002343,0.594904,-0.742996
33.260000,-0.761234,0.010612,0.736288,-0.740856
33.270000,-0.761234,0.011164,1.048598,-0.737887
33.280000,-0.760853,0.015218,0.797668,-0.735400
33.290000,-0.760472,0.059491,1.015385,-0.732814
33.300000,-0.759709,0.056788,1.308189,-0.729714
33.310000,-0.759327,0.049921,1.032988,-0.726617
33.320000,-0.758564,0.093857,1.587275,-0.722641
33.330000,-0.757420,0.109890,0.908487,-0.719088
33.340000,-0.756275,0.131634,1.167589,-0.714761
33.350000,-0.754720,0.153179,1.465666,-0.710472
33.360000,-0.752820,0.206086,1.134908,-0.706314
33.370000,-0.750423,0.197802,1.033216,-0.701830
33.380000,-0.748091,0.227379,1.479705,-0.697018
33.390000,-0.744853,0.346994,1.158414,-0.692466
33.400000,-0.741541,0.356591,1.426918,-0.687586
33.410000,-0.738146,0.324655,1.273107,-0.683489
33.420000,-0.734768,0.332289,1.511101,-0.678725
33.430000,-0.731374,0.310781,1.410811,-0.673835
33.440000,-0.727968,0.438658,1.039016,-0.668665
33.450000,-0.723360,0.388718,1.224648,-0.662951
33.460000,-0.719123,0.419878,1.253504,-0.657847
33.470000,-0.715193,0.364134,1.010857,-0.652764
33.480000,-0.710011,0.544306,1.089379,-0.647978
33.490000,-0.705454,0.428326,1.288869,-0.642380
33.500000,-0.700576,0.514067,1.200000,-0.636965
33.510000,-0.696384,0.426374,1.323077,-0.631007
33.520000,-0.691049,0.554142,1.568770,-0.624958
33.530000,-0.686265,0.492533,1.132150,-0.619012
33.540000,-0.681489,0.417975,1.446841,-0.612510
33.550000,-0.675639,0.614087,1.174801,-0.606740
33.560000,-0.670448,0.540542,1.385433,-0.600215
33.570000,-0.664627,0.474792,0.795978,-0.594299
33.580000,-0.659290,0.700372,0.697395,-0.588454
33.590000,-0.653302,0.550335,1.019513,-0.582150
33.600000,-0.647951,0.488609,1.195119,-0.575571
33.610000,-0.641985,0.662006,1.212112,-0.568575
33.620000,-0.635838,0.592155,1.164851,-0.561691
33.630000,-0.629934,0.549651,1.347973,-0.554673
33.640000,-0.623506,0.666387,0.589688,-0.546985
33.650000,-0.617135,0.588012,1.076923,-0.539256
33.660000,-0.611118,0.663736,1.189429,-0.531796
33.670000,-0.604113,0.738825,0.975461,-0.524601
33.680000,-0.597704,0.644509,1.691094,-0.517406
33.690000,-0.590130,0.734540,0.617458,-0.510802
33.700000,-0.583199,0.604813,1.063587,-0.503169
33.710000,-0.576992,0.742616,1.137617,-0.495276
33.720000,-0.569435,0.722579,0.833558,-0.487342
33.730000,-0.563022,0.746896,1.422856,-0.478903
33.740000,-0.554753,0.795604,0.922272,-0.471297
33.750000,-0.548377,0.637073,1.056072,-0.463603
33.760000,-0.540684,0.709010,1.800013,-0.455232
33.770000,-0.532610,0.649992,0.553349,-0.447754
33.780000,-0.524380,0.763336,0.806937,-0.439637
33.790000,-0.517409,0.792735,1.545413,-0.431048
33.800000,-0.510057,0.891764,0.842286,-0.423413
33.810000,-0.501997,0.836882,0.341347,-0.415346
33.820000,-0.494560,0.822514,1.197322,-0.406431
33.830000,-0.485784,0.834874,0.888235,-0.398401
33.840000,-0.478788,0.855455,1.316964,-0.389783
33.850000,-0.470033,0.874725,1.080559,-0.381066
33.860000,-0.462011,0.834802,1.261538,-0.372744
33.870000,-0.454185,0.906351,1.138462,-0.364130
33.880000,-0.446427,0.779635,1.395418,-0.356167
33.890000,-0.437194,0.869800,0.829741,-0.348211
33.900000,-0.430067,0.790011,1.359902,-0.340330
33.910000,-0.421198,0.848603,0.661967,-0.331419
33.920000,-0.413416,0.794981,1.257178,-0.322482
33.930000,-0.404962,0.864727,0.475007,-0.314663
33.940000,-0.396680,0.759847,1.402364,-0.305694
33.950000,-0.388157,0.857062,0.892686,-0.296145
33.960000,-0.379261,0.856369,1.159877,-0.287248
33.970000,-0.371295,0.907705,0.896132,-0.277864
33.980000,-0.363779,0.762374,1.459696,-0.268968
33.990000,-0.354544,0.856505,1.138462,-0.259036
34.000000,-0.345721,0.879552,1.241714,-0.252097
34.010000,-0.336655,0.865842,1.015514,-0.244173
34.020000,-0.328819,0.830173,1.261538,-0.237138
34.030000,-0.320766,0.821193,0.956592,-0.230259
34.040000,-0.312213,0.797049,1.133966,-0.222372
34.050000,-0.303520,0.788024,1.006355,-0.214112
34.060000,-0.295759,0.803153,1.031856,-0.206129
34.070000,-0.287194,0.800582,0.993885,-0.196909
34.080000,-0.279510,0.766412,1.274308,-0.186659
34.090000,-0.270275,0.778696,0.936478,-0.175639
34.100000,-0.262093,0.855162,1.349111,-0.165153
34.110000,-0.252724,0.843363,1.083704,-0.156105
34.120000,-0.244921,0.907208,1.194779,-0.145947
34.130000,-0.235018,0.866337,0.737494,-0.136514
34.140000,-0.226603,0.918681,1.237840,-0.126639
34.150000,-0.216852,0.794426,1.532786,-0.115991
34.160000,-0.207582,0.931724,1.626435,-0.105306
34.170000,-0.198984,0.818901,1.531967,-0.095294
34.180000,-0.189445,0.969973,0.950451,-0.084996
34.190000,-0.179732,0.978063,1.213314,-0.073921
34.200000,-0.169844,1.065745,1.295231,-0.063725
34.210000,-0.159856,1.111059,1.077814,-0.053517
34.220000,-0.149342,0.824622,1.936538,-0.043810
34.230000,-0.139864,1.013073,1.624269,-0.034224
34.240000,-0.129839,1.021591,1.305633,-0.023917
34.250000,-0.119176,1.048916,1.127029,-0.013662
34.260000,-0.109235,1.027171,1.245280,-0.003781
34.270000,-0.099747,0.812979,0.736277,0.007310
34.280000,-0.089523,0.999335,0.699802,0.017787
34.290000,-0.080301,1.015385,1.323077,0.027330
34.300000,-0.068865,0.975411,0.156565,0.037233
34.310000,-0.058279,1.018100,0.693200,0.047946
34.320000,-0.048960,0.853113,0.996502,0.057566
34.330000,-0.038105,1.075218,1.053057,0.068306
34.340000,-0.028693,1.095580,1.465054,0.078479
34.350000,-0.017471,0.920377,1.222940,0.089700
34.360000,-0.007561,0.960200,1.156817,0.100140
34.370000,0.001774,0.862200,1.726077,0.110272
34.380000,0.013580,1.068995,1.289287,0.119965
34.390000,0.022273,1.169280,0.619461,0.129728
34.400000,0.033792,0.870696,0.739761,0.140547
34.410000,0.043633,1.019409,1.022773,0.150660
34.420000,0.053029,0.984711,1.414718,0.160264
34.430000,0.063427,1.026807,0.590906,0.168700
34.440000,0.072743,1.067309,1.068278,0.178757
34.450000,0.082565,0.875647,1.019257,0.189824
34.460000,0.093081,1.111029,0.869074,0.200796
34.470000,0.103386,1.001488,1.203968,0.209946
34.480000,0.112938,0.995525,0.744170,0.219756
34.490000,0.123268,1.030828,1.727215,0.230819
34.500000,0.132754,0.837356,1.369313,0.240028
34.510000,0.143692,1.064883,0.523077,0.250096
34.520000,0.153303,1.029380,1.250220,0.260045
34.530000,0.163656,0.983630,1.040185,0.269506
34.540000,0.172588,1.130190,1.073285,0.279184
34.550000,0.183390,0.848352,1.420433,0.289105
34.560000,0.193606,1.043749,0.903919,0.298501
34.570000,0.202997,1.038569,1.323077,0.307663
34.580000,0.213327,1.060624,1.156431,0.316845
34.590000,0.222583,1.033861,0.039534,0.326256
34.600000,0.232869,0.781969,1.050163,0.335530
34.610000,0.242997,0.936264,1.089321,0.344053
34.620000,0.251621,0.871736,1.485169,0.353288
34.630000,0.261713,1.015385,1.165797,0.362472
34.640000,0.270479,1.033581,1.152772,0.371685
34.650000,0.280439,0.884131,0.725761,0.381631
34.660000,0.290675,0.909599,0.646154,0.390570
34.670000,0.299050,0.796012,1.036169,0.399987
34.680000,0.308621,0.937781,0.557136,0.409452
34.690000,0.317365,0.834638,1.456004,0.418631
34.700000,0.327276,1.006593,1.164344,0.427643
34.710000,0.336047,0.974610,1.368707,0.437080
34.720000,0.345842,1.026588,1.200000,0.446151
34.730000,0.354987,1.128973,1.009527,0.454698
34.740000,0.364341,0.965086,0.747454,0.463867
34.750000,0.373445,0.979628,1.571302,0.473148
34.760000,0.382457,0.784898,0.788254,0.480799
34.770000,0.391711,0.918639,0.810159,0.488566
34.780000,0.400665,0.767936,1.129397,0.496657
34.790000,0.410523,0.890050,0.870450,0.504771
34.800000,0.418333,0.856795,1.207315,0.513229
34.810000,0.427798,0.814574,0.958161,0.520627
34.820000,0.435934,0.828217,1.146398,0.528905
34.830000,0.444456,0.834475,1.040221,0.536389
34.840000,0.452347,0.876092,1.014931,0.544439
34.850000,0.461476,0.820094,0.912085,0.552184
34.860000,0.469287,0.826890,1.258297,0.559877
34.870000,0.477538,0.834111,0.891768,0.566770
34.880000,0.485485,0.845040,1.170912,0.574068
34.890000,0.493972,0.839620,0.953846,0.581498
34.900000,0.500676,0.794850,1.075163,0.588995
34.910000,0.508573,0.770663,1.108395,0.595903
34.920000,0.516617,0.717263,1.469523,0.602707
34.930000,0.524048,0.699474,0.866890,0.609268
34.940000,0.531921,0.579068,1.114765,0.615973
34.950000,0.539537,0.724782,0.950731,0.622646
34.960000,0.546438,0.675834,1.197896,0.629202
34.970000,0.552956,0.801834,1.075817,0.635797
34.980000,0.560665,0.725275,1.171943,0.642012
34.990000,0.567189,0.658687,1.022133,0.647691
35.000000,0.574440,0.671640,0.667388,0.653580
35.010000,0.581350,0.550296,1.364691,0.659085
35.020000,0.588332,0.747333,1.309105,0.664689
35.030000,0.594930,0.696149,0.921526,0.670383
35.040000,0.600604,0.588676,1.351482,0.676340
35.050000,0.608152,0.651874,1.225076,0.681939
35.060000,0.614025,0.539550,0.199859,0.687442
35.070000,0.619897,0.712064,0.938545,0.692637
35.080000,0.626513,0.648959,0.660880,0.697797
35.090000,0.631847,0.499280,1.246943,0.702683
35.100000,0.638007,0.628932,1.212619,0.707499
35.110000,0.644521,0.585022,0.948158,0.711817
35.120000,0.649528,0.522320,1.114025,0.716063
35.130000,0.655643,0.569619,0.480153,0.720126
35.140000,0.660694,0.512846,0.939698,0.724388
35.150000,0.665418,0.440901,0.378676,0.728740
35.160000,0.670159,0.582365,1.061759,0.732792
35.170000,0.675418,0.476804,1.095718,0.736383
35.180000,0.680147,0.438755,1.440099,0.740005
35.190000,0.684543,0.496200,1.197650,0.743435
35.200000,0.689181,0.408791,1.324914,0.746624
35.210000,0.693639,0.420162,1.015385,0.749602
35.220000,0.697715,0.332005,1.082038,0.752689
35.230000,0.701515,0.429504,1.108933,0.755578
35.240000,0.705827,0.362511,-0.002959,0.758379
35.250000,0.709386,0.346521,0.969219,0.761055
35.260000,0.712975,0.360495,1.199228,0.763625
35.270000,0.715857,0.311669,1.243931,0.766108
35.280000,0.719243,0.390535,1.039077,0.768394
35.290000,0.723062,0.286294,1.064742,0.770557
35.300000,0.725855,0.263614,1.045298,0.772529
35.310000,0.728747,0.273880,0.447916,0.774433
35.320000,0.731505,0.250549,0.867299,0.776098
35.330000,0.734117,0.276923,1.076923,0.777698
35.340000,0.736944,0.299027,1.231650,0.779152
35.350000,0.739420,0.202693,1.224858,0.780473
35.360000,0.741518,0.168167,0.927536,0.781613
35.370000,0.743273,0.163389,1.200000,0.782618
35.380000,0.744831,0.167473,1.261538,0.783492
35.390000,0.746738,0.171429,1.264687,0.784198
35.400000,0.748691,0.180220,1.073698,0.784733
35.410000,0.750398,0.203008,0.892308,0.785104
35.420000,0.752327,0.156931,0.641854,0.785320
35.430000,0.753544,0.077539,0.752058,0.785397
35.440000,0.754368,0.048805,1.553347,0.785344
35.450000,0.754502,0.018879,0.932153,0.785145
35.460000,0.755131,0.048352,1.658995,0.784782
35.470000,0.755512,0.035949,1.296698,0.784250
35.480000,0.755894,-0.007485,0.953846,0.783544
35.490000,0.755894,-0.002616,1.237381,0.782800
35.500000,0.755894,-0.004396,0.670914,0.781885
35.510000,0.755894,-0.004396,1.376265,0.780901
35.520000,0.755894,0.002080,1.809107,0.779839
35.530000,0.755894,0.002674,0.789503,0.778596
35.540000,0.755894,-0.004396,1.015385,0.777173
35.550000,0.755894,0.003421,0.899128,0.775515
35.560000,0.755894,0.004396,0.248245,0.773728
35.570000,0.755894,0.001170,0.646154,0.771847
35.580000,0.755894,-0.001695,0.061757,0.769684
35.590000,0.755894,-0.010346,0.068654,0.767500
35.600000,0.755651,-0.004396,0.651518,0.765314
35.610000,0.755512,-0.004644,0.521340,0.762854
35.620000,0.755512,-0.004396,-0.338462,0.760174
35.630000,0.755512,-0.004396,-0.125220,0.757385
35.640000,0.755512,-0.004396,0.048791,0.754288
35.650000,0.755512,-0.013187,-0.102537,0.751166
35.660000,0.755512,-0.006603,-0.630437,0.747893
35.670000,0.755512,-0.013187,-0.572167,0.744547
35.680000,0.755131,-0.017120,-0.911748,0.741042
35.690000,0.755131,-0.013187,-0.610162,0.737516
35.700000,0.755131,-0.024890,-1.508078,0.733443
35.710000,0.754749,-0.057143,-1.136947,0.729562
35.720000,0.753692,-0.118681,-0.973468,0.725915
35.730000,0.752085,-0.180220,-0.710739,0.721861
35.740000,0.750777,-0.166271,-0.989952,0.717529
35.750000,0.749171,-0.132956,-0.938622,0.713214
35.760000,0.747883,-0.112337,-1.444557,0.708753
35.770000,0.746563,-0.166681,-1.238153,0.703894
35.780000,0.744803,-0.208533,-0.999093,0.699650
35.790000,0.742420,-0.259178,-1.282431,0.695323
35.800000,0.739475,-0.285714,-1.325509,0.690261
35.810000,0.736462,-0.398385,-1.034222,0.685463
35.820000,0.733018,-0.304485,-1.027860,0.680447
35.830000,0.729680,-0.366177,-1.618981,0.674692
35.840000,0.725948,-0.382418,-1.230684,0.668766
35.850000,0.721922,-0.428299,-1.997523,0.662905
35.860000,0.717553,-0.422042,-1.170584,0.657004
35.870000,0.713427,-0.443563,-1.611541,0.651571
35.880000,0.707927,-0.457302,-0.960705,0.645826
35.890000,0.702873,-0.616605,-1.116971,0.639724
35.900000,0.698558,-0.438696,-1.482973,0.633809
35.910000,0.693451,-0.553583,-1.472803,0.627578
35.920000,0.688744,-0.514955,-1.199574,0.621265
35.930000,0.682295,-0.500647,-1.191491,0.614696
35.940000,0.677222,-0.596100,-1.185772,0.607351
35.950000,0.671697,-0.589412,-1.394938,0.600996
35.960000,0.665430,-0.541513,-0.862910,0.594130
35.970000,0.659741,-0.620727,-0.887337,0.587845
35.980000,0.653557,-0.660796,-1.076923,0.580949
35.990000,0.646885,-0.548916,-1.395847,0.574299
36.000000,0.640938,-0.653429,-0.697079,0.567057
36.010000,0.634547,-0.686150,-1.144562,0.559541
36.020000,0.628320,-0.676690,-0.957076,0.551577
36.030000,0.621306,-0.694990,-0.865965,0.543419
36.040000,0.614296,-0.572237,-1.099563,0.535231
36.050000,0.607905,-0.692845,-1.134632,0.527282
36.060000,0.600000,-0.661607,-1.176682,0.518832
36.070000,0.593548,-0.788075,-0.778065,0.510541
36.080000,0.585578,-0.820806,-1.122059,0.501835
36.090000,0.578408,-0.820514,-1.504034,0.492968
36.100000,0.570969,-0.813649,-1.522268,0.484680
36.110000,0.563520,-0.699725,-0.697906,0.476958
36.120000,0.555119,-0.801913,-0.701765,0.468144
36.130000,0.547454,-0.679092,-2.149540,0.459510
36.140000,0.538895,-0.779417,-1.448107,0.450528
36.150000,0.531182,-0.758999,-1.624385,0.441253
36.160000,0.523148,-0.760440,-1.131047,0.431720
36.170000,0.514888,-0.694086,-1.094319,0.422366
36.180000,0.506382,-0.828247,-1.111713,0.413152
36.190000,0.497946,-0.738002,-1.384615,0.404115
36.200000,0.488152,-0.881001,-1.041706,0.394331
36.210000,0.480536,-0.780601,-1.250667,0.384694
36.220000,0.471276,-0.900242,-0.809740,0.374970
36.230000,0.461648,-0.874793,-1.373806,0.365658
36.240000,0.453215,-0.928445,-1.507984,0.355810
36.250000,0.444593,-0.867405,-1.628602,0.346848
36.260000,0.434536,-0.941837,-1.090796,0.336604
36.270000,0.425154,-1.021986,-1.123130,0.326519
36.280000,0.416783,-0.908019,-0.972077,0.317101
36.290000,0.407429,-0.955593,-1.204012,0.308457
36.300000,0.397998,-0.840928,-1.303933,0.297905
36.310000,0.387463,-1.089564,-1.093414,0.288374
36.320000,0.378735,-1.024390,-1.118949,0.279321
36.330000,0.369213,-1.025358,-1.166272,0.269427
36.340000,0.359834,-0.982261,-0.935182,0.259705
36.350000,0.350178,-0.825780,-0.840125,0.249671
36.360000,0.340956,-0.898548,-1.068952,0.238792
36.370000,0.330930,-0.863966,-1.400836,0.229008
36.380000,0.321119,-1.072866,-1.637077,0.218255
36.390000,0.311574,-1.017666,-1.190136,0.207761
36.400000,0.301212,-0.988088,-1.101451,0.196947
36.410000,0.290973,-0.970290,-0.826817,0.186375
36.420000,0.281632,-0.830726,-0.821045,0.175549
36.430000,0.270808,-1.106933,-1.052612,0.165025
36.440000,0.261253,-1.097366,-1.128450,0.153738
36.450000,0.249643,-0.930252,-0.853394,0.142145
36.460000,0.240203,-1.089059,-0.808780,0.131292
36.470000,0.229142,-1.054779,-1.235052,0.121764
36.480000,0.219414,-1.150263,-1.056689,0.110866
36.490000,0.208194,-1.040376,-0.787164,0.100702
36.500000,0.198228,-0.909093,-1.488553,0.089463
36.510000,0.187598,-1.204926,-1.411670,0.079187
36.520000,0.176578,-1.121842,-1.250821,0.069260
36.530000,0.166638,-0.947920,-1.015385,0.058252
36.540000,0.156519,-1.001326,-1.618437,0.047429
36.550000,0.146333,-1.009354,-1.371995,0.036723
36.560000,0.134991,-1.101778,-1.174547,0.026453
36.570000,0.125201,-1.162213,-0.896897,0.014973
36.580000,0.114866,-0.936194,-1.027887,0.004102
36.590000,0.103705,-1.063990,-1.366474,-0.006882
36.600000,0.093666,-1.151951,-1.468146,-0.017991
36.610000,0.081539,-0.980318,-2.075283,-0.029837
36.620000,0.070397,-1.156129,-1.260942,-0.041352
36.630000,0.061215,-1.116063,-1.346971,-0.052909
36.640000,0.049242,-0.960897,-1.111044,-0.063797
36.650000,0.038279,-1.267279,-1.138462,-0.075560
36.660000,0.027331,-1.125913,-1.384357,-0.086925
36.670000,0.016692,-0.923138,-1.168519,-0.097187
36.680000,0.005533,-1.226278,-1.784755,-0.108647
36.690000,-0.005571,-1.166189,-0.800830,-0.119750
36.700000,-0.016433,-0.970072,-0.803924,-0.131262
36.710000,-0.028076,-1.139832,-1.290509,-0.142484
36.720000,-0.040157,-1.181737,-1.136874,-0.153364
36.730000,-0.050571,-1.040928,-1.025369,-0.164454
36.740000,-0.062371,-1.287912,-1.261538,-0.174144
36.750000,-0.072945,-1.248899,-1.209638,-0.184744
36.760000,-0.084194,-0.929795,-1.364856,-0.196418
36.770000,-0.094723,-1.234290,-0.950573,-0.208064
36.780000,-0.105763,-1.209323,-1.184453,-0.219497
36.790000,-0.116541,-0.918655,-0.892308,-0.230972
36.800000,-0.128224,-1.207690,-1.430577,-0.241543
36.810000,-0.138489,-1.210283,-1.132418,-0.252150
36.820000,-0.150082,-0.918204,-1.098997,-0.263515
36.830000,-0.161983,-1.251894,-0.823242,-0.273424
36.840000,-0.173407,-1.076521,-1.091237,-0.284642
36.850000,-0.182819,-0.965099,-0.922069,-0.294989
36.860000,-0.194480,-1.189376,-1.165925,-0.305437
36.870000,-0.203804,-1.074747,-1.322944,-0.314789
36.880000,-0.216642,-0.912139,-1.055005,-0.324416
36.890000,-0.226052,-1.072204,-1.440961,-0.335162
36.900000,-0.236108,-0.985721,-1.337767,-0.345191
36.910000,-0.247940,-1.123064,-1.224541,-0.355829
36.920000,-0.257303,-1.167165,-1.198989,-0.365149
36.930000,-0.267935,-0.992460,-1.577540,-0.375291
36.940000,-0.277997,-1.116887,-1.259675,-0.384475
36.950000,-0.289200,-1.006981,-1.138462,-0.394373
36.960000,-0.298676,-0.893213,-0.954976,-0.404116
36.970000,-0.309263,-1.029982,-1.523538,-0.413255
36.980000,-0.318359,-1.053612,-1.598188,-0.423325
36.990000,-0.328804,-1.059527,-1.024548,-0.432655
37.000000,-0.338545,-0.976643,-1.000573,-0.441860
37.010000,-0.348720,-0.840378,-1.362194,-0.451355
37.020000,-0.357722,-0.910278,-1.258825,-0.460902
37.030000,-0.367284,-0.864753,-1.283582,-0.468661
37.040000,-0.376843,-1.044880,-1.511710,-0.477547
37.050000,-0.386601,-0.998912,-1.180782,-0.486433
37.060000,-0.397493,-0.875573,-1.375619,-0.493999
37.070000,-0.406238,-0.937828,-0.482608,-0.502208
37.080000,-0.414806,-0.854196,-1.373482,-0.509645
37.090000,-0.424094,-0.887814,-1.335181,-0.517939
37.100000,-0.432984,-0.772404,-0.960902,-0.526488
37.110000,-0.441763,-0.923258,-0.895345,-0.533873
37.120000,-0.449575,-0.713747,-1.466327,-0.540383
37.130000,-0.458135,-0.819186,-1.599915,-0.546853
37.140000,-0.466179,-0.652428,-0.987150,-0.553295
37.150000,-0.474833,-0.778766,-1.129640,-0.559732
37.160000,-0.482403,-0.646992,-1.211734,-0.567734
37.170000,-0.490118,-0.763193,-1.192800,-0.574935
37.180000,-0.497644,-0.661264,-0.971153,-0.582132
37.190000,-0.505603,-0.754246,-0.707692,-0.589088
37.200000,-0.512658,-0.753572,-1.430495,-0.595707
37.210000,-0.520509,-0.792787,-1.074553,-0.602630
37.220000,-0.527209,-0.863961,-1.189236,-0.609073
37.230000,-0.534793,-0.727888,-1.698962,-0.616138
37.240000,-0.541837,-0.697767,-0.812248,-0.622284
37.250000,-0.548811,-0.605628,-1.622493,-0.628225
37.260000,-0.555687,-0.767657,-1.244698,-0.634986
37.270000,-0.562393,-0.723130,-1.123448,-0.641235
37.280000,-0.569080,-0.693649,-1.207078,-0.646330
37.290000,-0.575675,-0.670034,-1.402070,-0.651983
37.300000,-0.582927,-0.553507,-1.661079,-0.658130
37.310000,-0.589151,-0.705944,-0.781470,-0.663890
37.320000,-0.595987,-0.685353,-1.496594,-0.669348
37.330000,-0.601666,-0.535501,-1.252511,-0.674743
37.340000,-0.607433,-0.624886,-0.396426,-0.680451
37.350000,-0.613880,-0.604611,-1.387042,-0.685518
37.360000,-0.619637,-0.565427,-1.211239,-0.690496
37.370000,-0.625891,-0.598516,-1.212888,-0.694902
37.380000,-0.631354,-0.477750,-1.776998,-0.700189
37.390000,-0.636878,-0.549563,-1.320331,-0.704966
37.400000,-0.642343,-0.609509,-0.399382,-0.709921
37.410000,-0.647702,-0.480457,-1.649477,-0.714223
37.420000,-0.652412,-0.532490,-1.294486,-0.718775
37.430000,-0.657547,-0.553416,-1.718161,-0.723043
37.440000,-0.663075,-0.428624,-1.374954,-0.726901
37.450000,-0.667628,-0.523992,-1.153331,-0.731276
37.460000,-0.672595,-0.482287,-1.099083,-0.735024
37.470000,-0.677747,-0.504116,-1.147444,-0.738592
37.480000,-0.681888,-0.400022,-1.138512,-0.742030
37.490000,-0.687138,-0.435165,-1.109224,-0.745589
37.500000,-0.690661,-0.441041,-1.494403,-0.748805
37.510000,-0.695383,-0.415352,-1.253823,-0.752003
37.520000,-0.698847,-0.340422,-1.829886,-0.754959
37.530000,-0.703253,-0.402952,-1.179338,-0.757852
37.540000,-0.707081,-0.339552,-1.207631,-0.760396
37.550000,-0.711280,-0.417140,-0.969337,-0.762945
37.560000,-0.714724,-0.310071,-1.877274,-0.765365
37.570000,-0.717725,-0.361352,-1.193034,-0.767591
37.580000,-0.721125,-0.333469,-1.033110,-0.770048
37.590000,-0.724094,-0.323323,-1.266649,-0.772283
37.600000,-0.727767,-0.338462,-0.810674,-0.774261
37.610000,-0.730578,-0.265333,-1.233654,-0.775995
37.620000,-0.733287,-0.265841,-1.141077,-0.777641
37.630000,-0.735715,-0.250549,-1.089655,-0.779118
37.640000,-0.738241,-0.237822,-1.261538,-0.780489
37.650000,-0.740690,-0.251821,-1.121431,-0.781659
37.660000,-0.743332,-0.276313,-0.746100,-0.782598
37.670000,-0.745817,-0.224176,-1.351313,-0.783438
37.680000,-0.747501,-0.178195,-1.114778,-0.784139
37.690000,-0.749276,-0.148121,-0.523077,-0.784664
37.700000,-0.750553,-0.134749,-2.046810,-0.785074
37.710000,-0.751849,-0.134607,-1.448517,-0.785310
37.720000,-0.753223,-0.130821,-1.189258,-0.785391
37.730000,-0.754033,-0.117616,-1.037759,-0.785367
37.740000,-0.755136,-0.118425,-1.076923,-0.785208
37.750000,-0.756304,-0.092308,-1.133890,-0.784835
37.760000,-0.757317,-0.101099,-1.249669,-0.784223
37.770000,-0.758183,-0.092308,-0.985448,-0.783405
37.780000,-0.759236,-0.092308,-1.153106,-0.782350
37.790000,-0.759919,-0.101099,-1.112685,-0.781035
37.800000,-0.760472,-0.027030,-1.147651,-0.779512
37.810000,-0.760472,-0.007109,-1.019938,-0.777807
37.820000,-0.760472,-0.013187,-0.892308,-0.775891
37.830000,-0.760472,-0.009946,-0.876136,-0.773756
37.840000,-0.760472,-0.004396,-0.590813,-0.771532
37.850000,-0.760472,-0.004396,-0.802081,-0.769132
37.860000,-0.760472,0.019452,-0.690011,-0.766434
37.870000,-0.760472,0.011918,-0.509750,-0.763676
37.880000,-0.760472,-0.007872,-0.080849,-0.760580
37.890000,-0.760472,-0.004396,0.067452,-0.757339
37.900000,-0.760472,0.011485,0.080393,-0.753897
37.910000,-0.760472,0.001835,0.100069,-0.750419
37.920000,-0.760090,0.004396,0.254012,-0.746380
37.930000,-0.760090,0.004396,0.492443,-0.742473
37.940000,-0.760090,0.009307,0.912242,-0.738236
37.950000,-0.760090,0.005055,1.138462,-0.733636
37.960000,-0.759709,0.015751,1.138462,-0.728752
37.970000,-0.759327,0.056050,1.515682,-0.723973
37.980000,-0.758183,0.129183,1.153794,-0.718901
37.990000,-0.757038,0.159888,0.857842,-0.713507
38.000000,-0.754750,0.206593,1.137133,-0.708053
38.010000,-0.752737,0.252061,1.189416,-0.702432
38.020000,-0.750149,0.247452,0.961114,-0.696644
38.030000,-0.747661,0.287167,1.450986,-0.690840
38.040000,-0.743737,0.398846,1.405769,-0.684663
38.050000,-0.739761,0.352357,0.858508,-0.678183
38.060000,-0.735741,0.383930,1.261538,-0.671330
38.070000,-0.731743,0.376967,1.564922,-0.664494
38.080000,-0.726332,0.584489,1.215605,-0.657314
38.090000,-0.721511,0.524935,1.055827,-0.650244
38.100000,-0.716072,0.507431,1.461814,-0.642694
38.110000,-0.711035,0.621415,1.237211,-0.635020
38.120000,-0.704703,0.570752,1.259177,-0.627703
38.130000,-0.698328,0.483330,1.654338,-0.619456
38.140000,-0.691956,0.795604,0.763584,-0.611126
38.150000,-0.685792,0.668389,1.134860,-0.603039
38.160000,-0.679417,0.587604,1.662945,-0.594526
38.170000,-0.671253,0.701563,1.147777,-0.586004
38.180000,-0.664195,0.617673,0.628872,-0.577958
38.190000,-0.656723,0.781517,0.461538,-0.569101
38.200000,-0.649411,0.762771,0.945625,-0.560130
38.210000,-0.641774,0.872692,0.662758,-0.551451
38.220000,-0.633296,0.813187,0.218006,-0.542166
38.230000,-0.626070,0.898739,1.269798,-0.532660
38.240000,-0.617541,0.764221,0.863860,-0.523368
38.250000,-0.609108,0.866165,1.051985,-0.514496
38.260000,-0.600117,0.781429,0.991537,-0.504731
38.270000,-0.591293,0.869950,1.059321,-0.495383
38.280000,-0.582961,0.803174,0.786334,-0.487925
38.290000,-0.573853,0.846567,0.561470,-0.480924
38.300000,-0.565194,0.731449,0.750753,-0.473779
38.310000,-0.557448,0.895334,0.968452,-0.465471
38.320000,-0.548360,0.708208,0.980104,-0.457840
38.330000,-0.540172,0.782115,-0.206606,-0.451443
38.340000,-0.532486,0.757212,0.898553,-0.443729
38.350000,-0.523746,0.754778,1.117391,-0.435676
38.360000,-0.515633,0.652917,1.192110,-0.429486
38.370000,-0.508178,0.817759,0.685411,-0.421438
38.380000,-0.500222,0.737505,1.001992,-0.413633
38.390000,-0.492575,0.868670,1.021768,-0.406060
38.400000,-0.484356,0.777339,0.811959,-0.397498
38.410000,-0.476692,0.903981,0.892308,-0.389292
38.420000,-0.468261,0.865934,1.261538,-0.382347
38.430000,-0.461643,0.839004,1.200000,-0.373908
38.440000,-0.452482,0.861939,0.746880,-0.365889
38.450000,-0.445456,0.825311,0.960589,-0.357726
38.460000,-0.437584,0.835468,0.830769,-0.349898
38.470000,-0.430001,0.780344,1.138462,-0.341247
38.480000,-0.421654,0.858364,0.932798,-0.332666
38.490000,-0.413229,0.817554,1.154593,-0.324606
38.500000,-0.405242,0.854326,0.914464,-0.315603
38.510000,-0.397777,0.729521,1.149460,-0.306974
38.520000,-0.389218,0.856245,1.009098,-0.298077
38.530000,-0.381328,0.751594,1.357559,-0.288643
38.540000,-0.372607,0.802177,0.701727,-0.279055
38.550000,-0.363909,0.775607,1.552325,-0.269607
38.560000,-0.355875,0.793161,0.950500,-0.260522
38.570000,-0.347659,0.754991,1.201800,-0.251631
38.580000,-0.338544,0.807799,1.237718,-0.242978
38.590000,-0.329806,0.792837,1.264767,-0.234027
38.600000,-0.319900,0.848924,1.078258,-0.224694
38.610000,-0.311855,0.885416,0.941500,-0.215805
38.620000,-0.302667,0.910677,0.830769,-0.207783
38.630000,-0.293892,1.002478,0.825187,-0.199267
38.640000,-0.286679,0.872237,1.182583,-0.190550
38.650000,-0.277235,0.912133,1.292398,-0.182265
38.660000,-0.268316,0.830769,0.883932,-0.172268
38.670000,-0.259244,0.895694,1.554613,-0.163460
38.680000,-0.251255,0.747376,1.235659,-0.154181
38.690000,-0.242316,0.894880,0.780034,-0.145336
38.700000,-0.233491,0.761375,2.073269,-0.134720
38.710000,-0.223686,0.920936,1.727541,-0.125237
38.720000,-0.215101,0.854522,1.616628,-0.114510
38.730000,-0.204901,1.000050,1.277274,-0.103092
38.740000,-0.195932,0.971331,1.302792,-0.091365
38.750000,-0.185978,0.987076,1.030402,-0.079941
38.760000,-0.177297,1.182343,1.196734,-0.068082
38.770000,-0.166402,0.836989,0.743695,-0.057097
38.780000,-0.156200,1.032967,0.985794,-0.045791
38.790000,-0.146970,1.013719,1.263914,-0.034214
38.800000,-0.135291,1.060765,0.804986,-0.022606
38.810000,-0.124518,1.004957,1.423829,-0.010848
38.820000,-0.114460,0.978627,1.332040,0.000733
38.830000,-0.102808,1.208791,0.892308,0.011173
38.840000,-0.090961,1.026101,1.071870,0.022684
38.850000,-0.080861,1.055947,1.447277,0.034206
38.860000,-0.068850,1.092370,0.719340,0.045051
38.870000,-0.058378,1.065342,0.942947,0.056260
38.880000,-0.048476,0.980746,0.920269,0.065726
38.890000,-0.036144,1.179692,0.461538,0.074056
38.900000,-0.024814,1.056019,1.015385,0.081625
38.910000,-0.015358,0.914744,0.798974,0.090662
38.920000,-0.004292,1.071794,1.102557,0.099693
38.930000,0.005297,1.147987,0.683428,0.108606
38.940000,0.014999,1.014064,0.699828,0.117605
38.950000,0.025182,0.940359,0.885292,0.126317
38.960000,0.034255,0.793644,1.614831,0.136421
38.970000,0.044878,0.935626,0.839507,0.146115
38.980000,0.053699,0.961333,1.348662,0.157544
38.990000,0.062639,0.962637,1.024550,0.169075
39.000000,0.073258,1.080857,0.518209,0.179482
39.010000,0.083115,0.892308,1.323077,0.191239
39.020000,0.092124,1.111733,1.261538,0.202134
39.030000,0.103587,1.041851,1.202584,0.212494
39.040000,0.113211,0.996747,1.058217,0.223495
39.050000,0.123339,1.061690,1.005174,0.232131
39.060000,0.133630,0.913323,1.728720,0.242892
39.070000,0.144426,1.087219,0.986886,0.254020
39.080000,0.154817,1.125334,1.096887,0.263808
39.090000,0.164695,0.993732,1.326309,0.274286
39.100000,0.176064,1.016266,1.016413,0.285304
39.110000,0.184864,0.966245,1.390929,0.294627
39.120000,0.196652,1.120776,0.954422,0.305172
39.130000,0.206397,1.134501,0.849060,0.315925
39.140000,0.216472,0.919371,1.261538,0.326114
39.150000,0.227611,1.111738,1.094158,0.335989
39.160000,0.237513,1.108904,1.350685,0.346108
39.170000,0.247723,1.034547,1.177874,0.355363
39.180000,0.257190,1.006841,0.606947,0.363319
39.190000,0.267813,0.925857,1.569231,0.370176
39.200000,0.278327,1.017692,0.743268,0.377123
39.210000,0.286173,0.979876,1.323077,0.384838
39.220000,0.297041,0.884508,0.926840,0.392474
39.230000,0.305624,0.952206,1.041849,0.400209
39.240000,0.314898,0.754584,1.102129,0.408225
39.250000,0.323702,0.866904,0.659278,0.415759
39.260000,0.332561,0.693750,0.731090,0.424017
39.270000,0.340428,0.823467,0.877381,0.433490
39.280000,0.348633,0.724391,1.403526,0.443926
39.290000,0.357082,0.876137,0.894506,0.454291
39.300000,0.366357,0.719092,1.080981,0.463674
39.310000,0.375563,0.865934,1.138462,0.472590
39.320000,0.383648,0.766656,1.464176,0.482468
39.330000,0.392311,0.908081,0.776005,0.491200
39.340000,0.400915,0.779605,1.110161,0.500271
39.350000,0.410676,0.884387,1.074708,0.508782
39.360000,0.419355,0.895836,1.544531,0.517734
39.370000,0.429131,0.878452,1.147820,0.525551
39.380000,0.437643,0.930079,0.943023,0.534149
39.390000,0.446648,0.798246,1.017118,0.542983
39.400000,0.455252,0.876989,-0.158340,0.551072
39.410000,0.464642,0.747147,1.553476,0.559713
39.420000,0.472583,0.855176,1.152229,0.567252
39.430000,0.481348,0.785192,1.292965,0.575129
39.440000,0.490077,0.821978,0.953846,0.580029
39.450000,0.498198,0.675247,1.526258,0.585723
39.460000,0.506445,0.770771,0.596289,0.591024
39.470000,0.514640,0.631557,1.275349,0.596396
39.480000,0.521948,0.780193,0.472833,0.602500
39.490000,0.528695,0.788212,0.820977,0.608858
39.500000,0.535690,0.744598,1.473207,0.614165
39.510000,0.542834,0.685221,0.953846,0.619792
39.520000,0.549533,0.573367,1.139880,0.626204
39.530000,0.556179,0.632464,0.565135,0.632209
39.540000,0.562019,0.649737,0.967525,0.638907
39.550000,0.568112,0.679119,1.066675,0.645460
39.560000,0.574991,0.631519,0.871677,0.651414
39.570000,0.581253,0.528463,0.806500,0.657539
39.580000,0.587373,0.760803,0.916973,0.663888
39.590000,0.593902,0.654659,0.953846,0.670124
39.600000,0.600209,0.615475,1.455719,0.675606
39.610000,0.606738,0.575877,1.199448,0.681436
39.620000,0.613052,0.587913,1.525257,0.687198
39.630000,0.619138,0.694583,0.953846,0.692525
39.640000,0.625211,0.624806,0.997793,0.697572
39.650000,0.631406,0.476208,1.138650,0.702977
39.660000,0.638051,0.606800,0.809294,0.707542
39.670000,0.643277,0.621980,0.905498,0.712404
39.680000,0.648821,0.502326,1.359930,0.717174
39.690000,0.654865,0.607221,1.210050,0.721418
39.700000,0.660098,0.552558,1.123958,0.726187
39.710000,0.665189,0.432324,0.346339,0.730664
39.720000,0.671236,0.541005,1.111828,0.734545
39.730000,0.675883,0.499952,0.931108,0.738672
39.740000,0.681010,0.399115,1.061502,0.741822
39.750000,0.685271,0.513131,0.896350,0.745092
39.760000,0.690620,0.417582,0.769231,0.748173
39.770000,0.694758,0.484476,0.382562,0.751384
39.780000,0.698452,0.333373,1.203167,0.754712
39.790000,0.703143,0.502336,0.926940,0.757612
39.800000,0.707119,0.363578,1.054927,0.760269
39.810000,0.710606,0.363480,1.244996,0.762948
39.820000,0.714537,0.287784,1.085962,0.765310
39.830000,0.717777,0.364125,1.148400,0.767402
39.840000,0.721573,0.382152,0.457813,0.769620
39.850000,0.724613,0.268880,0.869390,0.771517
39.860000,0.727283,0.262059,1.321962,0.773435
39.870000,0.729953,0.271385,-0.324901,0.775390
39.880000,0.732728,0.265741,0.900677,0.777128
39.890000,0.735637,0.294505,1.172359,0.778699
39.900000,0.738380,0.241758,-1.008057,0.780175
39.910000,0.740393,0.208954,0.988319,0.781402
39.920000,0.742542,0.186639,1.273269,0.782321
39.930000,0.744367,0.180220,0.678089,0.783214
39.940000,0.745906,0.178622,1.088106,0.783953
39.950000,0.747883,0.153846,1.187142,0.784547
39.960000,0.749748,0.165588,0.837654,0.784975
39.970000,0.751522,0.180220,1.005716,0.785278
39.980000,0.753223,0.135854,1.135593,0.785396
39.990000,0.753986,0.076905,1.154727,0.785353
40.000000,0.754749,0.039252,1.584367,0.785146
40.010000,0.755131,0.048352,1.240004,0.784776
40.020000,0.755512,0.030769,1.601832,0.784294
40.030000,0.755894,-0.003213,1.323077,0.783543
40.040000,0.755894,0.004396,0.802379,0.782752
40.050000,0.755894,-0.004396,1.000623,0.781772
40.060000,0.755894,-0.004396,1.040932,0.780579
40.070000,0.755894,-0.012748,1.163062,0.779306
40.080000,0.755894,-0.011434,0.744328,0.777839
40.090000,0.755894,-0.006737,0.420732,0.776237
40.100000,0.755894,0.000394,1.285307,0.774446
40.110000,0.755894,-0.004396,0.630562,0.772512
40.120000,0.755894,0.000099,0.371304,0.770507
40.130000,0.755512,-0.005955,0.548892,0.768282
40.140000,0.755512,-0.013187,0.428210,0.765887
40.150000,0.755512,-0.004396,-0.030769,0.763509
40.160000,0.755512,-0.004396,0.270853,0.760614
40.170000,0.755512,-0.010720,0.276923,0.757500
40.180000,0.755512,-0.004396,0.004515,0.754703
40.190000,0.755512,-0.013187,-0.515175,0.752324
40.200000,0.755512,-0.014354,-0.802428,0.749612
40.210000,0.755512,-0.019494,-0.243494,0.746516
40.220000,0.755512,-0.013187,0.410079,0.743405
40.230000,0.755131,-0.013187,-1.038239,0.739469
40.240000,0.755131,-0.011740,-1.243620,0.735613
40.250000,0.754849,-0.028471,-1.111900,0.731777
40.260000,0.754368,-0.087623,-1.138462,0.727055
40.270000,0.753223,-0.160438,-1.061497,0.722750
40.280000,0.751491,-0.158608,-0.987180,0.717910
40.290000,0.749790,-0.162637,-1.027257,0.713106
40.300000,0.748264,-0.153846,-1.677326,0.707978
40.310000,0.746901,-0.171429,-2.090296,0.703147
40.320000,0.744740,-0.219563,-1.270373,0.698168
40.330000,0.742589,-0.261478,-1.192521,0.692867
40.340000,0.739284,-0.310442,-1.290947,0.687300
40.350000,0.735536,-0.405582,-1.326005,0.681564
40.360000,0.732089,-0.341987,-1.594018,0.675949
40.370000,0.728340,-0.416876,-1.347116,0.669900
40.380000,0.724508,-0.400000,-0.981588,0.663604
40.390000,0.719467,-0.572232,-1.428618,0.657542
40.400000,0.715312,-0.431804,-1.353246,0.651254
40.410000,0.710290,-0.522257,-1.222949,0.644630
40.420000,0.705461,-0.507504,-1.544028,0.637606
40.430000,0.699406,-0.446695,-1.328651,0.630195
40.440000,0.694590,-0.675156,-0.873907,0.624010
40.450000,0.688952,-0.537888,-1.288866,0.616681
40.460000,0.682416,-0.565015,-1.214125,0.609355
40.470000,0.676306,-0.656488,-1.166530,0.601331
40.480000,0.670256,-0.666558,-1.124913,0.595795
40.490000,0.664075,-0.542451,-1.267811,0.588980
40.500000,0.657219,-0.687172,-0.974449,0.582358
40.510000,0.650353,-0.648361,-1.059030,0.576699
40.520000,0.644503,-0.725275,-1.015385,0.570918
40.530000,0.638126,-0.634859,-0.734292,0.563474
40.540000,0.631147,-0.540877,-1.139331,0.555028
40.550000,0.624642,-0.690934,-1.063456,0.545855
40.560000,0.617837,-0.725700,-0.968735,0.536676
40.570000,0.610680,-0.763439,-1.324243,0.526732
40.580000,0.602757,-0.870133,-1.132946,0.516953
40.590000,0.596431,-0.743732,-1.703537,0.507190
40.600000,0.587866,-0.870493,-1.333984,0.496887
40.610000,0.579487,-0.771845,-1.015385,0.487197
40.620000,0.571395,-0.908764,-1.269424,0.477017
40.630000,0.563005,-0.765551,-0.538189,0.469761
40.640000,0.554412,-0.921604,-1.467087,0.463037
40.650000,0.545605,-0.838336,-1.599739,0.455369
40.660000,0.536735,-0.901109,-0.861713,0.449105
40.670000,0.529115,-0.847954,-1.079708,0.441059
40.680000,0.519742,-0.978152,-1.074029,0.433103
40.690000,0.512664,-0.782698,-1.029787,0.425926
40.700000,0.504421,-0.839771,-0.585106,0.418375
40.710000,0.496924,-0.739276,-1.384615,0.410031
40.720000,0.487821,-0.818336,-1.083296,0.403355
40.730000,0.480772,-0.676112,-0.953449,0.395146
40.740000,0.472890,-0.784063,-1.518663,0.386685
40.750000,0.465412,-0.717757,-0.888487,0.379034
40.760000,0.457269,-0.895267,-0.495859,0.371102
40.770000,0.449187,-0.826388,-1.115562,0.362631
40.780000,0.441567,-0.905530,-0.892801,0.354672
40.790000,0.433064,-0.814803,-1.154761,0.345926
40.800000,0.425104,-0.877040,-0.572464,0.336080
40.810000,0.417565,-0.794096,-1.600902,0.326155
40.820000,0.408664,-0.862037,-1.754175,0.317683
40.830000,0.400670,-0.802893,-1.260726,0.310239
40.840000,0.392786,-0.858363,-1.050716,0.300900
40.850000,0.383734,-0.794226,-0.866362,0.291226
40.860000,0.375412,-0.809599,-1.004070,0.283007
40.870000,0.367030,-0.733526,-1.176224,0.274645
40.880000,0.358672,-0.796821,-1.370423,0.264307
40.890000,0.349102,-0.726876,-1.244725,0.254918
40.900000,0.340911,-0.847870,-1.047841,0.245788
40.910000,0.331950,-0.793106,-1.618230,0.236026
40.920000,0.322991,-0.929348,-0.509437,0.226994
40.930000,0.314243,-0.796098,-0.777604,0.218187
40.940000,0.305315,-0.915778,-0.936345,0.209603
40.950000,0.296368,-0.913404,-1.347697,0.200075
40.960000,0.285806,-0.960838,-0.910841,0.191520
40.970000,0.277872,-0.957953,-0.767466,0.182080
40.980000,0.268036,-0.887897,-0.918185,0.172954
40.990000,0.259785,-0.953842,-0.984630,0.163081
41.000000,0.250700,-0.836451,-1.256096,0.153117
41.010000,0.241083,-0.878912,-0.743844,0.143946
41.020000,0.232610,-0.782668,-1.360225,0.134830
41.030000,0.223382,-0.847043,-1.461906,0.123819
41.040000,0.214321,-0.830249,-0.952024,0.114397
41.050000,0.204888,-0.980220,-1.156976,0.104897
41.060000,0.195385,-0.965661,-1.611276,0.095775
41.070000,0.185336,-0.979613,-0.841186,0.085470
41.080000,0.175954,-0.922893,-1.352558,0.077513
41.090000,0.166948,-0.849567,-1.223348,0.067655
41.100000,0.157423,-0.994245,-0.944939,0.058859
41.110000,0.148961,-0.816980,-2.071585,0.048186
41.120000,0.139008,-0.968509,-0.794435,0.038402
41.130000,0.129989,-0.876943,-1.968411,0.028517
41.140000,0.120226,-0.974983,-1.211773,0.018196
41.150000,0.110412,-1.040355,-1.213832,0.009176
41.160000,0.100959,-0.970253,-1.149946,-0.000151
41.170000,0.091273,-1.048885,-0.836596,-0.010567
41.180000,0.081926,-0.930964,-1.335730,-0.020698
41.190000,0.072170,-1.039330,-0.942711,-0.030033
41.200000,0.062654,-0.994114,-1.315122,-0.039481
41.210000,0.053341,-0.971163,-0.974049,-0.049038
41.220000,0.043495,-0.960672,-1.170318,-0.059140
41.230000,0.033090,-0.847880,-1.223296,-0.068017
41.240000,0.025075,-0.931361,-0.857989,-0.077685
41.250000,0.015294,-0.899218,-1.415949,-0.087630
41.260000,0.004706,-1.022881,-0.945740,-0.096300
41.270000,-0.004419,-1.027309,-1.225028,-0.106064
41.280000,-0.013999,-0.993275,-1.145923,-0.116208
41.290000,-0.023336,-0.991895,-1.083653,-0.126171
41.300000,-0.033524,-0.808596,-1.563244,-0.136184
41.310000,-0.043687,-1.030888,-0.753345,-0.145962
41.320000,-0.052623,-0.959610,-1.318210,-0.155348
41.330000,-0.063491,-1.019797,-1.088447,-0.164890
41.340000,-0.072698,-1.080203,-0.949516,-0.174975
41.350000,-0.082605,-0.870152,-1.037446,-0.185340
41.360000,-0.092498,-0.939237,-1.702489,-0.195683
41.370000,-0.102190,-0.962047,-1.815385,-0.207345
41.380000,-0.111898,-1.099226,-1.362107,-0.219061
41.390000,-0.121537,-1.106512,-1.359122,-0.230274
41.400000,-0.132090,-0.980574,-0.946458,-0.242214
41.410000,-0.142263,-1.023086,-0.501665,-0.254107
41.420000,-0.152994,-1.061582,-1.297335,-0.265242
41.430000,-0.164150,-1.097956,-1.368515,-0.276318
41.440000,-0.174631,-1.046465,-1.000963,-0.286977
41.450000,-0.184750,-0.964491,-1.397034,-0.297661
41.460000,-0.195888,-1.156044,-1.138462,-0.307159
41.470000,-0.206955,-1.144939,-0.891658,-0.318056
41.480000,-0.217162,-0.922288,-1.155827,-0.328770
41.490000,-0.227370,-1.070894,-1.440011,-0.337598
41.500000,-0.239847,-1.181379,-0.946657,-0.347291
41.510000,-0.249887,-0.988084,-0.606579,-0.358667
41.520000,-0.260053,-1.047858,-1.571742,-0.369514
41.530000,-0.269532,-1.004739,-1.397599,-0.380255
41.540000,-0.281152,-0.960389,-0.884437,-0.389069
41.550000,-0.291318,-1.078916,-1.337026,-0.399125
41.560000,-0.300969,-1.011252,-1.536310,-0.410631
41.570000,-0.311857,-1.138379,-1.353810,-0.421483
41.580000,-0.322164,-1.059150,-0.672262,-0.430865
41.590000,-0.332241,-0.896623,-1.498661,-0.440115
41.600000,-0.342644,-1.159493,-1.406336,-0.449756
41.610000,-0.353437,-1.145175,-1.569231,-0.459301
41.620000,-0.362995,-1.093534,-1.298259,-0.468954
41.630000,-0.372957,-1.005093,-0.554582,-0.478639
41.640000,-0.383435,-0.859541,-1.227977,-0.488571
41.650000,-0.393188,-1.113879,-0.978345,-0.497957
41.660000,-0.403708,-1.038096,-1.218094,-0.506078
41.670000,-0.413742,-0.986221,-1.417914,-0.515791
41.680000,-0.423289,-1.005622,-0.974601,-0.524527
41.690000,-0.432415,-0.799019,-1.368554,-0.531974
41.700000,-0.441426,-0.923755,-1.339612,-0.537826
41.710000,-0.450511,-0.832292,-1.551350,-0.544990
41.720000,-0.459668,-0.957717,-0.865880,-0.552157
41.730000,-0.468726,-0.869989,-1.264716,-0.559722
41.740000,-0.477361,-0.934461,-1.569231,-0.566700
41.750000,-0.485177,-0.803732,-1.369023,-0.573387
41.760000,-0.493110,-0.877857,-1.195766,-0.580370
41.770000,-0.501831,-0.792976,-1.464553,-0.587623
41.780000,-0.508666,-0.817928,-1.487073,-0.595936
41.790000,-0.516536,-0.673533,-1.675428,-0.603540
41.800000,-0.524236,-0.707081,-1.167092,-0.611176
41.810000,-0.532429,-0.670676,-1.450044,-0.619187
41.820000,-0.539423,-0.746882,-0.835365,-0.625634
41.830000,-0.547496,-0.753190,-1.022676,-0.632941
41.840000,-0.555272,-0.796389,-1.143957,-0.639697
41.850000,-0.562545,-0.775964,-1.256737,-0.646139
41.860000,-0.569734,-0.751648,-1.086524,-0.652878
41.870000,-0.577401,-0.753865,-1.400130,-0.659129
41.880000,-0.584640,-0.661162,-1.594731,-0.665418
41.890000,-0.591484,-0.681539,-1.814870,-0.671491
41.900000,-0.598230,-0.660196,-1.107834,-0.677038
41.910000,-0.604577,-0.778767,-1.393968,-0.682914
41.920000,-0.612183,-0.661013,-1.454648,-0.688429
41.930000,-0.618053,-0.605030,-1.323283,-0.693926
41.940000,-0.624978,-0.685326,-1.608443,-0.699599
41.950000,-0.630793,-0.575031,-1.668240,-0.705549
41.960000,-0.636551,-0.595663,-1.144778,-0.711218
41.970000,-0.643115,-0.719668,-0.813811,-0.716144
41.980000,-0.648788,-0.504884,-1.436108,-0.720583
41.990000,-0.654403,-0.576254,-1.326086,-0.725274
42.000000,-0.660525,-0.663714,-0.830835,-0.729751
42.010000,-0.666138,-0.516760,-1.362659,-0.734064
42.020000,-0.671655,-0.514286,-1.305097,-0.737868
42.030000,-0.677184,-0.615726,-1.131999,-0.741669
42.040000,-0.681888,-0.426374,-0.919241,-0.745327
42.050000,-0.686947,-0.498541,-1.073563,-0.748780
42.060000,-0.691832,-0.553284,-1.265702,-0.752366
42.070000,-0.696244,-0.396897,-1.261538,-0.755957
42.080000,-0.700146,-0.481935,-1.367880,-0.759039
42.090000,-0.704704,-0.368570,-1.097257,-0.761868
42.100000,-0.708972,-0.443956,-1.409185,-0.764218
42.110000,-0.713056,-0.356657,-1.152367,-0.766938
42.120000,-0.716369,-0.359469,-1.222368,-0.769469
42.130000,-0.720461,-0.394818,-1.192867,-0.771822
42.140000,-0.723965,-0.335801,-1.114177,-0.774016
42.150000,-0.727588,-0.357817,-1.188102,-0.775874
42.160000,-0.730437,-0.306193,-0.597355,-0.777736
42.170000,-0.733268,-0.294505,-1.138462,-0.779354
42.180000,-0.735775,-0.265839,-1.336461,-0.780785
42.190000,-0.738455,-0.275661,-1.542415,-0.782077
42.200000,-0.741274,-0.285714,-0.869415,-0.783108
42.210000,-0.744274,-0.251880,-1.261538,-0.783898
42.220000,-0.746375,-0.181504,-1.073926,-0.784539
42.230000,-0.747962,-0.159005,-1.187288,-0.784994
42.240000,-0.749529,-0.147817,-1.338868,-0.785278
42.250000,-0.750935,-0.161093,-0.796262,-0.785392
42.260000,-0.752461,-0.134203,-1.185573,-0.785380
42.270000,-0.753623,-0.118681,-1.033132,-0.785238
42.280000,-0.754749,-0.098244,-1.200000,-0.785014
42.290000,-0.755486,-0.109890,-0.909582,-0.784723
42.300000,-0.756688,-0.084235,-1.231357,-0.784262
42.310000,-0.757420,-0.092410,-1.324509,-0.783792
42.320000,-0.758183,-0.065934,-1.154506,-0.782974
42.330000,-0.758946,-0.067046,-0.961627,-0.782062
42.340000,-0.759327,-0.045133,-1.314007,-0.780903
42.350000,-0.759850,-0.063668,-1.054085,-0.779604
42.360000,-0.760472,-0.017647,-0.796830,-0.778124
42.370000,-0.760472,-0.005428,-0.823543,-0.776240
42.380000,-0.760472,0.006133,-1.014657,-0.774453
42.390000,-0.760472,0.001228,-0.904503,-0.772508
42.400000,-0.760180,0.002321,-0.335020,-0.770067
42.410000,-0.760090,-0.004396,-0.638785,-0.767836
42.420000,-0.760090,-0.007925,-0.375294,-0.765235
42.430000,-0.760090,0.002960,-0.332180,-0.762617
42.440000,-0.760090,0.004396,-0.055383,-0.760247
42.450000,-0.760090,-0.010660,-0.250028,-0.757162
42.460000,-0.760090,-0.002741,0.153846,-0.753155
42.470000,-0.760090,0.015531,0.457453,-0.748718
42.480000,-0.760090,0.001873,0.232521,-0.743975
42.490000,-0.760090,0.010638,0.461538,-0.738912
42.500000,-0.759709,0.005459,0.938953,-0.733482
42.510000,-0.759709,0.039560,1.490615,-0.727997
42.520000,-0.758946,0.074725,1.269596,-0.721876
42.530000,-0.757801,0.136264,1.023005,-0.715519
42.540000,-0.756301,0.170243,1.261538,-0.711073
42.550000,-0.753972,0.232967,1.209005,-0.707366
42.560000,-0.751705,0.246070,0.928330,-0.702829
42.570000,-0.748962,0.238743,1.221106,-0.698837
42.580000,-0.746548,0.298882,1.230636,-0.694190
42.590000,-0.743335,0.372265,1.252207,-0.689335
42.600000,-0.739989,0.297212,0.991622,-0.684973
42.610000,-0.736571,0.327757,1.200000,-0.679804
42.620000,-0.733240,0.348576,1.516957,-0.674861
42.630000,-0.729616,0.320879,1.685197,-0.670413
42.640000,-0.725196,0.427756,1.090063,-0.665224
42.650000,-0.720942,0.401556,1.392859,-0.659992
42.660000,-0.716999,0.420995,1.197469,-0.654462
42.670000,-0.712871,0.395077,1.343387,-0.647867
42.680000,-0.707809,0.491942,1.332411,-0.641689
42.690000,-0.703304,0.483829,1.421941,-0.635239
42.700000,-0.698200,0.406683,0.882565,-0.628751
42.710000,-0.693102,0.659593,1.064283,-0.621325
42.720000,-0.687843,0.519163,1.388091,-0.613525
42.730000,-0.681636,0.478484,0.932914,-0.605770
42.740000,-0.675784,0.784718,0.959745,-0.597869
42.750000,-0.669939,0.614961,1.154350,-0.589584
42.760000,-0.663911,0.573130,1.645856,-0.582018
42.770000,-0.657013,0.705268,0.781958,-0.573022
42.780000,-0.649822,0.702564,1.405981,-0.564272
42.790000,-0.642997,0.791892,1.216131,-0.554436
42.800000,-0.635080,0.749977,1.236619,-0.544695
42.810000,-0.628198,0.788988,1.522913,-0.535201
42.820000,-0.619550,0.802345,1.026327,-0.525470
42.830000,-0.611421,0.830060,1.372375,-0.515307
42.840000,-0.602779,0.837395,1.138462,-0.504587
42.850000,-0.593486,0.917773,1.034968,-0.494342
42.860000,-0.584230,0.866473,0.924965,-0.484580
42.870000,-0.576195,0.988297,1.320855,-0.474598
42.880000,-0.566509,0.831582,0.878345,-0.463610
42.890000,-0.556400,0.943827,1.091591,-0.452798
42.900000,-0.547818,0.863887,1.017432,-0.441488
42.910000,-0.537154,1.069814,1.139794,-0.430555
42.920000,-0.527519,1.075888,0.876626,-0.419369
42.930000,-0.516621,1.029692,1.275616,-0.408353
42.940000,-0.507353,1.092922,0.927014,-0.396950
42.950000,-0.496941,0.970288,1.323878,-0.385107
42.960000,-0.485856,1.110695,0.680680,-0.372925
42.970000,-0.475584,1.175309,0.621715,-0.360515
42.980000,-0.464065,0.983620,1.404362,-0.348149
42.990000,-0.453255,1.197024,1.040946,-0.337543
43.000000,-0.441520,1.178926,0.504747,-0.325141
43.010000,-0.431015,1.021748,1.132798,-0.313213
43.020000,-0.418519,1.159647,0.843887,-0.301723
43.030000,-0.407539,1.167931,1.084146,-0.289207
43.040000,-0.396339,1.103956,1.401154,-0.277061
43.050000,-0.384375,1.174296,0.166348,-0.264836
43.060000,-0.372072,1.185401,0.958487,-0.252135
43.070000,-0.359739,1.362146,0.344302,-0.239644
43.080000,-0.348863,1.016039,0.874797,-0.227266
43.090000,-0.337001,1.236681,0.886209,-0.215338
43.100000,-0.324415,1.256733,0.669871,-0.201702
43.110000,-0.313552,1.113048,1.200000,-0.188878
43.120000,-0.300170,1.221239,0.644629,-0.175861
43.130000,-0.287992,1.242109,0.847828,-0.162841
43.140000,-0.275748,1.342776,1.344349,-0.150203
43.150000,-0.263655,1.226641,1.078796,-0.137216
43.160000,-0.250895,1.127935,0.929017,-0.123553
43.170000,-0.238334,1.423965,1.106215,-0.110070
43.180000,-0.225833,1.308788,0.715325,-0.097055
43.190000,-0.213301,1.306003,1.138462,-0.083853
43.200000,-0.200029,1.115607,0.872972,-0.070095
43.210000,-0.186836,1.325477,1.089523,-0.056575
43.220000,-0.172998,1.235190,1.198931,-0.043097
43.230000,-0.161549,1.401002,1.434697,-0.029421
43.240000,-0.148529,1.103623,1.256359,-0.015939
43.250000,-0.134980,1.334885,1.036049,-0.002364
43.260000,-0.120643,1.433511,0.531321,0.011453
43.270000,-0.107687,1.254373,1.039691,0.024914
43.280000,-0.095611,1.392366,1.323077,0.038362
43.290000,-0.081858,1.181882,1.700115,0.051889
43.300000,-0.067642,1.272321,0.092653,0.064978
43.310000,-0.054472,1.450183,0.851283,0.077109
43.320000,-0.041393,1.340589,1.101342,0.090883
43.330000,-0.027672,1.523864,0.286303,0.103784
43.340000,-0.014381,1.212001,0.823443,0.116989
43.350000,-0.001361,1.348996,0.675863,0.130591
43.360000,0.011608,1.332234,0.814916,0.143846
43.370000,0.026318,1.275844,0.599156,0.157355
43.380000,0.037833,1.384476,1.497704,0.170554
43.390000,0.051000,1.130509,1.342230,0.183860
43.400000,0.065190,1.277018,0.998853,0.197214
43.410000,0.077763,1.364731,0.919049,0.209543
43.420000,0.090398,1.341371,2.062602,0.222999
43.430000,0.103755,1.354507,1.202846,0.235470
43.440000,0.117507,1.203509,1.524097,0.248494
43.450000,0.130090,1.271948,0.885484,0.261186
43.460000,0.143616,1.379659,0.814207,0.273797
43.470000,0.155893,1.406994,0.394386,0.286005
43.480000,0.170129,1.324128,1.488921,0.298940
43.490000,0.181769,1.288264,-1.377569,0.311852
43.500000,0.195289,1.380853,0.822178,0.324644
43.510000,0.207487,1.304192,1.637606,0.337173
43.520000,0.219947,1.382183,1.062086,0.349148
43.530000,0.233202,1.068346,1.162777,0.361466
43.540000,0.246137,1.392600,0.548486,0.373942
43.550000,0.259173,1.255982,0.784028,0.385483
43.560000,0.271150,1.437561,1.032769,0.397217
43.570000,0.283500,1.087695,1.378045,0.408816
43.580000,0.297785,1.206815,0.123427,0.420517
43.590000,0.308807,1.244020,1.112776,0.432056
43.600000,0.321683,1.357525,0.417061,0.443614
43.610000,0.333785,1.080867,1.314647,0.454726
43.620000,0.346373,1.288804,0.455297,0.465852
43.630000,0.357947,1.183333,0.904389,0.476908
43.640000,0.368837,1.106126,1.293993,0.487601
43.650000,0.381223,1.142172,0.922190,0.497750
43.660000,0.392825,1.136256,1.069203,0.508027
43.670000,0.403381,1.165202,1.155011,0.518475
43.680000,0.416258,0.991837,1.509892,0.528756
43.690000,0.427154,1.107840,0.825235,0.538586
43.700000,0.436698,1.061904,0.884333,0.548576
43.710000,0.447640,0.962138,0.833102,0.558079
43.720000,0.459643,1.205381,0.990271,0.567786
43.730000,0.469432,1.068955,1.022587,0.576789
43.740000,0.480138,0.965283,0.830769,0.585648
43.750000,0.490077,0.984092,0.492516,0.594817
43.760000,0.500248,0.940694,1.015385,0.603407
43.770000,0.509562,1.015385,1.009944,0.612128
43.780000,0.518954,0.994496,1.086179,0.620350
43.790000,0.529137,1.049773,0.809350,0.628721
43.800000,0.538912,1.016753,0.575035,0.636825
43.810000,0.547303,0.846644,1.089172,0.644854
43.820000,0.556708,0.863055,1.053428,0.652709
43.830000,0.565486,0.738349,1.321506,0.660134
43.840000,0.574228,0.844264,0.661367,0.667334
43.850000,0.583199,0.754820,1.566505,0.674535
43.860000,0.591122,0.826497,0.616247,0.681290
43.870000,0.600073,0.720685,1.492988,0.687935
43.880000,0.608225,0.780229,1.101485,0.694310
43.890000,0.615700,0.663615,1.061433,0.700618
43.900000,0.623438,0.719388,0.810436,0.706751
43.910000,0.631367,0.642511,1.775911,0.712348
43.920000,0.638374,0.785923,1.287761,0.718199
43.930000,0.645626,0.718438,1.452993,0.723835
43.940000,0.652611,0.716604,1.229507,0.728940
43.950000,0.659288,0.654945,0.888972,0.733942
43.960000,0.665858,0.584168,0.527465,0.738419
43.970000,0.672811,0.605506,0.443254,0.743062
43.980000,0.678631,0.621110,0.589790,0.747493
43.990000,0.683711,0.548704,1.332472,0.751483
44.000000,0.689909,0.505258,0.945579,0.755396
44.010000,0.695702,0.498579,1.189322,0.758793
44.020000,0.700199,0.457157,1.507628,0.762364
44.030000,0.705821,0.484086,1.044825,0.765615
44.040000,0.710117,0.450953,1.076923,0.768550
44.050000,0.714685,0.347908,1.187762,0.771297
44.060000,0.718597,0.443251,1.100942,0.773827
44.070000,0.723300,0.373626,1.055233,0.776131
44.080000,0.727069,0.353879,1.061769,0.778063
44.090000,0.730365,0.328620,0.668209,0.779706
44.100000,0.733770,0.320949,1.260070,0.781215
44.110000,0.737602,0.338897,0.125870,0.782506
44.120000,0.740363,0.268132,0.989255,0.783585
44.130000,0.742695,0.224176,0.818299,0.784401
44.140000,0.745080,0.224176,1.119581,0.784984
44.150000,0.747050,0.197802,0.947291,0.785313
44.160000,0.749027,0.207717,1.149577,0.785396
44.170000,0.751316,0.189011,1.017308,0.785258
44.180000,0.753201,0.145562,1.036664,0.784915
44.190000,0.754145,0.078387,0.774398,0.784271
44.200000,0.754749,0.047001,0.627099,0.783461
44.210000,0.755131,0.055341,1.184338,0.782449
44.220000,0.755512,0.004396,1.200000,0.781180
44.230000,0.755512,0.011353,1.241134,0.779623
44.240000,0.755512,0.004396,1.801615,0.777805
44.250000,0.755512,-0.003615,1.183607,0.775821
44.260000,0.755512,-0.001425,0.521381,0.773994
44.270000,0.755512,-0.004396,0.790350,0.772049
44.280000,0.755512,-0.007795,0.805279,0.769018
44.290000,0.755512,-0.004396,0.479185,0.765740
44.300000,0.755512,-0.000678,0.099343,0.762067
44.310000,0.755512,-0.009544,-0.284037,0.758065
44.320000,0.755512,-0.004396,-0.030769,0.753809
44.330000,0.755512,-0.013187,-0.830462,0.749158
44.340000,0.755512,-0.013187,-0.400000,0.744009
44.350000,0.755131,-0.021978,-0.554082,0.738641
44.360000,0.755131,-0.031376,-1.350662,0.732943
44.370000,0.754749,-0.062389,-1.138462,0.726802
44.380000,0.753605,-0.160388,-1.491945,0.720498
44.390000,0.751698,-0.203166,-1.276637,0.713915
44.400000,0.749790,-0.197305,-1.384615,0.707133
44.410000,0.747762,-0.197802,-1.727810,0.700230
44.420000,0.745212,-0.259341,-1.363964,0.693920
44.430000,0.742364,-0.329071,-1.318884,0.687286
44.440000,0.739097,-0.365666,-1.575049,0.680014
44.450000,0.734886,-0.417274,-1.378134,0.673066
44.460000,0.730809,-0.411200,-1.215548,0.665690
44.470000,0.725773,-0.487545,-1.197432,0.658644
44.480000,0.720457,-0.616126,-1.015385,0.653551
44.490000,0.715461,-0.487691,-1.261538,0.648857
44.500000,0.709915,-0.559794,-1.131221,0.643426
44.510000,0.704262,-0.667566,-1.408625,0.638677
44.520000,0.699403,-0.483141,-1.136864,0.632409
44.530000,0.693363,-0.586795,-1.193051,0.626448
44.540000,0.688653,-0.535617,-1.018553,0.620888
44.550000,0.682183,-0.498975,-1.257399,0.615550
44.560000,0.677348,-0.600618,-1.065862,0.610120
44.570000,0.671722,-0.561859,-1.167434,0.605532
44.580000,0.666070,-0.537751,-0.793938,0.600538
44.590000,0.660308,-0.564004,-1.159665,0.594125
44.600000,0.654871,-0.562774,-0.336547,0.589427
44.610000,0.648998,-0.524231,-0.581828,0.582057
44.620000,0.643878,-0.606983,-0.713151,0.574638
44.630000,0.637836,-0.613500,-1.440300,0.565997
44.640000,0.632012,-0.564982,-0.669060,0.557603
44.650000,0.625579,-0.732509,-1.111970,0.548936
44.660000,0.618869,-0.738533,-1.348294,0.539771
44.670000,0.612619,-0.686351,-2.096767,0.531435
44.680000,0.605905,-0.660745,-1.055986,0.522509
44.690000,0.598344,-0.612470,-0.735342,0.513844
44.700000,0.590333,-0.762550,-0.739683,0.504523
44.710000,0.582715,-0.721012,-1.069503,0.495004
44.720000,0.574982,-0.830043,-1.206690,0.485604
44.730000,0.567119,-0.855072,-0.982844,0.476309
44.740000,0.558366,-0.845588,-0.802621,0.466567
44.750000,0.549277,-0.756779,-1.110305,0.456441
44.760000,0.541364,-0.872610,-1.215269,0.447753
44.770000,0.532135,-0.740582,-1.296067,0.437887
44.780000,0.524425,-0.837296,-0.649907,0.427166
44.790000,0.515022,-0.772243,-1.345657,0.416658
44.800000,0.506138,-0.885141,-0.999329,0.405565
44.810000,0.497141,-0.819232,-1.606587,0.393970
44.820000,0.487429,-0.981660,-1.573235,0.382327
44.830000,0.477741,-0.985328,-1.041163,0.372340
44.840000,0.467155,-1.019338,-1.138462,0.360161
44.850000,0.456738,-1.113563,-0.953846,0.349625
44.860000,0.446756,-0.930579,-1.334602,0.337859
44.870000,0.435822,-1.066965,-1.119942,0.327108
44.880000,0.425820,-1.169148,-1.480415,0.316977
44.890000,0.415396,-1.015178,-0.768507,0.305945
44.900000,0.404685,-1.073199,-1.176060,0.295683
44.910000,0.393874,-1.046532,-0.844831,0.285147
44.920000,0.382648,-0.924107,-1.405534,0.273762
44.930000,0.372845,-1.125237,-0.319397,0.261329
44.940000,0.361201,-1.172380,-1.061343,0.250134
44.950000,0.350448,-0.944462,-0.303930,0.238173
44.960000,0.340231,-1.084694,-1.650687,0.226181
44.970000,0.327856,-1.147253,-1.218100,0.214010
44.980000,0.317807,-1.116445,-1.067720,0.202459
44.990000,0.306867,-1.195953,-0.873358,0.192058
45.000000,0.294461,-1.217582,-0.910799,0.180594
45.010000,0.283557,-1.072071,-0.985849,0.169082
45.020000,0.271838,-1.175936,-1.540029,0.157219
45.030000,0.260516,-1.220332,-1.144877,0.146698
45.040000,0.249809,-1.035197,-1.293075,0.135001
45.050000,0.238452,-1.231267,-1.503569,0.122510
45.060000,0.226451,-1.188968,-1.314990,0.110288
45.070000,0.215573,-1.045640,-1.045363,0.099243
45.080000,0.203650,-1.237078,-1.047415,0.086851
45.090000,0.191985,-1.129688,-0.901843,0.074919
45.100000,0.180559,-1.153676,-2.273391,0.062168
45.110000,0.169538,-1.255604,-1.082103,0.051481
45.120000,0.157157,-1.100704,-0.497629,0.040528
45.130000,0.146533,-1.118730,-0.323420,0.028747
45.140000,0.134937,-1.196296,-0.757472,0.016959
45.150000,0.123308,-1.161877,-1.523732,0.003764
45.160000,0.112636,-1.134419,-1.537433,-0.006517
45.170000,0.099498,-1.113943,-1.037055,-0.017675
45.180000,0.087933,-1.186828,-0.907331,-0.029661
45.190000,0.076247,-1.230801,-1.184593,-0.043225
45.200000,0.065211,-1.157034,-1.688948,-0.055190
45.210000,0.052442,-1.159787,-0.943285,-0.065977
45.220000,0.040235,-1.201449,-1.073542,-0.075532
45.230000,0.029866,-1.263501,-1.149520,-0.086097
45.240000,0.018140,-1.060514,-0.923488,-0.098050
45.250000,0.006426,-1.250118,-0.718620,-0.109095
45.260000,-0.004599,-1.211232,-1.191456,-0.121685
45.270000,-0.016030,-1.048055,-1.454168,-0.134356
45.280000,-0.027608,-1.236810,-0.830769,-0.147019
45.290000,-0.039190,-1.229744,-1.138462,-0.160081
45.300000,-0.051497,-1.076127,-1.674899,-0.171223
45.310000,-0.062927,-1.277211,-1.151828,-0.184367
45.320000,-0.074923,-1.177236,-1.260335,-0.196057
45.330000,-0.087490,-1.272633,-0.983142,-0.206365
45.340000,-0.098573,-1.107728,-1.021589,-0.218476
45.350000,-0.110589,-1.302699,-1.138462,-0.230455
45.360000,-0.122362,-1.253490,-0.847003,-0.241054
45.370000,-0.133692,-0.965321,-0.828265,-0.252949
45.380000,-0.147005,-1.212546,-0.993429,-0.264607
45.390000,-0.158188,-1.132795,-1.540241,-0.276350
45.400000,-0.170518,-1.250769,-1.086156,-0.287917
45.410000,-0.181177,-1.143139,-1.103835,-0.299996
45.420000,-0.192775,-1.179600,-0.902171,-0.310871
45.430000,-0.204227,-1.210900,-1.329659,-0.321559
45.440000,-0.215665,-1.091198,-1.266618,-0.333106
45.450000,-0.227319,-1.172326,-1.057771,-0.344118
45.460000,-0.239444,-1.241674,-0.989844,-0.354503
45.470000,-0.250473,-0.982566,-0.930625,-0.365830
45.480000,-0.261832,-1.113271,-1.171301,-0.377053
45.490000,-0.272702,-1.219959,-1.233808,-0.388527
45.500000,-0.283628,-1.021282,-1.405838,-0.399816
45.510000,-0.296463,-1.097655,-0.919083,-0.409107
45.520000,-0.307097,-1.097226,-1.038834,-0.420167
45.530000,-0.317106,-1.001811,-0.952503,-0.431020
45.540000,-0.328794,-1.220446,-0.929160,-0.440827
45.550000,-0.340026,-1.043395,-0.717239,-0.451994
45.560000,-0.350054,-0.922751,-1.815385,-0.462039
45.570000,-0.361603,-1.277603,-1.370947,-0.471540
45.580000,-0.371370,-1.098886,-1.261751,-0.481593
45.590000,-0.382274,-0.999022,-1.228030,-0.490529
45.600000,-0.393153,-1.116217,-1.030557,-0.498943
45.610000,-0.403057,-1.100752,-1.384615,-0.508798
45.620000,-0.414135,-0.974180,-1.026503,-0.517170
45.630000,-0.423550,-1.016383,-0.920260,-0.526691
45.640000,-0.433290,-0.804289,-1.506206,-0.534823
45.650000,-0.443222,-1.020372,-1.358744,-0.543152
45.660000,-0.452791,-0.984387,-1.099587,-0.551971
45.670000,-0.462980,-0.987650,-0.963373,-0.559770
45.680000,-0.472007,-0.968873,-0.888965,-0.568914
45.690000,-0.480581,-0.880064,-1.200000,-0.577531
45.700000,-0.489868,-0.921850,-0.877638,-0.585850
45.710000,-0.499214,-0.740416,-1.798871,-0.594249
45.720000,-0.507454,-0.863006,-1.115666,-0.602594
45.730000,-0.515992,-0.737292,-1.145990,-0.610155
45.740000,-0.524730,-0.836593,-1.094749,-0.617767
45.750000,-0.533227,-0.743785,-1.658291,-0.624786
45.760000,-0.541817,-0.827578,-1.177589,-0.632219
45.770000,-0.550327,-0.758656,-1.397104,-0.639742
45.780000,-0.558883,-0.822249,-0.977322,-0.646700
45.790000,-0.566438,-0.697025,-1.736579,-0.653402
45.800000,-0.574834,-0.752900,-1.071625,-0.657184
45.810000,-0.581978,-0.672231,-1.064980,-0.661860
45.820000,-0.589458,-0.777791,-0.892308,-0.667246
45.830000,-0.595554,-0.701918,-1.152542,-0.671932
45.840000,-0.602333,-0.628571,-1.300448,-0.676403
45.850000,-0.609243,-0.619809,-0.962666,-0.681784
45.860000,-0.615225,-0.554928,-0.838502,-0.686941
45.870000,-0.621319,-0.634492,-1.200000,-0.691814
45.880000,-0.626867,-0.627552,-1.084062,-0.697087
45.890000,-0.632518,-0.505871,-1.528288,-0.701993
45.900000,-0.638217,-0.553258,-1.416757,-0.706384
45.910000,-0.643871,-0.613588,-1.304886,-0.711883
45.920000,-0.648956,-0.458656,-1.100140,-0.716860
45.930000,-0.654530,-0.546993,-1.314475,-0.721365
45.940000,-0.660050,-0.611528,-1.049322,-0.725756
45.950000,-0.665058,-0.435679,-1.287094,-0.730253
45.960000,-0.669928,-0.494860,-1.087730,-0.734559
45.970000,-0.674446,-0.547081,-1.317295,-0.739279
45.980000,-0.680043,-0.442510,-1.421998,-0.743225
45.990000,-0.684606,-0.514286,-1.482602,-0.747359
46.000000,-0.689216,-0.452128,-0.945988,-0.750835
46.010000,-0.694788,-0.474487,-1.305168,-0.754207
46.020000,-0.698411,-0.351397,-1.650108,-0.757567
46.030000,-0.703180,-0.445579,-1.032430,-0.761017
46.040000,-0.707442,-0.399966,-1.567586,-0.763936
46.050000,-0.711597,-0.461538,-1.096749,-0.766825
46.060000,-0.715338,-0.326914,-1.180707,-0.769429
46.070000,-0.719363,-0.389104,-1.062191,-0.771952
46.080000,-0.722790,-0.356044,-1.042737,-0.774355
46.090000,-0.727039,-0.408060,-1.025617,-0.776358
46.100000,-0.730155,-0.316224,-1.268792,-0.778130
46.110000,-0.733005,-0.298708,-1.320376,-0.779657
46.120000,-0.736057,-0.290602,-1.049596,-0.781008
46.130000,-0.738942,-0.295615,-1.469449,-0.782246
46.140000,-0.741604,-0.308040,-1.200000,-0.783194
46.150000,-0.744642,-0.252668,-1.153736,-0.784027
46.160000,-0.746737,-0.232902,-1.813107,-0.784667
46.170000,-0.748646,-0.162637,-2.246154,-0.785045
46.180000,-0.750195,-0.161541,-0.572956,-0.785311
46.190000,-0.751677,-0.154309,-1.034815,-0.785395
46.200000,-0.752850,-0.144870,-1.019260,-0.785269
46.210000,-0.754185,-0.114097,-1.290987,-0.784990
46.220000,-0.755479,-0.102638,-1.143850,-0.784474
46.230000,-0.756275,-0.094799,-1.622550,-0.783823
46.240000,-0.757420,-0.092950,-0.878824,-0.782936
46.250000,-0.758183,-0.085173,-1.656662,-0.781842
46.260000,-0.758946,-0.074725,-1.170637,-0.780531
46.270000,-0.759496,-0.065934,-0.728142,-0.779121
46.280000,-0.760090,-0.054384,-0.950237,-0.777547
46.290000,-0.760090,-0.011469,-0.965872,-0.775794
46.300000,-0.760090,-0.009509,-0.892308,-0.774035
46.310000,-0.760090,-0.004396,-1.136076,-0.771865
46.320000,-0.760090,-0.012101,-0.507869,-0.769369
46.330000,-0.760090,-0.003750,-0.299535,-0.766973
46.340000,-0.760090,-0.011014,-0.616445,-0.764105
46.350000,-0.760090,-0.011434,-0.584615,-0.760754
46.360000,-0.760090,-0.010212,-0.296810,-0.757422
46.370000,-0.760090,-0.006878,-0.082896,-0.753818
46.380000,-0.760090,-0.000636,0.114370,-0.750018
46.390000,-0.760090,-0.003709,0.485560,-0.746265
46.400000,-0.760090,-0.004396,0.593770,-0.741942
46.410000,-0.760090,-0.002167,0.830769,-0.737737
46.420000,-0.759709,0.012292,1.231327,-0.733492
46.430000,-0.759709,0.018548,1.179024,-0.728557
46.440000,-0.758946,0.079925,1.188738,-0.723425
46.450000,-0.757935,0.127473,1.076923,-0.718352
46.460000,-0.756116,0.164833,1.005117,-0.714069
46.470000,-0.754417,0.197802,0.985561,-0.708924
46.480000,-0.752229,0.218834,1.296582,-0.703877
46.490000,-0.749603,0.254865,1.729211,-0.698541
46.500000,-0.746988,0.289033,1.246467,-0.693074
46.510000,-0.744037,0.365562,1.366563,-0.687116
46.520000,-0.739891,0.334290,0.947582,-0.681247
46.530000,-0.736611,0.384403,1.336974,-0.674843
46.540000,-0.732619,0.382258,1.630769,-0.668333
46.550000,-0.728378,0.504348,1.162544,-0.661767
46.560000,-0.723274,0.459057,0.648420,-0.654481
46.570000,-0.718238,0.532454,1.267692,-0.647804
46.580000,-0.713425,0.505495,1.320528,-0.641297
46.590000,-0.707613,0.618499,0.998672,-0.633608
46.600000,-0.702430,0.575824,1.226025,-0.626174
46.610000,-0.696279,0.556664,1.507692,-0.619361
46.620000,-0.689811,0.615733,0.796459,-0.611858
46.630000,-0.683457,0.673536,0.563427,-0.604533
46.640000,-0.677441,0.678301,1.301954,-0.596257
46.650000,-0.670371,0.654945,1.196845,-0.588929
46.660000,-0.663971,0.592806,1.446154,-0.580447
46.670000,-0.656281,0.726588,0.873838,-0.571745
46.680000,-0.649752,0.731229,1.318018,-0.564361
46.690000,-0.642693,0.839560,1.135605,-0.555541
46.700000,-0.634584,0.804345,0.892662,-0.545964
46.710000,-0.627698,0.760908,1.132997,-0.537173
46.720000,-0.618871,0.776425,0.561004,-0.528581
46.730000,-0.611896,0.833297,1.131154,-0.520579
46.740000,-0.602771,0.786871,0.942021,-0.512848
46.750000,-0.595012,0.845119,0.931216,-0.505785
46.760000,-0.586787,0.884926,0.858956,-0.498230
46.770000,-0.578702,0.823016,0.980982,-0.490810
46.780000,-0.570397,0.850534,0.984403,-0.482273
46.790000,-0.563127,0.757937,1.323077,-0.475337
46.800000,-0.555610,0.865934,0.770432,-0.468993
46.810000,-0.547765,0.688619,1.174777,-0.458340
46.820000,-0.539919,0.756199,0.985699,-0.447563
46.830000,-0.531316,0.664849,1.418114,-0.436429
46.840000,-0.523266,0.757449,1.080455,-0.425948
46.850000,-0.515021,0.697568,1.358511,-0.415351
46.860000,-0.505528,0.895347,0.766713,-0.405378
46.870000,-0.496075,0.912624,1.173332,-0.395142
46.880000,-0.486298,0.987773,1.019716,-0.384299
46.890000,-0.477827,1.054612,1.048486,-0.374010
46.900000,-0.466912,0.940655,1.285693,-0.362476
46.910000,-0.457148,0.940378,0.777415,-0.351734
46.920000,-0.448043,0.831742,1.083735,-0.341928
46.930000,-0.437406,1.083125,1.051636,-0.331371
46.940000,-0.427459,1.076923,1.111568,-0.320168
46.950000,-0.417321,0.992903,0.992376,-0.308762
46.960000,-0.406935,1.024656,0.961198,-0.297951
46.970000,-0.396951,0.938636,1.052753,-0.287342
46.980000,-0.385881,1.090799,1.043558,-0.274918
46.990000,-0.374362,1.077961,0.895941,-0.264319
47.000000,-0.364167,0.990130,1.860138,-0.252976
47.010000,-0.353893,1.140188,1.076923,-0.241767
47.020000,-0.342868,1.226719,0.443129,-0.230134
47.030000,-0.332282,0.921028,0.785660,-0.219167
47.040000,-0.321681,1.067503,0.884774,-0.207241
47.050000,-0.310886,1.226265,1.669792,-0.194787
47.060000,-0.299357,0.986968,0.827043,-0.183016
47.070000,-0.288227,1.111826,0.944696,-0.170973
47.080000,-0.277192,1.229431,0.688979,-0.159132
47.090000,-0.264932,1.123902,1.108273,-0.147381
47.100000,-0.253448,1.192189,1.115662,-0.134023
47.110000,-0.242496,1.133355,1.302068,-0.123158
47.120000,-0.231842,1.095580,1.138355,-0.111738
47.130000,-0.218427,1.126646,0.741079,-0.099936
47.140000,-0.207129,1.158748,1.217845,-0.086432
47.150000,-0.195241,1.213838,1.543017,-0.074782
47.160000,-0.183387,1.031929,1.128902,-0.062117
47.170000,-0.172301,1.177340,1.032394,-0.049778
47.180000,-0.160845,1.392957,0.979719,-0.038299
47.190000,-0.148370,1.048096,1.294345,-0.026789
47.200000,-0.135798,1.247537,0.782905,-0.015269
47.210000,-0.124159,1.149587,0.945677,-0.005955
47.220000,-0.112224,1.205648,1.114855,0.003767
47.230000,-0.100465,1.044396,0.976351,0.013891
47.240000,-0.089609,1.112088,0.756704,0.024486
47.250000,-0.078110,1.185430,0.924112,0.033727
47.260000,-0.067136,0.966227,0.897325,0.044233
47.270000,-0.056689,1.079041,0.544281,0.052796
47.280000,-0.045577,1.088791,1.180000,0.062849
47.290000,-0.035001,1.024813,0.863719,0.073869
47.300000,-0.024564,1.031063,1.076923,0.083525
47.310000,-0.013898,0.976931,1.648512,0.092599
47.320000,-0.003851,1.087560,1.102325,0.105221
47.330000,0.006037,1.220657,1.207679,0.118905
47.340000,0.016558,0.933469,1.323077,0.132812
47.350000,0.027774,1.051900,1.280443,0.145014
47.360000,0.038852,1.311231,0.900387,0.156595
47.370000,0.049981,0.977475,0.562545,0.169887
47.380000,0.061195,1.163596,0.670435,0.182073
47.390000,0.072309,1.216800,1.094090,0.193633
47.400000,0.084170,1.084474,1.463747,0.206405
47.410000,0.096856,1.114314,1.329747,0.219022
47.420000,0.107767,1.191209,1.200000,0.230606
47.430000,0.120128,1.259364,1.042514,0.243288
47.440000,0.132436,1.111268,1.197131,0.255060
47.450000,0.144776,1.313546,0.771302,0.266170
47.460000,0.155746,1.306770,1.165835,0.277940
47.470000,0.168256,1.077999,1.481571,0.289204
47.480000,0.179464,1.244322,1.315075,0.298762
47.490000,0.191237,1.112988,-0.081482,0.309973
47.500000,0.202904,1.196863,1.209357,0.320917
47.510000,0.215417,1.022980,1.227477,0.332565
47.520000,0.226798,1.177812,1.136661,0.342916
47.530000,0.236565,1.191029,1.476294,0.354556
47.540000,0.248756,1.080790,0.696964,0.365744
47.550000,0.259550,1.112600,1.004639,0.377661
47.560000,0.271888,1.269102,0.682504,0.389200
47.570000,0.281972,0.958934,0.837709,0.400649
47.580000,0.293582,1.238848,1.166238,0.411124
47.590000,0.305537,1.227524,1.209088,0.422248
47.600000,0.317217,1.078050,1.108678,0.432917
47.610000,0.328725,1.212222,0.868294,0.443159
47.620000,0.339743,1.197313,0.599713,0.453640
47.630000,0.349895,0.910412,1.959883,0.463845
47.640000,0.360999,1.070206,1.189166,0.473351
47.650000,0.372790,1.256281,1.610156,0.483460
47.660000,0.383107,0.942529,1.636026,0.494392
47.670000,0.394055,1.051868,0.947672,0.504144
47.680000,0.404109,1.184552,1.153995,0.513556
47.690000,0.415088,0.948581,1.393004,0.523676
47.700000,0.425345,1.109160,0.666649,0.532591
47.710000,0.435178,1.050897,1.202431,0.541001
47.720000,0.446136,0.932031,0.393542,0.548931
47.730000,0.455975,0.968777,1.174612,0.558069
47.740000,0.464828,0.814992,1.018430,0.566937
47.750000,0.474798,1.015176,0.988803,0.574920
47.760000,0.483986,0.913309,1.128200,0.583290
47.770000,0.494037,0.970224,1.024131,0.590825
47.780000,0.503002,0.928678,1.187340,0.600088
47.790000,0.512217,0.947044,0.679847,0.610122
47.800000,0.520309,1.025896,1.069877,0.619993
47.810000,0.529297,0.967041,1.286089,0.629224
47.820000,0.537934,1.005178,1.547103,0.638889
47.830000,0.547966,0.736952,1.006546,0.648416
47.840000,0.557123,0.866938,0.042485,0.657544
47.850000,0.565414,0.773765,1.527557,0.666230
47.860000,0.574762,0.909857,1.082372,0.674668
47.870000,0.583705,0.833653,1.456492,0.682407
47.880000,0.593205,0.973307,1.067245,0.690037
47.890000,0.601974,0.952579,1.291474,0.697102
47.900000,0.612146,0.916464,1.219494,0.703620
47.910000,0.620383,0.925884,0.685458,0.709377
47.920000,0.628315,0.857522,0.959159,0.715377
47.930000,0.636110,0.864683,0.874568,0.720657
47.940000,0.644821,0.806607,0.646154,0.725914
47.950000,0.650985,0.760086,1.076923,0.730970
47.960000,0.658879,0.728041,0.610435,0.736046
47.970000,0.665608,0.596077,1.011282,0.740558
47.980000,0.672329,0.665775,1.106348,0.745001
47.990000,0.679117,0.585992,0.438801,0.749292
48.000000,0.684251,0.598547,1.151241,0.753404
48.010000,0.690324,0.524094,1.550430,0.757328
48.020000,0.696384,0.562662,0.401383,0.760989
48.030000,0.700634,0.524624,1.074758,0.763731
48.040000,0.706561,0.458550,0.236302,0.766206
48.050000,0.711136,0.499730,1.035053,0.768401
48.060000,0.715264,0.353763,1.215966,0.770431
48.070000,0.719282,0.488579,0.830769,0.772466
48.080000,0.724123,0.352252,1.095017,0.774674
48.090000,0.727283,0.324175,1.207711,0.776816
48.100000,0.730335,0.320879,1.094640,0.778649
48.110000,0.733250,0.276265,1.035130,0.780302
48.120000,0.736763,0.353608,0.821625,0.781634
48.130000,0.739872,0.250549,0.030769,0.782778
48.140000,0.742126,0.224967,1.104609,0.783732
48.150000,0.744097,0.215385,1.022315,0.784453
48.160000,0.746159,0.206907,0.938496,0.784992
48.170000,0.748197,0.184361,0.845179,0.785304
48.180000,0.750245,0.206593,0.977522,0.785397
48.190000,0.752079,0.187767,1.041511,0.785259
48.200000,0.753605,0.108440,1.282481,0.784930
48.210000,0.754368,0.043276,0.835214,0.784431
48.220000,0.755131,0.062847,1.439574,0.783685
48.230000,0.755512,0.039560,0.618604,0.782788
48.240000,0.755894,-0.009500,1.249634,0.781538
48.250000,0.755894,-0.010977,1.216461,0.780135
48.260000,0.755894,-0.011863,1.925128,0.778577
48.270000,0.755894,-0.012428,1.015385,0.776817
48.280000,0.755894,-0.010747,0.659683,0.774782
48.290000,0.755894,0.003281,1.027084,0.772360
48.300000,0.755894,-0.011163,0.087657,0.769787
48.310000,0.755894,0.004228,0.116642,0.766839
48.320000,0.755512,-0.013187,-0.350409,0.763991
48.330000,0.755512,-0.010265,0.338462,0.760661
48.340000,0.755512,-0.007683,0.277469,0.756902
48.350000,0.755512,-0.004396,-0.382406,0.752838
48.360000,0.755512,-0.008923,-0.483619,0.748584
48.370000,0.755512,-0.021978,-0.840379,0.744578
48.380000,0.755131,-0.021978,-0.369800,0.739993
48.390000,0.755131,-0.030769,-0.740829,0.735242
48.400000,0.754749,-0.033060,-0.796116,0.730354
48.410000,0.754368,-0.100996,-0.833295,0.725490
48.420000,0.752971,-0.165615,-0.829774,0.720911
48.430000,0.751008,-0.169735,-1.138462,0.715763
48.440000,0.749502,-0.162637,-1.178136,0.710050
48.450000,0.747883,-0.153846,-1.258097,0.704966
48.460000,0.745739,-0.227521,-1.456510,0.699777
48.470000,0.743614,-0.266459,-1.720225,0.694067
48.480000,0.740815,-0.307935,-1.402545,0.687988
48.490000,0.737116,-0.389233,-0.874336,0.681922
48.500000,0.733496,-0.369270,-1.366954,0.675011
48.510000,0.729923,-0.410565,-1.268987,0.668908
48.520000,0.725431,-0.436431,-1.336245,0.662106
48.530000,0.720967,-0.554010,-1.384615,0.654977
48.540000,0.715954,-0.450093,-1.114082,0.647812
48.550000,0.710579,-0.610989,-1.147164,0.640412
48.560000,0.705077,-0.599188,-1.616207,0.632288
48.570000,0.698621,-0.519518,-1.179986,0.624152
48.580000,0.692662,-0.674682,-0.989038,0.615501
48.590000,0.686142,-0.800348,-1.386504,0.607615
48.600000,0.680178,-0.612431,-1.242038,0.599277
48.610000,0.672504,-0.670806,-1.445513,0.590379
48.620000,0.665803,-0.671728,-1.205596,0.580989
48.630000,0.658199,-0.775918,-1.232089,0.573892
48.640000,0.650477,-0.786813,-1.429165,0.565233
48.650000,0.642803,-0.854005,-1.121761,0.554946
48.660000,0.634996,-0.833572,-1.190189,0.544205
48.670000,0.627103,-0.871044,-1.184235,0.533851
48.680000,0.618260,-0.918778,-1.187963,0.523404
48.690000,0.609990,-0.929303,-1.144869,0.515468
48.700000,0.601365,-0.952418,-1.010387,0.508088
48.710000,0.592615,-0.933108,-0.944573,0.500416
48.720000,0.584864,-0.956711,-0.933263,0.493167
48.730000,0.574958,-0.902235,-1.068974,0.485050
48.740000,0.566505,-0.837388,-0.486927,0.475034
48.750000,0.558153,-0.878816,-0.941667,0.464428
48.760000,0.549099,-0.759628,-0.825087,0.453519
48.770000,0.540824,-0.906675,-1.002813,0.443516
48.780000,0.531432,-0.765684,-0.838688,0.433026
48.790000,0.521998,-0.923769,-1.670390,0.423288
48.800000,0.513521,-0.834000,-1.080582,0.412679
48.810000,0.504084,-0.972892,-1.862284,0.402055
48.820000,0.494174,-1.027847,-1.221254,0.392489
48.830000,0.484261,-0.977635,-0.798165,0.381702
48.840000,0.474634,-1.088310,-1.250407,0.370074
48.850000,0.464431,-0.947380,-1.158551,0.359551
48.860000,0.454820,-0.993023,-1.379239,0.348456
48.870000,0.444589,-0.977604,-1.399624,0.337119
48.880000,0.434218,-1.060265,-1.291329,0.325262
48.890000,0.423164,-1.112088,-0.790355,0.314808
48.900000,0.413326,-1.095880,-0.734322,0.303784
48.910000,0.401884,-1.038889,-0.790605,0.293232
48.920000,0.392001,-1.075340,-1.088006,0.281330
48.930000,0.381849,-0.922887,-1.313670,0.269003
48.940000,0.369825,-1.239059,-1.367301,0.256967
48.950000,0.359267,-1.089836,-1.037498,0.243962
48.960000,0.348806,-0.933247,-0.670694,0.230885
48.970000,0.336960,-1.348610,-1.076923,0.217244
48.980000,0.325016,-1.191147,-1.076491,0.203834
48.990000,0.313966,-1.064910,-1.678481,0.192228
49.000000,0.301071,-1.170984,-1.063762,0.179008
49.010000,0.289499,-1.207870,-1.285675,0.165187
49.020000,0.276129,-1.380720,-1.012355,0.152057
49.030000,0.265072,-1.035278,-1.452182,0.137761
49.040000,0.251642,-1.323464,-1.094699,0.123741
49.050000,0.239052,-1.325240,-1.388034,0.111930
49.060000,0.226104,-1.357961,-0.532077,0.098806
49.070000,0.213329,-1.225860,-1.682528,0.086215
49.080000,0.200637,-1.232413,-1.172317,0.073589
49.090000,0.188496,-1.365135,-1.309794,0.060736
49.100000,0.174595,-1.207867,-1.365177,0.048600
49.110000,0.163548,-1.229850,-1.675780,0.035522
49.120000,0.149065,-1.147558,-1.384615,0.022721
49.130000,0.136847,-1.314471,-0.721945,0.009756
49.140000,0.124950,-1.374294,-0.961863,-0.003427
49.150000,0.111720,-1.298950,-1.835529,-0.017221
49.160000,0.098826,-1.187648,-1.235511,-0.030371
49.170000,0.085712,-1.241600,-1.093616,-0.041459
49.180000,0.072993,-1.367033,-1.075012,-0.054260
49.190000,0.061447,-1.257889,-1.261538,-0.068515
49.200000,0.048652,-1.154497,-1.074757,-0.081733
49.210000,0.034266,-1.137759,-0.938889,-0.093433
49.220000,0.021183,-1.483808,-1.120561,-0.105918
49.230000,0.009048,-1.273351,-1.211542,-0.119850
49.240000,-0.004443,-1.298621,-0.762518,-0.132699
49.250000,-0.016266,-1.164588,-0.904407,-0.145675
49.260000,-0.030398,-1.364567,-1.104727,-0.157404
49.270000,-0.042773,-1.251673,-1.025563,-0.170484
49.280000,-0.054381,-1.348742,-1.328040,-0.184190
49.290000,-0.067947,-1.132089,-1.286411,-0.197609
49.300000,-0.082134,-1.219880,-0.812588,-0.210630
49.310000,-0.093992,-1.399622,-1.563596,-0.223040
49.320000,-0.107201,-1.317210,-0.336545,-0.234699
49.330000,-0.119911,-1.297525,-1.084914,-0.247961
49.340000,-0.133576,-1.169817,-1.824018,-0.258458
49.350000,-0.145337,-1.393455,-0.830769,-0.269909
49.360000,-0.158320,-1.175058,-1.221943,-0.282222
49.370000,-0.171910,-1.327507,-0.889020,-0.294207
49.380000,-0.182884,-1.100825,-1.270188,-0.306505
49.390000,-0.195162,-1.292095,-1.062049,-0.318641
49.400000,-0.208350,-1.199714,-1.099249,-0.330801
49.410000,-0.219107,-1.168453,-1.206331,-0.342035
49.420000,-0.232509,-1.199778,-0.626522,-0.354867
49.430000,-0.244118,-1.186428,-1.342502,-0.366597
49.440000,-0.257695,-1.400821,-0.650010,-0.377937
49.450000,-0.269003,-1.131524,-1.152067,-0.389334
49.460000,-0.280486,-1.195881,-1.185582,-0.399419
49.470000,-0.293946,-1.331868,-1.083054,-0.410745
49.480000,-0.305401,-1.191897,-1.227826,-0.421502
49.490000,-0.316121,-0.987435,-1.286791,-0.431241
49.500000,-0.327100,-1.339599,-1.145886,-0.442383
49.510000,-0.338489,-1.130271,-1.258577,-0.453030
49.520000,-0.350420,-1.027416,-1.384615,-0.462141
49.530000,-0.361723,-1.257346,-1.155581,-0.471485
49.540000,-0.372247,-1.113082,-1.190476,-0.481242
49.550000,-0.382931,-0.895547,-0.973276,-0.490388
49.560000,-0.392778,-1.083835,-0.965590,-0.500546
49.570000,-0.404610,-1.097020,-1.076923,-0.509827
49.580000,-0.413891,-1.033531,-1.108679,-0.519706
49.590000,-0.423909,-1.028237,-1.647634,-0.529802
49.600000,-0.434171,-0.910071,-1.617279,-0.539976
49.610000,-0.445176,-1.075920,-0.524874,-0.549328
49.620000,-0.455386,-1.079155,-1.019291,-0.559224
49.630000,-0.465254,-0.847430,-0.808360,-0.568487
49.640000,-0.475361,-0.953723,-0.992313,-0.577900
49.650000,-0.484863,-0.952288,-1.240061,-0.586972
49.660000,-0.495428,-1.051784,-0.931978,-0.594823
49.670000,-0.504326,-1.014869,-0.983532,-0.603404
49.680000,-0.513891,-0.864621,-0.911204,-0.611166
49.690000,-0.522808,-0.903066,-1.150404,-0.619156
49.700000,-0.532143,-0.745556,-1.195129,-0.626556
49.710000,-0.541350,-0.850030,-1.426430,-0.634290
49.720000,-0.550106,-0.768235,-0.539346,-0.641177
49.730000,-0.558462,-0.894575,-1.299451,-0.648237
49.740000,-0.566607,-0.734171,-1.582129,-0.655376
49.750000,-0.574688,-0.795283,-1.129460,-0.662485
49.760000,-0.582679,-0.691177,-0.688126,-0.669426
49.770000,-0.591478,-0.754295,-0.517772,-0.675012
49.780000,-0.598813,-0.679539,-1.321404,-0.682004
49.790000,-0.606006,-0.856306,-1.144322,-0.688055
49.800000,-0.613474,-0.716622,-0.842153,-0.694183
49.810000,-0.620430,-0.747481,-1.225913,-0.699783
49.820000,-0.627165,-0.726596,-0.772444,-0.705702
49.830000,-0.634055,-0.684735,-1.707087,-0.711793
49.840000,-0.640923,-0.674571,-1.313088,-0.716267
49.850000,-0.647288,-0.586667,-1.179430,-0.721505
49.860000,-0.653926,-0.621089,-1.452717,-0.726492
49.870000,-0.660247,-0.696769,-0.983701,-0.731148
49.880000,-0.665088,-0.497252,-2.413097,-0.735859
49.890000,-0.671065,-0.561057,-0.843690,-0.740358
49.900000,-0.677331,-0.648314,-1.341673,-0.744714
49.910000,-0.682070,-0.479447,-0.291410,-0.749029
49.920000,-0.688059,-0.535406,-0.957847,-0.752786
49.930000,-0.693552,-0.630433,-1.248509,-0.756658
49.940000,-0.698168,-0.396860,-1.054944,-0.759906
49.950000,-0.702672,-0.512162,-0.675883,-0.763239
49.960000,-0.707465,-0.450828,-1.135427,-0.765932
49.970000,-0.712432,-0.474425,-0.863642,-0.768579
49.980000,-0.716015,-0.383801,-1.540742,-0.771375
49.990000,-0.720547,-0.435165,-0.911910,-0.773706
50.000000,-0.724175,-0.379808,-1.246867,-0.775818
50.010000,-0.728635,-0.387187,-1.277239,-0.777731
50.020000,-0.731853,-0.277285,-1.262806,-0.779517
50.030000,-0.734506,-0.310368,-1.709709,-0.780958
50.040000,-0.737704,-0.312507,-1.170699,-0.782249
50.050000,-0.740635,-0.293050,-1.538675,-0.783286
50.060000,-0.743803,-0.294891,-0.999375,-0.784174
50.070000,-0.746213,-0.245672,-1.431146,-0.784752
50.080000,-0.747929,-0.185822,-1.116141,-0.785155
50.090000,-0.749672,-0.183562,-0.947732,-0.785378
50.100000,-0.751772,-0.194394,-1.124641,-0.785355
50.110000,-0.753041,-0.149251,-0.927261,-0.785099
50.120000,-0.754368,-0.122481,-1.208338,-0.784620
50.130000,-0.755512,-0.118681,-1.111610,-0.783864
50.140000,-0.756657,-0.092308,-1.457358,-0.782936
50.150000,-0.757420,-0.080128,-0.678862,-0.781870
50.160000,-0.758079,-0.065934,-1.087018,-0.780713
50.170000,-0.758564,-0.065934,-1.100190,-0.779277
50.180000,-0.758946,-0.020283,-1.223736,-0.777521
50.190000,-0.758946,0.004589,-1.044118,-0.775445
50.200000,-0.758946,0.001862,-1.007053,-0.773145
50.210000,-0.758946,-0.004396,-0.935493,-0.770696
50.220000,-0.758946,0.001205,-0.701775,-0.767959
50.230000,-0.758946,0.003106,-0.381942,-0.765324
50.240000,-0.758946,0.004396,-0.282626,-0.762161
50.250000,-0.758946,-0.004396,-0.155889,-0.758990
50.260000,-0.758946,-0.008231,-0.276923,-0.755606
50.270000,-0.758946,0.004396,-0.054063,-0.751960
50.280000,-0.758946,0.004396,-0.088151,-0.748386
50.290000,-0.758564,0.007516,0.171694,-0.744317
50.300000,-0.758564,0.010850,0.625087,-0.739871
50.310000,-0.758564,0.005450,0.990762,-0.735468
50.320000,-0.758183,0.013187,1.076923,-0.730512
50.330000,-0.758008,0.039560,1.143656,-0.725987
50.340000,-0.757378,0.102051,1.303089,-0.720855
50.350000,-0.755894,0.156745,0.725999,-0.714610
50.360000,-0.754140,0.208306,0.941060,-0.708967
50.370000,-0.751945,0.215889,1.015385,-0.702655
50.380000,-0.749751,0.249652,1.267821,-0.696111
50.390000,-0.746392,0.337239,1.384615,-0.690248
50.400000,-0.743055,0.420341,1.070486,-0.683426
50.410000,-0.739102,0.379700,1.418206,-0.676901
50.420000,-0.734913,0.419823,1.413572,-0.670787
50.430000,-0.730981,0.393216,1.578925,-0.663983
50.440000,-0.726124,0.560187,0.849097,-0.657115
50.450000,-0.720944,0.509632,1.252491,-0.649959
50.460000,-0.715270,0.461674,1.401659,-0.642763
50.470000,-0.709951,0.661454,0.908284,-0.634729
50.480000,-0.703594,0.619780,1.612474,-0.626676
50.490000,-0.697924,0.471657,1.566908,-0.618951
50.500000,-0.691232,0.764799,0.614961,-0.610298
50.510000,-0.685538,0.697666,1.320787,-0.602008
50.520000,-0.679025,0.648612,1.553968,-0.593498
50.530000,-0.671075,0.701866,1.118430,-0.585145
50.540000,-0.663834,0.625273,0.698416,-0.575566
50.550000,-0.655540,0.775968,1.538414,-0.565720
50.560000,-0.648324,0.719818,1.342706,-0.555801
50.570000,-0.640916,0.888365,1.323077,-0.546381
50.580000,-0.632153,0.786157,1.309299,-0.536748
50.590000,-0.623649,0.931657,1.475658,-0.526601
50.600000,-0.614484,0.863135,1.074861,-0.516778
50.610000,-0.606404,0.935708,1.345697,-0.506614
50.620000,-0.597719,0.834625,1.081841,-0.496505
50.630000,-0.587438,1.049539,0.953846,-0.486134
50.640000,-0.578117,0.980012,1.179972,-0.475343
50.650000,-0.568375,0.950499,0.948289,-0.465100
50.660000,-0.559055,0.989011,0.739020,-0.454960
50.670000,-0.549571,0.872430,0.880940,-0.444594
50.680000,-0.539032,1.032460,0.990564,-0.434779
50.690000,-0.530074,0.912886,1.233894,-0.423673
50.700000,-0.520178,1.064799,1.138462,-0.411286
50.710000,-0.510493,1.124499,1.122373,-0.400168
50.720000,-0.499390,0.933412,1.138462,-0.388252
50.730000,-0.488456,1.101980,1.062013,-0.376481
50.740000,-0.478766,1.133660,1.187942,-0.364946
50.750000,-0.466727,1.027937,0.703592,-0.354204
50.760000,-0.456478,0.998779,0.280342,-0.343764
50.770000,-0.445757,1.073779,1.425812,-0.331403
50.780000,-0.434490,1.094177,-0.203740,-0.318874
50.790000,-0.422962,1.121966,1.130720,-0.309305
50.800000,-0.411571,1.163638,1.395058,-0.298767
50.810000,-0.400717,1.120069,0.918057,-0.287129
50.820000,-0.389346,1.144924,0.779622,-0.277869
50.830000,-0.377992,1.186039,0.919620,-0.267643
50.840000,-0.367274,1.062266,0.504452,-0.256314
50.850000,-0.357315,1.050503,0.759028,-0.244955
50.860000,-0.346340,0.968991,1.408920,-0.235881
50.870000,-0.334172,1.168084,0.861389,-0.224651
50.880000,-0.324405,1.185653,0.796759,-0.215070
50.890000,-0.314061,0.915406,1.200000,-0.203165
50.900000,-0.302170,1.102040,0.662638,-0.193402
50.910000,-0.292818,1.206478,1.081780,-0.182450
50.920000,-0.281697,0.954733,1.016627,-0.171943
50.930000,-0.271354,1.138462,0.885856,-0.161763
50.940000,-0.260805,1.051777,1.314483,-0.148916
50.950000,-0.249411,0.992408,1.253693,-0.138663
50.960000,-0.239622,1.151032,1.295827,-0.126546
50.970000,-0.228955,1.137128,1.455489,-0.114616
50.980000,-0.217805,0.980994,0.752962,-0.103939
50.990000,-0.207076,1.154778,1.163570,-0.092799
51.000000,-0.196322,1.168197,1.142684,-0.081002
51.010000,-0.184924,1.101361,1.015385,-0.067621
51.020000,-0.173837,1.073461,1.037066,-0.052048
51.030000,-0.162281,1.231331,1.267482,-0.037402
51.040000,-0.150541,1.080102,1.113586,-0.023864
51.050000,-0.138161,1.319166,1.126016,-0.009961
51.060000,-0.125680,1.273006,0.589966,0.003418
51.070000,-0.113255,1.266166,1.313821,0.016920
51.080000,-0.099189,1.075431,1.106845,0.029467
51.090000,-0.087272,1.353466,0.830769,0.043518
51.100000,-0.074131,1.368713,1.037336,0.056209
51.110000,-0.061814,1.409498,1.003975,0.068696
51.120000,-0.048590,1.159618,1.327768,0.082385
51.130000,-0.035271,1.343475,0.742148,0.095722
51.140000,-0.021144,1.381374,0.746538,0.108135
51.150000,-0.009092,1.416879,1.120274,0.123047
51.160000,0.003507,1.246695,1.469789,0.136781
51.170000,0.018014,1.112969,1.303934,0.151194
51.180000,0.031359,1.394969,1.214446,0.165612
51.190000,0.043951,1.325591,1.221971,0.179282
51.200000,0.057671,1.442779,0.582420,0.191830
51.210000,0.069832,1.294798,1.193193,0.204803
51.220000,0.084377,1.221088,1.179991,0.218190
51.230000,0.097145,1.232413,0.865766,0.230782
51.240000,0.110918,1.500525,1.222736,0.243906
51.250000,0.123707,1.310627,1.067421,0.257836
51.260000,0.136402,1.321546,1.503711,0.271610
51.270000,0.149627,1.134644,0.708184,0.285084
51.280000,0.163297,1.299078,0.898966,0.297439
51.290000,0.178121,1.365865,0.921850,0.310829
51.300000,0.190447,1.363703,1.151607,0.324159
51.310000,0.204855,1.426465,1.157836,0.337239
51.320000,0.217153,1.172689,1.119695,0.348674
51.330000,0.230258,1.333762,0.756990,0.360775
51.340000,0.243966,1.406809,1.098721,0.372819
51.350000,0.255983,1.421986,0.641984,0.384956
51.360000,0.268759,1.294608,1.425110,0.396881
51.370000,0.282568,1.050302,1.904583,0.408382
51.380000,0.295328,1.343605,0.604269,0.419030
51.390000,0.307266,1.223935,0.864759,0.430168
51.400000,0.319058,1.204531,1.667604,0.442616
51.410000,0.331682,1.107882,1.033581,0.454337
51.420000,0.344218,1.244439,1.180615,0.465228
51.430000,0.355272,1.369207,0.673118,0.475661
51.440000,0.367277,0.999491,1.211820,0.485743
51.450000,0.380731,1.229355,0.715713,0.496598
51.460000,0.392141,1.132051,0.882904,0.507725
51.470000,0.402210,1.090281,1.327627,0.518190
51.480000,0.414473,1.052746,0.969234,0.529136
51.490000,0.425049,1.197561,0.847845,0.540225
51.500000,0.436053,1.115638,1.138462,0.550768
51.510000,0.447701,0.971429,1.120086,0.560238
51.520000,0.458228,1.210475,1.036448,0.569488
51.530000,0.469203,1.078089,1.076923,0.578384
51.540000,0.479815,1.002631,0.835813,0.587347
51.550000,0.490133,1.009542,0.465666,0.595885
51.560000,0.500414,0.978983,1.355238,0.604357
51.570000,0.509926,1.017330,0.741998,0.610281
51.580000,0.519531,0.991124,1.231464,0.617153
51.590000,0.528469,1.022290,0.841328,0.623096
51.600000,0.538179,1.011705,0.646154,0.630243
51.610000,0.547107,0.783520,1.505683,0.637179
51.620000,0.555532,0.849936,-0.296100,0.643304
51.630000,0.563068,0.798401,1.238851,0.649353
51.640000,0.570808,0.873516,0.428211,0.656967
51.650000,0.578839,0.829605,1.060619,0.663985
51.660000,0.585793,0.824565,0.991242,0.669817
51.670000,0.593729,0.787676,0.721781,0.677559
51.680000,0.601039,0.728585,1.384615,0.684650
51.690000,0.608758,0.761754,1.062546,0.691813
51.700000,0.615411,0.594177,1.576859,0.698409
51.710000,0.623548,0.683142,1.131372,0.704378
51.720000,0.630306,0.651852,1.075689,0.710203
51.730000,0.637224,0.797032,0.972978,0.715698
51.740000,0.644503,0.707692,0.830769,0.721165
51.750000,0.650526,0.675724,1.413516,0.726585
51.760000,0.657606,0.664855,0.646154,0.731656
51.770000,0.664361,0.513787,1.036310,0.736205
51.780000,0.670164,0.696670,0.847333,0.740787
51.790000,0.676729,0.602577,1.047479,0.745171
51.800000,0.681816,0.474167,0.311603,0.749406
51.810000,0.687664,0.608500,0.910011,0.753497
51.820000,0.693081,0.549241,1.118929,0.757105
51.830000,0.698230,0.391209,1.254246,0.760741
51.840000,0.702810,0.613674,1.039132,0.763922
51.850000,0.708399,0.443956,1.353634,0.767117
51.860000,0.712745,0.455675,0.598259,0.770216
51.870000,0.716815,0.392253,1.234423,0.772794
51.880000,0.721189,0.496928,0.556766,0.775331
51.890000,0.725315,0.366617,1.035010,0.777359
51.900000,0.728880,0.370346,1.404361,0.779210
51.910000,0.732179,0.310637,1.102613,0.780793
51.920000,0.735761,0.356560,1.234033,0.782136
51.930000,0.739075,0.279247,0.673269,0.783266
51.940000,0.741779,0.250549,1.089768,0.784167
51.950000,0.743968,0.217244,1.154635,0.784741
51.960000,0.746146,0.220241,1.357948,0.785192
51.970000,0.747883,0.173089,1.076923,0.785389
51.980000,0.749919,0.206593,0.851546,0.785326
51.990000,0.752079,0.196819,0.896898,0.784999
52.000000,0.753605,0.121659,0.986099,0.784380
52.010000,0.754368,0.048352,1.142424,0.783485
52.020000,0.755062,0.048352,0.584044,0.782428
52.030000,0.755512,0.039560,1.740601,0.781177
52.040000,0.755512,-0.009130,1.488788,0.779531
52.050000,0.755512,-0.004396,1.092189,0.777762
52.060000,0.755512,-0.004396,0.461538,0.775754
52.070000,0.755512,-0.012527,1.607687,0.773229
52.080000,0.755512,-0.005136,0.927269,0.770352
52.090000,0.755512,-0.004396,1.325674,0.767612
52.100000,0.755512,-0.004396,0.968558,0.764841
52.110000,0.755512,0.012626,0.515226,0.761258
52.120000,0.755512,-0.013187,0.194004,0.757388
52.130000,0.755512,0.000459,0.173111,0.753488
52.140000,0.755512,-0.004396,-0.178875,0.749455
52.150000,0.755512,-0.007396,-0.278383,0.745059
52.160000,0.755131,-0.013187,-1.183247,0.740395
52.170000,0.755131,-0.013220,-0.892308,0.735078
52.180000,0.754749,-0.038372,-0.972139,0.730011
52.190000,0.753986,-0.119749,-1.304394,0.724543
52.200000,0.752511,-0.191653,-0.865630,0.719051
52.210000,0.750675,-0.197802,-0.931781,0.713449
52.220000,0.749027,-0.171429,-2.022016,0.707418
52.230000,0.747242,-0.177401,-1.043129,0.701096
52.240000,0.744866,-0.264113,-1.077279,0.694849
52.250000,0.742542,-0.303297,-1.382918,0.688546
52.260000,0.738852,-0.368027,-1.320884,0.681393
52.270000,0.734449,-0.400000,-1.037258,0.674160
52.280000,0.730990,-0.378582,-1.669958,0.666093
52.290000,0.725757,-0.479253,-1.323999,0.659371
52.300000,0.720664,-0.608134,-1.512428,0.651322
52.310000,0.715704,-0.447060,-1.366530,0.643056
52.320000,0.709915,-0.603761,-1.214497,0.634873
52.330000,0.703295,-0.766112,-1.103862,0.626947
52.340000,0.697646,-0.541311,-1.526686,0.619842
52.350000,0.691328,-0.636809,-0.811388,0.613204
52.360000,0.684081,-0.692314,-1.346046,0.606212
52.370000,0.677505,-0.709842,-1.030433,0.597355
52.380000,0.670369,-0.778022,-1.125138,0.588468
52.390000,0.663580,-0.654347,-1.139657,0.579095
52.400000,0.655548,-0.760030,-1.323077,0.570400
52.410000,0.648133,-0.702448,-1.264481,0.560414
52.420000,0.640134,-0.780073,-1.431796,0.550347
52.430000,0.631525,-0.698363,-1.197487,0.540631
52.440000,0.624025,-0.891248,-0.978285,0.530134
52.450000,0.615303,-0.755042,-1.667471,0.520432
52.460000,0.607090,-0.872782,-0.326148,0.509081
52.470000,0.597628,-0.761518,-1.885240,0.498529
52.480000,0.588802,-0.923588,-1.785331,0.486771
52.490000,0.579752,-0.913236,-1.469577,0.475958
52.500000,0.568794,-1.095546,-1.141376,0.464084
52.510000,0.559011,-1.108608,-1.549299,0.452407
52.520000,0.549236,-0.953846,-1.359252,0.440307
52.530000,0.538434,-1.089935,-1.053341,0.427435
52.540000,0.529021,-1.136229,-1.313895,0.414802
52.550000,0.516858,-1.078428,-0.976788,0.403929
52.560000,0.506182,-1.137714,-0.657946,0.392667
52.570000,0.495352,-1.076638,-1.631268,0.378924
52.580000,0.484508,-1.132260,-0.968317,0.365885
52.590000,0.471652,-1.134807,-1.148833,0.353587
52.600000,0.461626,-1.171775,-1.145912,0.341301
52.610000,0.449687,-1.184198,-1.076923,0.330401
52.620000,0.436742,-1.211474,-1.142820,0.317827
52.630000,0.425859,-1.287317,-1.257371,0.304702
52.640000,0.413536,-1.136755,-1.060243,0.293686
52.650000,0.401109,-1.195158,-1.295429,0.280730
52.660000,0.389662,-1.239200,-1.542136,0.267322
52.670000,0.377630,-1.286887,-1.128434,0.253762
52.680000,0.365930,-1.102197,-0.776922,0.240527
52.690000,0.352238,-1.300729,-1.258027,0.227098
52.700000,0.340175,-1.311816,-1.182713,0.214152
52.710000,0.328153,-1.341781,-1.226084,0.200951
52.720000,0.314627,-1.101395,-1.471738,0.187053
52.730000,0.301767,-1.323216,-1.093662,0.174396
52.740000,0.289626,-1.242385,-1.014214,0.161520
52.750000,0.276542,-1.380417,-0.971480,0.146741
52.760000,0.263516,-1.260410,-2.173499,0.132379
52.770000,0.250459,-1.218069,-0.976497,0.119169
52.780000,0.236739,-1.488384,-1.238778,0.105121
52.790000,0.222977,-1.261024,-1.155107,0.091956
52.800000,0.210650,-1.409071,-1.154500,0.076580
52.810000,0.197032,-1.301167,-2.340847,0.060135
52.820000,0.183464,-1.311778,-1.243778,0.043542
52.830000,0.169187,-1.499152,-1.016086,0.027094
52.840000,0.155484,-1.417224,-0.957525,0.010514
52.850000,0.141265,-1.509860,-1.356744,-0.005557
52.860000,0.126579,-1.665771,-1.198393,-0.019740
52.870000,0.112483,-1.430553,-1.469687,-0.030937
52.880000,0.097217,-1.354175,-0.837785,-0.041432
52.890000,0.081999,-1.266508,-1.236030,-0.050590
52.900000,0.068365,-1.308464,-0.878222,-0.062189
52.910000,0.054686,-1.457402,-1.003582,-0.073211
52.920000,0.041902,-1.323830,-0.833406,-0.083581
52.930000,0.028021,-1.319069,-1.160785,-0.095546
52.940000,0.015678,-1.094622,-1.545265,-0.108816
52.950000,0.002866,-1.312128,-1.139273,-0.122354
52.960000,-0.008627,-1.154003,-1.049726,-0.135687
52.970000,-0.020722,-1.296703,-1.054751,-0.149998
52.980000,-0.033487,-1.108381,-1.269804,-0.163442
52.990000,-0.047617,-1.317295,-1.180176,-0.176955
53.000000,-0.059149,-1.241678,-2.017713,-0.190385
53.010000,-0.073952,-1.365008,-0.725088,-0.204922
53.020000,-0.086164,-1.250234,-1.398906,-0.218819
53.030000,-0.099403,-1.207763,-1.377880,-0.232417
53.040000,-0.112971,-1.489633,-0.993350,-0.245722
53.050000,-0.126856,-1.385443,-0.894791,-0.258041
53.060000,-0.139616,-1.376715,-1.144697,-0.271755
53.070000,-0.152480,-1.227772,-1.209713,-0.283827
53.080000,-0.166295,-1.127468,-1.198484,-0.296178
53.090000,-0.178683,-1.539305,-1.095573,-0.309402
53.100000,-0.192573,-1.322758,-0.147376,-0.321633
53.110000,-0.205551,-1.390422,-1.341457,-0.333474
53.120000,-0.219156,-1.210905,-1.569231,-0.345326
53.130000,-0.230561,-1.363765,-0.911915,-0.357604
53.140000,-0.243735,-1.221363,-0.909951,-0.369210
53.150000,-0.255760,-1.350938,-1.102774,-0.380353
53.160000,-0.268261,-1.139776,-1.262108,-0.393563
53.170000,-0.280561,-1.197518,-1.200000,-0.404501
53.180000,-0.293592,-1.395875,-1.271242,-0.417948
53.190000,-0.305165,-1.243956,-1.275821,-0.429912
53.200000,-0.317481,-1.228024,-1.460544,-0.441165
53.210000,-0.330549,-1.156044,-0.892308,-0.451725
53.220000,-0.341492,-1.174543,-1.339696,-0.463112
53.230000,-0.353477,-1.281091,-1.338954,-0.475350
53.240000,-0.366309,-1.133251,-1.133021,-0.486992
53.250000,-0.378369,-1.328288,-0.995572,-0.497234
53.260000,-0.389734,-1.214955,-0.659026,-0.506945
53.270000,-0.400944,-1.084701,-0.375718,-0.517420
53.280000,-0.412604,-1.188543,-1.192471,-0.527145
53.290000,-0.424881,-1.110815,-1.234808,-0.537669
53.300000,-0.435613,-1.113078,-1.843280,-0.548434
53.310000,-0.447241,-1.084517,-1.197942,-0.557874
53.320000,-0.458824,-1.152317,-1.054181,-0.566229
53.330000,-0.468523,-1.093502,-1.312527,-0.576159
53.340000,-0.479075,-1.114005,-0.836115,-0.586425
53.350000,-0.489274,-1.049089,-0.651266,-0.595175
53.360000,-0.499930,-0.977545,-1.364281,-0.603288
53.370000,-0.509461,-1.097204,-0.987054,-0.611986
53.380000,-0.519727,-1.095279,-1.127629,-0.620405
53.390000,-0.529839,-0.987864,-0.883389,-0.629691
53.400000,-0.539198,-1.024991,-0.651859,-0.638604
53.410000,-0.548574,-0.872081,-0.187061,-0.646943
53.420000,-0.557826,-0.907993,-1.393034,-0.655161
53.430000,-0.567325,-0.873344,-1.319854,-0.662622
53.440000,-0.576707,-0.895596,-1.250031,-0.669861
53.450000,-0.585054,-0.853924,-1.138462,-0.677222
53.460000,-0.593620,-0.875638,-1.239394,-0.684264
53.470000,-0.602494,-0.781777,-0.783058,-0.690617
53.480000,-0.611182,-0.799044,-1.208019,-0.695675
53.490000,-0.618123,-0.738066,-1.594298,-0.702089
53.500000,-0.626463,-0.805568,-0.815717,-0.708731
53.510000,-0.633795,-0.775812,-1.871296,-0.714632
53.520000,-0.640606,-0.739086,-1.210968,-0.720266
53.530000,-0.648058,-0.620174,-1.160814,-0.725594
53.540000,-0.654194,-0.714351,-1.404518,-0.731226
53.550000,-0.661636,-0.663217,-1.085979,-0.736233
53.560000,-0.667602,-0.646154,-1.144940,-0.740908
53.570000,-0.673711,-0.602198,-1.381827,-0.745399
53.580000,-0.680743,-0.531868,-2.349776,-0.749675
53.590000,-0.685989,-0.628561,-1.007592,-0.753764
53.600000,-0.691675,-0.666490,-1.219276,-0.757579
53.610000,-0.697355,-0.447945,-1.480271,-0.761337
53.620000,-0.702096,-0.593407,-1.195086,-0.764877
53.630000,-0.707160,-0.454917,-0.861616,-0.767927
53.640000,-0.712242,-0.498588,-0.945084,-0.770853
53.650000,-0.716452,-0.438977,-1.633766,-0.773624
53.660000,-0.721535,-0.427117,-0.894388,-0.775952
53.670000,-0.725188,-0.457219,-0.861004,-0.778144
53.680000,-0.729297,-0.395899,-1.222968,-0.779937
53.690000,-0.732597,-0.319664,-1.295575,-0.781586
53.700000,-0.736269,-0.317979,-1.009036,-0.782903
53.710000,-0.739139,-0.319854,-0.741173,-0.783923
53.720000,-0.742161,-0.303297,-0.498513,-0.784613
53.730000,-0.745283,-0.285714,-1.300397,-0.785117
53.740000,-0.747825,-0.210582,-1.414628,-0.785374
53.750000,-0.749628,-0.202866,-0.543762,-0.785347
53.760000,-0.751316,-0.197952,-0.531492,-0.785055
53.770000,-0.753223,-0.171265,-1.079216,-0.784432
53.780000,-0.754650,-0.110214,-1.063238,-0.783581
53.790000,-0.755719,-0.113929,-0.945579,-0.782546
53.800000,-0.756657,-0.083516,-1.499527,-0.781228
53.810000,-0.757420,-0.082762,-1.558672,-0.779660
53.820000,-0.757801,-0.039560,-0.998539,-0.777764
53.830000,-0.758183,-0.048352,-1.284401,-0.775680
53.840000,-0.758564,-0.030769,-0.522582,-0.773202
53.850000,-0.758564,-0.010267,-0.974064,-0.770691
53.860000,-0.758564,-0.004396,-0.881207,-0.767922
53.870000,-0.758564,-0.004396,-0.839896,-0.765620
53.880000,-0.758564,0.001494,-0.748308,-0.763175
53.890000,-0.758564,0.000553,-0.580518,-0.760458
53.900000,-0.758564,-0.004396,-1.011892,-0.757776
53.910000,-0.758564,-0.004396,0.025220,-0.754590
53.920000,-0.758564,-0.004396,-0.215385,-0.751335
53.930000,-0.758564,0.004396,0.177359,-0.748469
53.940000,-0.758564,-0.000291,0.584615,-0.745668
53.950000,-0.758210,-0.004396,0.413173,-0.741984
53.960000,-0.758183,0.004396,-0.240612,-0.738090
53.970000,-0.758183,0.006532,0.983750,-0.733231
53.980000,-0.757801,0.048725,0.988533,-0.728072
53.990000,-0.757038,0.095144,0.650191,-0.723659
54.000000,-0.755861,0.145808,0.809680,-0.717957
54.010000,-0.754327,0.171429,1.006766,-0.712378
54.020000,-0.752210,0.186262,1.382715,-0.706071
54.030000,-0.750052,0.205619,1.128231,-0.699405
54.040000,-0.747501,0.252036,0.856775,-0.693424
54.050000,-0.744224,0.373626,1.174830,-0.687026
54.060000,-0.740415,0.367235,1.209315,-0.679828
54.070000,-0.736739,0.406311,1.195659,-0.672415
54.080000,-0.732719,0.417588,1.384544,-0.664548
54.090000,-0.727497,0.535732,1.413037,-0.656696
54.100000,-0.722211,0.563437,0.826915,-0.648448
54.110000,-0.716692,0.527224,1.254281,-0.640602
54.120000,-0.711388,0.652032,1.271734,-0.631524
54.130000,-0.704910,0.615138,1.258082,-0.622067
54.140000,-0.698368,0.561811,1.407765,-0.612943
54.150000,-0.691526,0.888186,0.646154,-0.603754
54.160000,-0.683798,0.795938,0.468544,-0.594862
54.170000,-0.676165,0.940203,1.011177,-0.585418
54.180000,-0.668309,0.791812,0.692503,-0.576113
54.190000,-0.661099,0.818916,1.610716,-0.566369
54.200000,-0.651181,0.843939,1.139176,-0.555885
54.210000,-0.643871,0.892941,1.248739,-0.546187
54.220000,-0.634362,0.914827,0.964254,-0.537080
54.230000,-0.626445,0.948104,1.097019,-0.526287
54.240000,-0.617154,0.891176,0.969691,-0.514672
54.250000,-0.607763,0.994161,1.155391,-0.503472
54.260000,-0.597982,0.924136,1.326145,-0.492186
54.270000,-0.587663,1.104250,1.038121,-0.480207
54.280000,-0.577686,1.074352,1.313598,-0.469342
54.290000,-0.567826,1.032967,1.384615,-0.458544
54.300000,-0.557413,1.025093,0.578678,-0.446545
54.310000,-0.548057,0.926864,1.407063,-0.434496
54.320000,-0.536510,1.133338,0.936577,-0.422547
54.330000,-0.525419,1.253891,1.571780,-0.410437
54.340000,-0.514997,0.943135,1.274980,-0.397729
54.350000,-0.503625,1.163402,1.025415,-0.384373
54.360000,-0.492615,1.276101,1.609631,-0.371789
54.370000,-0.480033,1.099459,1.155799,-0.359208
54.380000,-0.468593,1.236928,1.056634,-0.346489
54.390000,-0.456849,1.146509,0.786985,-0.332731
54.400000,-0.445312,1.254918,1.464876,-0.320426
54.410000,-0.432476,1.037911,0.990521,-0.306848
54.420000,-0.419846,1.287765,1.171797,-0.292906
54.430000,-0.407570,1.218213,0.587559,-0.279188
54.440000,-0.395334,1.250802,1.392685,-0.265628
54.450000,-0.382523,1.115398,1.061722,-0.251242
54.460000,-0.369594,1.342935,0.806877,-0.236357
54.470000,-0.355637,1.317247,0.990084,-0.224116
54.480000,-0.342105,1.542326,1.029701,-0.209911
54.490000,-0.329714,1.233349,1.320295,-0.195673
54.500000,-0.315725,1.197809,0.605338,-0.180912
54.510000,-0.302756,1.367351,1.184414,-0.166945
54.520000,-0.288892,1.368339,1.354143,-0.153493
54.530000,-0.275224,1.450902,1.063301,-0.140509
54.540000,-0.261879,1.388149,0.915864,-0.128273
54.550000,-0.248727,1.204913,0.952295,-0.115509
54.560000,-0.234918,1.269802,1.282205,-0.103846
54.570000,-0.222027,1.459153,1.058263,-0.093977
54.580000,-0.209322,1.371374,0.815962,-0.081597
54.590000,-0.195229,1.349872,0.884374,-0.069723
54.600000,-0.182524,1.169715,1.303222,-0.060256
54.610000,-0.170563,1.344048,0.982266,-0.047343
54.620000,-0.158581,1.284967,0.668189,-0.032698
54.630000,-0.146073,1.278463,1.575615,-0.016999
54.640000,-0.132807,1.056256,0.568049,-0.003405
54.650000,-0.119883,1.363166,0.993238,0.010461
54.660000,-0.108274,1.368218,0.874849,0.024477
54.670000,-0.093772,1.317499,1.109299,0.037382
54.680000,-0.082260,1.091188,0.264313,0.051442
54.690000,-0.068609,1.288403,0.712711,0.066237
54.700000,-0.053744,1.416394,1.420530,0.081854
54.710000,-0.041335,1.324979,1.054732,0.096189
54.720000,-0.028308,1.458207,1.321984,0.110056
54.730000,-0.012927,1.388584,1.390171,0.124175
54.740000,0.000873,1.226365,1.565515,0.140526
54.750000,0.014424,1.510552,0.691958,0.154347
54.760000,0.027152,1.358242,0.839798,0.166925
54.770000,0.042944,1.393407,0.650677,0.181237
54.780000,0.055419,1.568577,0.614918,0.196061
54.790000,0.070501,1.347495,1.578634,0.209127
54.800000,0.084019,1.305227,1.091606,0.223989
54.810000,0.098413,1.308239,0.866697,0.238505
54.820000,0.112417,1.432536,0.865982,0.251744
54.830000,0.126323,1.520716,1.118708,0.265797
54.840000,0.139672,1.441096,0.091741,0.278369
54.850000,0.153198,1.413644,1.172810,0.289724
54.860000,0.168604,1.254353,1.662926,0.301546
54.870000,0.181405,1.372086,1.007603,0.313591
54.880000,0.194786,1.432391,0.932965,0.324524
54.890000,0.208561,1.302368,0.856779,0.335910
54.900000,0.221236,1.303399,0.595558,0.347948
54.910000,0.234069,1.113664,1.507692,0.357059
54.920000,0.245462,1.336614,0.953846,0.368060
54.930000,0.257698,1.162655,0.321318,0.379258
54.940000,0.269714,1.270051,1.187216,0.389128
54.950000,0.281311,1.091174,1.015385,0.400208
54.960000,0.294245,1.180946,0.714199,0.409719
54.970000,0.305573,1.096370,0.650195,0.418945
54.980000,0.315652,0.977237,0.976249,0.428666
54.990000,0.328010,1.160625,0.872136,0.439356
55.000000,0.338267,1.286057,0.833173,0.448547
55.010000,0.348853,0.986065,0.890407,0.458485
55.020000,0.359309,1.031447,0.774689,0.467969
55.030000,0.370254,1.065846,1.336237,0.476561
55.040000,0.380201,1.061429,0.372579,0.485153
55.050000,0.390548,1.035653,0.431481,0.495348
55.060000,0.400985,0.903803,1.194712,0.504193
55.070000,0.410802,0.957740,0.747031,0.512779
55.080000,0.419728,0.953846,1.241597,0.522647
55.090000,0.429683,0.921630,0.873402,0.534161
55.100000,0.439206,0.980220,0.683551,0.545465
55.110000,0.449295,0.911039,1.242834,0.556815
55.120000,0.459737,1.112088,0.824450,0.568138
55.130000,0.468953,1.048710,1.348824,0.579311
55.140000,0.479260,0.980601,1.015385,0.590103
55.150000,0.489520,1.051596,0.598095,0.600302
55.160000,0.499808,0.943233,1.292431,0.609770
55.170000,0.512107,1.109190,0.892308,0.619177
55.180000,0.520712,1.227037,1.323077,0.629080
55.190000,0.531014,0.925172,0.800076,0.638297
55.200000,0.541075,0.978358,0.841197,0.647723
55.210000,0.552146,1.038407,1.255082,0.656315
55.220000,0.561466,1.018886,1.005286,0.665341
55.230000,0.570910,1.049818,0.901296,0.673346
55.240000,0.581827,0.766526,1.606542,0.681567
55.250000,0.590485,0.866115,0.257255,0.689526
55.260000,0.599422,0.799763,1.261538,0.696903
55.270000,0.609406,0.962550,1.076651,0.704177
55.280000,0.617827,0.899523,1.483532,0.710790
55.290000,0.627078,0.923802,0.646154,0.717523
55.300000,0.635679,0.914978,1.009743,0.723754
55.310000,0.643740,0.863000,1.035868,0.729543
55.320000,0.651376,0.781195,1.117271,0.735580
55.330000,0.660146,0.780160,0.999410,0.741086
55.340000,0.666833,0.669462,1.265853,0.746318
55.350000,0.674370,0.718844,1.645802,0.751316
55.360000,0.681617,0.545783,1.067956,0.755817
55.370000,0.688140,0.722598,1.047538,0.760322
55.380000,0.694327,0.670989,0.766669,0.764126
55.390000,0.700198,0.505495,0.892308,0.767675
55.400000,0.706982,0.511712,0.179352,0.771031
55.410000,0.712030,0.566909,0.825551,0.773941
55.420000,0.716451,0.442252,1.261066,0.776569
55.430000,0.721518,0.582619,0.444074,0.778724
55.440000,0.726332,0.421911,0.938696,0.780596
55.450000,0.730720,0.364586,1.015966,0.782254
55.460000,0.733796,0.373626,0.976142,0.783532
55.470000,0.738016,0.396437,0.341804,0.784479
55.480000,0.741147,0.288259,1.015385,0.785103
55.490000,0.743679,0.233149,0.897407,0.785373
55.500000,0.746093,0.228902,1.479239,0.785333
55.510000,0.748315,0.190189,1.556546,0.784965
55.520000,0.750549,0.215292,1.013432,0.784288
55.530000,0.752455,0.171429,0.830769,0.783274
55.540000,0.753605,0.095388,0.839007,0.781883
55.550000,0.754368,0.004396,1.729865,0.780214
55.560000,0.754368,-0.004396,0.410199,0.778089
55.570000,0.754368,-0.001126,0.461538,0.775728
55.580000,0.754368,-0.007453,0.338462,0.773171
55.590000,0.754368,0.010594,0.604739,0.770281
55.600000,0.754368,0.001499,1.062345,0.766729
55.610000,0.754368,-0.013187,0.197529,0.763161
55.620000,0.754368,-0.021978,0.153846,0.759132
55.630000,0.753986,-0.006027,0.185543,0.754771
55.640000,0.753986,-0.013187,-0.762942,0.750286
55.650000,0.753986,-0.017272,-0.036013,0.745324
55.660000,0.753605,-0.030769,-0.300698,0.739857
55.670000,0.753605,-0.030769,-0.702371,0.733988
55.680000,0.752999,-0.062313,-1.142139,0.728004
55.690000,0.751776,-0.122318,-1.100279,0.721639
55.700000,0.750623,-0.153846,-1.115784,0.715126
55.710000,0.749027,-0.161322,-1.523185,0.708001
55.720000,0.747485,-0.155340,-1.230176,0.701008
55.730000,0.745495,-0.250549,-1.263943,0.693378
55.740000,0.742542,-0.320879,-1.311721,0.685296
55.750000,0.738993,-0.390458,-1.440898,0.677647
55.760000,0.734339,-0.430797,-1.323851,0.669137
55.770000,0.730523,-0.453110,-2.208191,0.660571
55.780000,0.724613,-0.507192,-1.261538,0.652037
55.790000,0.718843,-0.651624,-1.538236,0.643121
55.800000,0.713609,-0.580178,-1.571756,0.633347
55.810000,0.706211,-0.635266,-1.290886,0.623423
55.820000,0.698950,-0.641353,-1.630828,0.613217
55.830000,0.692503,-0.812169,-1.029638,0.602677
55.840000,0.684409,-0.858443,-1.279743,0.591614
55.850000,0.675933,-0.885432,-1.200000,0.580673
55.860000,0.667372,-0.908704,-1.074848,0.569061
55.870000,0.658064,-0.955834,-0.447092,0.558584
55.880000,0.648589,-0.877045,-0.814531,0.547583
55.890000,0.639436,-0.937588,0.093790,0.535685
55.900000,0.629876,-0.889784,-1.235705,0.523753
55.910000,0.619161,-1.142722,-1.012128,0.510999
55.920000,0.608945,-1.084762,-0.639486,0.499062
55.930000,0.598726,-0.949762,-0.892308,0.486231
55.940000,0.587942,-1.148309,-1.268933,0.473422
55.950000,0.576271,-1.198121,-1.265126,0.460036
55.960000,0.565195,-1.054135,-1.084644,0.447669
55.970000,0.554164,-1.223995,-0.895445,0.433924
55.980000,0.542884,-1.258155,-1.063643,0.419383
55.990000,0.530770,-0.997915,-1.503394,0.406129
56.000000,0.517584,-1.286749,-1.033485,0.391623
56.010000,0.505710,-1.282693,-1.108793,0.377597
56.020000,0.493392,-1.310809,-1.253961,0.363677
56.030000,0.480417,-1.115623,-1.794138,0.349035
56.040000,0.466749,-1.342482,-0.979370,0.333432
56.050000,0.453725,-1.306737,-1.380992,0.318276
56.060000,0.439091,-1.477731,-0.713047,0.304540
56.070000,0.426433,-1.415161,-1.333856,0.288688
56.080000,0.412847,-1.420708,-1.552987,0.273296
56.090000,0.398525,-1.220121,-1.150309,0.258307
56.100000,0.384561,-1.431618,-1.076923,0.243826
56.110000,0.369097,-1.555885,-1.111451,0.232780
56.120000,0.356086,-1.463567,-1.341642,0.221235
56.130000,0.341310,-1.367340,-1.172707,0.210560
56.140000,0.327578,-1.434222,-0.597800,0.199459
56.150000,0.314585,-1.255475,-1.237861,0.188737
56.160000,0.300868,-1.244027,-0.901813,0.177416
56.170000,0.288250,-1.350345,-0.843285,0.167326
56.180000,0.276838,-1.362889,-1.134317,0.155940
56.190000,0.263100,-1.178832,-0.950500,0.144505
56.200000,0.251880,-1.103995,-1.097843,0.136118
56.210000,0.239209,-1.189087,-0.820867,0.126410
56.220000,0.228861,-1.245478,-1.183939,0.115002
56.230000,0.217203,-1.095937,-0.563526,0.103856
56.240000,0.205800,-1.182715,-0.403600,0.089576
56.250000,0.194922,-1.228998,-1.329697,0.075391
56.260000,0.183209,-1.036460,-1.367418,0.061313
56.270000,0.171432,-1.314757,-1.494496,0.048049
56.280000,0.159760,-1.260813,-1.361462,0.032996
56.290000,0.147085,-1.158947,-1.683951,0.018470
56.300000,0.133873,-1.249175,-1.251731,0.004542
56.310000,0.121768,-1.279121,-1.339928,-0.008926
56.320000,0.108945,-1.453318,-1.054512,-0.021498
56.330000,0.096542,-1.199293,-1.208489,-0.035994
56.340000,0.082638,-1.211104,-0.753038,-0.050485
56.350000,0.069968,-1.357195,-1.028938,-0.062198
56.360000,0.057061,-1.410295,-1.462496,-0.075051
56.370000,0.043611,-1.360653,-1.239380,-0.088051
56.380000,0.029477,-1.314286,-1.227545,-0.101096
56.390000,0.016825,-1.210621,-1.765307,-0.114908
56.400000,0.003594,-1.530282,-1.440134,-0.129604
56.410000,-0.010476,-1.449606,-1.041951,-0.142672
56.420000,-0.023158,-1.382889,-1.104532,-0.156564
56.430000,-0.035499,-1.297143,-1.737691,-0.170173
56.440000,-0.049910,-1.223441,-2.403405,-0.184309
56.450000,-0.064545,-1.402499,-0.929499,-0.197946
56.460000,-0.077826,-1.493440,-1.371331,-0.212921
56.470000,-0.091226,-1.355763,-1.069810,-0.227294
56.480000,-0.103474,-1.469430,-1.497289,-0.241987
56.490000,-0.118645,-1.311776,-1.521503,-0.255568
56.500000,-0.131778,-1.340816,-0.692250,-0.270128
56.510000,-0.146677,-1.472527,-0.830769,-0.284229
56.520000,-0.159220,-1.379797,-1.173241,-0.297231
56.530000,-0.173719,-1.366756,-1.076923,-0.310566
56.540000,-0.187190,-1.444023,-1.251682,-0.323939
56.550000,-0.201242,-1.227617,-1.288500,-0.337981
56.560000,-0.216054,-1.289962,-1.197468,-0.351497
56.570000,-0.230327,-1.417323,-0.885427,-0.364046
56.580000,-0.242939,-1.355249,-0.777513,-0.376455
56.590000,-0.257220,-1.507643,-1.063337,-0.386153
56.600000,-0.270235,-1.258124,-0.920537,-0.397888
56.610000,-0.282630,-1.206064,-0.787833,-0.408852
56.620000,-0.295920,-1.253618,-0.963782,-0.419949
56.630000,-0.307971,-1.234354,-0.422699,-0.433831
56.640000,-0.319967,-1.336197,-1.198117,-0.446918
56.650000,-0.332638,-1.086661,-0.737966,-0.459479
56.660000,-0.345700,-1.368006,-0.935425,-0.471100
56.670000,-0.357102,-1.182973,-1.298931,-0.482462
56.680000,-0.371249,-1.287912,-0.926684,-0.494214
56.690000,-0.382713,-1.092405,-0.982170,-0.506895
56.700000,-0.395454,-1.295444,-1.079861,-0.518876
56.710000,-0.407095,-1.258826,-1.641571,-0.529475
56.720000,-0.419058,-1.239110,-1.215951,-0.540445
56.730000,-0.431549,-1.088119,-1.000739,-0.551880
56.740000,-0.443894,-1.365159,-1.007774,-0.562165
56.750000,-0.455535,-1.268570,-0.879179,-0.572636
56.760000,-0.467794,-1.121726,-1.412422,-0.582328
56.770000,-0.478236,-1.257636,-1.327630,-0.591341
56.780000,-0.490768,-1.048674,0.262122,-0.600335
56.790000,-0.500966,-1.036259,-1.228438,-0.610297
56.800000,-0.512372,-1.115701,-1.115858,-0.618772
56.810000,-0.522828,-1.015748,-0.669020,-0.627816
56.820000,-0.532153,-0.849776,-1.020239,-0.636281
56.830000,-0.542641,-1.033142,-1.260312,-0.644814
56.840000,-0.552078,-0.964275,-1.290397,-0.652749
56.850000,-0.562314,-0.977144,-1.159995,-0.660448
56.860000,-0.571812,-1.058199,-1.081949,-0.667787
56.870000,-0.581406,-0.850770,-1.121536,-0.675146
56.880000,-0.589646,-1.024267,-0.703632,-0.682804
56.890000,-0.598710,-0.845423,-1.187178,-0.689301
56.900000,-0.606611,-0.904006,-0.974441,-0.695768
56.910000,-0.615620,-0.737596,-0.978555,-0.702558
56.920000,-0.623612,-0.818357,-0.761975,-0.708052
56.930000,-0.631008,-0.698901,-0.961639,-0.714206
56.940000,-0.637980,-0.746533,-1.142492,-0.719786
56.950000,-0.645777,-0.704789,-1.159357,-0.725442
56.960000,-0.652825,-0.720516,-1.009739,-0.730509
56.970000,-0.659696,-0.799448,-1.135603,-0.735664
56.980000,-0.665726,-0.571001,-1.497147,-0.740615
56.990000,-0.672270,-0.591269,-1.089990,-0.745585
57.000000,-0.679097,-0.592492,-0.837300,-0.749414
57.010000,-0.685102,-0.681752,-1.135431,-0.753315
57.020000,-0.690457,-0.548809,-0.963620,-0.757009
57.030000,-0.696765,-0.435165,-0.986029,-0.760622
57.040000,-0.701095,-0.573172,-1.699604,-0.764235
57.050000,-0.705965,-0.468298,-1.424823,-0.767537
57.060000,-0.711529,-0.514286,-1.193319,-0.770521
57.070000,-0.715611,-0.389484,-0.927950,-0.773136
57.080000,-0.720354,-0.469373,-1.261538,-0.775312
57.090000,-0.724061,-0.409739,-1.432427,-0.777373
57.100000,-0.728816,-0.400000,-1.194315,-0.779321
57.110000,-0.731940,-0.305129,-1.214133,-0.781082
57.120000,-0.735214,-0.337077,-1.076923,-0.782464
57.130000,-0.738705,-0.328899,-0.604409,-0.783581
57.140000,-0.741534,-0.326527,-1.013337,-0.784434
57.150000,-0.744746,-0.280336,-1.011749,-0.785019
57.160000,-0.747265,-0.232350,-1.119389,-0.785338
57.170000,-0.749027,-0.189011,-1.555461,-0.785383
57.180000,-0.750979,-0.206593,-1.233099,-0.785157
57.190000,-0.752536,-0.161773,-0.941749,-0.784685
57.200000,-0.754041,-0.128730,-1.015385,-0.783955
57.210000,-0.755235,-0.109890,-1.161046,-0.782901
57.220000,-0.756275,-0.083516,-1.258547,-0.781543
57.230000,-0.757042,-0.083516,-0.588664,-0.780038
57.240000,-0.757801,-0.044419,-1.293115,-0.778363
57.250000,-0.757801,-0.030769,-1.138462,-0.776421
57.260000,-0.758183,-0.034379,-0.854407,-0.773918
57.270000,-0.758564,0.002731,-0.985553,-0.771406
57.280000,-0.758564,-0.004396,-0.659528,-0.768696
57.290000,-0.758564,0.000970,-0.507477,-0.765565
57.300000,-0.758564,0.007278,-0.730901,-0.762094
57.310000,-0.758564,-0.002026,-0.383416,-0.758534
57.320000,-0.758564,-0.002330,-0.428914,-0.754741
57.330000,-0.758564,0.004396,0.177608,-0.750724
57.340000,-0.758564,0.002306,0.122571,-0.746113
57.350000,-0.758183,0.004604,1.516449,-0.741416
57.360000,-0.758183,0.010718,0.518908,-0.736464
57.370000,-0.757801,0.030769,1.268751,-0.730890
57.380000,-0.757387,0.085011,0.461538,-0.725880
57.390000,-0.756275,0.101099,1.187363,-0.719947
57.400000,-0.755056,0.155561,1.088926,-0.713572
57.410000,-0.752963,0.212183,1.222411,-0.707397
57.420000,-0.750935,0.236064,1.127285,-0.700864
57.430000,-0.748667,0.233450,1.333217,-0.694065
57.440000,-0.745641,0.352783,1.207610,-0.687365
57.450000,-0.741370,0.402070,1.535730,-0.680725
57.460000,-0.737701,0.361490,1.351667,-0.673398
57.470000,-0.733595,0.422389,1.215463,-0.665275
57.480000,-0.729574,0.444066,1.814228,-0.656979
57.490000,-0.723343,0.514286,1.756947,-0.648919
57.500000,-0.717527,0.595821,1.255465,-0.640309
57.510000,-0.711826,0.650718,1.400591,-0.632478
57.520000,-0.705319,0.622478,1.005942,-0.623558
57.530000,-0.698632,0.603916,1.552477,-0.614814
57.540000,-0.691119,0.836048,0.128830,-0.605965
57.550000,-0.684858,0.792130,1.313722,-0.596231
57.560000,-0.677257,0.786670,1.446489,-0.587218
57.570000,-0.669262,0.745300,1.166672,-0.577808
57.580000,-0.661592,0.785916,1.655879,-0.567692
57.590000,-0.653381,0.825161,1.250323,-0.556504
57.600000,-0.645110,0.788807,1.531485,-0.545274
57.610000,-0.635874,0.876546,1.197830,-0.533977
57.620000,-0.626936,0.946781,1.607550,-0.523435
57.630000,-0.617327,0.925380,1.007589,-0.512548
57.640000,-0.606890,1.012556,0.532975,-0.500840
57.650000,-0.597744,0.963316,1.217853,-0.491695
57.660000,-0.587882,1.125609,1.051859,-0.480082
57.670000,-0.578469,1.045288,1.224247,-0.469767
57.680000,-0.567331,0.964071,1.022742,-0.457675
57.690000,-0.556979,1.043980,1.030262,-0.446833
57.700000,-0.547243,0.995513,1.079594,-0.434603
57.710000,-0.535640,1.118653,0.726571,-0.424280
57.720000,-0.525899,1.222386,0.567938,-0.411406
57.730000,-0.514208,0.908963,1.241618,-0.399452
57.740000,-0.503508,1.177101,1.178054,-0.385929
57.750000,-0.492639,1.230627,1.481885,-0.372842
57.760000,-0.481080,0.968976,1.347517,-0.361131
57.770000,-0.469260,1.235165,1.142219,-0.347974
57.780000,-0.458082,1.248729,1.197858,-0.335445
57.790000,-0.446481,1.080245,1.442279,-0.321008
57.800000,-0.432682,1.124827,0.875803,-0.309688
57.810000,-0.420868,1.273506,0.889725,-0.298665
57.820000,-0.409195,1.305880,1.147639,-0.285597
57.830000,-0.395865,1.177589,1.651048,-0.269783
57.840000,-0.384201,1.213852,0.668666,-0.252210
57.850000,-0.371836,1.353183,1.036633,-0.234008
57.860000,-0.357159,1.264220,0.525354,-0.216772
57.870000,-0.344753,1.464779,1.985527,-0.199223
57.880000,-0.329731,1.281666,1.745087,-0.181985
57.890000,-0.314751,1.320471,0.924911,-0.164477
57.900000,-0.298932,1.421402,1.656409,-0.146900
57.910000,-0.283576,1.539581,0.926281,-0.128718
57.920000,-0.268191,1.542798,0.282100,-0.110508
57.930000,-0.253164,1.652966,1.076923,-0.091987
57.940000,-0.235241,1.618921,1.005065,-0.075076
57.950000,-0.219531,1.688070,1.228335,-0.057041
57.960000,-0.201724,1.656277,0.800053,-0.039025
57.970000,-0.184736,1.721674,1.398144,-0.020591
57.980000,-0.167649,1.725372,1.253113,-0.002630
57.990000,-0.151462,1.772170,1.151058,0.015404
58.000000,-0.135277,1.795072,1.339226,0.033598
58.010000,-0.118117,1.770825,0.909438,0.051154
58.020000,-0.099860,1.497651,0.962221,0.068366
58.030000,-0.082368,1.473944,1.184102,0.084691
58.040000,-0.065322,1.583374,0.970152,0.100150
58.050000,-0.046456,1.730316,1.280109,0.115451
58.060000,-0.030714,1.638905,1.346958,0.131160
58.070000,-0.013872,1.636307,1.457230,0.147310
58.080000,0.004337,1.727135,1.263898,0.163368
58.090000,0.020314,1.587987,1.284663,0.179614
58.100000,0.037559,1.641922,1.352552,0.195774
58.110000,0.053190,1.529461,1.542125,0.211134
58.120000,0.070775,1.587711,1.504997,0.226684
58.130000,0.085626,1.585734,1.397427,0.242024
58.140000,0.101709,1.604124,1.472780,0.257529
58.150000,0.117833,1.492123,1.575270,0.270912
58.160000,0.133466,1.440602,1.058143,0.286431
58.170000,0.150164,1.465159,0.858097,0.302038
58.180000,0.165879,1.500298,0.950048,0.316580
58.190000,0.182303,1.461004,1.345170,0.331823
58.200000,0.196495,1.630128,0.634924,0.346881
58.210000,0.212198,1.596033,1.305065,0.360519
58.220000,0.227113,1.568022,1.233503,0.374576
58.230000,0.241811,1.507426,0.993629,0.387093
58.240000,0.257356,1.475457,0.935384,0.399613
58.250000,0.272028,1.493126,0.510074,0.413063
58.260000,0.287080,1.538218,0.756287,0.426770
58.270000,0.302370,1.429159,1.265654,0.440355
58.280000,0.316434,1.182418,0.276923,0.452663
58.290000,0.329832,1.447850,0.742241,0.466001
58.300000,0.343980,1.443875,0.931967,0.478549
58.310000,0.358846,1.325585,0.329762,0.492178
58.320000,0.370297,1.435321,1.190107,0.504745
58.330000,0.385114,1.235822,1.333841,0.515315
58.340000,0.398250,1.278201,1.054265,0.527077
58.350000,0.412452,1.311819,0.883673,0.538727
58.360000,0.424077,1.368572,1.113450,0.550983
58.370000,0.437010,1.229441,1.436411,0.562689
58.380000,0.449200,1.111988,1.829450,0.574046
58.390000,0.462139,1.236572,0.617846,0.584186
58.400000,0.474458,1.290060,0.400000,0.594280
58.410000,0.485006,1.276365,1.140069,0.603625
58.420000,0.497569,1.037526,0.962197,0.613610
58.430000,0.509737,1.143512,1.012329,0.623755
58.440000,0.521372,1.281986,0.605355,0.633085
58.450000,0.531947,0.946142,1.102583,0.642372
58.460000,0.543038,1.108093,0.861227,0.651844
58.470000,0.552163,1.101352,1.083111,0.661294
58.480000,0.563812,0.962079,1.119908,0.669121
58.490000,0.573812,0.940805,-0.620948,0.677390
58.500000,0.583711,0.889153,1.230028,0.685383
58.510000,0.593869,1.046546,1.216471,0.693270
58.520000,0.602540,1.046085,0.954111,0.700908
58.530000,0.612696,0.944781,0.730919,0.708324
58.540000,0.622530,0.899316,1.024601,0.714695
58.550000,0.631067,0.742523,0.773911,0.721142
58.560000,0.639224,0.852326,1.583170,0.727652
58.570000,0.647878,0.742801,0.788317,0.733672
58.580000,0.655461,0.815605,0.716543,0.739644
58.590000,0.663438,0.720068,0.360807,0.744822
58.600000,0.671338,0.827593,0.654255,0.750123
58.610000,0.678362,0.735584,1.015385,0.754925
58.620000,0.684896,0.726271,0.844724,0.758936
58.630000,0.692076,0.666182,1.121339,0.762887
58.640000,0.698009,0.492112,0.646154,0.766528
58.650000,0.704013,0.678220,0.662092,0.769813
58.660000,0.709996,0.531400,1.122317,0.772874
58.670000,0.715394,0.408791,1.128138,0.775730
58.680000,0.719871,0.615998,0.585345,0.778085
58.690000,0.724880,0.438976,0.695277,0.780185
58.700000,0.729078,0.416599,1.571657,0.781963
58.710000,0.733215,0.337586,0.747650,0.783322
58.720000,0.737002,0.431362,0.822469,0.784351
58.730000,0.740293,0.327826,0.949543,0.785005
58.740000,0.743515,0.245707,0.928820,0.785343
58.750000,0.746107,0.240246,1.321112,0.785370
58.760000,0.748256,0.189197,1.054776,0.785066
58.770000,0.750414,0.229754,0.847321,0.784440
58.780000,0.752398,0.189011,0.840889,0.783401
58.790000,0.753986,0.106948,0.920277,0.781968
58.800000,0.754749,0.039560,0.758460,0.780371
58.810000,0.755024,0.030769,0.478791,0.778573
58.820000,0.755133,0.021918,0.465319,0.776450
58.830000,0.755512,-0.000146,0.497413,0.773950
58.840000,0.755512,-0.002785,0.338462,0.771074
58.850000,0.755512,-0.011149,0.366990,0.767920
58.860000,0.755512,-0.008202,-0.135452,0.764411
58.870000,0.755512,0.000247,0.201558,0.760328
58.880000,0.755131,0.001542,1.352728,0.756083
58.890000,0.755131,-0.006097,-0.102222,0.751461
58.900000,0.755131,-0.006550,-0.710143,0.746372
58.910000,0.755131,-0.013187,-0.983429,0.741319
58.920000,0.755131,-0.013187,-0.725361,0.736209
58.930000,0.754749,-0.041033,-1.446154,0.730426
58.940000,0.753986,-0.132803,-0.892308,0.724678
58.950000,0.752439,-0.188504,-1.168058,0.718174
58.960000,0.750574,-0.189495,-0.967391,0.711327
58.970000,0.748588,-0.196463,-1.589164,0.703823
58.980000,0.746874,-0.232416,-1.692308,0.696769
58.990000,0.743816,-0.315068,-1.485788,0.688644
59.000000,0.740199,-0.379915,-1.155982,0.681231
59.010000,0.736532,-0.483596,-1.384615,0.672420
59.020000,0.732074,-0.427426,-1.409106,0.663501
59.030000,0.726329,-0.531868,-1.200000,0.654607
59.040000,0.721572,-0.618995,-1.936629,0.645523
59.050000,0.715318,-0.535509,-1.264524,0.636230
59.060000,0.708827,-0.646725,-1.189495,0.626813
59.070000,0.701807,-0.776873,-1.050175,0.617055
59.080000,0.694330,-0.830769,-1.403505,0.607217
59.090000,0.686644,-0.879921,-1.340776,0.596300
59.100000,0.679111,-0.770814,-1.088005,0.585011
59.110000,0.670318,-0.931663,-1.611536,0.574456
59.120000,0.661691,-0.904612,-1.345937,0.562594
59.130000,0.652600,-0.990107,-1.044604,0.553268
59.140000,0.643538,-1.005704,-0.931135,0.544911
59.150000,0.634586,-1.004637,-1.090618,0.537778
59.160000,0.624686,-0.972493,-0.949588,0.530362
59.170000,0.615858,-0.844762,-0.967700,0.522949
59.180000,0.606231,-0.819115,-0.956684,0.513567
59.190000,0.597299,-0.756668,-1.398581,0.504292
59.200000,0.588952,-0.865859,-0.792014,0.495032
59.210000,0.580203,-0.761746,-1.117965,0.485990
59.220000,0.571475,-0.868593,-1.363266,0.476251
59.230000,0.562514,-0.864610,-2.200830,0.467287
59.240000,0.553636,-1.039245,-1.164822,0.459661
59.250000,0.544701,-0.885637,-0.897352,0.450208
59.260000,0.535383,-0.936913,-1.015385,0.440572
59.270000,0.526671,-0.972906,-1.076923,0.430453
59.280000,0.517304,-0.918840,-0.781673,0.421125
59.290000,0.508183,-0.933204,-0.763856,0.409576
59.300000,0.499737,-0.882977,-1.409735,0.398812
59.310000,0.490865,-1.000036,-1.034678,0.389215
59.320000,0.480488,-0.852516,-0.984076,0.379118
59.330000,0.470849,-0.973334,-1.053624,0.368590
59.340000,0.461528,-0.966392,-1.193773,0.357230
59.350000,0.451705,-1.025921,-1.163070,0.345104
59.360000,0.442157,-1.112099,-1.103280,0.335421
59.370000,0.430715,-0.983299,-1.423029,0.322468
59.380000,0.420922,-1.123817,-1.560484,0.308144
59.390000,0.410913,-1.112083,-1.276914,0.294066
59.400000,0.399594,-1.029380,-1.507692,0.280110
59.410000,0.388215,-1.339251,-1.312877,0.266468
59.420000,0.376928,-1.220817,-1.115821,0.251047
59.430000,0.364756,-1.087121,-1.200991,0.236769
59.440000,0.351996,-1.307370,-1.069867,0.223049
59.450000,0.339479,-1.245327,-1.212232,0.210478
59.460000,0.326038,-1.393622,-1.344092,0.194235
59.470000,0.313929,-1.223032,-0.700981,0.180367
59.480000,0.305642,-1.296492,-1.314178,0.169178
59.490000,0.303762,-1.352818,-1.162532,0.159870
59.500000,0.273523,-1.233393,-1.140165,0.147811
59.510000,0.260517,-1.380814,-1.094387,0.129165
59.520000,0.247844,-1.182454,-1.686368,0.110109
59.530000,0.233754,-1.279581,-1.184454,0.090831
59.540000,0.220031,-1.553372,-1.150525,0.071620
59.550000,0.204553,-1.631541,-1.135605,0.052189
59.560000,0.190353,-1.454624,-0.722796,0.032720
59.570000,0.174376,-1.536645,-1.273575,0.012859
59.580000,0.158262,-1.723948,-1.077596,-0.006550
59.590000,0.139980,-1.682566,-0.646363,-0.025852
59.600000,0.123710,-1.807219,-1.728552,-0.045491
59.610000,0.105578,-1.745821,-1.189270,-0.064945
59.620000,0.087478,-1.813146,-1.596366,-0.083926
59.630000,0.069275,-1.811932,-1.105368,-0.103458
59.640000,0.052955,-1.882044,-0.972434,-0.123456
59.650000,0.034524,-1.653616,-1.052234,-0.142851
59.660000,0.015655,-1.652982,-1.926611,-0.162898
59.670000,-0.002395,-1.780455,-1.533112,-0.182155
59.680000,-0.023138,-1.995671,-1.312665,-0.201957
59.690000,-0.042717,-1.949028,-1.248203,-0.221584
59.700000,-0.060942,-2.048799,-1.319069,-0.241059
59.710000,-0.079207,-2.113381,-1.261538,-0.260579
59.720000,-0.100531,-1.604123,-1.500054,-0.278489
59.730000,-0.119250,-1.834461,-1.622312,-0.295377
59.740000,-0.136387,-1.861351,-1.524008,-0.310521
59.750000,-0.156255,-1.876036,-0.784021,-0.324940
59.760000,-0.175424,-1.742752,-1.747987,-0.340168
59.770000,-0.193500,-1.889026,-1.130452,-0.355572
59.780000,-0.210906,-1.842791,-0.819049,-0.370430
59.790000,-0.227041,-1.705011,-0.769231,-0.385788
59.800000,-0.243965,-1.657197,-0.709204,-0.400617
59.810000,-0.260589,-1.697492,-0.864083,-0.414984
59.820000,-0.277085,-1.752525,-1.409159,-0.429339
59.830000,-0.294056,-1.744650,-1.044738,-0.442515
59.840000,-0.307279,-1.560440,-1.015385,-0.453506
59.850000,-0.323982,-1.481189,-1.067595,-0.463083
59.860000,-0.339445,-1.416405,-0.091485,-0.472719
59.870000,-0.352909,-1.517206,-1.214752,-0.482667
59.880000,-0.366607,-1.122978,-1.358888,-0.493717
59.890000,-0.381373,-1.225658,-0.622466,-0.506694
59.900000,-0.393329,-1.374975,-0.309178,-0.518622
59.910000,-0.406655,-1.281818,-0.899699,-0.530622
59.920000,-0.419214,-1.296567,-1.604532,-0.542356
59.930000,-0.431202,-1.180105,-0.727555,-0.554860
59.940000,-0.444948,-1.426922,-1.145510,-0.566027
59.950000,-0.456559,-1.209740,-1.256428,-0.577486
59.960000,-0.469047,-1.288307,-1.253236,-0.588821
59.970000,-0.480892,-1.210086,-0.949277,-0.600733
59.980000,-0.492167,-1.223458,-1.104268,-0.611612
59.990000,-0.504268,-1.250865,-0.860286,-0.621581
60.000000,-0.516330,-0.980654,-2.367332,-0.631594
60.010000,-0.528030,-1.215835,-0.759444,-0.640889
60.020000,-0.538506,-1.208850,-0.970962,-0.650261
60.030000,-0.550659,-1.032848,-0.830650,-0.659283
60.040000,-0.561173,-1.104590,-1.209055,-0.668199
60.050000,-0.571072,-1.161484,-1.197975,-0.677333
60.060000,-0.581383,-1.002908,-0.749047,-0.684618
60.070000,-0.592015,-0.967845,-1.035917,-0.693205
60.080000,-0.601634,-0.912077,-1.353899,-0.700937
60.090000,-0.611110,-0.933761,-1.149467,-0.708931
60.100000,-0.620567,-0.951083,-0.975586,-0.715888
60.110000,-0.629944,-0.843925,-1.189816,-0.722736
60.120000,-0.638653,-0.883516,-1.261538,-0.729089
60.130000,-0.646859,-0.755431,-1.037209,-0.735046
60.140000,-0.655570,-0.787327,-1.076203,-0.740733
60.150000,-0.663401,-0.677270,-1.687448,-0.746425
60.160000,-0.670541,-0.741124,-1.303761,-0.751588
60.170000,-0.677936,-0.756809,-0.683979,-0.754912
60.180000,-0.685313,-0.786985,-1.016584,-0.757776
60.190000,-0.691258,-0.701141,-1.240275,-0.760830
60.200000,-0.697974,-0.497165,-0.998556,-0.763763
60.210000,-0.703536,-0.595543,-0.630708,-0.766704
60.220000,-0.708603,-0.574743,-1.488278,-0.769088
60.230000,-0.713869,-0.458389,-0.817919,-0.770928
60.240000,-0.718581,-0.488467,-1.065392,-0.772711
60.250000,-0.723004,-0.386217,-1.010952,-0.775096
60.260000,-0.726886,-0.445749,-1.037974,-0.777681
60.270000,-0.730716,-0.337180,-0.821798,-0.779855
60.280000,-0.733689,-0.321225,-1.176839,-0.781682
60.290000,-0.737181,-0.346781,-0.847279,-0.783186
60.300000,-0.740479,-0.304891,-1.311916,-0.784235
60.310000,-0.743512,-0.328171,-0.925701,-0.784975
60.320000,-0.746198,-0.238852,-0.999873,-0.785350
60.330000,-0.748646,-0.180220,-1.261538,-0.785357
60.340000,-0.750363,-0.188969,-1.015580,-0.784986
60.350000,-0.752363,-0.164896,-1.061116,-0.784214
60.360000,-0.753605,-0.151240,-1.261538,-0.783096
60.370000,-0.754997,-0.101099,-0.975508,-0.781615
60.380000,-0.755894,-0.101099,-0.805086,-0.779733
60.390000,-0.756657,-0.053102,-1.139943,-0.777585
60.400000,-0.757038,-0.055745,-0.892308,-0.775112
60.410000,-0.757420,-0.004396,-1.228287,-0.772157
60.420000,-0.757420,-0.004198,-1.076923,-0.768923
60.430000,-0.757420,-0.001636,-1.326658,-0.765090
60.440000,-0.757420,-0.004396,-0.479965,-0.760998
60.450000,-0.757420,-0.004396,-0.338462,-0.756825
60.460000,-0.757038,0.003280,-0.324688,-0.752165
60.470000,-0.757038,0.002676,-0.050731,-0.747107
60.480000,-0.757038,0.004396,0.307599,-0.741891
60.490000,-0.757038,0.011368,0.941113,-0.735751
60.500000,-0.756657,0.030769,0.592450,-0.729369
60.510000,-0.756275,0.061711,1.136052,-0.723418
60.520000,-0.755202,0.125822,0.969165,-0.716278
60.530000,-0.753704,0.193247,0.956086,-0.709149
60.540000,-0.751316,0.241758,1.208944,-0.702265
60.550000,-0.749137,0.241758,1.385044,-0.694912
60.560000,-0.746441,0.315514,1.319009,-0.689498
60.570000,-0.742435,0.400000,1.071760,-0.684305
60.580000,-0.738600,0.364835,1.288922,-0.678597
60.590000,-0.735152,0.384606,1.238292,-0.672751
60.600000,-0.730970,0.367785,0.953846,-0.667366
60.610000,-0.726434,0.527070,1.264319,-0.660725
60.620000,-0.721512,0.468163,1.630478,-0.655079
60.630000,-0.716452,0.471889,1.518611,-0.648138
60.640000,-0.711964,0.549916,1.264795,-0.639207
60.650000,-0.705819,0.510171,1.261538,-0.630428
60.660000,-0.700420,0.605878,0.910923,-0.621425
60.670000,-0.694618,0.650604,1.399810,-0.612827
60.680000,-0.687385,0.637114,1.183865,-0.603642
60.690000,-0.680542,0.604273,1.232488,-0.593977
60.700000,-0.673485,0.794604,1.038761,-0.583214
60.710000,-0.665493,0.725791,1.324040,-0.574105
60.720000,-0.657746,0.908640,0.813210,-0.562725
60.730000,-0.649721,0.863396,0.870423,-0.553410
60.740000,-0.640209,0.955014,0.979636,-0.542306
60.750000,-0.632440,0.850678,1.469380,-0.531749
60.760000,-0.622734,1.009882,1.203983,-0.519889
60.770000,-0.614290,0.890562,1.089216,-0.508775
60.780000,-0.603869,1.082360,1.225211,-0.496750
60.790000,-0.594866,1.067299,1.200000,-0.485533
60.800000,-0.584008,0.937275,0.916541,-0.474180
60.810000,-0.573100,1.039684,-0.088744,-0.461949
60.820000,-0.563201,1.036289,1.488311,-0.449934
60.830000,-0.551745,1.115433,0.991671,-0.438523
60.840000,-0.541514,1.156261,0.768216,-0.425593
60.850000,-0.531120,0.964262,1.307119,-0.411553
60.860000,-0.519050,1.177163,1.081875,-0.399340
60.870000,-0.506906,1.217053,0.751013,-0.386288
60.880000,-0.495308,1.244078,1.306605,-0.372260
60.890000,-0.483831,1.169468,1.065473,-0.358005
60.900000,-0.470856,1.310689,1.157580,-0.343987
60.910000,-0.459625,1.424542,0.867094,-0.329961
60.920000,-0.447274,1.116094,1.101724,-0.316974
60.930000,-0.433929,1.270387,0.727949,-0.303110
60.940000,-0.420760,1.336430,0.840637,-0.288792
60.950000,-0.408235,1.335401,0.629249,-0.274363
60.960000,-0.393942,1.433772,1.414544,-0.258913
60.970000,-0.381859,1.149635,1.007621,-0.244195
60.980000,-0.367686,1.346123,1.192236,-0.228585
60.990000,-0.353450,1.465554,0.966567,-0.215070
61.000000,-0.339689,1.462821,1.011441,-0.200193
61.010000,-0.324825,1.558620,0.695415,-0.185156
61.020000,-0.312196,1.341863,1.589267,-0.170992
61.030000,-0.297969,1.244380,1.586390,-0.155235
61.040000,-0.283102,1.393744,0.917524,-0.140209
61.050000,-0.267632,1.383715,1.541479,-0.125299
61.060000,-0.255051,1.619408,1.370643,-0.109389
61.070000,-0.240364,1.527364,1.126355,-0.094017
61.080000,-0.224767,1.467483,0.946832,-0.078891
61.090000,-0.210488,1.540840,1.093785,-0.063892
61.100000,-0.195539,1.520740,1.280869,-0.049193
61.110000,-0.179504,1.461484,0.910270,-0.034158
61.120000,-0.165705,1.295095,0.987629,-0.017468
61.130000,-0.150978,1.534596,1.090585,-0.003364
61.140000,-0.134539,1.428910,0.692370,0.010565
61.150000,-0.120277,1.578135,0.900039,0.025436
61.160000,-0.105144,1.538458,1.046146,0.039349
61.170000,-0.091343,1.394504,0.832964,0.055232
61.180000,-0.076755,1.591297,1.154153,0.071324
61.190000,-0.060932,1.514990,0.808331,0.086306
61.200000,-0.045713,1.511251,1.064468,0.103185
61.210000,-0.031342,1.361401,1.319591,0.119132
61.220000,-0.015383,1.318306,1.648203,0.135049
61.230000,-0.000724,1.481236,0.939506,0.150062
61.240000,0.015311,1.618331,0.984444,0.163720
61.250000,0.030944,1.627066,0.527713,0.178779
61.260000,0.045696,1.537593,0.714746,0.194150
61.270000,0.061322,1.494505,1.046153,0.208942
61.280000,0.075290,1.574176,0.936199,0.222948
61.290000,0.091135,1.580165,0.646154,0.237452
61.300000,0.106372,1.500261,2.401527,0.250504
61.310000,0.120002,1.533635,0.954601,0.264934
61.320000,0.136250,1.490119,1.241047,0.279597
61.330000,0.150310,1.296168,1.164923,0.291801
61.340000,0.164620,1.452950,0.281288,0.306384
61.350000,0.178355,1.524330,0.953846,0.319988
61.360000,0.193096,1.379023,0.053160,0.334113
61.370000,0.207255,1.480644,0.567510,0.345927
61.380000,0.221549,1.577949,1.557487,0.359718
61.390000,0.234375,1.256726,1.319708,0.371759
61.400000,0.249127,1.222715,1.191067,0.384937
61.410000,0.263428,1.434972,0.806430,0.397034
61.420000,0.276752,1.382702,1.009401,0.408954
61.430000,0.291327,1.251499,0.480396,0.420367
61.440000,0.303794,1.374922,1.347801,0.431542
61.450000,0.316434,1.103325,1.220579,0.445719
61.460000,0.329157,1.351452,0.628871,0.457345
61.470000,0.341759,1.205948,1.027280,0.469399
61.480000,0.354351,1.312118,1.362577,0.481708
61.490000,0.367398,1.082111,1.396847,0.493093
61.500000,0.381066,1.301736,1.005086,0.505011
61.510000,0.392326,1.226883,0.296115,0.516418
61.520000,0.404915,1.367534,1.454919,0.528423
61.530000,0.417125,1.127729,1.076923,0.539339
61.540000,0.429801,1.121685,0.623937,0.549454
61.550000,0.441565,1.288121,1.200000,0.560043
61.560000,0.452231,1.208993,1.212471,0.569540
61.570000,0.465215,0.953846,0.951316,0.579407
61.580000,0.475132,1.243783,1.076167,0.589330
61.590000,0.486322,1.109363,1.189385,0.599199
61.600000,0.498085,0.949130,0.953846,0.608720
61.610000,0.509165,1.090252,1.045156,0.619263
61.620000,0.519102,1.090541,1.172250,0.627167
61.630000,0.530442,1.068132,0.892308,0.635982
61.640000,0.539172,1.032489,0.765510,0.643919
61.650000,0.549450,0.844567,1.323077,0.652726
61.660000,0.559791,1.047067,0.687113,0.660831
61.670000,0.568676,1.011490,1.151691,0.668359
61.680000,0.579051,1.024390,0.919109,0.676802
61.690000,0.588604,0.981405,0.334315,0.684258
61.700000,0.597196,0.840061,0.863992,0.691849
61.710000,0.606508,0.834269,0.793799,0.697991
61.720000,0.614950,0.737991,1.147121,0.705254
61.730000,0.622627,0.800011,0.404841,0.711245
61.740000,0.630664,0.677009,0.803236,0.716219
61.750000,0.638971,0.776158,0.395773,0.721472
61.760000,0.646261,0.746112,1.010933,0.726614
61.770000,0.654052,0.777455,0.596528,0.731028
61.780000,0.661206,0.716484,0.890516,0.735240
61.790000,0.666688,0.583250,1.121136,0.739487
61.800000,0.673995,0.608782,1.023110,0.743357
61.810000,0.680460,0.535237,0.759349,0.748026
61.820000,0.685567,0.625451,1.200000,0.752790
61.830000,0.691129,0.523938,1.057018,0.757118
61.840000,0.697045,0.494479,0.494374,0.760779
61.850000,0.701709,0.540659,1.504055,0.764369
61.860000,0.706771,0.456139,1.004701,0.767994
61.870000,0.711423,0.482940,0.953846,0.770756
61.880000,0.715853,0.367542,1.467451,0.773575
61.890000,0.720218,0.534710,0.956422,0.775976
61.900000,0.724465,0.358957,1.128266,0.778267
61.910000,0.728338,0.419655,0.877800,0.780179
61.920000,0.732049,0.325225,0.938634,0.781872
61.930000,0.735392,0.371615,1.105084,0.783146
61.940000,0.739224,0.303297,0.646154,0.784141
61.950000,0.742161,0.272739,1.044674,0.784839
61.960000,0.744450,0.244854,1.492952,0.785278
61.970000,0.746738,0.209134,1.269719,0.785396
61.980000,0.749002,0.210703,0.872261,0.785238
61.990000,0.751135,0.206147,0.983054,0.784790
62.000000,0.752842,0.177745,1.191339,0.784011
62.010000,0.754076,0.094910,0.363571,0.782906
62.020000,0.754749,0.043974,0.767463,0.781508
62.030000,0.755131,0.048352,0.345093,0.779701
62.040000,0.755512,0.006430,1.402907,0.777875
62.050000,0.755512,0.000296,0.835168,0.775392
62.060000,0.755512,-0.004396,1.294143,0.772534
62.070000,0.755512,0.004396,0.646154,0.769739
62.080000,0.755512,-0.004396,0.289090,0.766708
62.090000,0.755512,0.004396,0.276923,0.763595
62.100000,0.755512,-0.008805,0.308771,0.759960
62.110000,0.755512,-0.011548,0.119441,0.755828
62.120000,0.755512,-0.004944,-0.676962,0.751530
62.130000,0.755512,-0.021978,-0.537916,0.746932
62.140000,0.755131,-0.016434,-0.273063,0.741928
62.150000,0.755131,-0.017748,-0.470818,0.736781
62.160000,0.755060,-0.023616,-0.743235,0.731725
62.170000,0.754603,-0.082822,-0.891967,0.725958
62.180000,0.753198,-0.163217,-0.744216,0.720423
62.190000,0.751340,-0.180775,-1.176664,0.714456
62.200000,0.749617,-0.173428,-1.342619,0.707785
62.210000,0.747510,-0.180220,-1.456779,0.701438
62.220000,0.745424,-0.278878,-1.760637,0.694279
62.230000,0.742512,-0.312794,-1.384615,0.687989
62.240000,0.739055,-0.358530,-1.569231,0.681101
62.250000,0.734781,-0.417428,-1.386778,0.672823
62.260000,0.731108,-0.405460,-1.377886,0.665424
62.270000,0.725757,-0.493718,-1.384615,0.657311
62.280000,0.720315,-0.609215,-1.608939,0.649332
62.290000,0.715523,-0.497890,-0.994092,0.639701
62.300000,0.709401,-0.634069,-1.138462,0.629684
62.310000,0.702471,-0.837550,-1.380778,0.621523
62.320000,0.695661,-0.756302,-1.385932,0.612297
62.330000,0.689133,-0.681437,-1.385440,0.602208
62.340000,0.680930,-0.674217,-2.730223,0.591856
62.350000,0.672732,-0.760322,-2.043490,0.583032
62.360000,0.665164,-0.714325,-1.321502,0.573623
62.370000,0.656974,-0.876577,-0.605901,0.562805
62.380000,0.648144,-0.751665,-1.194363,0.552401
62.390000,0.640061,-0.913623,-1.191290,0.540734
62.400000,0.630792,-0.774281,-1.249961,0.529786
62.410000,0.620790,-1.015562,-1.134734,0.520788
62.420000,0.612105,-0.951761,-0.902415,0.511419
62.430000,0.601847,-1.058486,-1.076923,0.501985
62.440000,0.592058,-1.055132,-1.020628,0.493127
62.450000,0.583340,-0.940969,-1.060454,0.483337
62.460000,0.573305,-0.881067,-1.200401,0.474874
62.470000,0.564329,-0.798458,-0.557175,0.464843
62.480000,0.554429,-1.043333,0.232826,0.452007
62.490000,0.544177,-1.059200,-1.507692,0.437608
62.500000,0.534682,-1.060361,-1.029673,0.423168
62.510000,0.525007,-1.050623,-1.061495,0.408564
62.520000,0.514311,-0.938132,-1.696768,0.393701
62.530000,0.502310,-1.217061,-1.653716,0.379068
62.540000,0.490230,-1.278613,-1.066038,0.364053
62.550000,0.479324,-1.147253,-1.348184,0.348801
62.560000,0.464799,-1.110747,-1.706391,0.332711
62.570000,0.452159,-1.295314,-1.264734,0.317253
62.580000,0.438945,-1.438547,-0.963951,0.301116
62.590000,0.424916,-1.532533,-1.086778,0.284553
62.600000,0.412005,-1.477422,-1.167364,0.268879
62.610000,0.397742,-1.351466,-1.237237,0.252660
62.620000,0.382790,-1.269849,-1.264902,0.235836
62.630000,0.367900,-1.433525,-1.026131,0.219722
62.640000,0.351042,-1.501831,-0.899148,0.202639
62.650000,0.335645,-1.716883,-1.474033,0.185609
62.660000,0.321950,-1.584145,-1.242593,0.168388
62.670000,0.305457,-1.620884,-1.884579,0.150968
62.680000,0.288526,-1.633121,-1.249063,0.133735
62.690000,0.274296,-1.664791,-1.102534,0.116531
62.700000,0.256448,-1.602126,-1.138387,0.099204
62.710000,0.241122,-1.633480,-1.200000,0.081455
62.720000,0.224034,-1.765805,-0.995701,0.063629
62.730000,0.206740,-1.670601,-0.864709,0.045976
62.740000,0.191397,-1.691362,-1.383119,0.027671
62.750000,0.173407,-1.596704,-0.890597,0.009584
62.760000,0.157209,-1.662360,-1.517698,-0.007486
62.770000,0.140707,-1.738646,-0.824563,-0.025111
62.780000,0.123089,-1.786282,-1.416932,-0.042371
62.790000,0.104911,-1.709373,-1.121270,-0.059568
62.800000,0.087892,-1.756041,-1.012297,-0.076785
62.810000,0.069941,-1.717441,-1.079785,-0.092923
62.820000,0.054120,-1.893964,-0.899888,-0.110755
62.830000,0.035561,-1.691206,-0.796144,-0.127440
62.840000,0.018543,-1.615145,-0.810766,-0.144995
62.850000,0.002198,-1.733520,-0.839850,-0.163350
62.860000,-0.016440,-1.578657,-1.241809,-0.181457
62.870000,-0.033761,-1.496996,-1.237438,-0.200253
62.880000,-0.049536,-1.592987,-0.863339,-0.217909
62.890000,-0.069208,-1.661615,-1.078391,-0.235647
62.900000,-0.086062,-1.751342,-1.231435,-0.253094
62.910000,-0.104007,-1.898301,-1.142890,-0.269666
62.920000,-0.122149,-1.921327,-1.224695,-0.286830
62.930000,-0.137908,-1.838502,-1.150618,-0.304244
62.940000,-0.157468,-1.780220,-0.732908,-0.320994
62.950000,-0.173041,-1.785142,-0.970216,-0.337898
62.960000,-0.192528,-1.756282,-1.040602,-0.354244
62.970000,-0.207460,-1.823674,-1.316295,-0.370106
62.980000,-0.227181,-1.743829,-0.841361,-0.386583
62.990000,-0.242117,-1.797566,-1.333739,-0.402678
63.000000,-0.259600,-1.753678,0.272202,-0.418724
63.010000,-0.275667,-1.801517,-0.301643,-0.434313
63.020000,-0.292532,-1.766997,-1.002066,-0.449165
63.030000,-0.308981,-1.704624,-1.076923,-0.465138
63.040000,-0.325330,-1.639972,-1.930348,-0.480503
63.050000,-0.342335,-1.692571,-1.275419,-0.495510
63.060000,-0.358026,-1.682922,-1.049110,-0.509305
63.070000,-0.373815,-1.615747,-0.523077,-0.522945
63.080000,-0.389504,-1.680801,-0.740225,-0.536836
63.090000,-0.406154,-1.647562,-0.762941,-0.550979
63.100000,-0.419944,-1.579414,-1.200000,-0.563377
63.110000,-0.435708,-1.539876,-1.303011,-0.575216
63.120000,-0.450166,-1.249640,-0.985674,-0.586954
63.130000,-0.465947,-1.188870,-1.286136,-0.598845
63.140000,-0.478898,-1.518526,-0.913758,-0.610390
63.150000,-0.492852,-1.458347,-1.150370,-0.621142
63.160000,-0.506534,-1.306319,-0.948075,-0.630848
63.170000,-0.518963,-1.383006,-1.285806,-0.641561
63.180000,-0.532004,-1.065597,-1.522760,-0.651929
63.190000,-0.543911,-1.293326,-1.247352,-0.661035
63.200000,-0.556195,-1.243788,-0.470845,-0.670832
63.210000,-0.567244,-1.059571,-0.916598,-0.679500
63.220000,-0.578872,-1.139128,-0.594885,-0.688102
63.230000,-0.590436,-1.174592,-0.807395,-0.695814
63.240000,-0.601168,-0.916872,-1.113726,-0.703836
63.250000,-0.610740,-0.984680,-1.076015,-0.711628
63.260000,-0.620318,-0.982004,-1.323305,-0.719260
63.270000,-0.630208,-0.871257,-0.845345,-0.726165
63.280000,-0.639134,-0.929308,-0.971294,-0.732627
63.290000,-0.648682,-0.780022,-0.797235,-0.738790
63.300000,-0.657105,-0.887843,-1.043563,-0.744612
63.310000,-0.665140,-0.684413,-1.531990,-0.750046
63.320000,-0.673501,-0.743115,-1.078731,-0.755445
63.330000,-0.680265,-0.629611,-1.336513,-0.760335
63.340000,-0.687987,-0.694889,-0.891712,-0.764661
63.350000,-0.695686,-0.678307,-0.688318,-0.768350
63.360000,-0.700938,-0.697264,-1.399894,-0.771900
63.370000,-0.707664,-0.597142,-1.930010,-0.774911
63.380000,-0.714118,-0.527378,-1.002326,-0.777463
63.390000,-0.719006,-0.552944,-1.058382,-0.779790
63.400000,-0.724175,-0.478469,-0.302145,-0.781750
63.410000,-0.729353,-0.474791,-1.063802,-0.783313
63.420000,-0.733150,-0.418771,-1.281483,-0.784428
63.430000,-0.737310,-0.419698,-1.155985,-0.785090
63.440000,-0.741001,-0.364493,-1.121702,-0.785385
63.450000,-0.744564,-0.323515,-0.855305,-0.785271
63.460000,-0.747429,-0.245105,-0.736905,-0.784800
63.470000,-0.749489,-0.215385,-0.701342,-0.783841
63.480000,-0.751660,-0.198233,-0.889294,-0.782577
63.490000,-0.753223,-0.170152,-1.072454,-0.780846
63.500000,-0.754145,-0.109890,-1.168508,-0.778606
63.510000,-0.755131,-0.059888,-1.169116,-0.775964
63.520000,-0.755512,-0.063097,-1.348797,-0.773019
63.530000,-0.755894,-0.021164,-1.115681,-0.769463
63.540000,-0.755894,-0.010844,-0.523077,-0.765598
63.550000,-0.755894,-0.004396,-0.135783,-0.761190
63.560000,-0.755894,-0.000076,-0.551199,-0.756701
63.570000,-0.755894,0.000629,-0.065940,-0.751795
63.580000,-0.755894,0.001935,0.242479,-0.746564
63.590000,-0.755894,-0.003539,0.572621,-0.740994
63.600000,-0.755512,0.021930,-0.028439,-0.734982
63.610000,-0.755512,0.013270,0.460957,-0.728523
63.620000,-0.755131,0.055574,0.909916,-0.722256
63.630000,-0.753986,0.140452,1.112049,-0.714949
63.640000,-0.752368,0.184500,1.090291,-0.707695
63.650000,-0.750172,0.206395,1.014690,-0.699680
63.660000,-0.747783,0.248640,1.376586,-0.691640
63.670000,-0.743914,0.389504,1.457617,-0.682921
63.680000,-0.740244,0.386506,0.590343,-0.673529
63.690000,-0.735881,0.444648,1.195159,-0.664248
63.700000,-0.731173,0.426374,1.668469,-0.654076
63.710000,-0.724650,0.675802,0.580970,-0.644139
63.720000,-0.718608,0.660324,1.459924,-0.633543
63.730000,-0.712793,0.628641,1.629796,-0.622642
63.740000,-0.704751,0.742568,0.851017,-0.611534
63.750000,-0.697326,0.659925,1.478676,-0.602671
63.760000,-0.688621,0.789456,0.598394,-0.594971
63.770000,-0.680426,0.698842,1.292203,-0.586580
63.780000,-0.671206,0.785869,0.830769,-0.579938
63.790000,-0.663767,0.720889,1.343682,-0.571643
63.800000,-0.655227,0.844449,1.067817,-0.562258
63.810000,-0.646407,0.742785,1.139470,-0.555335
63.820000,-0.638443,0.870832,1.147546,-0.544143
63.830000,-0.630381,0.771744,1.200000,-0.531855
63.840000,-0.621067,0.939723,1.175786,-0.519098
63.850000,-0.612558,0.891166,1.376623,-0.506613
63.860000,-0.601934,0.917547,0.846533,-0.494782
63.870000,-0.592936,0.981356,0.787238,-0.481806
63.880000,-0.582174,0.907102,1.024387,-0.469554
63.890000,-0.572106,1.173626,1.078306,-0.455656
63.900000,-0.561231,1.146407,1.267456,-0.441182
63.910000,-0.549943,1.050211,1.236857,-0.427849
63.920000,-0.538962,1.167753,1.076828,-0.414244
63.930000,-0.525843,1.293953,1.297028,-0.401213
63.940000,-0.514394,1.083716,1.351050,-0.387992
63.950000,-0.500617,1.253513,0.936736,-0.373303
63.960000,-0.489913,1.200621,1.038695,-0.359680
63.970000,-0.476744,1.322730,1.286638,-0.345813
63.980000,-0.464399,1.117583,1.289747,-0.330969
63.990000,-0.449670,1.136943,0.757498,-0.319025
64.000000,-0.436521,1.361377,0.935128,-0.304038
64.010000,-0.423549,1.317302,1.219310,-0.289038
64.020000,-0.410335,1.419113,1.174450,-0.274631
64.030000,-0.397393,1.243956,1.490669,-0.259616
64.040000,-0.383922,1.375446,1.117032,-0.245389
64.050000,-0.369413,1.481319,1.253376,-0.230928
64.060000,-0.355342,1.358292,1.077277,-0.216504
64.070000,-0.342109,1.513449,1.312391,-0.201974
64.080000,-0.328339,1.410593,1.576394,-0.186675
64.090000,-0.314063,1.214135,1.325508,-0.171102
64.100000,-0.298441,1.318699,1.275159,-0.156766
64.110000,-0.285156,1.437292,0.616295,-0.141752
64.120000,-0.271080,1.524956,1.080272,-0.125386
64.130000,-0.255889,1.503080,0.920477,-0.109455
64.140000,-0.240466,1.494899,1.073394,-0.094828
64.150000,-0.225809,1.498901,1.147861,-0.079381
64.160000,-0.212243,1.509346,1.069182,-0.063511
64.170000,-0.195562,1.490967,1.312070,-0.046870
64.180000,-0.182233,1.247358,1.149703,-0.031574
64.190000,-0.166748,1.296807,0.805324,-0.018614
64.200000,-0.150166,1.356283,1.067371,-0.003752
64.210000,-0.135052,1.536333,0.386952,0.010911
64.220000,-0.121736,1.518890,0.790990,0.026597
64.230000,-0.105327,1.567037,1.039684,0.042174
64.240000,-0.090663,1.632003,1.264556,0.057037
64.250000,-0.076101,1.624556,1.209288,0.071857
64.260000,-0.060984,1.538846,1.168270,0.087516
64.270000,-0.044942,1.553598,1.398674,0.101244
64.280000,-0.031020,1.410771,1.279339,0.117876
64.290000,-0.015174,1.525650,1.909006,0.133592
64.300000,0.000229,1.314955,1.015385,0.148326
64.310000,0.015947,1.459239,0.552002,0.163890
64.320000,0.031280,1.580615,0.788069,0.179520
64.330000,0.044581,1.509556,0.999496,0.194968
64.340000,0.059647,1.526525,0.962666,0.211886
64.350000,0.075929,1.641017,0.848793,0.226258
64.360000,0.092030,1.628717,1.015385,0.239561
64.370000,0.105737,1.499843,1.123100,0.255365
64.380000,0.120498,1.546732,1.576528,0.270248
64.390000,0.136234,1.555220,1.021154,0.285534
64.400000,0.151439,1.443432,1.618004,0.300527
64.410000,0.167081,1.312984,0.892308,0.314027
64.420000,0.180836,1.543011,0.998822,0.329070
64.430000,0.197570,1.459993,0.913738,0.343048
64.440000,0.211620,1.569231,1.065250,0.357847
64.450000,0.227087,1.561069,1.012082,0.369634
64.460000,0.241427,1.391118,0.963435,0.382867
64.470000,0.255826,1.609975,1.030901,0.395222
64.480000,0.269276,1.424400,1.704043,0.408968
64.490000,0.284120,1.348520,1.452152,0.422292
64.500000,0.298806,1.326160,0.689312,0.436058
64.510000,0.312246,1.426344,0.670390,0.449055
64.520000,0.326202,1.389474,0.514984,0.462584
64.530000,0.339357,1.530538,0.949273,0.475707
64.540000,0.352738,1.327794,1.128114,0.488454
64.550000,0.367296,1.197231,1.742519,0.500484
64.560000,0.381681,1.258872,1.062922,0.511776
64.570000,0.394458,1.327418,0.586926,0.522849
64.580000,0.406584,1.415109,1.347977,0.535264
64.590000,0.419119,1.216266,1.240430,0.545653
64.600000,0.432945,1.122303,0.821233,0.557154
64.610000,0.445557,1.196027,0.461538,0.569300
64.620000,0.457278,1.273484,0.931204,0.580702
64.630000,0.469024,1.252747,1.384615,0.591198
64.640000,0.481287,1.064707,1.129470,0.602197
64.650000,0.493188,1.264289,1.047323,0.612040
64.660000,0.505053,1.239550,0.670077,0.620891
64.670000,0.516675,0.997802,1.266915,0.630005
64.680000,0.527544,1.168931,0.970279,0.638836
64.690000,0.538394,1.192761,1.059548,0.649189
64.700000,0.548903,0.976490,0.884848,0.658057
64.710000,0.559396,1.076058,1.190920,0.667046
64.720000,0.569575,1.120518,1.115363,0.675640
64.730000,0.580378,0.937299,1.233094,0.683704
64.740000,0.590940,0.991574,0.461538,0.691422
64.750000,0.599735,0.856558,1.235571,0.698735
64.760000,0.609566,0.948722,0.805099,0.706413
64.770000,0.617933,0.916330,1.116949,0.713471
64.780000,0.627583,0.936264,0.853696,0.719032
64.790000,0.636005,0.901099,1.127109,0.725809
64.800000,0.644884,0.865934,1.015385,0.732186
64.810000,0.652263,0.842568,1.172470,0.738444
64.820000,0.660323,0.812151,1.015385,0.744134
64.830000,0.668238,0.767312,1.165327,0.749024
64.840000,0.675407,0.725256,0.953846,0.754110
64.850000,0.682352,0.572837,1.193628,0.757916
64.860000,0.689540,0.630589,0.809246,0.761888
64.870000,0.696588,0.574181,1.090929,0.765104
64.880000,0.701357,0.622279,1.323077,0.768653
64.890000,0.708098,0.536017,0.874338,0.771702
64.900000,0.713354,0.540659,0.846544,0.774222
64.910000,0.717788,0.487912,1.148636,0.776799
64.920000,0.723114,0.434531,1.109912,0.779094
64.930000,0.726914,0.404543,0.677957,0.780898
64.940000,0.731394,0.338462,1.104560,0.782375
64.950000,0.734641,0.364835,1.231271,0.783627
64.960000,0.738720,0.356492,0.956982,0.784558
64.970000,0.741792,0.294505,0.838770,0.785126
64.980000,0.744450,0.265072,0.951126,0.785388
64.990000,0.746981,0.212988,1.323077,0.785307
65.000000,0.748966,0.206593,0.705864,0.784899
65.010000,0.751078,0.208769,0.788739,0.784142
65.020000,0.752967,0.165688,0.810676,0.783083
65.030000,0.754260,0.077215,0.813338,0.781640
65.040000,0.754749,0.021978,1.155719,0.779992
65.050000,0.755131,0.028193,0.926350,0.777996
65.060000,0.755512,0.021401,0.342501,0.775584
65.070000,0.755512,0.004396,1.622672,0.773524
65.080000,0.755512,-0.000530,-0.106945,0.770739
65.090000,0.755512,-0.003220,0.211104,0.767372
65.100000,0.755512,-0.004396,0.361395,0.763878
65.110000,0.755512,-0.004583,0.575419,0.759901
65.120000,0.755512,-0.006855,-0.486095,0.755985
65.130000,0.755131,-0.009456,-0.321645,0.752261
65.140000,0.755131,-0.006643,-0.341215,0.749347
65.150000,0.755131,-0.003230,-0.387417,0.745464
65.160000,0.755131,-0.021978,-0.993145,0.741549
65.170000,0.755131,-0.018467,-0.806578,0.737372
65.180000,0.754749,-0.039560,-0.644593,0.732842
65.190000,0.753986,-0.101099,-1.274953,0.728085
65.200000,0.752674,-0.161574,-0.938957,0.722226
65.210000,0.751316,-0.162637,-1.058625,0.716752
65.220000,0.749409,-0.145679,-1.345282,0.712045
65.230000,0.747961,-0.148675,-1.221727,0.705884
65.240000,0.746312,-0.225201,-1.432327,0.699549
65.250000,0.743909,-0.278378,-1.025566,0.693117
65.260000,0.740930,-0.340453,-0.779090,0.686673
65.270000,0.737422,-0.438881,-1.335456,0.680614
65.280000,0.733077,-0.365932,-0.919175,0.673268
65.290000,0.729377,-0.479554,-1.477681,0.663983
65.300000,0.724398,-0.461315,-1.111641,0.654778
65.310000,0.719192,-0.639689,-1.488297,0.644829
65.320000,0.714080,-0.517934,-1.504620,0.634737
65.330000,0.707184,-0.587696,-1.136886,0.624596
65.340000,0.700146,-0.676383,-1.331113,0.615110
65.350000,0.692876,-0.814660,-1.215471,0.604710
65.360000,0.684752,-0.852825,-1.220151,0.595449
65.370000,0.678195,-0.854636,-1.074035,0.584479
65.380000,0.668342,-0.912714,-1.302191,0.572865
65.390000,0.661208,-0.912549,-1.476186,0.561842
65.400000,0.650570,-0.937945,-1.247084,0.551217
65.410000,0.642400,-1.033293,-1.416810,0.539224
65.420000,0.632588,-0.918274,-1.446154,0.525958
65.430000,0.622792,-0.978435,-1.406912,0.511923
65.440000,0.612380,-1.016953,-1.393338,0.499961
65.450000,0.601742,-1.187888,-1.268932,0.486581
65.460000,0.591100,-1.121118,-1.015385,0.472720
65.470000,0.579987,-0.995655,-1.003506,0.459734
65.480000,0.567627,-1.257333,-1.306919,0.446282
65.490000,0.556522,-1.218716,-1.100080,0.433661
65.500000,0.544072,-1.276500,-1.226629,0.420136
65.510000,0.531588,-1.130843,-1.296752,0.407169
65.520000,0.519506,-1.457902,-1.405311,0.392817
65.530000,0.507421,-1.287705,-0.890855,0.377306
65.540000,0.494113,-1.335966,-1.384615,0.362632
65.550000,0.481461,-1.181544,-1.464497,0.346269
65.560000,0.468294,-1.426365,-1.143690,0.331032
65.570000,0.454204,-1.382126,-0.520929,0.315124
65.580000,0.440055,-1.537986,-1.098251,0.300639
65.590000,0.427088,-1.445339,-1.357411,0.285745
65.600000,0.412521,-1.408361,-1.481995,0.269180
65.610000,0.397238,-1.433117,-0.979036,0.253366
65.620000,0.383432,-1.356765,-1.015385,0.236634
65.630000,0.368299,-1.509942,-1.155199,0.220099
65.640000,0.352050,-1.631814,-1.235412,0.206292
65.650000,0.336896,-1.729620,-1.238620,0.190295
65.660000,0.323360,-1.580874,-1.062519,0.173721
65.670000,0.307307,-1.554661,-0.908833,0.157442
65.680000,0.291773,-1.636113,-1.058823,0.140325
65.690000,0.277176,-1.681544,-1.406049,0.124633
65.700000,0.260887,-1.686744,-1.145993,0.107937
65.710000,0.243479,-1.693772,-1.107921,0.090298
65.720000,0.229690,-1.587167,-1.602763,0.074394
65.730000,0.212885,-1.530910,-1.123359,0.058063
65.740000,0.196384,-1.591607,-1.536723,0.041954
65.750000,0.181556,-1.415302,-0.619715,0.024559
65.760000,0.165398,-1.425569,-1.150489,0.007885
65.770000,0.148828,-1.574421,-0.934569,-0.007764
65.780000,0.132903,-1.541236,-0.943959,-0.025448
65.790000,0.116799,-1.553083,-1.607479,-0.041599
65.800000,0.100351,-1.642439,-1.138462,-0.059144
65.810000,0.083796,-1.642335,-1.038784,-0.076856
65.820000,0.067263,-1.550167,-0.959594,-0.093893
65.830000,0.049517,-1.460279,-0.554879,-0.111284
65.840000,0.034748,-1.518379,-1.107088,-0.125633
65.850000,0.017385,-1.462188,-1.360383,-0.137021
65.860000,0.001188,-1.475441,-1.102594,-0.153349
65.870000,-0.016949,-1.422409,-0.987288,-0.170510
65.880000,-0.031169,-1.609980,-0.830769,-0.185972
65.890000,-0.047357,-1.636495,-0.927346,-0.200200
65.900000,-0.063020,-1.750464,-1.275597,-0.215330
65.910000,-0.079539,-1.571924,-0.811916,-0.229048
65.920000,-0.094699,-1.692628,-1.428318,-0.241872
65.930000,-0.110086,-1.610088,-1.148644,-0.254048
65.940000,-0.126301,-1.530648,-0.290612,-0.265015
65.950000,-0.140257,-1.532151,-0.718119,-0.279740
65.960000,-0.155975,-1.553712,-0.922278,-0.296551
65.970000,-0.168864,-1.432330,-1.540092,-0.312463
65.980000,-0.184070,-1.326066,-1.119397,-0.327150
65.990000,-0.198430,-1.481346,-0.820523,-0.342533
66.000000,-0.214341,-1.493686,-1.017485,-0.357595
66.010000,-0.227936,-1.481319,-1.036015,-0.370915
66.020000,-0.242675,-1.561412,-1.258233,-0.385096
66.030000,-0.256541,-1.590557,-1.068236,-0.398521
66.040000,-0.271903,-1.528577,-1.297110,-0.412613
66.050000,-0.285959,-1.463736,-1.343529,-0.427029
66.060000,-0.300236,-1.245908,-0.781263,-0.439759
66.070000,-0.314690,-1.300468,-0.808789,-0.453356
66.080000,-0.329705,-1.410100,-0.872894,-0.466571
66.090000,-0.342871,-1.564158,-1.162724,-0.479518
66.100000,-0.358057,-1.289850,-1.080315,-0.492464
66.110000,-0.372040,-1.458090,-1.549018,-0.504727
66.120000,-0.385143,-1.323737,-1.129159,-0.517689
66.130000,-0.399437,-1.176589,-1.156856,-0.530372
66.140000,-0.412363,-1.432690,-0.732638,-0.542537
66.150000,-0.425720,-1.347730,-1.293469,-0.555017
66.160000,-0.438601,-1.420901,-1.046355,-0.566956
66.170000,-0.450986,-1.255382,-1.339666,-0.577896
66.180000,-0.464289,-1.230460,-1.074822,-0.589622
66.190000,-0.477465,-1.401132,-1.276966,-0.600290
66.200000,-0.490599,-1.195401,-0.910484,-0.609167
66.210000,-0.502487,-1.321419,-1.178827,-0.619052
66.220000,-0.513408,-1.138689,-0.928091,-0.627752
66.230000,-0.525639,-1.241859,-1.156528,-0.634542
66.240000,-0.536138,-1.186296,-1.092609,-0.642825
66.250000,-0.547632,-0.986422,-0.888466,-0.651067
66.260000,-0.557752,-0.978216,-1.043369,-0.658520
66.270000,-0.566797,-0.896087,-1.009633,-0.665530
66.280000,-0.576221,-0.959627,-1.098333,-0.673551
66.290000,-0.586306,-0.920289,-0.983294,-0.680840
66.300000,-0.595630,-0.930363,-1.186092,-0.686537
66.310000,-0.604667,-0.993480,-1.358388,-0.693284
66.320000,-0.612524,-0.820049,-1.024410,-0.702049
66.330000,-0.620018,-0.796417,-1.211374,-0.710901
66.340000,-0.628862,-0.803324,-1.134710,-0.719616
66.350000,-0.637393,-0.835354,-1.480889,-0.727684
66.360000,-0.645243,-0.796991,-1.081776,-0.735465
66.370000,-0.653498,-0.811803,-1.255057,-0.742507
66.380000,-0.661542,-0.811738,-1.005118,-0.749049
66.390000,-0.669897,-0.793102,-1.217517,-0.755432
66.400000,-0.677425,-0.901608,-1.197712,-0.761015
66.410000,-0.684514,-0.824098,-1.460437,-0.765864
66.420000,-0.692312,-0.876158,-1.149864,-0.770186
66.430000,-0.699052,-0.580111,-0.985374,-0.773733
66.440000,-0.706204,-0.631966,-0.205022,-0.776830
66.450000,-0.712898,-0.623461,-0.866542,-0.779075
66.460000,-0.718333,-0.633303,-1.062796,-0.780759
66.470000,-0.723599,-0.505373,-0.993454,-0.782346
66.480000,-0.729258,-0.491408,-0.925177,-0.783490
66.490000,-0.733089,-0.428301,-1.734430,-0.784423
66.500000,-0.737582,-0.395643,-0.892766,-0.784955
66.510000,-0.741311,-0.383216,-0.844756,-0.785320
66.520000,-0.744886,-0.319612,-0.795837,-0.785353
66.530000,-0.747501,-0.242579,-1.053943,-0.784869
66.540000,-0.749409,-0.206593,-1.124223,-0.783881
66.550000,-0.751631,-0.199325,-1.098248,-0.782443
66.560000,-0.753223,-0.145055,-1.107921,-0.780431
66.570000,-0.754368,-0.118681,-0.683760,-0.777844
66.580000,-0.754749,-0.058345,-1.183163,-0.774847
66.590000,-0.755131,-0.030769,-1.133729,-0.771014
66.600000,-0.755297,-0.013187,-0.857591,-0.767081
66.610000,-0.755131,-0.004396,-0.808813,-0.763104
66.620000,-0.755131,0.004396,-0.221160,-0.759253
66.630000,-0.755131,-0.004987,-0.215385,-0.755034
66.640000,-0.755131,0.011913,-0.276923,-0.750460
66.650000,-0.755131,0.004396,0.227706,-0.746006
66.660000,-0.755131,0.015597,-0.103242,-0.741273
66.670000,-0.754749,0.039560,0.247663,-0.735823
66.680000,-0.754368,0.027559,0.596349,-0.730118
66.690000,-0.753986,0.025090,1.156429,-0.724324
66.700000,-0.753484,0.083116,1.216777,-0.717901
66.710000,-0.751881,0.142942,1.126050,-0.710834
66.720000,-0.750248,0.174964,1.163210,-0.704371
66.730000,-0.748019,0.206593,1.657752,-0.696704
66.740000,-0.745222,0.337891,1.509289,-0.689037
66.750000,-0.741483,0.392512,0.972095,-0.681370
66.760000,-0.737923,0.375233,1.211244,-0.673196
66.770000,-0.733292,0.443956,1.434592,-0.665208
66.780000,-0.729654,0.456515,1.468140,-0.656681
66.790000,-0.723621,0.544175,1.286147,-0.646628
66.800000,-0.717360,0.589936,1.359519,-0.637182
66.810000,-0.712325,0.644980,1.554721,-0.626501
66.820000,-0.705019,0.661744,1.110440,-0.616680
66.830000,-0.697726,0.610989,1.164840,-0.607045
66.840000,-0.689868,0.817163,0.740725,-0.596643
66.850000,-0.681487,0.715396,1.141507,-0.586384
66.860000,-0.673209,0.909848,0.884652,-0.575840
66.870000,-0.665703,0.876801,1.110365,-0.567161
66.880000,-0.656074,0.954263,0.549448,-0.559226
66.890000,-0.647257,0.811544,0.681659,-0.551230
66.900000,-0.638167,0.890011,0.846843,-0.541170
66.910000,-0.629893,0.806622,0.420124,-0.532690
66.920000,-0.620188,0.953846,0.822748,-0.523919
66.930000,-0.612205,0.894818,1.132603,-0.511703
66.940000,-0.602123,0.857557,0.950948,-0.499647
66.950000,-0.592764,0.975153,1.841072,-0.487497
66.960000,-0.583668,0.863168,0.582574,-0.474664
66.970000,-0.573018,1.037931,0.905626,-0.462264
66.980000,-0.563308,1.037547,1.732188,-0.448767
66.990000,-0.552368,1.107483,1.110133,-0.434886
67.000000,-0.541793,1.113284,0.815839,-0.421526
67.010000,-0.531220,0.983451,1.600627,-0.408105
67.020000,-0.518551,1.287273,0.881789,-0.394220
67.030000,-0.507182,1.157518,0.602150,-0.380023
67.040000,-0.495271,1.292381,1.365364,-0.365336
67.050000,-0.482080,1.162758,1.294731,-0.349997
67.060000,-0.469788,1.382847,1.298438,-0.335063
67.070000,-0.455682,1.304789,0.769725,-0.320143
67.080000,-0.442222,1.536034,1.194693,-0.305321
67.090000,-0.429488,1.334377,1.272838,-0.289018
67.100000,-0.415600,1.185803,1.029992,-0.273961
67.110000,-0.400780,1.435048,1.109310,-0.259568
67.120000,-0.385633,1.498901,1.052295,-0.244188
67.130000,-0.371842,1.465991,1.138462,-0.227293
67.140000,-0.358310,1.626708,1.494538,-0.212453
67.150000,-0.342578,1.741560,0.236401,-0.197003
67.160000,-0.327926,1.550459,1.915736,-0.181398
67.170000,-0.313621,1.376932,1.529682,-0.166150
67.180000,-0.298078,1.358201,1.250696,-0.151484
67.190000,-0.282761,1.347744,0.700642,-0.135866
67.200000,-0.268075,1.427634,1.179684,-0.118268
67.210000,-0.251922,1.427197,0.722714,-0.101710
67.220000,-0.236877,1.661439,0.985814,-0.084601
67.230000,-0.223053,1.604613,0.851789,-0.068970
67.240000,-0.207595,1.527171,1.560380,-0.050959
67.250000,-0.190844,1.518874,1.265887,-0.035294
67.260000,-0.174894,1.590463,0.376709,-0.019541
67.270000,-0.158940,1.716314,2.177039,-0.004755
67.280000,-0.143492,1.748641,0.997349,0.012086
67.290000,-0.126600,1.693928,1.281411,0.029430
67.300000,-0.110556,1.791861,1.105446,0.046542
67.310000,-0.094513,1.688184,1.445064,0.061227
67.320000,-0.077730,1.691828,0.470914,0.078319
67.330000,-0.063069,1.617224,1.289690,0.093536
67.340000,-0.045723,1.620698,1.718548,0.109772
67.350000,-0.030742,1.504790,1.559608,0.126442
67.360000,-0.013023,1.606451,1.332882,0.140696
67.370000,0.001223,1.348422,0.803600,0.157688
67.380000,0.018509,1.350250,1.324275,0.173493
67.390000,0.034407,1.450122,1.389608,0.188423
67.400000,0.049992,1.502711,1.167177,0.202376
67.410000,0.065580,1.551092,0.842454,0.217375
67.420000,0.080914,1.471000,0.563200,0.231379
67.430000,0.097754,1.467060,1.323077,0.246976
67.440000,0.112650,1.555138,0.535523,0.261403
67.450000,0.127867,1.694173,0.658801,0.277821
67.460000,0.142921,1.565895,0.847917,0.293948
67.470000,0.157367,1.542276,1.218357,0.308965
67.480000,0.173269,1.683312,0.935815,0.324388
67.490000,0.188329,1.647603,1.982818,0.339986
67.500000,0.203983,1.632954,1.170937,0.354712
67.510000,0.218991,1.514956,1.394152,0.368665
67.520000,0.234469,1.377880,1.017479,0.383314
67.530000,0.250040,1.286916,1.005620,0.396730
67.540000,0.265360,1.387356,0.847240,0.411697
67.550000,0.280521,1.483778,1.068231,0.426746
67.560000,0.294748,1.576869,1.094956,0.440403
67.570000,0.309716,1.544521,0.842782,0.453427
67.580000,0.325168,1.445544,-0.022536,0.464659
67.590000,0.339106,1.610663,0.830769,0.477912
67.600000,0.352399,1.383168,1.495226,0.489754
67.610000,0.366918,1.162023,1.507692,0.502667
67.620000,0.381374,1.356091,0.899527,0.515542
67.630000,0.395082,1.394884,1.091299,0.527893
67.640000,0.408828,1.369611,0.683169,0.540962
67.650000,0.421098,1.371157,1.200000,0.550883
67.660000,0.433541,1.269517,1.400661,0.557381
67.670000,0.447713,1.101573,0.861124,0.564357
67.680000,0.459684,1.340856,0.859818,0.576945
67.690000,0.471078,1.199763,0.862369,0.590558
67.700000,0.482297,0.988687,1.273165,0.604539
67.710000,0.494677,1.226954,0.992163,0.618138
67.720000,0.506435,1.194689,0.925212,0.631407
67.730000,0.518344,1.199626,1.519322,0.644264
67.740000,0.531132,1.099704,0.826852,0.656504
67.750000,0.542271,1.244180,1.232077,0.667734
67.760000,0.555030,1.324179,1.261538,0.678201
67.770000,0.567141,1.157832,1.274053,0.687767
67.780000,0.579328,1.242459,0.619442,0.696749
67.790000,0.591312,1.159101,1.174566,0.705393
67.800000,0.601813,1.130911,1.261538,0.713290
67.810000,0.613625,1.055983,0.659079,0.720120
67.820000,0.625186,1.076876,0.920461,0.727459
67.830000,0.633696,0.953944,1.076923,0.734120
67.840000,0.645379,1.030367,0.492493,0.740574
67.850000,0.654083,0.978443,0.635771,0.746421
67.860000,0.662906,0.847294,0.732226,0.751599
67.870000,0.671452,0.899211,0.808869,0.756888
67.880000,0.679601,0.760272,0.892727,0.761536
67.890000,0.687104,0.897276,0.589985,0.765837
67.900000,0.694591,0.756934,0.689193,0.769709
67.910000,0.701248,0.659402,1.061569,0.773209
67.920000,0.707818,0.576756,1.422726,0.776170
67.930000,0.714700,0.470205,0.534464,0.778651
67.940000,0.719162,0.587886,1.018533,0.780944
67.950000,0.724792,0.489981,1.047959,0.782715
67.960000,0.729370,0.463449,1.115453,0.784028
67.970000,0.733402,0.373862,1.134342,0.784899
67.980000,0.737769,0.447992,0.553007,0.785334
67.990000,0.741639,0.295957,0.830769,0.785351
68.000000,0.744103,0.261789,0.959559,0.784881
68.010000,0.747120,0.216332,1.138462,0.783918
68.020000,0.748830,0.206878,1.110676,0.782535
68.030000,0.751009,0.181934,0.893834,0.780795
68.040000,0.752542,0.128778,1.112263,0.778536
68.050000,0.753294,0.034033,0.753389,0.775849
68.060000,0.753605,0.017813,0.898770,0.772683
68.070000,0.753605,0.003731,0.457932,0.769267
68.080000,0.753605,-0.004396,0.350884,0.765092
68.090000,0.753605,-0.000795,1.122097,0.760291
68.100000,0.753605,-0.013187,0.000987,0.755452
68.110000,0.753605,-0.008744,-0.307364,0.750165
68.120000,0.753605,-0.011659,-0.421387,0.744455
68.130000,0.753223,-0.030769,-0.652186,0.738196
68.140000,0.752897,-0.062137,-0.918408,0.732309
68.150000,0.752226,-0.115300,-0.930211,0.725406
68.160000,0.751059,-0.130332,-0.890808,0.717926
68.170000,0.749699,-0.147165,-1.069573,0.710594
68.180000,0.748161,-0.165016,-1.248478,0.702343
68.190000,0.745905,-0.255447,-1.208812,0.693831
68.200000,0.743166,-0.312088,-1.451280,0.684581
68.210000,0.739474,-0.391590,-1.405955,0.675605
68.220000,0.734999,-0.498687,-1.354844,0.665509
68.230000,0.729976,-0.512888,-1.444931,0.655738
68.240000,0.724326,-0.555976,-1.669468,0.645350
68.250000,0.717698,-0.657872,-1.361507,0.635161
68.260000,0.711649,-0.801257,-1.304384,0.623509
68.270000,0.704070,-0.909983,-1.301765,0.611393
68.280000,0.696715,-0.756266,-1.820772,0.599235
68.290000,0.687913,-0.939252,-1.138462,0.586846
68.300000,0.678824,-0.917812,-1.192020,0.573751
68.310000,0.667858,-1.033946,-1.487203,0.560431
68.320000,0.658569,-1.079110,-1.392122,0.547203
68.330000,0.648850,-0.956699,-1.134141,0.533214
68.340000,0.637201,-1.147496,-1.504291,0.519036
68.350000,0.626657,-1.205315,-1.398133,0.504065
68.360000,0.614776,-1.026341,-1.323077,0.489424
68.370000,0.602862,-1.383899,-1.081532,0.473989
68.380000,0.589923,-1.181588,-1.349783,0.464175
68.390000,0.577031,-1.338125,-1.145406,0.455191
68.400000,0.564029,-1.016852,-1.197234,0.443910
68.410000,0.552131,-1.322114,-0.821890,0.431832
68.420000,0.539591,-1.138462,-1.379985,0.419099
68.430000,0.527551,-1.305968,-1.306983,0.406220
68.440000,0.516309,-1.126359,-0.778105,0.391880
68.450000,0.504305,-1.279845,-1.441084,0.376818
68.460000,0.491319,-1.362152,-1.111092,0.362733
68.470000,0.478590,-1.210884,-2.236108,0.348085
68.480000,0.465913,-1.254077,-1.304116,0.332947
68.490000,0.453153,-1.347711,-1.379172,0.319604
68.500000,0.439487,-1.470482,-1.242361,0.302958
68.510000,0.426389,-1.352150,-1.091462,0.288974
68.520000,0.412556,-1.409370,-0.804863,0.273955
68.530000,0.398069,-1.191244,-1.384468,0.259196
68.540000,0.383351,-1.286011,-0.985355,0.242546
68.550000,0.368647,-1.504723,-1.328094,0.225774
68.560000,0.356023,-1.488864,-1.564694,0.209580
68.570000,0.341117,-1.428051,-0.787793,0.194476
68.580000,0.325615,-1.551274,-1.158594,0.177241
68.590000,0.309874,-1.599045,-0.926088,0.160844
68.600000,0.295981,-1.539137,-1.171597,0.143840
68.610000,0.279419,-1.515720,-1.639777,0.128051
68.620000,0.263342,-1.569953,-1.194204,0.110402
68.630000,0.248863,-1.406130,-0.908478,0.092645
68.640000,0.231867,-1.539243,-1.260282,0.076205
68.650000,0.215957,-1.476519,-1.024985,0.058684
68.660000,0.200452,-1.532541,-1.055724,0.042158
68.670000,0.183694,-1.599660,-1.105491,0.027772
68.680000,0.168230,-1.672053,-0.901544,0.015307
68.690000,0.152347,-1.654683,-1.323307,0.000657
68.700000,0.135695,-1.622596,-0.782531,-0.013053
68.710000,0.118893,-1.595480,-1.059216,-0.029454
68.720000,0.104095,-1.520881,-1.169215,-0.049469
68.730000,0.088007,-1.606167,-1.188526,-0.069082
68.740000,0.073324,-1.740924,-0.379207,-0.088107
68.750000,0.056855,-1.751577,-1.081745,-0.106733
68.760000,0.038495,-1.905371,-1.276055,-0.124680
68.770000,0.023094,-1.778145,-1.365716,-0.143895
68.780000,0.005751,-1.901843,-1.234888,-0.163117
68.790000,-0.011907,-1.840044,-1.703504,-0.181701
68.800000,-0.028998,-1.905689,-0.996084,-0.200014
68.810000,-0.047447,-1.843910,-0.922431,-0.219035
68.820000,-0.064413,-1.866053,-0.617128,-0.236877
68.830000,-0.082548,-1.684359,-0.611907,-0.254910
68.840000,-0.101898,-1.770092,-1.556595,-0.272654
68.850000,-0.120177,-1.753304,-1.211671,-0.289870
68.860000,-0.137195,-1.849271,-1.249902,-0.307354
68.870000,-0.157124,-1.841643,-0.399193,-0.324597
68.880000,-0.173702,-1.801015,-0.863117,-0.341505
68.890000,-0.191180,-1.744282,-0.195890,-0.356975
68.900000,-0.208945,-1.827706,-0.892308,-0.372879
68.910000,-0.227591,-1.766341,-1.319937,-0.389584
68.920000,-0.243582,-1.706923,-0.691529,-0.405749
68.930000,-0.260236,-1.764033,-0.980871,-0.421746
68.940000,-0.277129,-1.797802,-0.937184,-0.433442
68.950000,-0.295427,-1.602319,-0.494368,-0.443220
68.960000,-0.308880,-1.579455,-1.012325,-0.453224
68.970000,-0.325885,-1.611782,-0.924237,-0.462519
68.980000,-0.340854,-1.507804,-0.708280,-0.471286
68.990000,-0.355075,-1.454702,-0.880450,-0.480852
69.000000,-0.368686,-1.322590,-0.767525,-0.492050
69.010000,-0.381636,-1.178897,-0.732300,-0.502809
69.020000,-0.394226,-1.318121,-1.354673,-0.515860
69.030000,-0.405363,-1.326707,-0.989974,-0.528453
69.040000,-0.417618,-1.089406,-1.128086,-0.541555
69.050000,-0.431094,-1.136806,-1.030028,-0.553559
69.060000,-0.442198,-1.232658,-1.036413,-0.564457
69.070000,-0.454865,-1.329811,-1.192801,-0.574933
69.080000,-0.466611,-1.001373,-1.698860,-0.585865
69.090000,-0.479724,-1.231311,-1.112961,-0.596386
69.100000,-0.490184,-1.153661,-1.479205,-0.606735
69.110000,-0.502445,-1.213383,-1.229399,-0.616229
69.120000,-0.513471,-1.091213,-0.789237,-0.627072
69.130000,-0.524950,-1.073597,-1.335443,-0.637326
69.140000,-0.535815,-1.139210,-1.186894,-0.647207
69.150000,-0.547160,-1.074846,-1.200929,-0.656424
69.160000,-0.558195,-1.110704,-0.626784,-0.663954
69.170000,-0.567733,-0.959322,-1.283683,-0.672039
69.180000,-0.578829,-1.044192,-1.401654,-0.680982
69.190000,-0.588241,-1.069524,-0.975784,-0.689882
69.200000,-0.598535,-0.901075,-0.502425,-0.697865
69.210000,-0.607180,-1.014653,-0.690476,-0.706255
69.220000,-0.616599,-0.870870,-1.196527,-0.714258
69.230000,-0.626093,-0.962182,-1.174489,-0.721246
69.240000,-0.634308,-0.923443,-1.043268,-0.726761
69.250000,-0.644098,-0.905636,-0.821440,-0.732464
69.260000,-0.652155,-0.831731,-1.063465,-0.738079
69.270000,-0.660617,-0.848581,-1.091705,-0.743520
69.280000,-0.667896,-0.777761,-0.993656,-0.748270
69.290000,-0.674514,-0.794789,-0.674068,-0.753248
69.300000,-0.682086,-0.615933,-0.945194,-0.758296
69.310000,-0.688538,-0.608559,-0.593521,-0.762231
69.320000,-0.695621,-0.637363,-1.507692,-0.765759
69.330000,-0.701309,-0.627019,-1.333947,-0.768982
69.340000,-0.707082,-0.515562,-1.077816,-0.771994
69.350000,-0.712812,-0.519090,-1.064962,-0.775060
69.360000,-0.717459,-0.525254,-1.581093,-0.777450
69.370000,-0.722677,-0.486523,-0.471262,-0.779574
69.380000,-0.727627,-0.472051,-1.231421,-0.781301
69.390000,-0.731915,-0.330926,-0.892296,-0.782852
69.400000,-0.735249,-0.393301,-1.027844,-0.784044
69.410000,-0.738720,-0.364033,-1.312967,-0.784786
69.420000,-0.742232,-0.364835,-1.356462,-0.785247
69.430000,-0.745486,-0.288210,-1.279008,-0.785397
69.440000,-0.747842,-0.217275,-1.105386,-0.785196
69.450000,-0.750168,-0.232787,-1.252707,-0.784644
69.460000,-0.752289,-0.201756,-1.009197,-0.783653
69.470000,-0.753642,-0.152154,-1.360928,-0.782504
69.480000,-0.754749,-0.101099,-0.928243,-0.780984
69.490000,-0.755894,-0.097523,-1.309531,-0.779006
69.500000,-0.756503,-0.048352,-1.470106,-0.776566
69.510000,-0.756657,-0.039560,-1.167327,-0.774020
69.520000,-0.757038,-0.030769,-0.851686,-0.771194
69.530000,-0.757038,0.004396,-0.202619,-0.768093
69.540000,-0.757038,-0.004396,-0.777777,-0.764584
69.550000,-0.757038,-0.004396,-0.215385,-0.760663
69.560000,-0.757038,-0.007773,-0.935062,-0.756575
69.570000,-0.757038,-0.004396,-0.215163,-0.751714
69.580000,-0.757038,0.003484,0.147917,-0.746892
69.590000,-0.757038,0.006297,0.820759,-0.741376
69.600000,-0.756938,0.015486,1.055160,-0.735764
69.610000,-0.756657,0.021978,0.549960,-0.729612
69.620000,-0.756196,0.078377,0.612553,-0.722655
69.630000,-0.755131,0.116529,0.796795,-0.715465
69.640000,-0.753404,0.197802,1.112482,-0.708819
69.650000,-0.751265,0.235321,1.015867,-0.700858
69.660000,-0.748971,0.249242,1.120162,-0.693288
69.670000,-0.745593,0.373698,1.107945,-0.684962
69.680000,-0.741267,0.451878,0.755898,-0.676674
69.690000,-0.737399,0.419536,1.138462,-0.668512
69.700000,-0.732548,0.472176,1.310151,-0.660015
69.710000,-0.727961,0.589987,1.528232,-0.650348
69.720000,-0.722023,0.607272,1.076923,-0.642085
69.730000,-0.714993,0.536849,1.280018,-0.632032
69.740000,-0.708116,0.750830,0.864256,-0.622159
69.750000,-0.701916,0.760407,1.046191,-0.611520
69.760000,-0.694738,0.793232,1.507692,-0.601785
69.770000,-0.686518,0.796214,1.200000,-0.591421
69.780000,-0.678271,0.813517,1.630769,-0.579475
69.790000,-0.669759,0.851958,1.040629,-0.567676
69.800000,-0.660065,0.990955,1.179584,-0.555227
69.810000,-0.650652,0.976494,1.058182,-0.542950
69.820000,-0.641123,1.117079,1.322436,-0.529533
69.830000,-0.631498,0.893840,0.656878,-0.515796
69.840000,-0.620035,1.101312,1.140198,-0.504339
69.850000,-0.609304,1.164044,1.493845,-0.492638
69.860000,-0.597875,0.989647,1.152631,-0.479334
69.870000,-0.586968,1.312711,1.070502,-0.464911
69.880000,-0.575533,1.228151,1.101805,-0.450568
69.890000,-0.563090,1.177673,0.697894,-0.436244
69.900000,-0.551592,1.231730,0.745189,-0.421240
69.910000,-0.538026,1.290519,1.125688,-0.405187
69.920000,-0.526742,1.431432,1.384615,-0.391996
69.930000,-0.513505,1.154965,1.332798,-0.377511
69.940000,-0.499123,1.212350,0.955357,-0.365450
69.950000,-0.484931,1.407501,1.033945,-0.351729
69.960000,-0.472209,1.364866,1.105260,-0.338028
69.970000,-0.458667,1.500564,1.179091,-0.323195
69.980000,-0.446167,1.284299,1.342467,-0.309258
69.990000,-0.431907,1.147004,1.023443,-0.293094
70.000000,-0.417373,1.333639,1.031766,-0.277907
70.010000,-0.403902,1.470500,1.040833,-0.263076
70.020000,-0.389151,1.534624,1.401723,-0.247355
70.030000,-0.374378,1.469744,0.874682,-0.231296
70.040000,-0.360669,1.513939,1.343531,-0.216095
70.050000,-0.345740,1.455847,0.977841,-0.201976
70.060000,-0.331024,1.249379,1.427175,-0.185645
70.070000,-0.315624,1.275838,1.038624,-0.169107
70.080000,-0.302071,1.513320,0.995075,-0.152435
70.090000,-0.286462,1.493829,0.961888,-0.136369
70.100000,-0.271277,1.632992,0.981252,-0.119027
70.110000,-0.256588,1.672605,0.774178,-0.101921
70.120000,-0.241090,1.585794,1.514828,-0.085166
70.130000,-0.224353,1.603321,1.030426,-0.067399
70.140000,-0.208594,1.641361,1.027986,-0.047341
70.150000,-0.190984,1.616288,1.393568,-0.025878
70.160000,-0.176202,1.876423,1.162840,-0.005140
70.170000,-0.159174,1.909971,-0.001211,0.016069
70.180000,-0.139111,1.821985,0.929801,0.037854
70.190000,-0.123082,1.763354,0.947786,0.057785
70.200000,-0.104344,1.834991,0.884413,0.074761
70.210000,-0.084546,1.874225,0.428586,0.088113
70.220000,-0.066083,1.670605,1.133934,0.103091
70.230000,-0.049768,1.543894,0.646463,0.117233
70.240000,-0.030329,1.896020,0.598290,0.127382
70.250000,-0.011917,1.831758,1.494481,0.141470
70.260000,0.002909,1.489876,1.290239,0.160781
70.270000,0.020764,1.715791,0.981002,0.178641
70.280000,0.035425,1.423712,1.330499,0.198180
70.290000,0.054013,1.675232,1.523579,0.217517
70.300000,0.069574,1.622685,1.524921,0.236933
70.310000,0.087959,1.714193,2.824529,0.255738
70.320000,0.103747,1.708300,1.171548,0.270680
70.330000,0.121409,1.703597,1.343545,0.281327
70.340000,0.137521,1.717198,0.749392,0.292491
70.350000,0.153919,1.663031,0.964150,0.304565
70.360000,0.170214,1.626870,0.961249,0.314768
70.370000,0.185561,1.452724,0.610721,0.326218
70.380000,0.200597,1.250253,1.058385,0.340781
70.390000,0.215024,1.342933,0.663896,0.357323
70.400000,0.229001,1.519925,1.068892,0.374126
70.410000,0.243575,1.460585,1.043083,0.391341
70.420000,0.258168,1.383208,0.500303,0.407851
70.430000,0.274905,1.449261,0.985493,0.424527
70.440000,0.289243,1.562557,1.469511,0.439762
70.450000,0.304295,1.625640,1.246890,0.453923
70.460000,0.318658,1.523947,1.167278,0.468884
70.470000,0.333956,1.365694,1.740312,0.484694
70.480000,0.350832,1.499684,1.047280,0.499027
70.490000,0.365224,1.391941,0.795231,0.513932
70.500000,0.382460,1.348203,0.781707,0.528977
70.510000,0.395619,1.462223,0.689353,0.541645
70.520000,0.411458,1.498273,0.465935,0.555486
70.530000,0.425618,1.597276,1.112784,0.568765
70.540000,0.440519,1.526371,0.189269,0.581861
70.550000,0.455190,1.447313,1.044455,0.595124
70.560000,0.469299,1.450163,1.094182,0.609013
70.570000,0.483271,1.288504,1.282841,0.622823
70.580000,0.497381,1.299351,0.490366,0.633913
70.590000,0.512189,1.453899,0.575237,0.641236
70.600000,0.525620,1.301621,0.990813,0.648865
70.610000,0.538022,1.420971,1.084467,0.656474
70.620000,0.549262,1.034980,0.892772,0.664549
70.630000,0.562325,1.148176,0.798373,0.671897
70.640000,0.572148,1.141562,0.575296,0.678930
70.650000,0.584135,0.960252,0.938598,0.686067
70.660000,0.594285,1.087738,0.990149,0.693381
70.670000,0.603724,1.136203,0.786504,0.699086
70.680000,0.612867,0.897225,0.448738,0.704928
70.690000,0.621041,0.953216,1.252712,0.709923
70.700000,0.630676,0.718575,1.231832,0.716514
70.710000,0.638195,0.832739,0.546950,0.722553
70.720000,0.647038,0.708249,-0.238125,0.728739
70.730000,0.654519,0.821423,1.049141,0.734732
70.740000,0.661081,0.752295,0.868598,0.741087
70.750000,0.668050,0.726470,1.174838,0.746196
70.760000,0.675547,0.710088,0.877385,0.751220
70.770000,0.682210,0.584248,1.194851,0.755927
70.780000,0.689003,0.648572,0.832586,0.759887
70.790000,0.695043,0.683261,0.991412,0.763404
70.800000,0.700697,0.569740,0.867046,0.767137
70.810000,0.706714,0.505845,0.459084,0.770491
70.820000,0.711991,0.586150,0.734552,0.773477
70.830000,0.716859,0.423739,1.140012,0.776084
70.840000,0.721732,0.557460,0.218122,0.778634
70.850000,0.726389,0.420604,0.894222,0.780839
70.860000,0.730559,0.372078,0.772899,0.782393
70.870000,0.734113,0.370415,1.021281,0.783678
70.880000,0.738304,0.392182,0.287141,0.784640
70.890000,0.741500,0.268811,1.039019,0.785149
70.900000,0.744450,0.268132,0.830769,0.785389
70.910000,0.746904,0.229161,1.015385,0.785284
70.920000,0.748696,0.215962,1.060753,0.784843
70.930000,0.751265,0.216557,0.998976,0.783908
70.940000,0.753223,0.161906,0.512768,0.782660
70.950000,0.754368,0.087436,0.830015,0.780959
70.960000,0.755124,0.048199,0.541189,0.778869
70.970000,0.755512,0.022228,1.010125,0.776559
70.980000,0.755512,-0.012139,0.461538,0.773826
70.990000,0.755512,0.001899,0.461538,0.770720
71.000000,0.755512,-0.004396,0.712097,0.767094
71.010000,0.755512,-0.005863,0.010033,0.763705
71.020000,0.755512,-0.021161,-0.039346,0.760498
71.030000,0.755512,0.001827,-0.094304,0.756354
71.040000,0.755512,-0.005146,-0.168104,0.752336
71.050000,0.755512,-0.013187,-0.747850,0.747833
71.060000,0.755131,-0.020184,-0.588406,0.742841
71.070000,0.755131,-0.020080,-0.216789,0.738522
71.080000,0.755131,-0.021978,-0.858987,0.733740
71.090000,0.754749,-0.039560,-1.465908,0.728614
71.100000,0.753605,-0.118681,-0.848678,0.722524
71.110000,0.752031,-0.180220,-1.084717,0.716287
71.120000,0.750172,-0.200419,-1.309890,0.709091
71.130000,0.748111,-0.189011,-1.624752,0.701268
71.140000,0.745975,-0.276923,-1.306395,0.692863
71.150000,0.742791,-0.333136,-1.360354,0.684759
71.160000,0.739448,-0.407482,-1.220433,0.676414
71.170000,0.734649,-0.450766,-1.200000,0.668449
71.180000,0.730086,-0.490606,-1.410919,0.661456
71.190000,0.724505,-0.533521,-1.361476,0.653186
71.200000,0.718488,-0.608541,-1.141889,0.645432
71.210000,0.713496,-0.551186,-1.611394,0.637136
71.220000,0.707021,-0.623665,-1.377459,0.628363
71.230000,0.699590,-0.635692,-1.250224,0.616777
71.240000,0.693495,-0.778653,-1.142876,0.605631
71.250000,0.685633,-0.834369,-1.055434,0.593524
71.260000,0.677920,-0.858320,-1.437962,0.580718
71.270000,0.668126,-0.926807,-1.190686,0.568190
71.280000,0.660147,-0.971323,-1.506214,0.554733
71.290000,0.650461,-1.003241,-1.190482,0.543103
71.300000,0.640548,-1.063080,-0.691818,0.530935
71.310000,0.630143,-0.901698,-1.587043,0.517740
71.320000,0.619084,-1.156044,-1.020074,0.504424
71.330000,0.608372,-1.197798,-0.817515,0.490084
71.340000,0.596882,-0.987130,-1.299954,0.474650
71.350000,0.585305,-1.328044,-1.432768,0.459374
71.360000,0.572452,-1.284860,-1.114533,0.444313
71.370000,0.560650,-1.352634,-1.379291,0.428790
71.380000,0.547614,-1.103571,-0.870513,0.413993
71.390000,0.534360,-1.382963,-1.452817,0.399024
71.400000,0.520917,-1.474512,-1.174199,0.384179
71.410000,0.507827,-1.494926,-1.104748,0.369248
71.420000,0.493781,-1.472726,-1.328041,0.356960
71.430000,0.479956,-1.248537,-1.298230,0.343914
71.440000,0.465190,-1.302403,-0.989252,0.331069
71.450000,0.451183,-1.418248,-1.073349,0.317326
71.460000,0.436770,-1.411037,-1.200000,0.304672
71.470000,0.424448,-1.464169,-0.743000,0.294378
71.480000,0.410864,-1.372196,-0.656900,0.282191
71.490000,0.398377,-1.202540,-0.247111,0.268739
71.500000,0.384718,-1.261538,-0.523077,0.256411
71.510000,0.371668,-1.491941,-0.902563,0.244245
71.520000,0.358363,-1.333935,-1.063324,0.227583
71.530000,0.345477,-1.396623,-1.527607,0.213221
71.540000,0.331357,-1.114688,-1.039046,0.196282
71.550000,0.318060,-1.368890,-1.138462,0.178388
71.560000,0.304845,-1.382655,-1.237631,0.164189
71.570000,0.291157,-1.465821,-0.903980,0.149906
71.580000,0.275844,-1.535843,-1.134370,0.136442
71.590000,0.263102,-1.417690,-1.890353,0.122684
71.600000,0.247270,-1.389990,-1.224915,0.108983
71.610000,0.232954,-1.274266,-1.318658,0.095734
71.620000,0.219818,-1.535367,-0.977935,0.078578
71.630000,0.205704,-1.465184,-1.216539,0.060049
71.640000,0.190631,-1.372345,-1.386306,0.042149
71.650000,0.175013,-1.465829,-0.285011,0.025640
71.660000,0.160231,-1.609622,-1.215315,0.006593
71.670000,0.143665,-1.676795,-1.439191,-0.012495
71.680000,0.129770,-1.509314,-2.123627,-0.030785
71.690000,0.113249,-1.539669,-1.768879,-0.047561
71.700000,0.097133,-1.493146,-1.598097,-0.065229
71.710000,0.080725,-1.581402,-1.146347,-0.081654
71.720000,0.063949,-1.616368,-1.109095,-0.098582
71.730000,0.046164,-1.764816,-1.938462,-0.116489
71.740000,0.029908,-1.754173,-1.420322,-0.134336
71.750000,0.012461,-1.653024,-1.157161,-0.151233
71.760000,-0.005927,-1.785888,-1.055064,-0.168059
71.770000,-0.021636,-1.802309,-1.239868,-0.185529
71.780000,-0.038218,-1.786121,-1.137607,-0.203228
71.790000,-0.056538,-1.875697,-1.279430,-0.221792
71.800000,-0.071902,-1.840088,-1.335797,-0.239330
71.810000,-0.090406,-1.791002,-0.912049,-0.256748
71.820000,-0.108138,-1.848862,-0.820610,-0.274378
71.830000,-0.125756,-1.670566,-0.727100,-0.291056
71.840000,-0.144203,-1.776185,-1.015385,-0.308122
71.850000,-0.160108,-1.795428,-1.315255,-0.325083
71.860000,-0.177678,-1.892740,-0.930846,-0.341390
71.870000,-0.194741,-1.746470,-1.066717,-0.354258
71.880000,-0.211825,-1.728125,-0.778360,-0.366391
71.890000,-0.228375,-1.673294,-1.135122,-0.377607
71.900000,-0.245269,-1.608328,-0.765632,-0.388553
71.910000,-0.260240,-1.557389,-0.667508,-0.401084
71.920000,-0.275301,-1.598279,-1.031414,-0.415380
71.930000,-0.289633,-1.465070,-1.090505,-0.429401
71.940000,-0.303299,-1.488554,-1.515740,-0.442298
71.950000,-0.319394,-1.518562,-1.451524,-0.455731
71.960000,-0.331355,-1.273681,-1.668851,-0.468548
71.970000,-0.346457,-1.411653,-0.953846,-0.479854
71.980000,-0.360316,-1.378102,-1.164239,-0.490524
71.990000,-0.374221,-1.441800,-0.492985,-0.501275
72.000000,-0.386655,-1.312008,-0.902688,-0.512422
72.010000,-0.399086,-1.106285,-0.974016,-0.524956
72.020000,-0.413081,-1.305451,-0.532353,-0.538124
72.030000,-0.425207,-1.320553,-0.988983,-0.551286
72.040000,-0.438048,-1.293178,-1.163051,-0.563583
72.050000,-0.449598,-1.011014,-1.685168,-0.575584
72.060000,-0.462898,-1.325422,-1.076923,-0.588691
72.070000,-0.475132,-1.207346,-1.359471,-0.600080
72.080000,-0.487966,-1.353618,-1.182113,-0.612328
72.090000,-0.500291,-1.110808,-0.774182,-0.623321
72.100000,-0.512534,-1.264861,-1.184898,-0.634619
72.110000,-0.524299,-1.114352,-1.375106,-0.644063
72.120000,-0.537147,-1.243956,-1.067575,-0.652965
72.130000,-0.548706,-1.061995,-0.114606,-0.662762
72.140000,-0.560190,-1.163792,-1.180188,-0.672005
72.150000,-0.571727,-1.172568,-0.982591,-0.681170
72.160000,-0.582170,-0.949441,-0.719991,-0.689726
72.170000,-0.593827,-1.057953,-1.384615,-0.697852
72.180000,-0.602873,-0.979847,-1.197306,-0.704836
72.190000,-0.613519,-0.993322,-0.868310,-0.711845
72.200000,-0.622450,-1.056199,-0.926002,-0.718976
72.210000,-0.632656,-0.836908,-0.031822,-0.725915
72.220000,-0.641068,-0.960667,-0.947212,-0.732781
72.230000,-0.649648,-0.807189,-1.150946,-0.738607
72.240000,-0.658263,-0.927822,-1.284921,-0.744452
72.250000,-0.665568,-0.690110,-1.352587,-0.750525
72.260000,-0.673240,-0.760872,-0.782823,-0.755562
72.270000,-0.681262,-0.616288,-1.556587,-0.760429
72.280000,-0.688216,-0.654571,-0.622491,-0.763987
72.290000,-0.695515,-0.672527,-0.762801,-0.767597
72.300000,-0.701335,-0.646154,-1.126409,-0.770160
72.310000,-0.707332,-0.597626,-0.844306,-0.772561
72.320000,-0.713582,-0.489382,-0.902600,-0.775125
72.330000,-0.718188,-0.540659,-1.148111,-0.777858
72.340000,-0.723258,-0.440887,-0.778702,-0.779967
72.350000,-0.727998,-0.433048,-1.161066,-0.781882
72.360000,-0.731991,-0.329885,-1.795872,-0.783391
72.370000,-0.735787,-0.371059,-1.138462,-0.784408
72.380000,-0.739336,-0.340324,-0.707692,-0.785098
72.390000,-0.742969,-0.372588,-0.870498,-0.785374
72.400000,-0.745829,-0.280292,-1.006176,-0.785303
72.410000,-0.748105,-0.196339,-1.128222,-0.784865
72.420000,-0.750414,-0.193084,-1.198523,-0.784053
72.430000,-0.752373,-0.149074,-0.930986,-0.782854
72.440000,-0.753605,-0.118499,-1.321798,-0.781245
72.450000,-0.754646,-0.088267,-1.010421,-0.779430
72.460000,-0.755131,-0.057143,-1.342135,-0.777341
72.470000,-0.755745,-0.063987,-1.080220,-0.774786
72.480000,-0.755894,-0.021978,-1.138462,-0.771739
72.490000,-0.755894,-0.004396,-0.881825,-0.768247
72.500000,-0.755894,-0.007224,-0.677150,-0.763937
72.510000,-0.755894,0.004396,0.004335,-0.759980
72.520000,-0.755894,0.000214,-0.224359,-0.756268
72.530000,-0.755894,0.000247,0.439409,-0.751575
72.540000,-0.755894,0.009650,0.178602,-0.746731
72.550000,-0.755894,0.002993,0.237639,-0.741655
72.560000,-0.755857,0.013187,1.027385,-0.735666
72.570000,-0.755512,0.005705,0.553206,-0.729520
72.580000,-0.755131,0.039560,0.994027,-0.723155
72.590000,-0.754368,0.116858,1.064159,-0.716030
72.600000,-0.752911,0.190611,1.104862,-0.708402
72.610000,-0.750477,0.236467,1.273885,-0.700445
72.620000,-0.748185,0.236621,1.679517,-0.692620
72.630000,-0.745069,0.385725,1.223155,-0.684249
72.640000,-0.741147,0.435304,1.097110,-0.674411
72.650000,-0.736432,0.452425,1.230205,-0.665309
72.660000,-0.731843,0.425970,1.384615,-0.655328
72.670000,-0.726005,0.693974,1.515695,-0.646127
72.680000,-0.720431,0.650721,1.308291,-0.635739
72.690000,-0.714208,0.571108,1.474678,-0.626676
72.700000,-0.706416,0.674246,1.898842,-0.615952
72.710000,-0.699201,0.734059,1.649708,-0.604478
72.720000,-0.690992,0.953846,1.099511,-0.593045
72.730000,-0.682119,0.820643,0.937091,-0.581555
72.740000,-0.674005,0.977424,1.111560,-0.568581
72.750000,-0.664842,0.813803,1.088795,-0.556527
72.760000,-0.654723,0.967751,1.016325,-0.544763
72.770000,-0.645134,0.943257,1.594685,-0.532049
72.780000,-0.634949,1.039853,0.929590,-0.520148
72.790000,-0.623956,1.130474,1.600881,-0.506485
72.800000,-0.613646,1.064247,1.565920,-0.493255
72.810000,-0.602272,1.117070,0.997238,-0.480800
72.820000,-0.590805,1.174579,0.707692,-0.467160
72.830000,-0.578865,1.209918,1.547403,-0.452768
72.840000,-0.565524,1.072370,0.969782,-0.439786
72.850000,-0.554232,1.332910,1.045014,-0.423994
72.860000,-0.542204,1.341533,1.214526,-0.407962
72.870000,-0.528775,1.374267,1.272892,-0.393583
72.880000,-0.515614,1.296197,0.859292,-0.379374
72.890000,-0.501768,1.413552,1.030815,-0.361990
72.900000,-0.487582,1.443571,1.142112,-0.344149
72.910000,-0.474390,1.492070,0.460167,-0.327208
72.920000,-0.459515,1.683516,1.269462,-0.309234
72.930000,-0.444514,1.594530,1.577211,-0.291722
72.940000,-0.428425,1.580672,1.098570,-0.273181
72.950000,-0.412947,1.534066,1.815385,-0.255185
72.960000,-0.396549,1.516076,1.505947,-0.237455
72.970000,-0.381019,1.427999,1.558522,-0.218900
72.980000,-0.364253,1.466321,1.462427,-0.201235
72.990000,-0.348277,1.410140,1.243675,-0.183231
73.000000,-0.330707,1.428571,1.732966,-0.164721
73.010000,-0.313982,1.460593,1.254896,-0.145224
73.020000,-0.297044,1.601517,1.040318,-0.126500
73.030000,-0.279635,1.662481,1.393408,-0.108087
73.040000,-0.260215,1.769589,1.291589,-0.088306
73.050000,-0.243578,1.786124,0.747203,-0.067911
73.060000,-0.226163,1.866937,1.138462,-0.048465
73.070000,-0.207563,1.880391,2.035942,-0.028120
73.080000,-0.186937,1.978348,0.532574,-0.008724
73.090000,-0.170027,1.948142,1.264122,0.012258
73.100000,-0.150119,1.780094,0.729385,0.031861
73.110000,-0.132475,1.720557,1.390688,0.052138
73.120000,-0.112680,1.949700,1.583969,0.071935
73.130000,-0.093705,2.174754,1.622014,0.092519
73.140000,-0.073179,1.980320,1.144573,0.112512
73.150000,-0.052228,2.060998,0.888738,0.129753
73.160000,-0.033493,1.803946,1.642898,0.149249
73.170000,-0.014667,1.764733,1.078553,0.169371
73.180000,0.004964,2.041993,1.414638,0.188366
73.190000,0.025408,2.032508,0.905903,0.207605
73.200000,0.043372,1.935883,0.958317,0.227095
73.210000,0.064613,1.959242,0.892308,0.245396
73.220000,0.083367,1.843903,1.609452,0.265060
73.230000,0.101062,1.804566,1.595927,0.282684
73.240000,0.121192,1.961341,0.806309,0.301475
73.250000,0.140866,1.903297,0.531650,0.320216
73.260000,0.160388,1.941379,0.679966,0.338542
73.270000,0.177637,1.910582,1.187987,0.356278
73.280000,0.198602,1.767209,1.318857,0.372818
73.290000,0.216643,1.588512,1.319113,0.389856
73.300000,0.234816,1.656505,1.475507,0.407711
73.310000,0.252734,1.810653,1.483898,0.424650
73.320000,0.269690,1.843821,1.265759,0.441271
73.330000,0.287686,1.923331,1.073847,0.455286
73.340000,0.305377,1.825192,1.008273,0.467169
73.350000,0.323765,1.823696,0.904347,0.478579
73.360000,0.339393,1.599190,0.789757,0.488055
73.370000,0.356414,1.770708,0.507217,0.496097
73.380000,0.372342,1.711392,1.138462,0.506361
73.390000,0.385049,1.286442,0.953846,0.517196
73.400000,0.400352,1.192644,1.158287,0.529751
73.410000,0.413086,1.306557,0.510908,0.541555
73.420000,0.425715,1.387485,0.970172,0.552122
73.430000,0.438709,1.266213,1.154101,0.561747
73.440000,0.450603,1.222773,1.150572,0.572010
73.450000,0.463629,1.081936,0.827479,0.582126
73.460000,0.474584,1.240287,0.918528,0.592819
73.470000,0.486220,1.165370,1.133785,0.602738
73.480000,0.497844,0.985964,1.076923,0.611603
73.490000,0.508980,1.140647,1.108230,0.620997
73.500000,0.519857,1.159946,1.421842,0.629296
73.510000,0.530395,1.079093,0.912074,0.639163
73.520000,0.541788,1.043765,0.841305,0.647386
73.530000,0.551330,1.014143,1.301703,0.656122
73.540000,0.560722,1.005224,1.052955,0.663008
73.550000,0.570259,1.019079,0.851937,0.670904
73.560000,0.580112,0.943137,0.769231,0.677666
73.570000,0.590189,0.881673,0.404150,0.684792
73.580000,0.598940,0.709734,1.125177,0.692189
73.590000,0.608117,0.884954,1.361140,0.699745
73.600000,0.615747,0.717590,1.176536,0.706504
73.610000,0.624240,0.802318,1.868303,0.712740
73.620000,0.632611,0.731377,1.488870,0.718876
73.630000,0.641074,0.774016,0.830769,0.724386
73.640000,0.648052,0.643094,0.931063,0.729585
73.650000,0.655474,0.775445,1.012936,0.734669
73.660000,0.663475,0.621420,1.190141,0.740007
73.670000,0.669896,0.782459,1.188570,0.744887
73.680000,0.676188,0.662702,0.961087,0.749835
73.690000,0.682637,0.536031,1.138462,0.753879
73.700000,0.689082,0.618438,0.514386,0.757708
73.710000,0.694858,0.637363,0.670158,0.761456
73.720000,0.700225,0.496033,1.371672,0.764667
73.730000,0.705871,0.545212,1.221979,0.768354
73.740000,0.711066,0.513867,0.988278,0.771823
73.750000,0.715501,0.401012,1.069839,0.775100
73.760000,0.720080,0.505495,0.700498,0.777881
73.770000,0.724757,0.384581,0.934676,0.780081
73.780000,0.728690,0.381856,0.859572,0.781927
73.790000,0.732303,0.354655,1.957781,0.783414
73.800000,0.735930,0.405865,1.117980,0.784514
73.810000,0.740017,0.320879,0.481829,0.785141
73.820000,0.742618,0.267254,0.929264,0.785396
73.830000,0.745458,0.218508,0.485883,0.785214
73.840000,0.747653,0.182029,0.680564,0.784561
73.850000,0.749790,0.189167,0.831864,0.783464
73.860000,0.751482,0.171429,0.953846,0.781960
73.870000,0.753087,0.096091,1.112364,0.780104
73.880000,0.753986,0.040718,0.438946,0.777842
73.890000,0.753986,-0.010595,1.087967,0.775087
73.900000,0.753986,-0.007300,0.696986,0.771673
73.910000,0.753986,-0.001690,1.005916,0.768304
73.920000,0.753986,-0.005327,0.080028,0.764592
73.930000,0.753986,-0.004396,0.276923,0.760028
73.940000,0.753986,-0.002941,0.041396,0.755452
73.950000,0.753986,-0.004396,-0.400000,0.750364
73.960000,0.753605,-0.013187,-0.980124,0.744735
73.970000,0.753605,-0.028913,-0.115565,0.739394
73.980000,0.753364,-0.038642,-1.096212,0.732997
73.990000,0.752842,-0.077541,-0.744715,0.725776
74.000000,0.751698,-0.130288,-0.872603,0.718024
74.010000,0.750172,-0.172614,-1.216590,0.709901
74.020000,0.748464,-0.193607,-1.176251,0.701945
74.030000,0.746465,-0.251846,-1.173439,0.693753
74.040000,0.743422,-0.318183,-1.401031,0.684651
74.050000,0.739551,-0.399532,-1.539762,0.675195
74.060000,0.735236,-0.494005,-1.455597,0.665299
74.070000,0.730817,-0.469173,-2.341719,0.655549
74.080000,0.724686,-0.601352,-1.235510,0.644975
74.090000,0.717919,-0.649865,-1.267182,0.634344
74.100000,0.711471,-0.777146,-1.498604,0.623009
74.110000,0.703223,-0.897352,-1.613113,0.611277
74.120000,0.696793,-0.731215,-2.289953,0.600535
74.130000,0.688132,-0.886504,-1.270499,0.588467
74.140000,0.679245,-0.863408,-0.709726,0.577280
74.150000,0.668959,-1.083677,-1.321175,0.565973
74.160000,0.660207,-1.014214,-1.111791,0.552728
74.170000,0.650061,-1.026614,-1.068089,0.539173
74.180000,0.639408,-1.010495,-1.205463,0.526652
74.190000,0.629106,-1.040371,-1.623366,0.513867
74.200000,0.618052,-1.173511,-1.004814,0.500450
74.210000,0.606465,-1.128425,-1.123650,0.486908
74.220000,0.595865,-1.132914,-1.576941,0.471828
74.230000,0.583827,-1.230584,-0.993279,0.457252
74.240000,0.570721,-1.309367,-0.868760,0.443076
74.250000,0.558706,-1.331868,-1.418376,0.427719
74.260000,0.545242,-1.326651,-1.725704,0.412163
74.270000,0.532498,-1.180415,-1.212702,0.396536
74.280000,0.519157,-1.527766,-1.216440,0.380786
74.290000,0.505316,-1.361127,-0.875913,0.364233
74.300000,0.491852,-1.531469,-0.970638,0.348458
74.310000,0.477418,-1.446052,-1.338402,0.332434
74.320000,0.463035,-1.334058,-0.689430,0.316153
74.330000,0.447789,-1.466684,-1.597972,0.299197
74.340000,0.433090,-1.482731,-1.025269,0.281656
74.350000,0.417206,-1.475416,-0.970198,0.264072
74.360000,0.401424,-1.527678,-0.914666,0.245908
74.370000,0.385999,-1.715201,-1.149430,0.228367
74.380000,0.368948,-1.761798,-1.216249,0.210675
74.390000,0.352510,-1.879248,-1.313883,0.193246
74.400000,0.336924,-1.880802,-1.658945,0.174418
74.410000,0.319749,-1.824137,-1.143154,0.155925
74.420000,0.303090,-1.867901,-1.445345,0.137469
74.430000,0.284549,-1.803910,-1.221377,0.120640
74.440000,0.267243,-1.692931,-1.163694,0.101683
74.450000,0.251869,-1.860456,-1.107719,0.083735
74.460000,0.233099,-1.595249,-1.285332,0.067307
74.470000,0.216109,-1.604861,-0.524434,0.049000
74.480000,0.198366,-1.532939,-1.015704,0.029951
74.490000,0.182014,-1.541459,-1.256131,0.010962
74.500000,0.163083,-1.771183,-1.108209,-0.004200
74.510000,0.146477,-1.674840,-1.550293,-0.023537
74.520000,0.126712,-1.924115,-1.018421,-0.042449
74.530000,0.110864,-1.883181,-1.291786,-0.062605
74.540000,0.092205,-1.992744,-1.372523,-0.082628
74.550000,0.072634,-1.939315,-1.390587,-0.101622
74.560000,0.055081,-1.980788,-1.295731,-0.119576
74.570000,0.035675,-1.810178,-0.892308,-0.137165
74.580000,0.019241,-1.910522,-0.864413,-0.155065
74.590000,0.000353,-1.579561,-1.156140,-0.174168
74.600000,-0.018691,-1.710650,-0.766843,-0.190755
74.610000,-0.036499,-1.818993,-1.125846,-0.208794
74.620000,-0.054279,-1.906444,-1.485661,-0.226374
74.630000,-0.073768,-1.872276,-1.427340,-0.245248
74.640000,-0.091676,-1.780642,-1.082098,-0.262525
74.650000,-0.109776,-1.898078,-0.699769,-0.279804
74.660000,-0.128840,-1.950463,-1.454776,-0.295718
74.670000,-0.145022,-1.836396,-1.034152,-0.311970
74.680000,-0.163428,-1.849835,-1.151154,-0.327352
74.690000,-0.180238,-1.831418,-0.980430,-0.343784
74.700000,-0.198709,-1.675400,-0.486448,-0.359679
74.710000,-0.215824,-1.647138,-0.899038,-0.376448
74.720000,-0.231694,-1.727270,-0.897976,-0.393199
74.730000,-0.249040,-1.632346,-0.867188,-0.409328
74.740000,-0.265555,-1.660435,-0.918898,-0.425837
74.750000,-0.282121,-1.533171,-0.529677,-0.441719
74.760000,-0.298944,-1.470310,-0.772336,-0.457531
74.770000,-0.315529,-1.413745,-0.904279,-0.472950
74.780000,-0.332144,-1.408148,-0.707692,-0.488627
74.790000,-0.348460,-1.461953,-0.627346,-0.503262
74.800000,-0.365099,-1.482569,-0.316412,-0.516918
74.810000,-0.381215,-1.514133,-0.789182,-0.530725
74.820000,-0.397362,-1.488414,-0.871308,-0.542482
74.830000,-0.412224,-1.660403,-1.099620,-0.555649
74.840000,-0.427808,-1.685443,-1.200000,-0.568746
74.850000,-0.442663,-1.520690,-0.989485,-0.582359
74.860000,-0.456386,-1.492340,-1.161426,-0.594876
74.870000,-0.472205,-1.428087,-0.928387,-0.606997
74.880000,-0.484996,-1.361035,-0.857512,-0.618748
74.890000,-0.499020,-1.155435,-1.284285,-0.630279
74.900000,-0.513440,-1.296501,-1.218320,-0.640387
74.910000,-0.525912,-1.385934,-1.261538,-0.651160
74.920000,-0.539086,-1.325126,-0.831972,-0.661210
74.930000,-0.550960,-1.187470,-1.293839,-0.671279
74.940000,-0.563767,-1.145654,-0.503056,-0.680704
74.950000,-0.575480,-1.171074,-1.120598,-0.690325
74.960000,-0.587182,-1.213455,-1.439777,-0.698728
74.970000,-0.598472,-1.022219,-0.981218,-0.706733
74.980000,-0.608935,-1.126728,-2.108215,-0.714627
74.990000,-0.619865,-1.062250,-1.087271,-0.720957
75.000000,-0.629455,-0.967505,-0.960978,-0.727877
75.010000,-0.639320,-0.946005,-1.008732,-0.734070
75.020000,-0.648299,-0.786670,-1.139464,-0.740407
75.030000,-0.656896,-0.870364,-0.737259,-0.746479
75.040000,-0.665177,-0.764663,-1.181610,-0.750650
75.050000,-0.672439,-0.747928,-0.888740,-0.751453
75.060000,-0.681343,-0.609315,-1.290853,-0.753103
75.070000,-0.688395,-0.577623,-0.904902,-0.758504
75.080000,-0.694339,-0.675571,-1.004278,-0.764022
75.090000,-0.699848,-0.586416,-1.027988,-0.769187
75.100000,-0.705641,-0.571123,-1.486965,-0.773581
75.110000,-0.711737,-0.584615,-1.108105,-0.777244
75.120000,-0.717151,-0.548595,-1.227011,-0.780267
75.130000,-0.722640,-0.527579,-0.688172,-0.782619
75.140000,-0.727576,-0.527176,-1.209249,-0.784221
75.150000,-0.732289,-0.368065,-1.316786,-0.785129
75.160000,-0.736122,-0.413277,-0.995717,-0.785393
75.170000,-0.739881,-0.347475,-0.887631,-0.784983
75.180000,-0.743702,-0.346532,-0.707692,-0.783884
75.190000,-0.746685,-0.251777,-0.857938,-0.782150
75.200000,-0.748646,-0.180220,-0.672778,-0.779746
75.210000,-0.750553,-0.136264,-0.754629,-0.776777
75.220000,-0.751698,-0.095476,-0.892308,-0.773297
75.230000,-0.752454,-0.048352,-1.189302,-0.769394
75.240000,-0.752461,-0.019381,-0.769231,-0.765239
75.250000,-0.752461,-0.006969,-0.910319,-0.761130
75.260000,-0.752461,-0.012226,-0.674054,-0.756336
75.270000,-0.752461,-0.013187,-0.242517,-0.751075
75.280000,-0.752461,0.004396,0.233978,-0.745525
75.290000,-0.752461,0.002149,0.549915,-0.739300
75.300000,-0.752079,0.031630,0.634101,-0.732548
75.310000,-0.751698,0.065934,0.875495,-0.725505
75.320000,-0.750935,0.066900,0.865275,-0.717555
75.330000,-0.749929,0.133074,1.059536,-0.710192
75.340000,-0.748264,0.167048,1.262353,-0.701454
75.350000,-0.746133,0.236024,1.381274,-0.693721
75.360000,-0.742974,0.362525,1.114205,-0.684561
75.370000,-0.739569,0.334854,1.629176,-0.674472
75.380000,-0.735578,0.419836,1.323077,-0.665953
75.390000,-0.730985,0.425373,1.637773,-0.659357
75.400000,-0.725989,0.646154,0.806658,-0.653381
75.410000,-0.720058,0.592154,1.375849,-0.645889
75.420000,-0.714730,0.471145,1.423327,-0.637554
75.430000,-0.708161,0.695565,0.822985,-0.629132
75.440000,-0.702218,0.664268,1.323077,-0.619429
75.450000,-0.695811,0.590512,1.548781,-0.610727
75.460000,-0.688096,0.685566,1.087644,-0.599467
75.470000,-0.680720,0.620311,1.673748,-0.588396
75.480000,-0.673158,0.772676,0.843537,-0.576858
75.490000,-0.664583,0.721799,1.524585,-0.564582
75.500000,-0.656305,0.904677,1.032808,-0.551461
75.510000,-0.646412,0.830697,1.875993,-0.537907
75.520000,-0.637173,0.979587,1.524967,-0.524895
75.530000,-0.627757,1.032080,1.595343,-0.510889
75.540000,-0.616322,1.016274,1.315291,-0.496375
75.550000,-0.605488,1.169279,1.290604,-0.482081
75.560000,-0.594364,1.195196,1.521646,-0.469031
75.570000,-0.581870,1.036218,1.507692,-0.453698
75.580000,-0.570140,1.322777,1.217803,-0.436930
75.590000,-0.557238,1.293376,0.897294,-0.422128
75.600000,-0.544656,1.384615,1.378094,-0.405550
75.610000,-0.530313,1.308169,1.432583,-0.389386
75.620000,-0.517049,1.465417,1.228895,-0.374552
75.630000,-0.502214,1.443277,1.179368,-0.359328
75.640000,-0.488200,1.459895,1.356026,-0.343610
75.650000,-0.474927,1.531768,0.753144,-0.329194
75.660000,-0.459761,1.674455,1.431430,-0.313031
75.670000,-0.443465,1.701116,1.506692,-0.296701
75.680000,-0.430319,1.368357,1.644838,-0.278764
75.690000,-0.414619,1.294165,1.167642,-0.262337
75.700000,-0.399037,1.333366,0.604137,-0.245473
75.710000,-0.382106,1.520834,1.165660,-0.227872
75.720000,-0.367278,1.605785,0.818049,-0.210750
75.730000,-0.351836,1.583797,1.060776,-0.193656
75.740000,-0.336020,1.703861,1.024333,-0.177697
75.750000,-0.319498,1.639277,1.016375,-0.160306
75.760000,-0.301895,1.698200,0.646154,-0.143512
75.770000,-0.286079,1.623862,1.599998,-0.126153
75.780000,-0.270551,1.708506,0.705407,-0.111772
75.790000,-0.254534,1.680081,1.078343,-0.100425
75.800000,-0.238644,1.712028,0.479041,-0.086556
75.810000,-0.221437,1.614533,0.584615,-0.074653
75.820000,-0.206958,1.499139,-0.397823,-0.062136
75.830000,-0.190922,1.439640,0.953846,-0.047244
75.840000,-0.179027,1.503300,1.249286,-0.032707
75.850000,-0.162376,1.457459,1.080220,-0.019792
75.860000,-0.148621,1.272358,1.277318,-0.005039
75.870000,-0.133574,1.284415,0.787029,0.009234
75.880000,-0.119160,1.501306,0.682580,0.022903
75.890000,-0.104699,1.524824,1.136095,0.039976
75.900000,-0.090190,1.412972,0.436552,0.058207
75.910000,-0.074469,1.461204,0.932828,0.074530
75.920000,-0.059142,1.465187,0.818817,0.091549
75.930000,-0.045560,1.573902,1.013234,0.108789
75.940000,-0.029939,1.543471,1.210436,0.127536
75.950000,-0.013318,1.596310,1.171340,0.145652
75.960000,0.002062,1.382941,1.920879,0.161443
75.970000,0.019682,1.498373,1.592367,0.178897
75.980000,0.034509,1.406944,0.724441,0.196204
75.990000,0.050760,1.458369,0.701863,0.214035
76.000000,0.067605,1.523238,1.265291,0.231504
76.010000,0.085141,1.648763,1.306833,0.248587
76.020000,0.101463,1.654612,1.860553,0.265711
76.030000,0.119367,1.683083,1.216714,0.281348
76.040000,0.134055,1.580614,1.017214,0.297050
76.050000,0.150864,1.551071,1.383881,0.314387
76.060000,0.169700,1.675562,1.712007,0.331297
76.070000,0.185247,1.543259,1.412597,0.347876
76.080000,0.201636,1.507722,1.061590,0.362799
76.090000,0.219072,1.690007,1.446154,0.379183
76.100000,0.235906,1.611581,1.319110,0.395210
76.110000,0.252503,1.731028,1.348417,0.409595
76.120000,0.267855,1.547554,1.481970,0.424153
76.130000,0.284469,1.617133,1.113012,0.439005
76.140000,0.301464,1.596158,1.571815,0.451109
76.150000,0.316884,1.444572,1.199119,0.465195
76.160000,0.332001,1.438670,0.610152,0.480635
76.170000,0.347349,1.610205,0.427352,0.495333
76.180000,0.362601,1.441692,0.953661,0.508606
76.190000,0.376642,1.497216,0.830769,0.519196
76.200000,0.392492,1.468586,0.847742,0.534388
76.210000,0.408456,1.502235,0.793033,0.548073
76.220000,0.421344,1.433705,1.410556,0.561682
76.230000,0.436030,1.402198,0.958614,0.575059
76.240000,0.450644,1.394429,1.443768,0.587585
76.250000,0.463989,1.255570,0.564920,0.599901
76.260000,0.477611,1.389191,0.855890,0.610694
76.270000,0.491669,1.428009,1.021932,0.622378
76.280000,0.504179,1.327111,1.138462,0.633735
76.290000,0.518482,1.246264,1.262913,0.643939
76.300000,0.530985,1.152190,0.816904,0.654572
76.310000,0.542494,1.286016,0.757164,0.665106
76.320000,0.554207,1.367650,0.927936,0.673433
76.330000,0.566350,1.144866,0.859474,0.681799
76.340000,0.578359,1.183163,0.955151,0.690168
76.350000,0.589592,1.073031,0.393189,0.698877
76.360000,0.600368,0.966298,2.078775,0.707265
76.370000,0.610870,1.087165,0.746520,0.714335
76.380000,0.620727,1.140823,-0.053826,0.721651
76.390000,0.630387,0.870410,1.169472,0.727681
76.400000,0.639715,0.917590,0.983891,0.734502
76.410000,0.649377,0.796852,0.744814,0.740343
76.420000,0.658238,0.848523,0.830941,0.745676
76.430000,0.666140,0.713317,0.791398,0.751325
76.440000,0.674894,0.763371,0.861545,0.756643
76.450000,0.682070,0.612337,1.027464,0.761469
76.460000,0.689095,0.699653,0.390874,0.765729
76.470000,0.695834,0.710551,0.714864,0.769105
76.480000,0.701975,0.706320,1.151370,0.772630
76.490000,0.708953,0.584615,1.176646,0.775160
76.500000,0.715085,0.464194,0.809295,0.777998
76.510000,0.720525,0.626122,0.735331,0.780084
76.520000,0.725703,0.462794,1.059338,0.781974
76.530000,0.729913,0.464312,1.251880,0.783518
76.540000,0.733866,0.391209,1.200000,0.784588
76.550000,0.738069,0.421566,1.439907,0.785192
76.560000,0.741567,0.289610,0.878317,0.785397
76.570000,0.744546,0.283490,1.015385,0.785207
76.580000,0.746953,0.210431,0.425153,0.784705
76.590000,0.748877,0.211917,1.261538,0.783764
76.600000,0.751316,0.212188,0.942681,0.782232
76.610000,0.752842,0.147721,0.797220,0.780266
76.620000,0.753986,0.060321,1.113612,0.777895
76.630000,0.753986,-0.012688,0.069203,0.774915
76.640000,0.753986,-0.010091,0.830769,0.771682
76.650000,0.753986,-0.013187,0.101431,0.768168
76.660000,0.753986,-0.004396,0.516312,0.763772
76.670000,0.753986,-0.005677,0.021797,0.759164
76.680000,0.753986,-0.007922,-0.080140,0.754586
76.690000,0.753986,-0.014375,0.212050,0.749088
76.700000,0.753986,-0.021978,-0.289012,0.743614
76.710000,0.753605,-0.038316,-0.707692,0.737721
76.720000,0.753223,-0.044127,-0.805969,0.731875
76.730000,0.752842,-0.094375,-0.837952,0.724958
76.740000,0.751593,-0.127473,-1.054511,0.718562
76.750000,0.750172,-0.171240,-1.016044,0.711600
76.760000,0.748366,-0.169078,-0.925216,0.704274
76.770000,0.746879,-0.223272,-1.320403,0.696408
76.780000,0.743834,-0.303297,-1.133892,0.688082
76.790000,0.740292,-0.378885,-1.559957,0.678888
76.800000,0.735832,-0.525120,-1.293967,0.669293
76.810000,0.731741,-0.453831,-1.280069,0.659639
76.820000,0.726035,-0.560635,-1.149385,0.650148
76.830000,0.720332,-0.746755,-1.240931,0.638623
76.840000,0.714450,-0.575976,-1.378973,0.628198
76.850000,0.706611,-0.695414,-1.506659,0.618136
76.860000,0.698877,-0.676602,-1.491182,0.607001
76.870000,0.691696,-0.823755,-1.266844,0.595786
76.880000,0.682502,-0.807820,-1.689085,0.584004
76.890000,0.673114,-0.912343,-1.233278,0.571039
76.900000,0.664510,-0.829844,-1.110929,0.558041
76.910000,0.654138,-1.085714,-1.505613,0.545754
76.920000,0.644800,-1.070682,-1.398203,0.532805
76.930000,0.633790,-1.100365,-1.111108,0.519762
76.940000,0.622481,-1.202556,-0.971738,0.507906
76.950000,0.612483,-1.070441,-1.725998,0.494701
76.960000,0.600143,-1.099319,-1.217518,0.481215
76.970000,0.588942,-1.087267,-1.330288,0.468259
76.980000,0.577301,-1.278399,-1.100115,0.454598
76.990000,0.564778,-1.121008,-1.353016,0.440139
77.000000,0.552409,-1.415824,-0.949673,0.423850
77.010000,0.539743,-1.218176,-1.000869,0.410246
77.020000,0.526894,-1.440897,-1.195052,0.395233
77.030000,0.514608,-1.226471,-0.913276,0.380286
77.040000,0.501822,-1.415257,-1.138103,0.364092
77.050000,0.487445,-1.395951,-1.112544,0.347742
77.060000,0.472545,-1.398080,-0.319323,0.331394
77.070000,0.459813,-1.519477,-1.677342,0.314753
77.080000,0.444697,-1.368850,-1.474241,0.299710
77.090000,0.429447,-1.386247,-1.049650,0.283565
77.100000,0.415306,-1.359320,-0.795643,0.268339
77.110000,0.399742,-1.426354,-1.220129,0.250512
77.120000,0.384718,-1.538384,-1.138395,0.233147
77.130000,0.369754,-1.807207,-1.482124,0.215091
77.140000,0.352553,-1.698838,-1.548556,0.198563
77.150000,0.338203,-1.577082,-0.842509,0.179950
77.160000,0.320909,-1.779996,-1.156118,0.160996
77.170000,0.305250,-1.712306,-1.085263,0.143409
77.180000,0.287968,-1.706551,-1.131784,0.126796
77.190000,0.271215,-1.736477,-0.894101,0.109158
77.200000,0.254374,-1.857338,-1.342565,0.089751
77.210000,0.238272,-1.799749,-0.874152,0.071627
77.220000,0.220281,-1.891220,-1.238543,0.054335
77.230000,0.203102,-1.913453,-0.563703,0.035759
77.240000,0.186352,-1.868165,-1.097615,0.017271
77.250000,0.167795,-1.758125,-0.543295,-0.002453
77.260000,0.150331,-1.738540,-1.154827,-0.021271
77.270000,0.132950,-1.642304,-1.337651,-0.039215
77.280000,0.115063,-1.639010,-1.634623,-0.058618
77.290000,0.095932,-1.677230,-1.276168,-0.076596
77.300000,0.078910,-1.749984,-1.356436,-0.095218
77.310000,0.060925,-1.811195,-1.507692,-0.113325
77.320000,0.041189,-1.856118,-1.193668,-0.132422
77.330000,0.024497,-1.833145,-1.150104,-0.150278
77.340000,0.005997,-1.975598,-1.480316,-0.169324
77.350000,-0.013384,-1.821203,-0.571038,-0.185576
77.360000,-0.031328,-1.867407,-0.830769,-0.205034
77.370000,-0.049136,-1.713261,-1.120128,-0.223239
77.380000,-0.067460,-1.670733,-0.824452,-0.239264
77.390000,-0.086271,-1.831225,-1.495417,-0.256969
77.400000,-0.104439,-1.946340,-1.344328,-0.275185
77.410000,-0.122190,-1.989114,-1.478360,-0.292832
77.420000,-0.141595,-1.773980,-1.017373,-0.310841
77.430000,-0.158028,-1.736473,-1.397398,-0.328328
77.440000,-0.176789,-1.864827,-1.351332,-0.346276
77.450000,-0.194080,-1.813453,-1.047280,-0.362137
77.460000,-0.213262,-1.802409,-1.079878,-0.375221
77.470000,-0.230123,-1.743885,-0.584615,-0.387462
77.480000,-0.247299,-1.632899,-0.892308,-0.400309
77.490000,-0.263698,-1.637674,-0.955590,-0.414416
77.500000,-0.279795,-1.562863,-0.897963,-0.432408
77.510000,-0.297021,-1.557485,-0.823899,-0.451606
77.520000,-0.311388,-1.816984,-1.260146,-0.470871
77.530000,-0.327479,-1.862406,-1.241497,-0.490896
77.540000,-0.345554,-1.926461,-1.505890,-0.509238
77.550000,-0.360968,-1.900832,-1.407777,-0.527727
77.560000,-0.378281,-1.914290,-1.253833,-0.541130
77.570000,-0.394552,-1.858085,-1.178510,-0.554003
77.580000,-0.412289,-1.836770,-0.999704,-0.564970
77.590000,-0.428177,-1.839725,-0.849750,-0.574861
77.600000,-0.444133,-1.695343,-0.776314,-0.585302
77.610000,-0.460084,-1.594460,-0.859841,-0.596041
77.620000,-0.474746,-1.323077,-0.707692,-0.605587
77.630000,-0.488004,-1.450997,-1.098288,-0.618524
77.640000,-0.501792,-1.345046,-1.560725,-0.630124
77.650000,-0.515593,-1.081002,-1.772622,-0.638514
77.660000,-0.528551,-1.413088,-0.889696,-0.648132
77.670000,-0.540158,-1.255229,-0.725066,-0.659077
77.680000,-0.552443,-1.238222,-1.424756,-0.669586
77.690000,-0.565323,-1.086530,-1.028857,-0.679834
77.700000,-0.575926,-1.143367,-1.109890,-0.688812
77.710000,-0.587108,-1.164293,-1.228001,-0.696340
77.720000,-0.598603,-1.029503,-0.948005,-0.704813
77.730000,-0.608588,-1.073564,-1.060437,-0.712997
77.740000,-0.618791,-0.964816,-1.344642,-0.720337
77.750000,-0.629736,-0.948593,-0.734505,-0.726699
77.760000,-0.638056,-0.915163,-0.978402,-0.733875
77.770000,-0.647483,-0.782782,-1.373057,-0.740480
77.780000,-0.655933,-0.926422,-1.421788,-0.745594
77.790000,-0.664536,-0.735094,-0.857205,-0.749827
77.800000,-0.672618,-0.769689,-1.218373,-0.754147
77.810000,-0.680689,-0.622318,-0.936506,-0.757632
77.820000,-0.688002,-0.689939,-0.894698,-0.761843
77.830000,-0.694730,-0.708313,-0.871730,-0.765139
77.840000,-0.700814,-0.665723,-1.077924,-0.768157
77.850000,-0.706889,-0.562706,-1.536051,-0.770898
77.860000,-0.712719,-0.533821,-0.841706,-0.773582
77.870000,-0.717071,-0.507527,-0.830769,-0.776177
77.880000,-0.722459,-0.484799,-1.237820,-0.778460
77.890000,-0.726931,-0.495677,-0.783592,-0.780242
77.900000,-0.731175,-0.352479,-1.004614,-0.782270
77.910000,-0.734648,-0.405366,-1.660547,-0.783936
77.920000,-0.737964,-0.329670,-0.802329,-0.784958
77.930000,-0.741729,-0.340780,-0.945733,-0.785238
77.940000,-0.745062,-0.308611,-1.052582,-0.785397
77.950000,-0.747435,-0.236011,-0.881655,-0.785250
77.960000,-0.749865,-0.224176,-0.941775,-0.784777
77.970000,-0.751698,-0.206593,-0.892308,-0.783928
77.980000,-0.753498,-0.158789,-0.963486,-0.782660
77.990000,-0.754749,-0.101273,-0.651019,-0.780883
78.000000,-0.755512,-0.101099,-1.043917,-0.778778
78.010000,-0.756275,-0.056096,-0.086432,-0.776176
78.020000,-0.756657,-0.030769,-1.569231,-0.773536
78.030000,-0.757038,-0.024069,-0.640495,-0.770111
78.040000,-0.757038,0.003472,-0.490741,-0.766309
78.050000,-0.757038,0.004396,-0.590450,-0.761846
78.060000,-0.757038,0.000207,-0.502465,-0.757396
78.070000,-0.757038,0.000271,0.132563,-0.752262
78.080000,-0.757038,-0.004862,-0.047109,-0.747303
78.090000,-0.756934,0.013187,-0.203783,-0.741380
78.100000,-0.756657,0.013187,0.673288,-0.735033
78.110000,-0.756275,0.057143,1.260225,-0.728574
78.120000,-0.755512,0.096464,0.927574,-0.721928
78.130000,-0.754368,0.123652,1.034155,-0.714525
78.140000,-0.752461,0.189011,1.354550,-0.707329
78.150000,-0.750172,0.197802,1.435846,-0.699362
78.160000,-0.747932,0.249424,1.565293,-0.691193
78.170000,-0.744585,0.388091,1.189391,-0.682580
78.180000,-0.740057,0.399443,0.461538,-0.674096
78.190000,-0.735903,0.461538,1.421310,-0.665219
78.200000,-0.731368,0.424413,2.315443,-0.655685
78.210000,-0.725238,0.624009,1.305938,-0.645603
78.220000,-0.719507,0.651568,1.360975,-0.634593
78.230000,-0.712882,0.661548,1.946120,-0.624270
78.240000,-0.705713,0.686897,1.037671,-0.613181
78.250000,-0.698023,0.639966,1.427927,-0.601658
78.260000,-0.689913,0.844271,0.636807,-0.591344
78.270000,-0.681479,0.779279,1.639569,-0.580268
78.280000,-0.671871,0.892762,0.745891,-0.568359
78.290000,-0.664069,0.793054,1.946440,-0.556240
78.300000,-0.653687,0.980090,1.192728,-0.543142
78.310000,-0.644616,1.002774,1.383533,-0.532033
78.320000,-0.632751,1.040313,1.462689,-0.520705
78.330000,-0.623077,1.136261,0.817983,-0.506871
78.340000,-0.612079,1.110033,1.329950,-0.494222
78.350000,-0.600212,0.990032,0.925956,-0.481452
78.360000,-0.589737,1.199482,0.583406,-0.469120
78.370000,-0.577719,1.165418,1.189128,-0.455506
78.380000,-0.566548,1.053149,0.934781,-0.439971
78.390000,-0.553778,1.354061,1.137131,-0.425881
78.400000,-0.541531,1.305555,-0.022667,-0.410638
78.410000,-0.529802,1.158117,1.044348,-0.396831
78.420000,-0.516579,1.302318,1.056278,-0.383052
78.430000,-0.502713,1.405223,1.070528,-0.367846
78.440000,-0.490649,1.332049,0.973013,-0.351522
78.450000,-0.474883,1.448923,1.072163,-0.336489
78.460000,-0.462832,1.376694,1.261538,-0.318827
78.470000,-0.448601,1.304112,0.754988,-0.303677
78.480000,-0.433924,1.461028,0.081521,-0.286740
78.490000,-0.417658,1.455340,0.745524,-0.271178
78.500000,-0.403775,1.535746,1.000980,-0.253020
78.510000,-0.387554,1.600217,0.726457,-0.237590
78.520000,-0.373588,1.507848,0.992511,-0.220174
78.530000,-0.357225,1.579957,0.821868,-0.201436
78.540000,-0.342406,1.759369,0.556555,-0.183768
78.550000,-0.325925,1.866039,0.816996,-0.166426
78.560000,-0.310515,1.767705,1.096808,-0.150312
78.570000,-0.294081,1.733320,0.857974,-0.135418
78.580000,-0.276221,1.687767,1.054633,-0.117914
78.590000,-0.260403,1.644722,1.142133,-0.100165
78.600000,-0.242940,1.619107,1.486601,-0.082231
78.610000,-0.228340,1.719298,1.498557,-0.065852
78.620000,-0.210690,1.742637,1.495605,-0.048222
78.630000,-0.194819,1.763178,1.261538,-0.031726
78.640000,-0.177760,1.811170,1.459637,-0.015095
78.650000,-0.161723,1.755931,1.795559,0.002212
78.660000,-0.144375,1.869331,1.035198,0.020179
78.670000,-0.127178,1.736589,1.432893,0.036613
78.680000,-0.109185,1.858330,1.581771,0.054497
78.690000,-0.093154,1.797977,1.877535,0.073591
78.700000,-0.076264,1.786430,0.812700,0.090812
78.710000,-0.058435,1.655268,1.342443,0.104277
78.720000,-0.041258,1.744622,1.591595,0.124251
78.730000,-0.024727,1.762993,0.835647,0.146769
78.740000,-0.005092,1.790733,1.037738,0.169176
78.750000,0.011991,1.800931,1.257365,0.193419
78.760000,0.029639,1.918399,1.060209,0.217625
78.770000,0.049550,1.867527,1.237530,0.241669
78.780000,0.068605,1.844348,1.732796,0.265481
78.790000,0.088437,2.071290,1.234651,0.288789
78.800000,0.109183,2.216590,1.481290,0.311656
78.810000,0.131157,2.031993,0.211820,0.334316
78.820000,0.151579,1.982927,1.421109,0.356878
78.830000,0.173341,2.322266,0.898780,0.379221
78.840000,0.197815,2.215755,0.675354,0.400286
78.850000,0.216860,1.843106,0.892022,0.421095
78.860000,0.241086,2.121431,0.933304,0.441042
78.870000,0.262076,2.321963,0.618965,0.458113
78.880000,0.281337,2.179655,1.120898,0.473720
78.890000,0.303348,1.992978,0.999852,0.488065
78.900000,0.324707,1.962073,0.637355,0.501891
78.910000,0.343183,1.897511,0.890478,0.515167
78.920000,0.361778,1.922983,0.408255,0.527202
78.930000,0.381127,1.716416,0.265502,0.539265
78.940000,0.398312,1.701544,0.208213,0.550951
78.950000,0.415161,1.547588,0.854248,0.562452
78.960000,0.431519,1.494229,0.626773,0.572551
78.970000,0.446735,1.386634,0.936184,0.584460
78.980000,0.460135,1.514145,0.668738,0.597004
78.990000,0.474396,1.460503,0.968195,0.608560
79.000000,0.488310,1.416659,0.678926,0.622216
79.010000,0.501775,1.422620,1.323077,0.634969
79.020000,0.515090,1.268612,1.210583,0.647539
79.030000,0.527957,1.312777,0.941553,0.658032
79.040000,0.541185,1.308372,0.852264,0.665297
79.050000,0.554123,1.281663,1.192693,0.673925
79.060000,0.566641,1.113284,0.682754,0.681579
79.070000,0.578512,1.244139,0.504059,0.689289
79.080000,0.590414,1.031121,0.022106,0.695353
79.090000,0.600253,0.909967,1.026670,0.702107
79.100000,0.610458,1.047171,0.884730,0.710086
79.110000,0.620114,1.078111,1.200000,0.718412
79.120000,0.629299,0.897633,0.467923,0.724962
79.130000,0.639494,0.863395,1.080847,0.731532
79.140000,0.647329,0.752435,0.744029,0.737763
79.150000,0.656338,0.874503,1.101522,0.743672
79.160000,0.664395,0.665011,0.899171,0.748821
79.170000,0.672389,0.805444,0.348301,0.754395
79.180000,0.680170,0.707749,0.822902,0.759004
79.190000,0.686838,0.856939,1.035364,0.763354
79.200000,0.694371,0.724354,1.015385,0.767248
79.210000,0.699886,0.587801,1.243366,0.770667
79.220000,0.707469,0.564275,1.664522,0.774154
79.230000,0.712991,0.600230,1.166015,0.777073
79.240000,0.717803,0.519335,1.112269,0.779396
79.250000,0.723218,0.479121,0.564855,0.781352
79.260000,0.727838,0.485106,0.758342,0.782955
79.270000,0.732173,0.372022,1.090843,0.784205
79.280000,0.736017,0.456878,1.105838,0.785041
79.290000,0.740253,0.342043,0.504824,0.785370
79.300000,0.743537,0.268132,0.694307,0.785309
79.310000,0.745975,0.264787,1.274584,0.784820
79.320000,0.748362,0.205570,0.952432,0.783927
79.330000,0.750179,0.224176,0.950218,0.782510
79.340000,0.752243,0.165750,0.637615,0.780682
79.350000,0.753675,0.103395,0.880942,0.778502
79.360000,0.753986,0.004396,1.005970,0.776116
79.370000,0.753986,-0.013187,1.100247,0.773378
79.380000,0.753986,-0.004396,0.512504,0.769802
79.390000,0.753986,-0.013187,0.670986,0.765756
79.400000,0.753986,-0.009030,0.422420,0.761087
79.410000,0.753986,-0.004396,-0.409959,0.755957
79.420000,0.753986,-0.018272,-0.153846,0.750428
79.430000,0.753986,-0.017287,-0.440976,0.744672
79.440000,0.753605,-0.035307,-0.677916,0.738677
79.450000,0.753605,-0.032430,-0.850585,0.732253
79.460000,0.752842,-0.083516,-1.247250,0.725541
79.470000,0.751698,-0.133740,-1.156130,0.717816
79.480000,0.750307,-0.177096,-1.080991,0.711018
79.490000,0.748501,-0.180220,-1.022234,0.703468
79.500000,0.746447,-0.255176,-1.759521,0.695199
79.510000,0.743607,-0.329670,-1.383701,0.685052
79.520000,0.739934,-0.398562,-1.584898,0.675510
79.530000,0.735052,-0.479933,-1.200000,0.665787
79.540000,0.730662,-0.474123,-2.034982,0.655646
79.550000,0.724872,-0.597212,-1.318483,0.645032
79.560000,0.718381,-0.693950,-1.309444,0.635456
79.570000,0.711692,-0.767702,-1.435453,0.625711
79.580000,0.705470,-0.756424,-1.390187,0.615739
79.590000,0.697103,-0.737606,-1.069929,0.608059
79.600000,0.688556,-0.784696,-1.546995,0.599744
79.610000,0.680654,-0.720112,-1.094993,0.590312
79.620000,0.672762,-0.797416,-1.550210,0.579537
79.630000,0.664427,-0.707909,-0.872805,0.569383
79.640000,0.655731,-0.839914,-2.003343,0.558392
79.650000,0.647014,-0.790637,-1.026423,0.547703
79.660000,0.637494,-0.964154,-1.342995,0.535815
79.670000,0.628400,-0.940458,-1.323077,0.521119
79.680000,0.617911,-1.052171,-1.300378,0.507853
79.690000,0.607916,-1.059817,-1.381282,0.493443
79.700000,0.597792,-0.957971,-1.557877,0.477929
79.710000,0.585221,-1.268510,-1.310697,0.461613
79.720000,0.573601,-1.162051,-2.151097,0.445434
79.730000,0.562724,-1.206915,-1.325182,0.429555
79.740000,0.548172,-1.111344,-1.427513,0.413612
79.750000,0.535828,-1.480089,-1.223160,0.397718
79.760000,0.522936,-1.386828,-0.992358,0.384164
79.770000,0.508186,-1.475313,-1.013862,0.370465
79.780000,0.493497,-1.452271,-1.234785,0.352646
79.790000,0.479454,-1.315143,-1.006381,0.337184
79.800000,0.465456,-1.431158,-1.513722,0.322243
79.810000,0.451056,-1.452215,-1.142665,0.305619
79.820000,0.436873,-1.517168,-1.061079,0.287408
79.830000,0.419773,-1.645866,-1.569231,0.269809
79.840000,0.405199,-1.660695,-1.120125,0.250918
79.850000,0.389720,-1.592664,-1.384615,0.235060
79.860000,0.375027,-1.613663,-1.112689,0.217379
79.870000,0.357858,-1.543613,-1.216707,0.200452
79.880000,0.342211,-1.676991,-1.323077,0.180017
79.890000,0.324081,-1.798742,-1.446154,0.163173
79.900000,0.308141,-1.724226,-1.377418,0.144370
79.910000,0.291077,-1.765591,-0.754780,0.126791
79.920000,0.274876,-1.791099,-1.384615,0.106820
79.930000,0.255671,-1.771813,-1.059519,0.087232
79.940000,0.238625,-1.967676,-1.200000,0.069536
79.950000,0.220959,-1.850944,-1.032532,0.048899
79.960000,0.204038,-2.023299,-1.259559,0.032059
79.970000,0.185377,-1.901840,-1.293855,0.010776
79.980000,0.165950,-1.615330,-1.715575,-0.008999
79.990000,0.148524,-1.598090,-1.174100,-0.028269
80.000000,0.131483,-1.654306,-1.083005,-0.047316
80.010000,0.112591,-1.778508,-0.906235,-0.065606
80.020000,0.094479,-1.821965,-1.410407,-0.082895
80.030000,0.073791,-1.960874,-1.092797,-0.100894
80.040000,0.056527,-1.879815,-1.105988,-0.119629
80.050000,0.036457,-1.802419,-1.163487,-0.136367
80.060000,0.018781,-1.815856,-0.564379,-0.155530
80.070000,0.000628,-1.600751,-0.581604,-0.172759
80.080000,-0.018087,-1.599109,-0.706494,-0.191415
80.090000,-0.036018,-1.688347,-1.151028,-0.209414
80.100000,-0.053790,-1.889737,-1.366812,-0.226300
80.110000,-0.072163,-1.923791,-1.225293,-0.244237
80.120000,-0.090790,-1.846226,-0.738781,-0.262376
80.130000,-0.109385,-1.788718,-1.299711,-0.281447
80.140000,-0.128529,-1.958734,-1.193274,-0.298397
80.150000,-0.147276,-1.899036,-1.060578,-0.313017
80.160000,-0.163300,-1.834959,-1.195076,-0.330086
80.170000,-0.181573,-1.696671,-1.102230,-0.346812
80.180000,-0.199571,-1.625640,-1.205618,-0.362123
80.190000,-0.215983,-1.634352,-0.751752,-0.378791
80.200000,-0.233019,-1.603628,-0.733123,-0.394836
80.210000,-0.251427,-1.543176,-1.241519,-0.411644
80.220000,-0.266748,-1.579347,-0.726248,-0.427775
80.230000,-0.284361,-1.629040,-0.963155,-0.445101
80.240000,-0.300731,-1.531528,-1.854374,-0.460849
80.250000,-0.316681,-1.445124,-1.877451,-0.474514
80.260000,-0.333914,-1.592344,-0.747356,-0.490397
80.270000,-0.350101,-1.384615,-1.120086,-0.505422
80.280000,-0.366123,-1.405386,-1.116144,-0.520926
80.290000,-0.383625,-1.365296,-1.343467,-0.533523
80.300000,-0.398562,-1.534432,-1.033332,-0.546977
80.310000,-0.414794,-1.437855,-1.143385,-0.560771
80.320000,-0.430906,-1.515080,-0.632583,-0.572841
80.330000,-0.445346,-1.633881,-0.650460,-0.584173
80.340000,-0.460247,-1.608369,-0.790461,-0.596348
80.350000,-0.474559,-1.331256,-1.402389,-0.608627
80.360000,-0.488552,-1.463736,-1.047032,-0.621417
80.370000,-0.501790,-1.369827,-1.492426,-0.633068
80.380000,-0.515242,-1.134332,-0.785393,-0.644531
80.390000,-0.528370,-1.434458,-1.166442,-0.656448
80.400000,-0.541313,-1.283532,-0.715034,-0.666379
80.410000,-0.553909,-1.297019,-1.096048,-0.676643
80.420000,-0.566634,-1.052518,-1.803607,-0.685729
80.430000,-0.578826,-1.208606,-0.756507,-0.694500
80.440000,-0.590956,-1.213390,-0.961808,-0.702277
80.450000,-0.601396,-0.997802,-1.517611,-0.710560
80.460000,-0.613375,-1.055823,-1.127915,-0.718245
80.470000,-0.623105,-1.147253,0.408780,-0.725462
80.480000,-0.633460,-0.946178,-1.187426,-0.731312
80.490000,-0.643418,-1.056127,-1.015385,-0.737830
80.500000,-0.651587,-0.923695,-0.663474,-0.744248
80.510000,-0.661901,-0.841227,-0.807438,-0.749914
80.520000,-0.669238,-0.859925,-1.086662,-0.755620
80.530000,-0.677554,-0.898423,-0.800744,-0.760556
80.540000,-0.685464,-0.854902,-0.684970,-0.765098
80.550000,-0.692541,-0.840194,-0.855158,-0.769400
80.560000,-0.699609,-0.619975,-1.274154,-0.772956
80.570000,-0.705675,-0.617266,-1.432926,-0.776264
80.580000,-0.712364,-0.617755,-1.083560,-0.779143
80.590000,-0.717864,-0.592429,-1.051086,-0.781308
80.600000,-0.723542,-0.499234,-1.086231,-0.783071
80.610000,-0.729026,-0.490515,-1.076923,-0.784285
80.620000,-0.733074,-0.435955,-1.468970,-0.784940
80.630000,-0.737412,-0.443956,-0.726961,-0.785365
80.640000,-0.741393,-0.391005,-1.076923,-0.785296
80.650000,-0.744760,-0.318496,-1.160338,-0.784748
80.660000,-0.747600,-0.246003,-0.935822,-0.783789
80.670000,-0.749790,-0.215385,-1.292696,-0.782365
80.680000,-0.751316,-0.205143,-0.644889,-0.780384
80.690000,-0.753223,-0.127528,-1.137690,-0.778026
80.700000,-0.753986,-0.074725,-0.906941,-0.774993
80.710000,-0.754368,-0.060322,-0.885733,-0.771792
80.720000,-0.754749,-0.004396,-1.051534,-0.768317
80.730000,-0.754556,-0.008727,-1.074208,-0.764226
80.740000,-0.754368,-0.004396,-0.652204,-0.759819
80.750000,-0.754368,-0.002006,-0.164614,-0.755564
80.760000,-0.754368,-0.002396,-0.226485,-0.749882
80.770000,-0.754368,-0.000211,0.218336,-0.744941
80.780000,-0.754368,0.012817,0.166796,-0.739359
80.790000,-0.754368,0.012428,0.493415,-0.732901
80.800000,-0.753986,0.030769,1.059537,-0.726401
80.810000,-0.753325,0.098245,0.838112,-0.719305
80.820000,-0.752070,0.136888,0.898137,-0.711344
80.830000,-0.750172,0.188028,0.837652,-0.703431
80.840000,-0.747818,0.230812,1.111731,-0.695589
80.850000,-0.745000,0.350185,1.446154,-0.686563
80.860000,-0.741400,0.394169,0.953846,-0.678126
80.870000,-0.737201,0.437199,1.209659,-0.667947
80.880000,-0.732454,0.454358,1.571485,-0.659419
80.890000,-0.727434,0.610164,1.378843,-0.648653
80.900000,-0.721012,0.650015,1.539708,-0.637772
80.910000,-0.715012,0.590484,1.307732,-0.626733
80.920000,-0.707360,0.778872,1.249633,-0.614152
80.930000,-0.699487,0.758731,1.548332,-0.602027
80.940000,-0.691588,1.018210,1.571435,-0.589164
80.950000,-0.682624,0.912513,1.305397,-0.575849
80.960000,-0.673384,1.032118,0.920106,-0.564953
80.970000,-0.664503,0.938744,1.207538,-0.551824
80.980000,-0.653949,1.043863,1.062192,-0.538219
80.990000,-0.643595,1.144670,1.276411,-0.522704
81.000000,-0.632742,1.090642,1.447672,-0.508308
81.010000,-0.620534,1.254231,0.914694,-0.494206
81.020000,-0.608401,1.231982,0.948537,-0.480827
81.030000,-0.595482,1.334435,1.216953,-0.464564
81.040000,-0.582844,1.136148,0.802913,-0.451123
81.050000,-0.569336,1.348716,1.079494,-0.436700
81.060000,-0.556716,1.348156,0.832203,-0.421727
81.070000,-0.543321,1.442608,1.330421,-0.405285
81.080000,-0.530883,1.157992,1.365454,-0.387432
81.090000,-0.516367,1.391892,1.316710,-0.369567
81.100000,-0.502545,1.487105,1.079553,-0.353769
81.110000,-0.487689,1.548409,1.139759,-0.336303
81.120000,-0.471153,1.593901,1.291280,-0.318536
81.130000,-0.457391,1.558055,1.881830,-0.301680
81.140000,-0.441609,1.771962,1.568517,-0.284055
81.150000,-0.425842,1.753239,1.323077,-0.267360
81.160000,-0.409242,1.776484,0.956937,-0.250374
81.170000,-0.393108,1.722325,1.009109,-0.232837
81.180000,-0.375113,1.788307,1.116307,-0.213716
81.190000,-0.358822,1.789739,0.229589,-0.196677
81.200000,-0.342622,1.780892,2.031589,-0.179213
81.210000,-0.325885,1.654716,0.814129,-0.161404
81.220000,-0.307626,1.880269,0.409075,-0.145253
81.230000,-0.292286,1.899347,0.684912,-0.127358
81.240000,-0.275789,1.836957,1.175996,-0.108638
81.250000,-0.258869,1.755189,1.628354,-0.090157
81.260000,-0.239877,1.917464,1.489836,-0.069819
81.270000,-0.222724,1.873867,1.198679,-0.049660
81.280000,-0.205073,1.804561,0.875733,-0.033504
81.290000,-0.188570,1.845751,0.799061,-0.017736
81.300000,-0.168960,1.943807,0.682329,-0.006955
81.310000,-0.154008,1.802796,0.830769,0.007226
81.320000,-0.134410,1.640786,0.504869,0.026579
81.330000,-0.117428,1.612996,0.953177,0.045850
81.340000,-0.101686,1.743235,1.046445,0.066915
81.350000,-0.083742,1.695073,0.919970,0.088571
81.360000,-0.066896,1.716961,1.378261,0.110630
81.370000,-0.048563,1.602497,1.112498,0.132377
81.380000,-0.030067,1.861326,1.472953,0.154251
81.390000,-0.010934,1.876118,1.123149,0.174691
81.400000,0.007352,2.112276,1.032147,0.195952
81.410000,0.027320,1.943532,0.989342,0.216021
81.420000,0.047449,1.976084,0.813564,0.236517
81.430000,0.067758,1.792194,1.133510,0.255996
81.440000,0.087315,1.947497,1.008549,0.275253
81.450000,0.106647,1.948184,1.350588,0.295623
81.460000,0.127458,2.106851,0.800726,0.315468
81.470000,0.147977,1.918002,0.967128,0.335817
81.480000,0.166709,1.703961,1.286639,0.355654
81.490000,0.186398,1.953058,1.312919,0.374568
81.500000,0.206887,2.150855,1.189585,0.393815
81.510000,0.225629,1.935458,0.921985,0.412580
81.520000,0.246997,1.910432,0.365598,0.429100
81.530000,0.266884,1.714295,0.790406,0.446165
81.540000,0.286224,1.971615,1.022801,0.462817
81.550000,0.304274,1.990082,0.992323,0.478967
81.560000,0.323830,1.815507,1.368091,0.494706
81.570000,0.342150,1.824521,1.008462,0.511261
81.580000,0.359189,1.737612,1.001163,0.526972
81.590000,0.377391,1.734007,0.814971,0.541793
81.600000,0.394803,1.762012,0.742403,0.555800
81.610000,0.411567,1.739612,0.865936,0.570844
81.620000,0.428629,1.685190,0.609779,0.585578
81.630000,0.445382,1.620782,0.431031,0.599753
81.640000,0.461756,1.671204,0.611815,0.613280
81.650000,0.478472,1.610548,0.266683,0.626560
81.660000,0.492987,1.649273,0.976551,0.640060
81.670000,0.508838,1.551264,0.808134,0.652901
81.680000,0.524044,1.414707,0.841301,0.664428
81.690000,0.538493,1.444672,1.070353,0.675300
81.700000,0.552507,1.476673,1.135825,0.683589
81.710000,0.566134,1.248537,0.882769,0.690744
81.720000,0.579264,1.378722,0.802578,0.698663
81.730000,0.593101,1.297087,0.836502,0.705137
81.740000,0.603864,1.322543,0.561154,0.711822
81.750000,0.615110,0.891863,0.562030,0.717477
81.760000,0.625536,1.087310,0.539120,0.724048
81.770000,0.634844,0.910825,1.004385,0.730699
81.780000,0.644582,0.950925,0.823102,0.735896
81.790000,0.654036,0.944930,1.015275,0.742139
81.800000,0.662521,0.792116,0.693307,0.747617
81.810000,0.670038,0.917403,1.079278,0.751692
81.820000,0.678128,0.746596,0.769231,0.756399
81.830000,0.684928,0.768710,0.814208,0.760344
81.840000,0.692410,0.693173,0.779617,0.764389
81.850000,0.698785,0.497566,0.638951,0.768017
81.860000,0.704321,0.678781,0.982246,0.771131
81.870000,0.710698,0.573947,0.921582,0.773652
81.880000,0.715583,0.430266,1.104168,0.776082
81.890000,0.720816,0.612806,0.803435,0.778682
81.900000,0.725834,0.436943,1.211756,0.780503
81.910000,0.730097,0.429062,0.757647,0.782075
81.920000,0.733636,0.366828,1.098256,0.783449
81.930000,0.737583,0.406782,1.069892,0.784424
81.940000,0.741268,0.314990,0.936494,0.785083
81.950000,0.743885,0.261625,0.787627,0.785366
81.960000,0.746367,0.241406,1.255785,0.785322
81.970000,0.748890,0.221020,1.171597,0.784865
81.980000,0.751316,0.218495,0.953846,0.784251
81.990000,0.753255,0.178756,0.810210,0.783282
82.000000,0.754368,0.095762,1.153955,0.782126
82.010000,0.755131,0.074725,0.613549,0.780581
82.020000,0.755869,0.014325,1.543138,0.778556
82.030000,0.755894,-0.004396,0.646154,0.776764
82.040000,0.755894,0.004396,0.925066,0.773976
82.050000,0.755894,-0.004396,0.851501,0.771306
82.060000,0.755894,-0.004396,0.675269,0.767955
82.070000,0.755894,-0.007011,0.133975,0.764297
82.080000,0.755592,-0.006233,-0.338462,0.760190
82.090000,0.755512,-0.013187,0.207330,0.755556
82.100000,0.755512,-0.019706,0.245121,0.750020
82.110000,0.755512,-0.018448,-1.112808,0.744422
82.120000,0.755229,-0.028505,-0.929567,0.738120
82.130000,0.755131,-0.038736,-0.969243,0.731360
82.140000,0.754749,-0.070080,-1.665563,0.723361
82.150000,0.753605,-0.171429,-1.022156,0.715843
82.160000,0.751316,-0.228825,-1.095255,0.706959
82.170000,0.749079,-0.248165,-1.961397,0.699581
82.180000,0.746715,-0.278379,-1.373151,0.692153
82.190000,0.743171,-0.357593,-1.373773,0.684437
82.200000,0.739348,-0.414309,-1.502768,0.677453
82.210000,0.734748,-0.479527,-1.167811,0.669797
82.220000,0.730234,-0.464787,-1.242023,0.661820
82.230000,0.724625,-0.479412,-1.504640,0.653881
82.240000,0.718731,-0.653645,-1.096188,0.644942
82.250000,0.713725,-0.564450,-1.802378,0.635146
82.260000,0.706931,-0.634366,-0.889518,0.625634
82.270000,0.700224,-0.673696,-1.258227,0.615116
82.280000,0.693412,-0.797458,-1.336049,0.603817
82.290000,0.686114,-0.943478,-1.275031,0.595720
82.300000,0.677145,-0.858940,-1.186012,0.585662
82.310000,0.668546,-0.893537,-1.196090,0.572848
82.320000,0.660906,-0.962637,-1.272638,0.560020
82.330000,0.651176,-0.962615,-1.261383,0.545519
82.340000,0.641196,-1.037523,-1.069974,0.531386
82.350000,0.631162,-0.903002,-1.656639,0.517559
82.360000,0.619654,-1.200959,-1.208531,0.504733
82.370000,0.609509,-1.226374,-1.248047,0.488959
82.380000,0.598308,-1.006039,-1.159790,0.473341
82.390000,0.584838,-1.324370,-1.066341,0.459188
82.400000,0.574170,-1.265601,-1.407485,0.441864
82.410000,0.561632,-1.306747,-1.268846,0.424858
82.420000,0.547115,-1.197313,-2.060673,0.407054
82.430000,0.534018,-1.399399,-1.309340,0.389833
82.440000,0.519293,-1.659116,-1.245629,0.374703
82.450000,0.505321,-1.437945,-1.231448,0.356983
82.460000,0.490708,-1.584962,-1.080156,0.341450
82.470000,0.475763,-1.686490,-0.984575,0.324246
82.480000,0.460494,-1.576917,-1.696174,0.305897
82.490000,0.444809,-1.542230,-1.191759,0.288270
82.500000,0.428482,-1.542112,-1.244966,0.270290
82.510000,0.412595,-1.638220,-1.172569,0.250771
82.520000,0.395301,-1.765516,-1.679573,0.230395
82.530000,0.380007,-1.699721,-1.116891,0.212994
82.540000,0.360295,-1.788176,-1.561929,0.194465
82.550000,0.345453,-1.906759,-1.505498,0.176466
82.560000,0.327726,-1.793382,-1.156957,0.155816
82.570000,0.309478,-1.882346,-1.200000,0.138050
82.580000,0.291110,-1.874579,-0.987057,0.120184
82.590000,0.272780,-1.887935,-1.038875,0.101546
82.600000,0.254146,-1.982365,-0.936343,0.081927
82.610000,0.236190,-1.934872,-1.195525,0.061530
82.620000,0.218578,-1.990000,-0.926148,0.040819
82.630000,0.200127,-1.759251,-1.623890,0.020424
82.640000,0.180760,-1.883611,-1.295366,0.001769
82.650000,0.163048,-1.878800,-1.200000,-0.014642
82.660000,0.143829,-1.917016,-1.264445,-0.033038
82.670000,0.124855,-2.006797,-1.057258,-0.052618
82.680000,0.106622,-1.963563,-0.646072,-0.073421
82.690000,0.086363,-1.907217,-1.189814,-0.091483
82.700000,0.067658,-1.836770,-0.927482,-0.110187
82.710000,0.049823,-1.668910,-1.366389,-0.130402
82.720000,0.029216,-1.928961,-1.010031,-0.147117
82.730000,0.012218,-2.049085,-1.448436,-0.167765
82.740000,-0.007123,-1.904413,-0.948067,-0.186904
82.750000,-0.026359,-2.049003,-1.202807,-0.205215
82.760000,-0.045800,-1.923295,-1.098532,-0.223645
82.770000,-0.063450,-2.041201,-1.013203,-0.242938
82.780000,-0.084200,-1.658473,-0.857965,-0.261113
82.790000,-0.101469,-1.690357,-1.343947,-0.279222
82.800000,-0.122315,-2.036468,-1.182469,-0.296292
82.810000,-0.137903,-1.991209,-1.138462,-0.312644
82.820000,-0.159353,-2.007092,-1.164325,-0.329029
82.830000,-0.176600,-1.806616,-1.084625,-0.346981
82.840000,-0.196654,-1.903221,-0.892308,-0.363562
82.850000,-0.212416,-1.874040,-1.012021,-0.380214
82.860000,-0.231039,-1.725905,-1.175728,-0.397225
82.870000,-0.247527,-1.833690,-0.892308,-0.412544
82.880000,-0.265352,-1.696264,-0.825002,-0.425213
82.890000,-0.282530,-1.633044,-0.716040,-0.442075
82.900000,-0.300194,-1.454880,-1.312781,-0.457828
82.910000,-0.316012,-1.436421,-1.125278,-0.472827
82.920000,-0.332826,-1.375824,-0.876594,-0.487945
82.930000,-0.350175,-1.430250,-1.291269,-0.505533
82.940000,-0.366192,-1.376960,-0.878911,-0.523214
82.950000,-0.382958,-1.383109,-1.100620,-0.540849
82.960000,-0.398669,-1.507692,-0.558397,-0.558058
82.970000,-0.414794,-1.585037,-0.614080,-0.574963
82.980000,-0.431462,-1.588898,-1.338725,-0.590784
82.990000,-0.447782,-1.570312,-0.792037,-0.606504
83.000000,-0.464673,-1.536106,-1.261538,-0.621607
83.010000,-0.481183,-1.638975,-1.081019,-0.636052
83.020000,-0.497963,-1.546571,-0.833471,-0.649218
83.030000,-0.514510,-1.412496,-1.724709,-0.662405
83.040000,-0.530346,-1.557290,-0.462510,-0.674436
83.050000,-0.544829,-1.642496,-1.123815,-0.686491
83.060000,-0.559715,-1.538252,-0.885860,-0.698132
83.070000,-0.573910,-1.488694,-0.667197,-0.707516
83.080000,-0.588481,-1.550443,-1.200112,-0.717023
83.090000,-0.601720,-1.204286,-1.165197,-0.725982
83.100000,-0.615114,-1.213681,-1.335522,-0.734324
83.110000,-0.628208,-1.218849,-0.953932,-0.741641
83.120000,-0.639630,-1.238701,-1.480420,-0.746922
83.130000,-0.649695,-1.022657,-1.052612,-0.750689
83.140000,-0.661082,-1.130573,-0.964460,-0.754854
83.150000,-0.670265,-0.970839,-0.892308,-0.758637
83.160000,-0.679192,-0.786709,-1.155563,-0.762612
83.170000,-0.686901,-0.799219,-0.796764,-0.765970
83.180000,-0.694433,-0.792095,-0.951535,-0.769698
83.190000,-0.701504,-0.714255,-0.830769,-0.772734
83.200000,-0.708189,-0.640695,-0.772538,-0.775585
83.210000,-0.714408,-0.494507,-1.123063,-0.778440
83.220000,-0.719549,-0.570651,-0.900749,-0.780756
83.230000,-0.724844,-0.539847,-1.187069,-0.782652
83.240000,-0.730027,-0.415787,-1.077567,-0.784046
83.250000,-0.734270,-0.407839,-1.504359,-0.784916
83.260000,-0.738103,-0.376809,-0.729972,-0.785375
83.270000,-0.741955,-0.396646,-0.973293,-0.785276
83.280000,-0.745266,-0.320879,-1.165213,-0.784628
83.290000,-0.748264,-0.206593,-0.850823,-0.783342
83.300000,-0.750049,-0.218217,-1.140522,-0.781596
83.310000,-0.752067,-0.154928,-1.190537,-0.779408
83.320000,-0.753223,-0.114343,-1.047350,-0.776614
83.330000,-0.753986,-0.051626,-1.130000,-0.773097
83.340000,-0.754368,-0.039667,-1.376409,-0.769147
83.350000,-0.754368,-0.000753,-0.996036,-0.764698
83.360000,-0.754368,0.009197,-0.481180,-0.760029
83.370000,-0.754368,-0.004396,0.222003,-0.755131
83.380000,-0.754368,0.008481,-0.264800,-0.749683
83.390000,-0.754368,0.013022,0.308271,-0.743054
83.400000,-0.754122,0.006931,-0.110059,-0.736582
83.410000,-0.753986,0.012511,0.347921,-0.729944
83.420000,-0.753605,0.056510,0.788924,-0.722860
83.430000,-0.752534,0.120366,1.205161,-0.714824
83.440000,-0.750935,0.194374,1.257224,-0.705694
83.450000,-0.748679,0.210607,1.240145,-0.697427
83.460000,-0.746327,0.299931,1.432212,-0.688420
83.470000,-0.742662,0.429131,1.376247,-0.678901
83.480000,-0.738664,0.393159,1.179426,-0.668051
83.490000,-0.733947,0.468066,1.494749,-0.657682
83.500000,-0.728770,0.569278,1.572374,-0.647181
83.510000,-0.722317,0.634864,0.851660,-0.636007
83.520000,-0.715995,0.671919,1.193035,-0.623849
83.530000,-0.708250,0.874725,1.075647,-0.611602
83.540000,-0.700356,0.882555,0.658098,-0.599287
83.550000,-0.691926,1.060248,1.086622,-0.586367
83.560000,-0.683116,0.970355,1.236024,-0.572866
83.570000,-0.672520,0.986057,1.381333,-0.559343
83.580000,-0.663085,0.884707,2.043804,-0.545336
83.590000,-0.651181,1.159149,0.885338,-0.531044
83.600000,-0.641661,1.270069,1.368594,-0.515973
83.610000,-0.629491,1.102790,1.511335,-0.500418
83.620000,-0.617294,1.180437,1.289261,-0.484157
83.630000,-0.604720,1.433826,1.076923,-0.467433
83.640000,-0.592096,1.314505,1.115072,-0.450713
83.650000,-0.577587,1.419622,1.372973,-0.435071
83.660000,-0.564139,1.239571,1.364114,-0.417695
83.670000,-0.548873,1.253640,1.420538,-0.402219
83.680000,-0.535232,1.553080,1.305905,-0.386403
83.690000,-0.520329,1.535711,0.636795,-0.374363
83.700000,-0.504809,1.618491,0.916846,-0.361784
83.710000,-0.490824,1.520418,1.041668,-0.348202
83.720000,-0.476464,1.587893,0.673324,-0.336107
83.730000,-0.462995,1.372765,1.276263,-0.324074
83.740000,-0.448132,1.158663,1.316540,-0.310004
83.750000,-0.432504,1.169169,0.987026,-0.298023
83.760000,-0.419037,1.439220,0.769231,-0.283287
83.770000,-0.405574,1.384497,0.363653,-0.267021
83.780000,-0.392161,1.471831,1.652457,-0.251029
83.790000,-0.377692,1.499116,1.301269,-0.234310
83.800000,-0.363590,1.313977,1.319167,-0.215873
83.810000,-0.347850,1.232044,1.369904,-0.197366
83.820000,-0.333895,1.546160,0.389351,-0.176387
83.830000,-0.317078,1.464662,0.565366,-0.156810
83.840000,-0.302351,1.665199,1.433297,-0.137386
83.850000,-0.284717,1.712402,0.646140,-0.118182
83.860000,-0.268052,1.649423,1.118940,-0.097953
83.870000,-0.251221,1.561354,1.222770,-0.079550
83.880000,-0.232934,1.562824,2.152624,-0.059088
83.890000,-0.216518,1.767824,1.307052,-0.041962
83.900000,-0.199062,1.653061,1.107634,-0.025784
83.910000,-0.181201,1.595580,1.267632,-0.010736
83.920000,-0.162697,1.763983,1.254800,0.005522
83.930000,-0.144908,1.900333,0.976117,0.022326
83.940000,-0.126984,1.917083,1.197902,0.039328
83.950000,-0.108829,1.834932,1.113711,0.058555
83.960000,-0.092671,1.855483,1.147094,0.078033
83.970000,-0.075553,1.778281,0.812612,0.097860
83.980000,-0.056158,1.833986,0.888743,0.118266
83.990000,-0.037904,1.876516,1.237893,0.137812
84.000000,-0.019580,1.768277,0.948157,0.156798
84.010000,-0.001766,1.747728,0.997029,0.174748
84.020000,0.016264,1.815886,1.446154,0.190138
84.030000,0.034367,1.559958,0.859852,0.207495
84.040000,0.052230,1.627796,1.196804,0.225537
84.050000,0.069935,1.722114,1.345194,0.245139
84.060000,0.088491,1.794910,0.867936,0.264652
84.070000,0.108486,1.930012,0.882833,0.281624
84.080000,0.125995,1.925217,0.880652,0.299587
84.090000,0.144895,1.938060,0.717808,0.318467
84.100000,0.162119,1.917829,0.935005,0.335804
84.110000,0.180771,1.989374,0.679326,0.353942
84.120000,0.198879,1.642474,1.519206,0.370408
84.130000,0.217420,1.696699,1.634205,0.387647
84.140000,0.234984,1.651349,1.168432,0.403268
84.150000,0.252216,1.688036,1.309767,0.421758
84.160000,0.269374,1.782910,1.315631,0.438967
84.170000,0.289051,1.848130,1.138462,0.455938
84.180000,0.306205,1.871232,1.087772,0.471728
84.190000,0.323841,1.851045,1.138462,0.488077
84.200000,0.341053,1.677222,1.083388,0.502878
84.210000,0.357150,1.769732,0.131818,0.516402
84.220000,0.373873,1.743826,0.347307,0.530400
84.230000,0.390264,1.811812,0.510387,0.545504
84.240000,0.408363,1.648833,0.727831,0.559930
84.250000,0.422690,1.689821,0.587855,0.574384
84.260000,0.438281,1.560838,0.612614,0.588081
84.270000,0.454220,1.525275,1.426248,0.599392
84.280000,0.468376,1.486682,1.129837,0.609708
84.290000,0.483110,1.333713,1.423818,0.620220
84.300000,0.497906,1.323359,0.221329,0.628881
84.310000,0.511799,1.395826,0.618489,0.637541
84.320000,0.525267,1.219869,0.929759,0.646541
84.330000,0.535870,1.279363,0.871513,0.655612
84.340000,0.549393,1.030634,1.291996,0.664603
84.350000,0.560881,1.197182,0.662407,0.673138
84.360000,0.571777,1.162707,0.876510,0.681461
84.370000,0.582598,0.897976,0.442556,0.689170
84.380000,0.592839,1.052262,0.911603,0.696737
84.390000,0.604081,1.171691,1.257023,0.704933
84.400000,0.613319,0.928525,0.806460,0.712358
84.410000,0.622759,0.901626,0.681538,0.718920
84.420000,0.631027,0.802717,1.298182,0.724736
84.430000,0.640884,0.880755,1.060212,0.731227
84.440000,0.649688,0.779621,1.622368,0.736576
84.450000,0.657831,0.831315,0.834590,0.742091
84.460000,0.666070,0.707326,1.218805,0.747545
84.470000,0.674010,0.751732,0.708868,0.752064
84.480000,0.680970,0.595307,0.978792,0.757020
84.490000,0.687704,0.783565,1.445001,0.761351
84.500000,0.694042,0.656154,0.777690,0.765332
84.510000,0.700044,0.519360,1.262079,0.768900
84.520000,0.706482,0.558565,0.739027,0.771563
84.530000,0.712245,0.598026,0.448638,0.774444
84.540000,0.716799,0.466300,1.139925,0.776874
84.550000,0.722505,0.475368,0.162481,0.778941
84.560000,0.726800,0.411139,1.261538,0.781028
84.570000,0.730722,0.373362,0.282940,0.782580
84.580000,0.734135,0.390553,1.133871,0.783756
84.590000,0.738503,0.373149,0.618463,0.784683
84.600000,0.741345,0.290716,0.980371,0.785201
84.610000,0.744143,0.252271,1.064870,0.785394
84.620000,0.746607,0.224500,1.159731,0.785254
84.630000,0.748781,0.205039,1.105813,0.784825
84.640000,0.750735,0.219572,0.795629,0.784038
84.650000,0.752777,0.164124,0.830769,0.782853
84.660000,0.753870,0.082764,0.672492,0.781457
84.670000,0.754368,0.028537,1.075012,0.779298
84.680000,0.754749,0.004396,0.808292,0.776255
84.690000,0.754749,-0.013187,0.616153,0.772796
84.700000,0.754749,0.002983,-0.013227,0.768620
84.710000,0.754749,-0.013187,-0.061231,0.764023
84.720000,0.754749,-0.003681,0.549585,0.759186
84.730000,0.754368,-0.012501,0.276923,0.753515
84.740000,0.754368,-0.029764,-0.303269,0.747571
84.750000,0.753986,-0.039560,-0.215385,0.741233
84.760000,0.753732,-0.045419,-0.748651,0.734099
84.770000,0.753223,-0.069207,-1.035368,0.726466
84.780000,0.752349,-0.157518,-1.087059,0.718857
84.790000,0.750745,-0.184712,-1.199551,0.710670
84.800000,0.748689,-0.188021,-2.558241,0.701769
84.810000,0.746906,-0.235085,-1.763502,0.691970
84.820000,0.743558,-0.344212,-1.363330,0.682554
84.830000,0.740069,-0.427788,-1.537395,0.672089
84.840000,0.734535,-0.488077,-1.384182,0.662281
84.850000,0.730230,-0.518399,-1.384615,0.651317
84.860000,0.724133,-0.576135,-1.462083,0.638860
84.870000,0.716870,-0.676655,-1.710510,0.626329
84.880000,0.709711,-0.823599,-1.180797,0.612771
84.890000,0.701177,-0.901071,-1.205282,0.600522
84.900000,0.692531,-0.992893,-1.373526,0.589958
84.910000,0.684115,-0.976202,-1.086766,0.578878
84.920000,0.674170,-0.993745,-1.327808,0.569896
84.930000,0.664518,-0.852276,-2.007921,0.558009
84.940000,0.653882,-1.086786,-1.384615,0.547034
84.950000,0.644347,-1.053194,-1.306352,0.535423
84.960000,0.633127,-1.005092,-1.064301,0.523428
84.970000,0.623084,-1.035534,-0.876024,0.510791
84.980000,0.612601,-1.035991,-1.541661,0.500162
84.990000,0.600997,-1.125813,-0.932407,0.489613
85.000000,0.590964,-1.135207,-0.763453,0.473970
85.010000,0.579177,-1.128328,-2.103787,0.459551
85.020000,0.567491,-1.246176,-1.215540,0.442710
85.030000,0.556200,-1.179226,-1.271338,0.425337
85.040000,0.544276,-1.347129,-1.515819,0.408760
85.050000,0.530360,-1.179997,-1.774785,0.392324
85.060000,0.517201,-1.399777,-0.945822,0.376799
85.070000,0.502318,-1.537343,-1.278572,0.358959
85.080000,0.488516,-1.508263,-0.741529,0.341315
85.090000,0.474532,-1.657416,-0.904860,0.324846
85.100000,0.459031,-1.671269,-1.570743,0.307386
85.110000,0.443129,-1.648838,-1.044355,0.290435
85.120000,0.427978,-1.550729,-0.486055,0.273938
85.130000,0.411329,-1.602384,-1.687098,0.255639
85.140000,0.395065,-1.653488,-1.076923,0.236649
85.150000,0.378601,-1.789323,-1.565953,0.214092
85.160000,0.363451,-1.696762,-1.492317,0.190220
85.170000,0.346723,-1.752799,-1.529210,0.168210
85.180000,0.328033,-1.722060,-1.003215,0.156617
85.190000,0.310151,-1.847352,-1.135664,0.143698
85.200000,0.291516,-1.768981,-0.727427,0.131148
85.210000,0.276188,-1.908670,-0.868374,0.114403
85.220000,0.257353,-1.822145,-0.928992,0.100617
85.230000,0.241759,-1.674058,-0.714697,0.085753
85.240000,0.224234,-1.645527,-0.924697,0.065172
85.250000,0.207475,-1.646132,-1.350116,0.044874
85.260000,0.190336,-1.570327,-1.289065,0.025469
85.270000,0.174289,-1.621568,-1.258671,0.006538
85.280000,0.156041,-1.717069,-0.842059,-0.010789
85.290000,0.139109,-1.782569,-1.305040,-0.031975
85.300000,0.120203,-1.822421,-1.273772,-0.052885
85.310000,0.103078,-1.793344,-1.065590,-0.074272
85.320000,0.085549,-1.855196,-1.261538,-0.094514
85.330000,0.067108,-1.763023,-1.444353,-0.113941
85.340000,0.048655,-1.836790,-1.264218,-0.133213
85.350000,0.028192,-2.026463,-1.236798,-0.150537
85.360000,0.010743,-2.064279,-1.011402,-0.172326
85.370000,-0.008683,-1.987501,-1.297125,-0.189054
85.380000,-0.029520,-2.056366,-0.892308,-0.204196
85.390000,-0.047615,-1.805082,-1.236243,-0.217437
85.400000,-0.066957,-1.629519,-0.882880,-0.230649
85.410000,-0.083878,-1.802708,-0.957732,-0.244445
85.420000,-0.101579,-1.581916,-0.883222,-0.260950
85.430000,-0.117773,-1.413657,-1.251959,-0.277913
85.440000,-0.134149,-1.439193,-0.832333,-0.294406
85.450000,-0.152547,-1.699115,-1.314054,-0.308332
85.460000,-0.168376,-1.614224,-1.560763,-0.323397
85.470000,-0.185640,-1.593661,-0.886786,-0.338611
85.480000,-0.201723,-1.451167,-0.947300,-0.356514
85.490000,-0.217710,-1.521530,-1.472364,-0.374342
85.500000,-0.233677,-1.563681,-1.015385,-0.393244
85.510000,-0.249831,-1.597861,-1.127933,-0.412455
85.520000,-0.266016,-1.621978,-0.810216,-0.429613
85.530000,-0.283949,-1.538969,-1.600395,-0.446467
85.540000,-0.300349,-1.535522,-1.039295,-0.463972
85.550000,-0.316618,-1.543424,-0.960105,-0.481254
85.560000,-0.335073,-1.702894,-1.623729,-0.496279
85.570000,-0.352472,-1.751522,-1.506285,-0.512443
85.580000,-0.367602,-1.592935,-1.391813,-0.528464
85.590000,-0.385494,-1.718283,-1.384615,-0.542689
85.600000,-0.401086,-1.551530,-1.347143,-0.557713
85.610000,-0.418083,-1.525889,-1.167006,-0.571995
85.620000,-0.434868,-1.484619,-0.490052,-0.585769
85.630000,-0.450193,-1.386986,-1.001418,-0.598753
85.640000,-0.466580,-1.321157,-1.480812,-0.611278
85.650000,-0.482247,-1.341088,-0.911820,-0.623441
85.660000,-0.498281,-1.315523,-0.589488,-0.636758
85.670000,-0.511328,-1.604409,-1.060748,-0.649107
85.680000,-0.525602,-1.429725,-1.034698,-0.661323
85.690000,-0.540142,-1.443136,-1.307235,-0.671292
85.700000,-0.554036,-1.428326,-1.049075,-0.681629
85.710000,-0.566967,-1.224924,-1.302789,-0.691554
85.720000,-0.580801,-1.278665,-0.832365,-0.700786
85.730000,-0.592889,-1.209222,-1.283056,-0.709511
85.740000,-0.604459,-1.180113,-0.940706,-0.717573
85.750000,-0.616076,-1.065403,-1.242440,-0.725346
85.760000,-0.627501,-1.150252,-0.955238,-0.732397
85.770000,-0.638033,-1.043282,-0.737235,-0.739103
85.780000,-0.647979,-0.865281,-0.463824,-0.745263
85.790000,-0.657857,-1.015466,-1.014812,-0.752023
85.800000,-0.666104,-0.816547,-1.473997,-0.757532
85.810000,-0.675864,-0.975174,-0.892308,-0.762696
85.820000,-0.682601,-0.740573,-1.170440,-0.766623
85.830000,-0.691924,-0.901977,-0.866812,-0.769895
85.840000,-0.698757,-0.583599,-0.705838,-0.773115
85.850000,-0.705802,-0.639790,-0.866864,-0.776340
85.860000,-0.712353,-0.655830,-1.261538,-0.778539
85.870000,-0.718044,-0.600485,-0.969020,-0.780504
85.880000,-0.723776,-0.502072,-0.597416,-0.782192
85.890000,-0.729191,-0.496703,-1.015385,-0.783629
85.900000,-0.732930,-0.412398,-1.721755,-0.784648
85.910000,-0.737283,-0.432667,-0.725176,-0.785206
85.920000,-0.741258,-0.371480,-1.318446,-0.785395
85.930000,-0.744449,-0.325275,-0.953887,-0.785230
85.940000,-0.747501,-0.248536,-0.384491,-0.784769
85.950000,-0.749648,-0.212116,-1.656823,-0.783882
85.960000,-0.751605,-0.210868,-0.543128,-0.782685
85.970000,-0.753185,-0.146828,-1.033996,-0.781466
85.980000,-0.754407,-0.115986,-0.898597,-0.779998
85.990000,-0.755512,-0.083516,-1.014738,-0.777994
86.000000,-0.756275,-0.048405,-1.133993,-0.776126
86.010000,-0.756275,-0.013187,-0.808464,-0.773769
86.020000,-0.756657,-0.005857,-1.153885,-0.770804
86.030000,-0.756657,0.004396,-1.139993,-0.767217
86.040000,-0.756657,-0.003284,-0.606560,-0.763574
86.050000,-0.756657,-0.001795,-0.815170,-0.759505
86.060000,-0.756346,0.004396,-0.098998,-0.755669
86.070000,-0.756275,-0.004396,0.222355,-0.750836
86.080000,-0.756275,0.009637,-0.120610,-0.745470
86.090000,-0.755926,0.030769,-0.046238,-0.739900
86.100000,-0.755894,0.020417,0.255064,-0.734043
86.110000,-0.755512,0.013187,0.469904,-0.727191
86.120000,-0.755478,0.031562,1.793195,-0.719522
86.130000,-0.754385,0.109105,1.149453,-0.713095
86.140000,-0.752994,0.196064,1.076923,-0.706691
86.150000,-0.750654,0.228845,0.986529,-0.699316
86.160000,-0.748185,0.245423,1.507692,-0.691270
86.170000,-0.744684,0.382418,1.237856,-0.684492
86.180000,-0.740221,0.390840,1.974207,-0.677133
86.190000,-0.736371,0.426374,1.010209,-0.670119
86.200000,-0.732166,0.408765,1.322893,-0.661003
86.210000,-0.726902,0.588946,1.445245,-0.651896
86.220000,-0.721087,0.575553,1.058216,-0.641847
86.230000,-0.715033,0.547456,1.648220,-0.631873
86.240000,-0.708660,0.757123,0.942751,-0.621590
86.250000,-0.701653,0.737544,1.274379,-0.610837
86.260000,-0.694769,0.777387,1.544252,-0.600863
86.270000,-0.686513,0.783907,1.138462,-0.588430
86.280000,-0.677943,0.831062,1.589354,-0.573872
86.290000,-0.668536,0.927476,1.630774,-0.559733
86.300000,-0.660180,1.033582,1.429901,-0.545564
86.310000,-0.649212,1.029620,1.180808,-0.529686
86.320000,-0.638072,1.144731,1.129708,-0.520607
86.330000,-0.627388,1.130985,1.102616,-0.508410
86.340000,-0.616217,1.030992,1.024603,-0.496451
86.350000,-0.604888,1.302579,0.772371,-0.482730
86.360000,-0.593132,1.196422,0.999644,-0.471362
86.370000,-0.581564,1.019877,0.912564,-0.459131
86.380000,-0.569930,1.257497,0.799174,-0.444907
86.390000,-0.557724,1.262954,1.196697,-0.432706
86.400000,-0.545293,1.230023,0.794592,-0.420040
86.410000,-0.533388,1.201870,0.677645,-0.405438
86.420000,-0.521138,1.271772,1.126522,-0.392760
86.430000,-0.508307,1.370628,1.076176,-0.378951
86.440000,-0.496507,1.149423,1.420491,-0.363909
86.450000,-0.483146,1.192028,1.140373,-0.348930
86.460000,-0.470252,1.391192,1.010216,-0.334768
86.470000,-0.456881,1.362655,0.664052,-0.315376
86.480000,-0.443138,1.540972,1.217591,-0.297508
86.490000,-0.427993,1.519866,1.639805,-0.278079
86.500000,-0.413798,1.366190,0.816691,-0.258424
86.510000,-0.398356,1.303857,1.161574,-0.241065
86.520000,-0.382915,1.504786,1.285859,-0.222354
86.530000,-0.366208,1.506934,1.015385,-0.202434
86.540000,-0.350243,1.702437,1.271973,-0.185164
86.550000,-0.333244,1.572721,0.806107,-0.164414
86.560000,-0.314963,1.682060,1.565245,-0.145662
86.570000,-0.298385,1.560984,0.951902,-0.124711
86.580000,-0.281360,1.616703,1.235170,-0.106965
86.590000,-0.263682,1.758157,1.278951,-0.087758
86.600000,-0.245831,1.907819,1.696542,-0.066812
86.610000,-0.228689,1.886304,1.427434,-0.054007
86.620000,-0.209440,1.868592,0.626743,-0.040282
86.630000,-0.189775,1.768684,0.536238,-0.024002
86.640000,-0.173304,1.648375,0.855352,-0.007193
86.650000,-0.156498,1.661874,0.762923,0.010363
86.660000,-0.139144,1.692789,0.813026,0.027389
86.670000,-0.120547,1.800683,1.356334,0.045181
86.680000,-0.102728,1.862631,1.264747,0.062169
86.690000,-0.086696,1.779145,1.221602,0.078720
86.700000,-0.067950,1.663086,0.341510,0.097664
86.710000,-0.052278,1.721552,0.564752,0.115455
86.720000,-0.034732,1.735492,0.444727,0.132215
86.730000,-0.016223,1.551480,0.811222,0.147658
86.740000,0.000618,1.590979,1.064790,0.169636
86.750000,0.017409,1.518153,0.909601,0.192378
86.760000,0.034805,1.538091,1.560175,0.208436
86.770000,0.053971,1.744196,1.200000,0.224740
86.780000,0.070137,1.745307,1.163232,0.242754
86.790000,0.088036,1.808895,1.368506,0.263331
86.800000,0.107976,1.824057,0.618337,0.279491
86.810000,0.124022,1.792362,1.262021,0.299771
86.820000,0.142845,1.844223,0.721129,0.319487
86.830000,0.162266,1.932044,1.105236,0.337184
86.840000,0.178954,1.946613,0.700166,0.356003
86.850000,0.199132,1.601968,0.753880,0.372796
86.860000,0.215765,1.563597,1.070052,0.390189
86.870000,0.233299,1.632063,1.388911,0.406368
86.880000,0.252138,1.673020,1.685419,0.424076
86.890000,0.271607,1.997127,0.638517,0.440460
86.900000,0.289315,1.927097,1.509565,0.456701
86.910000,0.306199,1.831476,1.040935,0.472823
86.920000,0.323992,1.901106,1.369215,0.487599
86.930000,0.342565,1.659344,1.107684,0.502863
86.940000,0.358119,1.779813,0.676909,0.518491
86.950000,0.375863,1.714444,0.928267,0.533232
86.960000,0.391163,1.697524,0.837220,0.548339
86.970000,0.407884,1.718483,0.637760,0.562310
86.980000,0.424930,1.700028,0.794533,0.576162
86.990000,0.440882,1.689792,0.954558,0.589943
87.000000,0.456066,1.549943,1.076923,0.602738
87.010000,0.470107,1.537468,0.991567,0.614030
87.020000,0.484853,1.481219,1.261888,0.626363
87.030000,0.500120,1.303617,0.882987,0.637266
87.040000,0.514654,1.317820,1.161155,0.648405
87.050000,0.527998,1.464915,1.229097,0.658673
87.060000,0.541696,1.292316,0.800602,0.668532
87.070000,0.554093,1.358231,1.384541,0.678062
87.080000,0.567097,1.181208,1.198216,0.688181
87.090000,0.579368,1.226298,1.331231,0.697902
87.100000,0.591756,1.151267,0.928765,0.706708
87.110000,0.602922,1.239891,1.138462,0.715774
87.120000,0.614214,1.031175,-0.005964,0.724445
87.130000,0.625178,1.105780,0.809723,0.731618
87.140000,0.635894,1.132785,0.691900,0.738105
87.150000,0.645538,1.058079,0.826355,0.744734
87.160000,0.655095,1.010579,0.384568,0.750872
87.170000,0.665010,0.833806,0.949730,0.756745
87.180000,0.674674,0.889956,0.769231,0.762158
87.190000,0.682677,0.727739,1.257226,0.766620
87.200000,0.690635,0.760237,1.117155,0.770566
87.210000,0.698284,0.618623,0.965268,0.774003
87.220000,0.705083,0.766510,0.702640,0.777030
87.230000,0.711580,0.710729,0.938741,0.779320
87.240000,0.717566,0.562872,1.186876,0.781374
87.250000,0.723911,0.533715,0.769231,0.783171
87.260000,0.728417,0.514785,0.646154,0.784483
87.270000,0.733120,0.403958,0.849238,0.785169
87.280000,0.738076,0.462583,0.016148,0.785396
87.290000,0.741399,0.312123,1.014645,0.785064
87.300000,0.744425,0.289827,0.917146,0.784167
87.310000,0.747120,0.212159,0.914887,0.782775
87.320000,0.749397,0.198359,1.267385,0.780840
87.330000,0.751239,0.165315,0.922612,0.778526
87.340000,0.752461,0.100895,0.813581,0.775820
87.350000,0.752842,-0.001392,0.848714,0.772547
87.360000,0.752842,-0.009639,0.830769,0.768288
87.370000,0.752842,-0.020677,0.488862,0.764243
87.380000,0.752842,-0.004420,0.460696,0.759560
87.390000,0.752842,-0.012926,0.267811,0.754328
87.400000,0.752594,-0.016255,0.209593,0.749021
87.410000,0.752461,-0.023605,-0.406792,0.742343
87.420000,0.752079,-0.039124,-0.523077,0.735540
87.430000,0.752079,-0.038584,-0.947010,0.727798
87.440000,0.751698,-0.065934,-1.307985,0.720401
87.450000,0.750389,-0.138831,-1.111959,0.712826
87.460000,0.748863,-0.170217,-1.314597,0.704393
87.470000,0.746892,-0.225876,-0.706674,0.695272
87.480000,0.744242,-0.312088,-1.233470,0.685680
87.490000,0.740894,-0.384566,-1.389306,0.675013
87.500000,0.735916,-0.546202,-1.103608,0.664717
87.510000,0.730716,-0.479121,-1.468451,0.654625
87.520000,0.725376,-0.616492,-1.576742,0.642572
87.530000,0.718730,-0.764456,-1.234533,0.632061
87.540000,0.711564,-0.832673,-1.458844,0.619722
87.550000,0.704168,-0.907107,-1.289574,0.607865
87.560000,0.695494,-0.924541,-1.528212,0.595528
87.570000,0.686821,-1.015969,-0.957938,0.582067
87.580000,0.677241,-1.045358,-1.272676,0.568186
87.590000,0.666819,-0.986803,-1.230792,0.554122
87.600000,0.657180,-1.092480,-1.360968,0.539114
87.610000,0.645103,-1.195593,-1.384615,0.523601
87.620000,0.634091,-1.223253,-1.200000,0.507225
87.630000,0.621631,-1.221643,-0.986961,0.491949
87.640000,0.610091,-1.344733,-1.368914,0.475661
87.650000,0.595757,-1.343124,-1.144536,0.460013
87.660000,0.582490,-1.233635,-0.862232,0.443152
87.670000,0.567618,-1.535827,-1.217904,0.427432
87.680000,0.554817,-1.522781,-1.022993,0.409986
87.690000,0.541389,-1.480685,-1.138462,0.394362
87.700000,0.524640,-1.485038,-0.853470,0.377469
87.710000,0.510005,-1.590060,-1.545323,0.359376
87.720000,0.495893,-1.443448,-1.393222,0.342075
87.730000,0.480499,-1.424224,-1.261538,0.324703
87.740000,0.464234,-1.386469,-1.350287,0.302815
87.750000,0.448070,-1.498134,-1.644782,0.281454
87.760000,0.431762,-1.614898,-2.002346,0.261462
87.770000,0.414390,-1.571059,-1.480463,0.240819
87.780000,0.396811,-1.725587,-1.865590,0.219646
87.790000,0.376663,-1.856271,-1.384615,0.196841
87.800000,0.360220,-1.998121,-1.432639,0.174083
87.810000,0.340958,-1.852512,-0.923304,0.152807
87.820000,0.320587,-2.147941,-1.044339,0.131269
87.830000,0.300289,-1.956456,-1.239745,0.108511
87.840000,0.281071,-1.748330,-2.041253,0.084823
87.850000,0.258065,-2.113886,-1.257212,0.061864
87.860000,0.239034,-2.142046,-1.222718,0.039533
87.870000,0.218456,-2.269975,-1.033253,0.016596
87.880000,0.194986,-2.142507,-1.237300,-0.005799
87.890000,0.174661,-2.129657,-1.330394,-0.027869
87.900000,0.153912,-2.303624,-1.015385,-0.048968
87.910000,0.130705,-1.949325,-1.025055,-0.072084
87.920000,0.107298,-2.378121,-1.903359,-0.095085
87.930000,0.087048,-2.267076,-0.873310,-0.115931
87.940000,0.064939,-1.967550,-0.861566,-0.137190
87.950000,0.044314,-2.217672,-1.701164,-0.162942
87.960000,0.019640,-2.394813,-0.894323,-0.188358
87.970000,-0.000420,-1.941398,-1.015385,-0.213179
87.980000,-0.024148,-2.376253,-1.187615,-0.236899
87.990000,-0.045630,-2.464514,-1.519785,-0.260218
88.000000,-0.070286,-2.219736,-1.215378,-0.282816
88.010000,-0.091840,-2.313367,-1.314227,-0.305177
88.020000,-0.115398,-2.381799,-1.147420,-0.327787
88.030000,-0.138339,-2.406283,-1.601101,-0.349601
88.040000,-0.161378,-2.407421,-0.913489,-0.371951
88.050000,-0.184202,-2.043667,-1.060536,-0.393640
88.060000,-0.207235,-2.357260,-1.222256,-0.414875
88.070000,-0.231796,-2.252233,-0.826757,-0.433902
88.080000,-0.252596,-2.121968,-1.479714,-0.453063
88.090000,-0.273939,-2.283968,-1.524760,-0.471717
88.100000,-0.298214,-1.957839,-0.867823,-0.489246
88.110000,-0.317446,-1.987727,-0.871297,-0.508468
88.120000,-0.340259,-1.990269,-0.924004,-0.525947
88.130000,-0.359011,-2.032946,-0.750444,-0.542570
88.140000,-0.379253,-2.144797,-0.953846,-0.559374
88.150000,-0.398449,-1.813825,-0.597429,-0.574732
88.160000,-0.418679,-1.807213,-0.892153,-0.591022
88.170000,-0.436272,-1.957303,-1.323060,-0.606197
88.180000,-0.454987,-1.941929,-0.627305,-0.621672
88.190000,-0.473069,-1.910885,-0.845947,-0.636269
88.200000,-0.491520,-1.658035,-0.892655,-0.649237
88.210000,-0.508631,-1.740430,-0.897703,-0.659031
88.220000,-0.523786,-1.575594,-0.991928,-0.667896
88.230000,-0.540785,-1.593946,-0.669372,-0.675329
88.240000,-0.554540,-1.498692,-1.124981,-0.684223
88.250000,-0.569484,-1.387642,-1.072685,-0.691890
88.260000,-0.582555,-1.104099,-1.176017,-0.699404
88.270000,-0.595462,-1.170985,-0.926463,-0.707194
88.280000,-0.607227,-1.218864,-0.382269,-0.715352
88.290000,-0.617553,-1.053522,-1.219923,-0.722232
88.300000,-0.627781,-1.060913,-0.875164,-0.729001
88.310000,-0.638162,-0.960980,-1.026985,-0.735964
88.320000,-0.647881,-0.837941,-0.113367,-0.742420
88.330000,-0.656971,-0.914832,-0.763222,-0.748314
88.340000,-0.666038,-0.784890,-0.706736,-0.752949
88.350000,-0.674059,-0.815632,-1.086755,-0.757625
88.360000,-0.682097,-0.659851,-1.143173,-0.761875
88.370000,-0.690018,-0.687354,-0.965825,-0.766048
88.380000,-0.696714,-0.565835,-0.395699,-0.770338
88.390000,-0.703261,-0.686856,-1.096305,-0.773607
88.400000,-0.709524,-0.722023,-1.090842,-0.776512
88.410000,-0.715462,-0.470682,-1.076307,-0.778890
88.420000,-0.721223,-0.565514,-0.736689,-0.780661
88.430000,-0.726631,-0.578249,-1.019841,-0.782452
88.440000,-0.731384,-0.386793,-1.323355,-0.783768
88.450000,-0.735257,-0.407944,-0.835779,-0.784704
88.460000,-0.739084,-0.391596,-1.012672,-0.785169
88.470000,-0.742912,-0.376096,-0.898112,-0.785388
88.480000,-0.746011,-0.293685,-0.909545,-0.785270
88.490000,-0.748490,-0.215385,-0.657593,-0.784856
88.500000,-0.750690,-0.201583,-1.463358,-0.784118
88.510000,-0.752814,-0.180872,-0.807946,-0.783118
88.520000,-0.754341,-0.145055,-0.922492,-0.781712
88.530000,-0.755512,-0.111780,-1.055076,-0.779810
88.540000,-0.756275,-0.067315,-1.207069,-0.777704
88.550000,-0.757038,-0.062348,-1.127127,-0.775101
88.560000,-0.757420,-0.015178,-0.871401,-0.772584
88.570000,-0.757420,-0.004396,-1.105266,-0.769068
88.580000,-0.757420,0.000469,-0.790147,-0.764827
88.590000,-0.757420,-0.007318,-0.379544,-0.760185
88.600000,-0.757314,0.001960,-0.218323,-0.755026
88.610000,-0.757038,-0.004396,0.026530,-0.749309
88.620000,-0.757038,-0.002274,-0.128440,-0.743221
88.630000,-0.757038,0.013187,0.461538,-0.736583
88.640000,-0.756657,0.030769,0.911607,-0.729672
88.650000,-0.756275,0.057061,0.354785,-0.721822
88.660000,-0.755131,0.124984,1.191854,-0.713862
88.670000,-0.753606,0.197768,1.260328,-0.705805
88.680000,-0.751025,0.264773,0.856308,-0.696314
88.690000,-0.748523,0.268132,1.348974,-0.687037
88.700000,-0.744779,0.427572,1.384615,-0.676579
88.710000,-0.740254,0.452770,1.630640,-0.665815
88.720000,-0.734531,0.565669,1.165340,-0.654591
88.730000,-0.729854,0.550406,2.116387,-0.642786
88.740000,-0.723007,0.648003,0.788648,-0.630413
88.750000,-0.714808,0.637363,1.049815,-0.617763
88.760000,-0.707224,0.835441,0.981115,-0.604268
88.770000,-0.698091,0.726102,1.510654,-0.591333
88.780000,-0.688827,0.921538,0.942049,-0.577322
88.790000,-0.678986,0.934668,1.566040,-0.565090
88.800000,-0.668678,1.057748,1.411323,-0.551967
88.810000,-0.657639,1.270588,1.658692,-0.538114
88.820000,-0.646387,0.999677,1.512378,-0.521361
88.830000,-0.634304,1.258878,1.086235,-0.506513
88.840000,-0.623070,1.325358,0.803511,-0.491781
88.850000,-0.611250,1.243956,1.262898,-0.476556
88.860000,-0.597382,1.253885,1.517044,-0.460561
88.870000,-0.583049,1.261470,1.323077,-0.443849
88.880000,-0.570842,1.458294,1.068131,-0.426326
88.890000,-0.556531,1.407450,1.294989,-0.409867
88.900000,-0.542451,1.545140,1.158872,-0.394102
88.910000,-0.528124,1.408665,1.431299,-0.380704
88.920000,-0.512371,1.403085,1.269144,-0.366659
88.930000,-0.500246,1.541529,0.748214,-0.354793
88.940000,-0.483302,1.373321,1.182411,-0.348105
88.950000,-0.468529,1.448221,0.601809,-0.331072
88.960000,-0.454912,1.402002,0.860853,-0.317963
88.970000,-0.441444,1.460817,1.111488,-0.301681
88.980000,-0.427667,1.510695,0.980866,-0.287498
88.990000,-0.413664,1.286517,1.155718,-0.273069
89.000000,-0.399873,1.248308,1.874399,-0.258499
89.010000,-0.384833,1.442681,1.298766,-0.244414
89.020000,-0.370442,1.515740,0.979878,-0.229454
89.030000,-0.355719,1.542707,1.028009,-0.215029
89.040000,-0.342162,1.675581,0.699115,-0.197456
89.050000,-0.327211,1.581275,1.553989,-0.177227
89.060000,-0.312737,1.416602,1.571761,-0.157283
89.070000,-0.298211,1.367148,0.605256,-0.136662
89.080000,-0.282015,1.463736,1.259159,-0.116119
89.090000,-0.264884,1.528490,1.421564,-0.095394
89.100000,-0.248964,1.539529,1.710083,-0.073754
89.110000,-0.230268,1.754542,1.649048,-0.054905
89.120000,-0.213563,1.702697,1.507692,-0.032901
89.130000,-0.195499,1.730498,1.548252,-0.013658
89.140000,-0.175659,2.046971,1.106432,0.006774
89.150000,-0.159072,1.820029,1.189988,0.023812
89.160000,-0.139995,1.851148,0.720456,0.040696
89.170000,-0.118914,2.011114,1.009964,0.061173
89.180000,-0.101127,1.876632,0.459498,0.084008
89.190000,-0.080585,1.802496,1.590978,0.105606
89.200000,-0.062600,2.008007,1.745177,0.128177
89.210000,-0.041194,1.990976,0.971271,0.150714
89.220000,-0.022277,2.102813,1.159093,0.172161
89.230000,-0.000152,1.806494,1.076923,0.194916
89.240000,0.020125,2.113932,1.505216,0.216876
89.250000,0.039752,2.266549,1.297651,0.237755
89.260000,0.062678,2.108315,1.134586,0.259356
89.270000,0.081498,1.992956,1.307997,0.281961
89.280000,0.103545,2.105495,1.247958,0.303568
89.290000,0.122938,2.178913,1.576716,0.325669
89.300000,0.145753,2.265407,1.097960,0.344434
89.310000,0.168032,1.816027,1.199713,0.356057
89.320000,0.187375,2.106867,0.920068,0.372420
89.330000,0.207324,1.987736,0.954526,0.390332
89.340000,0.227328,1.891282,0.651623,0.408835
89.350000,0.247422,1.951134,1.023023,0.426496
89.360000,0.265399,1.722962,0.495656,0.443177
89.370000,0.285560,1.870688,1.074171,0.458034
89.380000,0.303492,1.907964,1.184043,0.474911
89.390000,0.322224,1.840739,1.026214,0.491547
89.400000,0.341209,1.804189,0.360867,0.508903
89.410000,0.357949,1.990594,1.138462,0.523543
89.420000,0.375597,1.896788,0.555045,0.538609
89.430000,0.394156,1.719438,0.667343,0.553991
89.440000,0.410216,1.701099,0.435660,0.567364
89.450000,0.426451,1.745806,0.841291,0.581091
89.460000,0.443972,1.755574,0.780249,0.593348
89.470000,0.458789,1.719522,0.656627,0.607328
89.480000,0.473393,1.514109,0.858622,0.619861
89.490000,0.490357,1.535417,0.764524,0.632834
89.500000,0.503370,1.551222,1.013756,0.643711
89.510000,0.519610,1.544835,1.175299,0.655647
89.520000,0.532629,1.139634,1.060509,0.667226
89.530000,0.547001,1.326659,0.875514,0.677979
89.540000,0.559855,1.435647,1.127083,0.687622
89.550000,0.572785,1.279146,0.892013,0.697017
89.560000,0.585608,1.297943,1.122175,0.706928
89.570000,0.597907,1.049432,0.812863,0.715472
89.580000,0.609531,1.258371,0.369587,0.723619
89.590000,0.621094,1.235165,0.053028,0.732440
89.600000,0.632990,1.007980,1.192595,0.739438
89.610000,0.644114,1.095444,0.722037,0.746558
89.620000,0.653550,1.108272,1.316483,0.752213
89.630000,0.663693,0.896857,-0.049220,0.757690
89.640000,0.673697,0.860748,0.512231,0.762666
89.650000,0.682076,0.714126,0.845994,0.767236
89.660000,0.690165,0.783748,0.710513,0.771381
89.670000,0.698313,0.672945,1.026209,0.774758
89.680000,0.704760,0.802325,-0.114541,0.777830
89.690000,0.711739,0.673981,0.835619,0.780380
89.700000,0.717339,0.574841,1.200000,0.782252
89.710000,0.724077,0.530096,0.437722,0.783954
89.720000,0.729124,0.534943,1.065222,0.784897
89.730000,0.733515,0.411795,1.160071,0.785313
89.740000,0.738035,0.466317,0.461538,0.785380
89.750000,0.741399,0.351637,1.015867,0.785108
89.760000,0.744609,0.292671,0.564250,0.784527
89.770000,0.747489,0.207428,0.830769,0.783623
89.780000,0.749409,0.212407,1.015385,0.782558
89.790000,0.751529,0.192905,0.773909,0.780650
89.800000,0.753197,0.118681,0.843387,0.778260
89.810000,0.753986,0.039252,0.175430,0.775265
89.820000,0.753986,-0.013187,0.472735,0.771855
89.830000,0.753986,-0.004396,0.308647,0.767949
89.840000,0.753986,-0.004853,-0.005144,0.763403
89.850000,0.753986,-0.002079,-0.172996,0.758275
89.860000,0.753986,-0.003388,0.587762,0.752963
89.870000,0.753986,-0.013187,-0.560912,0.746084
89.880000,0.753605,-0.030769,-0.530402,0.739384
89.890000,0.753223,-0.040288,-1.184722,0.732567
89.900000,0.752842,-0.101776,-1.091151,0.725127
89.910000,0.751636,-0.127473,-1.251679,0.717095
89.920000,0.750172,-0.176864,-0.895635,0.708044
89.930000,0.748395,-0.197802,-1.680262,0.699100
89.940000,0.746012,-0.299046,-1.350947,0.689364
89.950000,0.742650,-0.354236,-1.539202,0.680462
89.960000,0.738525,-0.460007,-1.431702,0.669543
89.970000,0.733442,-0.494229,-1.551681,0.657920
89.980000,0.728202,-0.644175,-0.978977,0.646757
89.990000,0.721450,-0.755602,-1.559400,0.635205
90.000000,0.714134,-0.645602,-1.316644,0.622821
90.010000,0.707099,-0.744509,-1.109847,0.610496
90.020000,0.698644,-0.751914,-1.135672,0.598657
90.030000,0.689286,-0.899427,-1.361645,0.584642
90.040000,0.680340,-0.832762,-1.972128,0.571700
90.050000,0.669366,-1.120606,-1.346547,0.557609
90.060000,0.659600,-1.139728,-1.147329,0.542790
90.070000,0.648154,-0.981466,-0.997761,0.527078
90.080000,0.635772,-1.305463,-1.302418,0.509724
90.090000,0.625643,-1.345590,-1.458150,0.493551
90.100000,0.613151,-1.133633,-1.562595,0.477715
90.110000,0.599170,-1.210065,-0.932566,0.459685
90.120000,0.585106,-1.545683,-1.525934,0.442054
90.130000,0.570509,-1.519610,-1.575689,0.424400
90.140000,0.556404,-1.490616,-1.239951,0.408499
90.150000,0.542376,-1.574876,-1.071045,0.391033
90.160000,0.527879,-1.685478,-1.402011,0.374551
90.170000,0.509872,-1.677524,-1.155650,0.355974
90.180000,0.495328,-1.549751,-1.272653,0.337476
90.190000,0.479322,-1.493812,-1.606565,0.318677
90.200000,0.462272,-1.536880,-1.690429,0.299683
90.210000,0.444360,-1.624543,-1.619342,0.280456
90.220000,0.429461,-1.610651,-0.647166,0.261228
90.230000,0.411131,-1.770455,-1.261538,0.243862
90.240000,0.394050,-1.805948,-1.214396,0.225612
90.250000,0.376216,-1.786844,-0.774162,0.206262
90.260000,0.359440,-1.803997,-1.013444,0.188703
90.270000,0.341316,-1.822225,-1.288849,0.167630
90.280000,0.323456,-1.794809,-1.403754,0.146340
90.290000,0.302726,-1.998641,-1.202265,0.125671
90.300000,0.285075,-1.823778,-1.351046,0.103760
90.310000,0.266757,-1.860189,-0.837773,0.081065
90.320000,0.246316,-1.880580,-1.169124,0.061146
90.330000,0.227634,-2.151385,-1.363695,0.042004
90.340000,0.206201,-2.050837,-0.865568,0.019642
90.350000,0.187269,-2.156513,-1.075300,-0.002679
90.360000,0.166033,-1.769638,-1.153598,-0.023976
90.370000,0.146180,-1.986408,-1.744535,-0.044958
90.380000,0.124975,-2.269591,-1.321956,-0.064470
90.390000,0.107038,-2.196108,-0.839669,-0.084427
90.400000,0.084155,-2.051362,-0.808032,-0.103908
90.410000,0.064765,-1.907666,-1.456841,-0.126209
90.420000,0.045763,-2.000667,-1.105304,-0.145371
90.430000,0.022917,-2.190754,-1.208921,-0.165681
90.440000,0.004898,-2.306569,-1.523144,-0.186810
90.450000,-0.016596,-2.067385,-1.117999,-0.207205
90.460000,-0.035195,-1.948916,-0.801246,-0.227177
90.470000,-0.058495,-2.064008,-1.559354,-0.247753
90.480000,-0.078264,-2.262718,-1.166191,-0.266459
90.490000,-0.097634,-2.263642,-1.128710,-0.280370
90.500000,-0.117768,-1.841974,-0.596469,-0.293739
90.510000,-0.137636,-1.883747,-0.861056,-0.309086
90.520000,-0.156102,-1.937992,-0.902922,-0.325497
90.530000,-0.174470,-1.766393,-0.426286,-0.344382
90.540000,-0.193976,-1.857689,-0.778655,-0.362410
90.550000,-0.210381,-1.777668,-0.690810,-0.380279
90.560000,-0.228356,-1.802894,-0.711867,-0.398614
90.570000,-0.248167,-1.877328,-1.582534,-0.417339
90.580000,-0.265412,-1.762564,-0.829998,-0.434818
90.590000,-0.281756,-1.672622,-1.018329,-0.452615
90.600000,-0.300454,-1.611876,-1.555575,-0.470263
90.610000,-0.317310,-1.582457,-1.750097,-0.486244
90.620000,-0.335359,-1.859024,-1.379167,-0.503527
90.630000,-0.354830,-1.878287,-1.271085,-0.518762
90.640000,-0.370608,-1.838865,-1.261538,-0.535004
90.650000,-0.388142,-1.845149,-0.993119,-0.550669
90.660000,-0.406310,-1.730601,-0.712521,-0.564296
90.670000,-0.422564,-1.759581,-0.936729,-0.578058
90.680000,-0.440273,-1.684899,-0.918236,-0.591211
90.690000,-0.455204,-1.735506,-0.939788,-0.605063
90.700000,-0.471514,-1.705735,-0.970073,-0.618398
90.710000,-0.486852,-1.617403,-0.969440,-0.629893
90.720000,-0.503384,-1.536268,-0.902197,-0.641899
90.730000,-0.517513,-1.397065,-1.111009,-0.652763
90.740000,-0.531317,-1.262866,-1.025989,-0.663339
90.750000,-0.545372,-1.449762,-0.829500,-0.673893
90.760000,-0.558709,-1.316219,-1.275704,-0.683685
90.770000,-0.572345,-1.342834,-0.901834,-0.692650
90.780000,-0.585131,-1.211985,-1.295074,-0.700694
90.790000,-0.596807,-1.148777,-0.832601,-0.710337
90.800000,-0.608657,-1.164342,-1.198620,-0.717863
90.810000,-0.618683,-1.099126,-1.473628,-0.726224
90.820000,-0.630795,-0.946209,-0.555396,-0.733647
90.830000,-0.641264,-1.053364,-0.892308,-0.740866
90.840000,-0.650657,-0.943962,-0.871059,-0.747543
90.850000,-0.659636,-1.087678,-0.800326,-0.753567
90.860000,-0.668998,-0.972804,-1.069597,-0.758735
90.870000,-0.677691,-0.971482,-0.883569,-0.763682
90.880000,-0.686048,-0.834218,-0.872724,-0.767729
90.890000,-0.694064,-0.899877,-0.873221,-0.772059
90.900000,-0.700837,-0.773120,-1.164524,-0.775146
90.910000,-0.708072,-0.726179,-1.205882,-0.777756
90.920000,-0.715133,-0.506811,-1.492584,-0.780468
90.930000,-0.720660,-0.591537,-0.765325,-0.782598
90.940000,-0.725797,-0.582673,-1.159213,-0.784161
90.950000,-0.731123,-0.422080,-0.699514,-0.785047
90.960000,-0.735554,-0.433058,-0.823303,-0.785384
90.970000,-0.739347,-0.386795,-0.630182,-0.785193
90.980000,-0.743102,-0.395900,-1.003266,-0.784332
90.990000,-0.746496,-0.273709,-0.808271,-0.783049
91.000000,-0.748646,-0.197802,-0.662571,-0.781219
91.010000,-0.750525,-0.174041,-0.536791,-0.778650
91.020000,-0.751986,-0.133929,-0.799362,-0.775840
91.030000,-0.752979,-0.092308,-0.971113,-0.772070
91.040000,-0.753223,0.004396,-1.182291,-0.768136
91.050000,-0.753223,-0.004396,-0.830769,-0.763713
91.060000,-0.753223,0.011170,-0.470593,-0.758777
91.070000,-0.753223,0.004396,-0.303906,-0.753350
91.080000,-0.753223,0.004396,-0.080656,-0.747384
91.090000,-0.752842,-0.000231,0.417813,-0.741400
91.100000,-0.752842,0.021450,0.825227,-0.734166
91.110000,-0.752640,0.026639,0.863394,-0.726100
91.120000,-0.752079,0.065934,1.039507,-0.718224
91.130000,-0.751021,0.143066,0.981697,-0.709378
91.140000,-0.749342,0.190554,1.609164,-0.699851
91.150000,-0.747041,0.296457,1.532114,-0.689753
91.160000,-0.743435,0.405696,1.077616,-0.680314
91.170000,-0.739146,0.410176,1.523409,-0.669767
91.180000,-0.734570,0.504608,1.314028,-0.658984
91.190000,-0.729817,0.517106,1.850245,-0.647321
91.200000,-0.723140,0.624787,1.604275,-0.634158
91.210000,-0.716666,0.712076,1.025496,-0.623240
91.220000,-0.708019,0.872554,1.400309,-0.609569
91.230000,-0.700598,0.912191,1.186789,-0.595808
91.240000,-0.690596,1.050261,1.396341,-0.583430
91.250000,-0.681514,0.870371,1.418879,-0.568714
91.260000,-0.671874,1.004396,1.230781,-0.553277
91.270000,-0.661809,0.998934,1.717451,-0.538335
91.280000,-0.650604,1.120879,1.294775,-0.523610
91.290000,-0.638567,1.120879,1.071959,-0.517050
91.300000,-0.626134,1.233123,1.039092,-0.507811
91.310000,-0.614345,1.082922,1.351256,-0.486980
91.320000,-0.602066,1.211109,1.119021,-0.465380
91.330000,-0.589760,1.372614,1.507155,-0.443172
91.340000,-0.576250,1.417402,0.721402,-0.420319
91.350000,-0.560458,1.589576,1.455825,-0.397693
91.360000,-0.544953,1.664869,1.679503,-0.373531
91.370000,-0.528735,1.668524,2.061538,-0.348676
91.380000,-0.511927,1.810474,1.796299,-0.324741
91.390000,-0.490692,1.978889,1.852222,-0.299166
91.400000,-0.473182,1.963662,1.134354,-0.272907
91.410000,-0.452780,2.230466,1.156764,-0.246041
91.420000,-0.431871,1.947362,2.024921,-0.218736
91.430000,-0.409785,2.380605,1.771610,-0.191371
91.440000,-0.387020,2.390266,1.022449,-0.164706
91.450000,-0.362570,2.261601,1.466925,-0.137345
91.460000,-0.339471,2.423382,0.693536,-0.110308
91.470000,-0.315789,2.458707,1.486109,-0.089497
91.480000,-0.290995,2.498816,0.751930,-0.072703
91.490000,-0.266760,2.310832,1.582417,-0.057049
91.500000,-0.243821,2.479159,0.894115,-0.039460
91.510000,-0.219981,2.253311,0.536150,-0.024140
91.520000,-0.199246,2.058073,0.707506,-0.007954
91.530000,-0.178339,2.165221,0.734959,0.009941
91.540000,-0.157517,2.197243,1.391408,0.028330
91.550000,-0.137013,2.075451,0.856425,0.047225
91.560000,-0.118705,1.990029,1.026030,0.061983
91.570000,-0.096316,1.895263,0.893822,0.081251
91.580000,-0.078843,2.004074,0.974059,0.098594
91.590000,-0.061176,2.047118,1.430153,0.114519
91.600000,-0.041651,1.911610,0.712610,0.133368
91.610000,-0.023212,1.813854,1.028703,0.151214
91.620000,-0.003512,1.987854,0.729394,0.167517
91.630000,0.015193,1.959528,0.814641,0.184788
91.640000,0.031461,1.964121,1.443932,0.207509
91.650000,0.049614,1.708733,1.067580,0.228970
91.660000,0.069020,1.708643,1.604403,0.250553
91.670000,0.087346,1.871671,1.646892,0.272211
91.680000,0.106221,1.945463,1.304629,0.291443
91.690000,0.126661,2.026904,1.023115,0.310432
91.700000,0.145589,2.045481,0.736577,0.329503
91.710000,0.164624,1.948191,0.830769,0.350352
91.720000,0.184578,1.782151,1.521211,0.369665
91.730000,0.202389,1.880473,1.309985,0.389783
91.740000,0.222763,2.099548,0.356325,0.404072
91.750000,0.243151,2.049734,0.555382,0.419938
91.760000,0.261618,1.999813,0.729076,0.435679
91.770000,0.281253,1.753295,0.470951,0.448489
91.780000,0.297581,1.788088,0.057766,0.464211
91.790000,0.316781,1.695121,1.207096,0.477862
91.800000,0.333785,1.719510,0.604035,0.490767
91.810000,0.349797,1.399640,0.715435,0.505825
91.820000,0.366433,1.416840,0.740529,0.520352
91.830000,0.383146,1.416320,0.815843,0.535402
91.840000,0.398903,1.483268,1.113401,0.545951
91.850000,0.415147,1.429705,1.033650,0.559082
91.860000,0.430575,1.394257,0.750374,0.570039
91.870000,0.444523,1.486958,0.839077,0.582368
91.880000,0.459363,1.581395,0.805903,0.594821
91.890000,0.472336,1.372234,0.956748,0.607918
91.900000,0.486589,1.379574,0.792902,0.618726
91.910000,0.499801,1.281950,1.597105,0.628488
91.920000,0.512021,1.324378,0.531293,0.639143
91.930000,0.526612,1.312945,0.894653,0.649725
91.940000,0.538240,1.281237,1.515486,0.658535
91.950000,0.550092,1.110322,1.118442,0.667955
91.960000,0.562673,1.159034,1.059482,0.677298
91.970000,0.573777,1.037324,0.571986,0.686321
91.980000,0.585523,1.147856,1.010146,0.695363
91.990000,0.596111,1.158439,0.768519,0.703464
92.000000,0.607150,1.028101,1.191346,0.710421
92.010000,0.616474,0.888423,1.388701,0.718405
92.020000,0.626767,1.070924,0.861143,0.725958
92.030000,0.636048,1.012520,0.805013,0.731884
92.040000,0.646154,0.908452,0.337330,0.738234
92.050000,0.655260,0.946906,0.781375,0.743895
92.060000,0.662519,0.838562,1.376221,0.749685
92.070000,0.671423,0.891912,1.984465,0.756263
92.080000,0.679414,0.740868,0.783153,0.762118
92.090000,0.687128,0.874725,0.991035,0.767235
92.100000,0.694221,0.775060,0.871906,0.771841
92.110000,0.700663,0.675078,1.051089,0.775574
92.120000,0.708123,0.639063,0.521047,0.778581
92.130000,0.714371,0.535819,0.386961,0.780853
92.140000,0.719958,0.656691,0.024956,0.782470
92.150000,0.725875,0.520365,0.958430,0.783666
92.160000,0.730684,0.414928,1.046458,0.784659
92.170000,0.734544,0.417967,1.135768,0.785301
92.180000,0.739109,0.383415,0.960830,0.785320
92.190000,0.742513,0.310051,0.830769,0.784687
92.200000,0.745631,0.228472,1.539156,0.783404
92.210000,0.747561,0.187643,1.625252,0.781329
92.220000,0.749523,0.174951,1.126035,0.778483
92.230000,0.751316,0.143369,0.781032,0.775086
92.240000,0.752461,0.061088,0.794481,0.770583
92.250000,0.752461,-0.013187,0.891546,0.766409
92.260000,0.752461,-0.002865,0.338462,0.761416
92.270000,0.752461,0.011513,0.190473,0.755344
92.280000,0.752461,-0.014090,0.134877,0.748055
92.290000,0.752461,-0.013187,-0.648047,0.740602
92.300000,0.752079,-0.030769,-0.977262,0.731889
92.310000,0.751698,-0.041547,-0.947932,0.723186
92.320000,0.750834,-0.129803,-1.031696,0.713337
92.330000,0.749439,-0.170734,-1.355447,0.703556
92.340000,0.747519,-0.231767,-1.563631,0.692581
92.350000,0.744366,-0.383474,-1.425222,0.680565
92.360000,0.740430,-0.457464,-1.308033,0.667781
92.370000,0.734897,-0.557887,-1.564270,0.655890
92.380000,0.730192,-0.591218,-1.844572,0.642359
92.390000,0.723014,-0.708530,-1.671827,0.628296
92.400000,0.714372,-0.697549,-1.848524,0.612992
92.410000,0.705781,-0.874861,-1.150210,0.598527
92.420000,0.697394,-0.800900,-1.738438,0.582895
92.430000,0.686944,-1.165794,-1.399161,0.566900
92.440000,0.676194,-1.181769,-1.099635,0.550145
92.450000,0.663839,-1.023438,-1.651909,0.532958
92.460000,0.651383,-1.306138,-1.140715,0.514978
92.470000,0.638535,-1.285606,-1.434165,0.496192
92.480000,0.623324,-1.431763,-1.492890,0.478109
92.490000,0.610525,-1.564204,-1.665960,0.458128
92.500000,0.595468,-1.510483,-1.986074,0.439342
92.510000,0.578220,-1.630378,-1.594120,0.419931
92.520000,0.563809,-1.425521,-2.061538,0.400540
92.530000,0.546303,-1.644974,-1.360830,0.379600
92.540000,0.530096,-1.554656,-1.264430,0.360025
92.550000,0.512937,-1.631495,-1.655920,0.339563
92.560000,0.494709,-1.777365,-1.425472,0.317800
92.570000,0.476398,-1.937118,-1.319211,0.297028
92.580000,0.457738,-2.083612,-1.659807,0.274812
92.590000,0.437131,-1.961259,-1.126422,0.251852
92.600000,0.419681,-2.061128,-0.769641,0.229306
92.610000,0.399521,-1.830624,-1.203082,0.205994
92.620000,0.378128,-2.199780,-1.270770,0.182872
92.630000,0.356866,-2.008898,-0.712941,0.160914
92.640000,0.338075,-2.149795,-1.273336,0.137085
92.650000,0.314745,-1.912258,-1.369720,0.114272
92.660000,0.292970,-2.193903,-1.540204,0.091041
92.670000,0.272119,-2.167088,-1.333013,0.067756
92.680000,0.251149,-2.230159,-1.014379,0.042890
92.690000,0.228728,-2.338286,-1.577231,0.018708
92.700000,0.206256,-2.241011,-1.177953,-0.004564
92.710000,0.183062,-2.051640,-0.210955,-0.027944
92.720000,0.160955,-2.420818,-1.191254,-0.053040
92.730000,0.137664,-2.375573,-1.011099,-0.077294
92.740000,0.113839,-2.104086,-1.216690,-0.101853
92.750000,0.091381,-2.482854,-1.269004,-0.126023
92.760000,0.068676,-2.309081,-1.183804,-0.147945
92.770000,0.043604,-2.357986,-1.358378,-0.171185
92.780000,0.020492,-2.694120,-1.354514,-0.195182
92.790000,-0.002406,-2.062592,-1.500758,-0.218426
92.800000,-0.025719,-2.344783,-0.728917,-0.241253
92.810000,-0.050794,-2.070934,-0.735356,-0.263205
92.820000,-0.072243,-2.516024,-1.369735,-0.285820
92.830000,-0.095765,-2.330725,-1.082769,-0.306143
92.840000,-0.118659,-2.156017,-1.338062,-0.328751
92.850000,-0.141777,-2.358752,-0.942036,-0.349444
92.860000,-0.164391,-2.277221,-0.618217,-0.371413
92.870000,-0.188334,-2.241456,-1.050147,-0.390063
92.880000,-0.209624,-2.224913,-0.945472,-0.409012
92.890000,-0.231573,-2.254945,-0.787841,-0.428441
92.900000,-0.253656,-2.024005,-1.200000,-0.446752
92.910000,-0.274076,-2.217334,-0.741938,-0.467185
92.920000,-0.296626,-2.111626,-1.058056,-0.486230
92.930000,-0.315515,-1.825083,-1.139044,-0.505232
92.940000,-0.336564,-2.229230,-1.285232,-0.522387
92.950000,-0.357103,-2.093393,-0.622207,-0.539598
92.960000,-0.376575,-2.059282,-1.001974,-0.556556
92.970000,-0.397625,-1.875664,-0.533216,-0.575233
92.980000,-0.415573,-1.733263,-0.902440,-0.593574
92.990000,-0.436622,-2.012643,-1.211998,-0.610932
93.000000,-0.455342,-1.948890,-0.406031,-0.627416
93.010000,-0.474424,-1.874449,-0.540392,-0.642900
93.020000,-0.490536,-1.803347,-0.863770,-0.657090
93.030000,-0.510641,-1.867492,-0.953846,-0.669778
93.040000,-0.527004,-1.875369,-1.061721,-0.681968
93.050000,-0.543441,-1.748205,-0.933580,-0.692845
93.060000,-0.561282,-1.689947,-0.655651,-0.704201
93.070000,-0.576491,-1.568289,-1.026374,-0.714159
93.080000,-0.591265,-1.564790,-0.696907,-0.723858
93.090000,-0.604782,-1.526359,-1.022128,-0.732722
93.100000,-0.618712,-1.307873,-0.845733,-0.740766
93.110000,-0.632150,-1.100393,-0.748343,-0.748431
93.120000,-0.644721,-1.250213,-0.505424,-0.755051
93.130000,-0.655601,-1.143773,-0.520193,-0.761125
93.140000,-0.666194,-0.954768,-0.953846,-0.766510
93.150000,-0.676766,-1.163486,-0.734196,-0.771375
93.160000,-0.687355,-0.933350,-0.768884,-0.775129
93.170000,-0.695675,-0.847955,-0.414691,-0.778663
93.180000,-0.704462,-0.843687,-0.707692,-0.781370
93.190000,-0.712419,-0.768611,-0.618069,-0.783345
93.200000,-0.718654,-0.732877,-0.892308,-0.784651
93.210000,-0.725194,-0.672930,-0.991663,-0.785337
93.220000,-0.730866,-0.468159,-1.105467,-0.785268
93.230000,-0.735082,-0.495738,-0.824010,-0.784506
93.240000,-0.739762,-0.379282,-1.011080,-0.782955
93.250000,-0.743570,-0.361031,-0.565850,-0.780695
93.260000,-0.746394,-0.234658,-0.959765,-0.777821
93.270000,-0.748372,-0.153846,-0.981600,-0.774011
93.280000,-0.749790,-0.127473,-1.261538,-0.769529
93.290000,-0.750553,-0.037467,-1.059349,-0.764430
93.300000,-0.750553,0.002712,-0.904095,-0.758225
93.310000,-0.750553,0.004396,-0.077671,-0.751560
93.320000,-0.750553,-0.004227,-0.395288,-0.744925
93.330000,-0.750172,0.008966,0.417123,-0.737536
93.340000,-0.750172,0.036404,0.966433,-0.729067
93.350000,-0.749790,0.031744,1.029153,-0.720414
93.360000,-0.749027,0.092308,0.800206,-0.711142
93.370000,-0.747851,0.172902,0.943530,-0.701133
93.380000,-0.745212,0.278535,1.412301,-0.690385
93.390000,-0.742097,0.342857,0.953846,-0.677966
93.400000,-0.738111,0.401316,0.926207,-0.664657
93.410000,-0.733841,0.467434,1.531276,-0.650953
93.420000,-0.728166,0.675287,1.588544,-0.637599
93.430000,-0.720854,0.710259,1.467268,-0.622720
93.440000,-0.712705,0.811090,1.932165,-0.610960
93.450000,-0.704301,0.904712,1.110222,-0.599774
93.460000,-0.695511,0.920000,1.474807,-0.590149
93.470000,-0.685027,1.003307,1.307151,-0.578295
93.480000,-0.675891,1.189789,1.139034,-0.568599
93.490000,-0.665458,0.907483,0.771337,-0.557579
93.500000,-0.655536,1.051508,1.216223,-0.544842
93.510000,-0.645113,1.020435,1.569231,-0.532158
93.520000,-0.634662,1.085714,1.718135,-0.519876
93.530000,-0.624245,1.137853,0.917754,-0.510006
93.540000,-0.612674,1.061526,0.946196,-0.497994
93.550000,-0.602398,1.089632,0.859683,-0.479702
93.560000,-0.591043,1.174238,1.204285,-0.459837
93.570000,-0.578701,1.230714,1.907305,-0.438732
93.580000,-0.564582,1.164729,1.316322,-0.417208
93.590000,-0.550949,1.397298,1.507692,-0.395020
93.600000,-0.535672,1.642045,1.736891,-0.373640
93.610000,-0.519950,1.718681,1.338338,-0.351040
93.620000,-0.504918,1.685900,1.311875,-0.328294
93.630000,-0.484967,1.866817,1.650567,-0.305903
93.640000,-0.467379,1.859448,1.046530,-0.282026
93.650000,-0.448880,1.771861,1.456087,-0.258542
93.660000,-0.430933,1.759363,1.511394,-0.233766
93.670000,-0.411018,2.147624,1.791007,-0.208965
93.680000,-0.389382,2.241292,1.384893,-0.184160
93.690000,-0.367767,2.259915,1.071601,-0.160847
93.700000,-0.346338,1.963997,1.379419,-0.136135
93.710000,-0.324314,2.517141,1.562348,-0.110824
93.720000,-0.301997,2.332012,0.717276,-0.084998
93.730000,-0.277059,2.363444,1.408009,-0.061630
93.740000,-0.254612,2.551775,1.149319,-0.035466
93.750000,-0.231725,2.195542,1.602615,-0.009091
93.760000,-0.206446,2.394075,1.127166,0.016087
93.770000,-0.182045,2.205412,1.848029,0.041715
93.780000,-0.161326,2.531847,1.396934,0.066637
93.790000,-0.134268,2.446554,0.759192,0.088826
93.800000,-0.112324,2.451740,1.338038,0.114880
93.810000,-0.086589,2.594983,1.055055,0.139801
93.820000,-0.063255,2.422802,1.281090,0.165457
93.830000,-0.036291,2.535076,0.551018,0.189505
93.840000,-0.012913,2.468607,1.522645,0.214912
93.850000,0.011471,2.411651,0.881354,0.240251
93.860000,0.036689,2.305398,1.397515,0.263746
93.870000,0.063905,2.539350,0.193369,0.287898
93.880000,0.085965,2.439279,1.085785,0.310879
93.890000,0.112401,2.485602,0.591321,0.333074
93.900000,0.134352,2.325912,0.952836,0.353848
93.910000,0.160600,2.422749,1.218417,0.374478
93.920000,0.182597,2.313431,1.483519,0.395614
93.930000,0.205420,2.421866,0.844880,0.417069
93.940000,0.228995,2.483516,0.830769,0.438067
93.950000,0.251323,1.975664,1.039909,0.458674
93.960000,0.274281,2.279090,0.394825,0.479613
93.970000,0.296220,2.357860,0.513713,0.499309
93.980000,0.320596,2.290170,1.239276,0.517907
93.990000,0.340856,2.415826,0.998893,0.536787
94.000000,0.362088,2.219241,0.711700,0.555070
94.010000,0.383497,1.818315,0.623775,0.572777
94.020000,0.403131,2.013106,1.112320,0.589546
94.030000,0.426638,2.129231,0.569941,0.605493
94.040000,0.444352,2.081432,0.863697,0.621096
94.050000,0.464882,1.746307,0.830769,0.635029
94.060000,0.482020,1.811059,1.015385,0.649438
94.070000,0.499242,1.596755,1.087403,0.662360
94.080000,0.518119,1.646084,1.181342,0.675394
94.090000,0.535659,1.659810,1.446154,0.687639
94.100000,0.550194,1.448631,1.030869,0.699405
94.110000,0.568005,1.563627,1.296927,0.710485
94.120000,0.582682,1.353046,1.113193,0.720399
94.130000,0.597966,1.315705,0.387868,0.729103
94.140000,0.612546,1.463552,0.127211,0.737436
94.150000,0.625792,1.411293,0.494869,0.744862
94.160000,0.636582,1.362384,0.635267,0.752261
94.170000,0.649542,1.066538,0.585944,0.758838
94.180000,0.661758,1.144391,0.624678,0.764702
94.190000,0.671617,1.131965,0.171844,0.769638
94.200000,0.682017,0.798784,0.794110,0.774183
94.210000,0.691250,0.861163,0.914261,0.777870
94.220000,0.699861,0.714901,0.921544,0.781013
94.230000,0.708392,0.715340,0.702282,0.783234
94.240000,0.715652,0.589101,1.385871,0.784663
94.250000,0.721990,0.720500,0.935851,0.785347
94.260000,0.727928,0.605568,1.001023,0.785225
94.270000,0.733172,0.419829,0.791451,0.784325
94.280000,0.737793,0.480864,1.110743,0.782648
94.290000,0.741398,0.294020,0.827374,0.780084
94.300000,0.744331,0.256618,0.518718,0.777015
94.310000,0.746357,0.164449,0.903131,0.772975
94.320000,0.747775,0.101099,0.954983,0.768425
94.330000,0.748646,0.069796,0.769231,0.763157
94.340000,0.749027,-0.004396,0.215385,0.757195
94.350000,0.749027,-0.004396,0.242080,0.750245
94.360000,0.749027,-0.013187,0.079702,0.742604
94.370000,0.748646,-0.021978,-0.714602,0.734311
94.380000,0.748518,-0.042502,-0.850407,0.725696
94.390000,0.748264,-0.036091,-1.029999,0.715957
94.400000,0.747501,-0.085661,-1.349318,0.705261
94.410000,0.746100,-0.203918,-1.464879,0.694129
94.420000,0.743332,-0.312088,-1.459405,0.681971
94.430000,0.739831,-0.409726,-1.514236,0.669245
94.440000,0.734913,-0.497547,-1.560371,0.656478
94.450000,0.729476,-0.608819,-1.538333,0.641865
94.460000,0.722208,-0.709974,-1.381524,0.627033
94.470000,0.714905,-0.678086,-1.206340,0.611710
94.480000,0.706321,-0.875175,-1.780772,0.595840
94.490000,0.696237,-0.981177,-1.733066,0.580045
94.500000,0.685256,-1.192694,-1.416577,0.563099
94.510000,0.674572,-1.203283,-1.435328,0.546272
94.520000,0.663175,-1.105073,-2.423861,0.527778
94.530000,0.649887,-1.272336,-1.104181,0.510236
94.540000,0.636151,-1.505827,-1.356875,0.490780
94.550000,0.620813,-1.496110,-1.562967,0.470675
94.560000,0.607383,-1.529370,-1.715961,0.450626
94.570000,0.590627,-1.608470,-0.783490,0.432012
94.580000,0.575814,-1.754330,-1.366242,0.410462
94.590000,0.559060,-1.783433,-1.456212,0.389519
94.600000,0.540500,-1.726075,-0.911568,0.368984
94.610000,0.524259,-1.789482,-1.096887,0.348695
94.620000,0.505285,-1.808429,-1.245429,0.326573
94.630000,0.487633,-1.878568,-1.365426,0.305655
94.640000,0.466513,-1.937205,-0.958077,0.282761
94.650000,0.448865,-1.930934,-1.243975,0.258911
94.660000,0.429578,-1.856770,-1.150867,0.236105
94.670000,0.409433,-2.068463,-1.787688,0.214106
94.680000,0.387624,-2.406827,-1.194561,0.193674
94.690000,0.367710,-2.035367,-1.253035,0.180056
94.700000,0.346064,-2.069138,-0.950159,0.164007
94.710000,0.326457,-2.058378,-0.825539,0.146518
94.720000,0.307760,-2.010810,-0.715768,0.128813
94.730000,0.288209,-1.969094,-0.923396,0.111039
94.740000,0.267551,-1.838763,-1.158010,0.095276
94.750000,0.250118,-1.924014,-0.664469,0.075639
94.760000,0.230438,-1.833308,-0.756142,0.055734
94.770000,0.212693,-1.800257,-1.356895,0.033171
94.780000,0.193694,-1.984943,-1.481651,0.009936
94.790000,0.174894,-1.927079,-1.683238,-0.014266
94.800000,0.155001,-2.033011,-1.261538,-0.038852
94.810000,0.134437,-2.071987,-1.332628,-0.063086
94.820000,0.113907,-1.923102,-1.418705,-0.089124
94.830000,0.092004,-2.274831,-1.640954,-0.112383
94.840000,0.071822,-2.302273,-1.654373,-0.136199
94.850000,0.050124,-2.024226,-1.310447,-0.161253
94.860000,0.026501,-2.245622,-1.136601,-0.184270
94.870000,0.003692,-2.505380,-1.345954,-0.208141
94.880000,-0.017733,-2.096703,-0.689739,-0.232166
94.890000,-0.042423,-2.342438,-0.922343,-0.254333
94.900000,-0.064622,-2.373642,-0.879000,-0.277578
94.910000,-0.089183,-2.487312,-1.516775,-0.300212
94.920000,-0.110727,-2.362910,-1.200000,-0.320994
94.930000,-0.133370,-2.058759,-0.677196,-0.343516
94.940000,-0.156838,-2.491157,-1.402442,-0.366630
94.950000,-0.181155,-2.293147,-0.968712,-0.388357
94.960000,-0.201648,-2.095066,-1.200000,-0.407490
94.970000,-0.224350,-2.412616,-0.578986,-0.428813
94.980000,-0.248360,-2.307088,-1.102385,-0.448696
94.990000,-0.268620,-2.062533,-1.230209,-0.468985
