time,angle,velocity,torque,control
0.000000,-0.147440,0.004396,-0.030769,0.000000
0.010000,-0.147440,0.002971,-0.170413,0.000000
0.020000,-0.147440,-0.007547,-0.030769,0.000000
0.030000,-0.147440,-0.009741,-0.145478,0.000000
0.040000,-0.147440,-0.004396,0.442180,0.000000
0.050000,-0.147440,-0.004396,-0.056478,0.000000
0.060000,-0.147440,-0.001919,0.131746,0.000000
0.070000,-0.147440,-0.013187,0.210919,0.000000
0.080000,-0.147440,-0.004396,0.348955,0.000000
0.090000,-0.147440,-0.004396,0.225327,0.000000
0.100000,-0.147440,-0.013187,-0.376358,0.000000
0.110000,-0.147440,-0.004396,0.235159,0.000000
0.120000,-0.147440,-0.000676,-0.425945,0.000000
0.130000,-0.147440,-0.002051,0.281038,0.000000
0.140000,-0.147440,-0.013187,-0.561589,0.000000
0.150000,-0.147440,-0.004396,-0.197035,0.000000
0.160000,-0.147440,-0.004144,-0.087027,0.000000
0.170000,-0.147440,-0.004396,0.689797,0.000000
0.180000,-0.147440,0.001676,-1.330655,0.000000
0.190000,-0.147440,-0.001647,0.369128,0.000000
0.200000,-0.147440,-0.003702,0.110123,0.000000
0.210000,-0.147440,0.000655,0.185280,0.000000
0.220000,-0.147440,-0.006334,0.431592,0.000000
0.230000,-0.147440,-0.010966,-0.153209,0.000000
0.240000,-0.147440,-0.005281,-0.873705,0.000000
0.250000,-0.147440,-0.006542,-0.248300,0.000000
0.260000,-0.147440,-0.002168,0.323711,0.000000
0.270000,-0.147440,-0.004396,0.220659,0.000000
0.280000,-0.147440,-0.000049,-0.064628,0.000000
0.290000,-0.147440,-0.004396,-0.025513,0.000000
0.300000,-0.147440,0.000015,-0.000312,0.000000
0.310000,-0.147440,0.004396,0.350451,0.000000
0.320000,-0.147440,-0.009550,-0.236630,0.000000
0.330000,-0.147440,-0.004396,-0.069041,0.000000
0.340000,-0.147440,-0.004396,-0.227313,0.000000
0.350000,-0.147440,0.003465,-0.286339,0.000000
0.360000,-0.147440,-0.013187,-0.042902,0.000000
0.370000,-0.147440,-0.004396,-0.037560,0.000000
0.380000,-0.147440,-0.004396,0.573251,0.000000
0.390000,-0.147440,-0.004396,0.059280,0.000000
0.400000,-0.147440,-0.010297,-0.276074,0.000000
0.410000,-0.147440,-0.004746,-0.092308,0.000000
0.420000,-0.147440,-0.004984,0.642036,0.000000
0.430000,-0.147440,0.002903,0.153846,0.000000
0.440000,-0.147440,0.003841,-0.503677,0.000000
0.450000,-0.147440,0.000425,-0.320611,0.000000
0.460000,-0.147440,0.001762,0.147888,0.000000
0.470000,-0.147440,-0.004396,-0.114578,0.000000
0.480000,-0.147440,0.000689,-0.189437,0.000000
0.490000,-0.147440,-0.004396,-0.080060,0.000000
0.500000,-0.147440,0.002655,0.203818,0.000000
0.510000,-0.147440,-0.004396,0.215137,0.000000
0.520000,-0.147440,-0.007722,0.747616,0.000000
0.530000,-0.147440,-0.004396,-0.543121,0.000000
0.540000,-0.147440,-0.004396,0.320318,0.000000
0.550000,-0.147440,-0.004396,0.043026,0.000000
0.560000,-0.147440,-0.004396,0.082422,0.000000
0.570000,-0.147440,-0.000724,0.431147,0.000000
0.580000,-0.147440,-0.004396,-0.143328,0.000000
0.590000,-0.147440,0.002447,0.071347,0.000000
0.600000,-0.147440,-0.004396,-0.314905,0.000000
0.610000,-0.147440,0.000697,0.225138,0.000000
0.620000,-0.147440,-0.002586,-0.177393,0.000000
0.630000,-0.147440,-0.008194,-0.295892,0.000000
0.640000,-0.147440,0.004396,0.061195,0.000000
0.650000,-0.147440,0.000441,0.118494,0.000000
0.660000,-0.147440,-0.004396,-0.355289,0.000000
0.670000,-0.147440,-0.004396,-0.030769,0.000000
0.680000,-0.147440,-0.002963,0.205353,0.000000
0.690000,-0.147440,-0.004396,-0.411291,0.000000
0.700000,-0.147440,-0.005547,0.038829,0.000000
0.710000,-0.147440,-0.004396,-0.642608,0.000000
0.720000,-0.147440,-0.004396,-0.049690,0.000000
0.730000,-0.147440,-0.004396,0.594381,0.000000
0.740000,-0.147440,-0.013187,0.018039,0.000000
0.750000,-0.147440,-0.004738,-0.314499,0.000000
0.760000,-0.147440,-0.008485,0.089384,0.000000
0.770000,-0.147440,-0.011291,0.059124,0.000000
0.780000,-0.147440,-0.013083,0.030404,0.000000
0.790000,-0.147440,-0.000332,-0.390703,0.000000
0.800000,-0.147440,-0.004396,0.099306,0.000000
0.810000,-0.147440,-0.004396,0.179296,0.000000
0.820000,-0.147440,-0.004396,-0.167922,0.000000
0.830000,-0.147440,-0.003368,0.581416,0.000000
0.840000,-0.147440,-0.005461,0.055028,0.000000
0.850000,-0.147440,-0.004396,0.461983,0.000000
0.860000,-0.147440,-0.004396,-0.299599,0.000000
0.870000,-0.147440,-0.004396,-0.112406,0.000000
0.880000,-0.147440,-0.004396,0.288635,0.000000
0.890000,-0.147440,-0.004396,-0.338462,0.000000
0.900000,-0.147440,-0.004396,-0.071220,0.000000
0.910000,-0.147440,-0.005912,0.215385,0.000000
0.920000,-0.147440,0.006429,-0.144430,0.000000
0.930000,-0.147440,-0.004396,-0.496292,0.000000
0.940000,-0.147440,-0.004396,-0.043093,0.000000
0.950000,-0.147440,-0.004396,0.281613,0.000000
0.960000,-0.147440,-0.001789,0.012524,0.000000
0.970000,-0.147440,-0.004396,0.494533,0.000000
0.980000,-0.147440,-0.009483,-0.153846,0.000000
0.990000,-0.147440,-0.006454,-0.153846,0.000000
1.000000,-0.147440,0.002461,0.077580,0.000000
1.010000,-0.147440,-0.011513,0.007507,0.000000
1.020000,-0.147440,0.004014,-0.338462,0.000000
1.030000,-0.147440,-0.003511,0.264131,0.000000
1.040000,-0.147440,-0.004396,0.182381,0.000000
1.050000,-0.147440,-0.004396,-0.082715,0.000000
1.060000,-0.147440,-0.000347,0.029198,0.000000
1.070000,-0.147440,-0.004396,0.173992,0.000000
1.080000,-0.147440,-0.011519,-0.157019,0.000000
1.090000,-0.147440,-0.004396,-0.130819,0.000000
1.100000,-0.147440,-0.004396,0.075963,0.000000
1.110000,-0.147440,-0.000529,0.104552,0.000000
1.120000,-0.147440,-0.004396,-0.030833,0.000000
1.130000,-0.147440,-0.004396,0.869472,0.000000
1.140000,-0.147440,-0.004328,-0.090885,0.000000
1.150000,-0.147440,-0.004396,-0.029343,0.000000
1.160000,-0.147440,0.004396,0.282948,0.000000
1.170000,-0.147440,-0.002986,-0.011040,0.000000
1.180000,-0.147440,-0.001111,-0.007776,0.000000
1.190000,-0.147440,-0.008395,0.652271,0.000000
1.200000,-0.147440,-0.000919,0.116642,0.000000
1.210000,-0.147440,-0.005411,0.695719,0.000000
1.220000,-0.147440,-0.004396,-0.090187,0.000000
1.230000,-0.147440,-0.004396,0.209676,0.000000
1.240000,-0.147440,-0.021327,0.450150,0.000000
1.250000,-0.147440,-0.000509,0.003564,0.000000
1.260000,-0.147440,-0.000548,0.142241,0.000000
1.270000,-0.147440,-0.004396,-0.316575,0.000000
1.280000,-0.147440,-0.008914,0.035933,0.000000
1.290000,-0.147440,-0.004396,0.143406,0.000000
1.300000,-0.147440,-0.007245,0.142456,0.000000
1.310000,-0.147440,-0.002071,-0.068964,0.000000
1.320000,-0.147440,-0.006420,0.082613,0.000000
1.330000,-0.147440,-0.004396,-0.485299,0.000000
1.340000,-0.147440,-0.004396,-0.005438,0.000000
1.350000,-0.147440,-0.004396,0.213024,0.000000
1.360000,-0.147440,0.002515,-0.207149,0.000000
1.370000,-0.147440,-0.004396,0.159910,0.000000
1.380000,-0.147440,-0.004396,-0.008440,0.000000
1.390000,-0.147440,-0.004396,-0.347987,0.000000
1.400000,-0.147440,-0.002212,0.077417,0.000000
1.410000,-0.147440,0.003474,0.568734,0.000000
1.420000,-0.147440,-0.000383,-0.171203,0.000000
1.430000,-0.147440,-0.004396,0.149495,0.000000
1.440000,-0.147440,-0.013187,-0.310773,0.000000
1.450000,-0.147440,-0.004396,0.434206,0.000000
1.460000,-0.147440,0.000649,0.173038,0.000000
1.470000,-0.147440,-0.004396,-0.116878,0.000000
1.480000,-0.147440,-0.004396,-0.109830,0.000000
1.490000,-0.147440,0.003877,0.008984,0.000000
1.500000,-0.147440,-0.013187,-0.091503,0.000000
1.510000,-0.147440,-0.004396,-0.388406,0.000000
1.520000,-0.147440,-0.006133,-0.006448,0.000000
1.530000,-0.147440,-0.011195,0.078367,0.000000
1.540000,-0.147440,-0.003738,-0.301621,0.000000
1.550000,-0.147440,-0.005356,-0.249003,0.000000
1.560000,-0.147440,-0.004396,0.579887,0.000000
1.570000,-0.147440,-0.004396,0.369422,0.000000
1.580000,-0.147440,-0.004396,0.613874,0.000000
1.590000,-0.147440,-0.009181,-0.188107,0.000000
1.600000,-0.147440,-0.011663,0.191575,0.000000
1.610000,-0.147440,-0.012631,-0.072849,0.000000
1.620000,-0.147440,-0.000707,0.491221,0.000000
1.630000,-0.147440,-0.004396,0.826791,0.000000
1.640000,-0.147440,-0.004396,0.086769,0.000000
1.650000,-0.147440,-0.004396,-0.312401,0.000000
1.660000,-0.147440,-0.007724,0.155599,0.000000
1.670000,-0.147440,-0.004396,0.494748,0.000000
1.680000,-0.147440,-0.004396,-0.640904,0.000000
1.690000,-0.147440,-0.012616,0.441574,0.000000
1.700000,-0.147440,-0.004396,-0.030769,0.000000
1.710000,-0.147440,-0.009919,0.153846,0.000000
1.720000,-0.147440,-0.005189,-0.131630,0.000000
1.730000,-0.147440,-0.001078,0.206088,0.000000
1.740000,-0.147440,-0.007396,-0.054705,0.000000
1.750000,-0.147440,-0.004396,0.297533,0.000000
1.760000,-0.147440,-0.005923,0.175224,0.000000
1.770000,-0.147440,-0.004396,-0.343287,0.000000
1.780000,-0.147440,-0.009184,-0.108794,0.000000
1.790000,-0.147440,-0.003821,0.161889,0.000000
1.800000,-0.147440,-0.004396,-0.111048,0.000000
1.810000,-0.147440,-0.009954,0.218128,0.000000
1.820000,-0.147440,-0.007635,-0.030769,0.000000
1.830000,-0.147440,-0.004396,0.117955,0.000000
1.840000,-0.147440,-0.004396,-0.147570,0.000000
1.850000,-0.147440,-0.004396,-0.071797,0.000000
1.860000,-0.147440,-0.013187,-0.020406,0.000000
1.870000,-0.147440,0.001797,-0.047405,0.000000
1.880000,-0.147440,-0.004396,0.745586,0.000000
1.890000,-0.147440,-0.013187,0.136020,0.000000
1.900000,-0.147440,-0.012369,-0.536027,0.000000
1.910000,-0.147440,0.004165,-0.228286,0.000000
1.920000,-0.147440,0.000514,0.222587,0.000000
1.930000,-0.147440,0.003608,0.108842,0.000000
1.940000,-0.147440,-0.012507,0.049792,0.000000
1.950000,-0.147440,-0.007480,0.045880,0.000000
1.960000,-0.147440,0.002206,0.493573,0.000000
1.970000,-0.147440,-0.004396,0.396839,0.000000
1.980000,-0.147440,-0.000633,-0.188509,0.000000
1.990000,-0.147440,-0.004396,-0.083448,0.000000
2.000000,-0.147440,0.001919,0.382663,0.000000
2.010000,-0.147440,-0.004396,-0.016958,0.000000
2.020000,-0.147440,-0.004396,0.029609,0.000000
2.030000,-0.147440,-0.010220,0.417707,0.000000
2.040000,-0.147440,-0.011018,-0.041820,0.000000
2.050000,-0.147440,-0.005810,0.024753,0.000000
2.060000,-0.147440,0.000178,-0.018503,0.000000
2.070000,-0.147440,-0.006452,-0.502172,0.000000
2.080000,-0.147440,-0.004396,-0.460881,0.000000
2.090000,-0.147440,-0.004396,-0.030769,0.000000
2.100000,-0.147440,-0.001117,-0.271627,0.000000
2.110000,-0.147440,-0.004396,0.425396,0.000000
2.120000,-0.147440,-0.003411,-0.181419,0.000000
2.130000,-0.147440,-0.004396,0.003374,0.000000
2.140000,-0.147440,-0.002075,0.441871,0.000000
2.150000,-0.147440,0.004396,0.061847,0.000000
2.160000,-0.147440,-0.004396,0.056669,0.000000
2.170000,-0.147440,0.004396,0.311626,0.000000
2.180000,-0.147440,0.000286,0.087533,0.000000
2.190000,-0.147440,0.000547,0.142208,0.000000
2.200000,-0.147440,-0.008718,0.208204,0.000000
2.210000,-0.147440,-0.002001,-0.008382,0.000000
2.220000,-0.147440,-0.012440,0.127710,0.000000
2.230000,-0.147440,-0.001004,0.286608,0.000000
2.240000,-0.147440,-0.010147,0.058919,0.000000
2.250000,-0.147440,0.001025,-0.220498,0.000000
2.260000,-0.147440,-0.003457,-0.008651,0.000000
2.270000,-0.147440,-0.004396,-0.389254,0.000000
2.280000,-0.147440,-0.004396,-0.254719,0.000000
2.290000,-0.147440,-0.004396,0.340798,0.000000
2.300000,-0.147440,-0.003975,-0.338462,0.000000
2.310000,-0.147440,-0.013187,0.267236,0.000000
2.320000,-0.147440,-0.004396,-0.164223,0.000000
2.330000,-0.147440,-0.013187,-0.370233,0.000000
2.340000,-0.147440,-0.000595,-0.074030,0.000000
2.350000,-0.147440,-0.004396,0.153846,0.000000
2.360000,-0.147440,-0.004396,0.529031,0.000000
2.370000,-0.147440,-0.004396,-1.253525,0.000000
2.380000,-0.147440,-0.004396,-0.111455,0.000000
2.390000,-0.147440,-0.006732,0.237976,0.000000
2.400000,-0.147440,-0.001108,-0.361473,0.000000
2.410000,-0.147440,-0.004425,-0.031992,0.000000
2.420000,-0.147440,-0.004039,0.089813,0.000000
2.430000,-0.147440,-0.003196,0.288078,0.000000
2.440000,-0.147440,-0.004396,0.043265,0.000000
2.450000,-0.147440,-0.003811,0.445175,0.000000
2.460000,-0.147440,0.002427,0.342917,0.000000
2.470000,-0.147440,-0.002979,-0.259148,0.000000
2.480000,-0.147440,-0.004396,-0.191299,0.000000
2.490000,-0.147440,-0.004396,-1.020139,0.000000
2.500000,-0.147440,0.000887,-0.893115,0.000000
2.510000,-0.147440,-0.011254,-0.030769,0.000000
2.520000,-0.147440,0.000249,-0.045861,0.000000
2.530000,-0.147440,0.001302,0.197153,0.000000
2.540000,-0.147440,-0.004396,-0.199684,0.000000
2.550000,-0.147440,0.004396,0.091811,0.000000
2.560000,-0.147440,-0.004396,0.153846,0.000000
2.570000,-0.147440,-0.004396,0.023703,0.000000
2.580000,-0.147440,-0.004396,-0.588636,0.000000
2.590000,-0.147440,-0.000891,0.240724,0.000000
2.600000,-0.147440,-0.007857,-0.368467,0.000000
2.610000,-0.147440,-0.013023,-0.021596,0.000000
2.620000,-0.147440,-0.009943,0.082749,0.000000
2.630000,-0.147440,-0.004995,-0.313283,0.000000
2.640000,-0.147440,0.000458,-0.011538,0.000000
2.650000,-0.147440,-0.004396,0.215602,0.000000
2.660000,-0.147440,-0.004396,0.082836,0.000000
2.670000,-0.147440,-0.004396,-0.112525,0.000000
2.680000,-0.147440,-0.004396,-0.138698,0.000000
2.690000,-0.147440,-0.002773,-0.158584,0.000000
2.700000,-0.147440,-0.004396,-0.480740,0.000000
2.710000,-0.147440,0.000086,-0.033191,0.000000
2.720000,-0.147440,-0.004396,-0.258836,0.000000
2.730000,-0.147440,-0.007154,0.099529,0.000000
2.740000,-0.147440,-0.004396,-0.387006,0.000000
2.750000,-0.147440,-0.007613,0.628052,0.000000
2.760000,-0.147440,-0.004396,0.009896,0.000000
2.770000,-0.147440,-0.004396,0.215281,0.000000
2.780000,-0.147440,-0.004396,0.482397,0.000000
2.790000,-0.147440,-0.013187,-0.161293,0.000000
2.800000,-0.147440,-0.008862,0.343394,0.000000
2.810000,-0.147440,-0.004396,0.877312,0.000000
2.820000,-0.147440,-0.000334,0.106347,0.000000
2.830000,-0.147440,-0.001602,0.431069,0.000000
2.840000,-0.147440,-0.004396,-0.008940,0.000000
2.850000,-0.147440,-0.013187,0.268618,0.000000
2.860000,-0.147440,-0.004396,0.339189,0.000000
2.870000,-0.147440,0.001985,-0.491824,0.000000
2.880000,-0.147440,-0.010196,-0.134173,0.000000
2.890000,-0.147440,-0.004396,0.234472,0.000000
2.900000,-0.147440,-0.004396,-0.000542,0.000000
2.910000,-0.147440,-0.004396,0.495104,0.000000
2.920000,-0.147440,0.002765,0.062547,0.000000
2.930000,-0.147440,-0.004396,0.228287,0.000000
2.940000,-0.147440,0.000144,0.391908,0.000000
2.950000,-0.147440,0.002819,0.174261,0.000000
2.960000,-0.147440,-0.004396,-0.229073,0.000000
2.970000,-0.147440,-0.006853,-0.030769,0.000000
2.980000,-0.147440,-0.004396,0.152664,0.000000
2.990000,-0.147440,-0.004396,0.169056,0.000000
3.000000,-0.147440,-0.013067,0.221251,0.000000
3.010000,-0.147440,-0.002637,0.141564,0.000000
3.020000,-0.147440,0.004128,-0.146365,0.000000
3.030000,-0.147440,-0.013187,0.080570,0.000000
3.040000,-0.147440,-0.004396,-0.305090,0.000000
3.050000,-0.147440,-0.011781,0.151352,0.000000
3.060000,-0.147440,0.004396,0.271200,0.000000
3.070000,-0.147440,0.004396,-0.125916,0.000000
3.080000,-0.147440,-0.006355,-0.038147,0.000000
3.090000,-0.147440,-0.008349,0.018395,0.000000
3.100000,-0.147440,-0.003658,-0.294586,0.000000
3.110000,-0.147440,-0.004396,0.064919,0.000000
3.120000,-0.147440,-0.009436,0.127591,0.000000
3.130000,-0.147440,-0.013187,-1.069139,0.000000
3.140000,-0.147440,-0.008636,0.147323,0.000000
3.150000,-0.147440,-0.002529,-1.604159,0.000000
3.160000,-0.147440,-0.002854,-1.433342,0.000000
3.170000,-0.147440,-0.004396,-0.507609,0.000000
3.180000,-0.147440,-0.004396,-0.119150,0.000000
3.190000,-0.147440,-0.002607,-0.091238,0.000000
3.200000,-0.147440,-0.009465,-0.187095,0.000000
3.210000,-0.147440,-0.008613,0.299349,0.000000
3.220000,-0.147440,-0.004396,-0.058643,0.000000
3.230000,-0.147440,-0.007386,0.033269,0.000000
3.240000,-0.147440,0.001291,-0.009036,0.000000
3.250000,-0.147440,-0.004396,-0.208298,0.000000
3.260000,-0.147440,-0.004396,-0.149438,0.000000
3.270000,-0.147440,-0.006586,-0.292059,0.000000
3.280000,-0.147440,0.001495,-0.214758,0.000000
3.290000,-0.147440,-0.000488,-0.365812,0.000000
3.300000,-0.147440,-0.006519,-0.883705,0.000000
3.310000,-0.147440,-0.004396,0.154866,0.000000
3.320000,-0.147440,0.004352,-1.251445,0.000000
3.330000,-0.147440,-0.009772,0.160464,0.000000
3.340000,-0.147440,-0.004396,0.050591,0.000000
3.350000,-0.147440,-0.004594,0.636425,0.000000
3.360000,-0.147440,-0.004396,0.340831,0.000000
3.370000,-0.147440,-0.004396,0.150742,0.000000
3.380000,-0.147440,0.002213,0.523925,0.000000
3.390000,-0.147440,-0.008445,-0.144890,0.000000
3.400000,-0.147440,-0.008294,-0.484076,0.000000
3.410000,-0.147440,-0.012740,-0.015114,0.000000
3.420000,-0.147440,-0.004396,-0.344193,0.000000
3.430000,-0.147440,-0.012336,0.031777,0.000000
3.440000,-0.147440,-0.016428,-0.004810,0.000000
3.450000,-0.147440,-0.001065,-0.521155,0.000000
3.460000,-0.147440,0.004396,-0.338462,0.000000
3.470000,-0.147440,-0.010601,0.157495,0.000000
3.480000,-0.147440,-0.002260,-0.435119,0.000000
3.490000,-0.147440,0.005546,0.405743,0.000000
3.500000,-0.147440,-0.005482,0.242351,0.000000
3.510000,-0.147440,-0.004396,-0.151643,0.000000
3.520000,-0.147440,0.004396,0.314038,0.000000
3.530000,-0.147440,-0.007099,0.845091,0.000000
3.540000,-0.147440,-0.004396,0.073329,0.000000
3.550000,-0.147440,-0.000495,-0.092308,0.000000
3.560000,-0.147440,-0.013187,0.567687,0.000000
3.570000,-0.147440,-0.001292,0.028949,0.000000
3.580000,-0.147440,-0.000154,-0.242930,0.000000
3.590000,-0.147440,-0.004396,0.208802,0.000000
3.600000,-0.147440,-0.006150,0.165772,0.000000
3.610000,-0.147440,-0.009311,-0.020183,0.000000
3.620000,-0.147440,-0.000955,-0.512359,0.000000
3.630000,-0.147440,-0.004396,0.245488,0.000000
3.640000,-0.147440,-0.004396,0.142257,0.000000
3.650000,-0.147440,0.001319,0.141499,0.000000
3.660000,-0.147440,-0.004396,-0.110562,0.000000
3.670000,-0.147440,-0.004396,-0.037783,0.000000
3.680000,-0.147440,-0.000548,-0.257658,0.000000
3.690000,-0.147440,-0.010166,0.171205,0.000000
3.700000,-0.147440,0.000632,-0.021915,0.000000
3.710000,-0.147440,-0.004396,-0.079462,0.000000
3.720000,-0.147440,-0.004396,0.634129,0.000000
3.730000,-0.147440,-0.009260,-0.011093,0.000000
3.740000,-0.147440,-0.001408,0.135940,0.000000
3.750000,-0.147440,-0.004396,-0.009602,0.000000
3.760000,-0.147440,-0.006991,-0.067112,0.000000
3.770000,-0.147440,0.000292,-0.182731,0.000000
3.780000,-0.147440,-0.004396,-0.299167,0.000000
3.790000,-0.147440,-0.010034,0.245488,0.000000
3.800000,-0.147440,0.001623,-0.043558,0.000000
3.810000,-0.147440,-0.004321,0.276402,0.000000
3.820000,-0.147440,0.004396,-0.687202,0.000000
3.830000,-0.147440,-0.004396,-0.312097,0.000000
3.840000,-0.147440,-0.003639,0.122050,0.000000
3.850000,-0.147440,-0.002405,0.092308,0.000000
3.860000,-0.147440,-0.011973,-0.151481,0.000000
3.870000,-0.147440,-0.004396,-0.905382,0.000000
3.880000,-0.147440,-0.004396,0.305820,0.000000
3.890000,-0.147440,-0.003068,-0.012182,0.000000
3.900000,-0.147440,-0.004396,0.216574,0.000000
3.910000,-0.147440,-0.004396,0.222983,0.000000
3.920000,-0.147440,-0.007453,0.044164,0.000000
3.930000,-0.147440,-0.004396,-0.030769,0.000000
3.940000,-0.147440,-0.004396,-0.525096,0.000000
3.950000,-0.147440,-0.009334,-0.065337,0.000000
3.960000,-0.147440,-0.004396,0.349092,0.000000
3.970000,-0.147440,-0.004396,-0.188828,0.000000
3.980000,-0.147440,-0.011675,-0.049969,0.000000
3.990000,-0.147440,-0.010303,0.092308,0.000000
4.000000,-0.147440,-0.003250,-0.017330,0.000000
4.010000,-0.147440,-0.004396,0.129713,0.000000
4.020000,-0.147440,-0.011945,0.567917,0.000000
4.030000,-0.147440,-0.003064,0.327273,0.000000
4.040000,-0.147440,0.004305,0.095173,0.000000
4.050000,-0.147440,0.004396,-0.030769,0.000000
4.060000,-0.147440,-0.012404,0.120974,0.000000
4.070000,-0.147440,-0.004396,0.279103,0.000000
4.080000,-0.147440,-0.004396,0.221950,0.000000
4.090000,-0.147440,-0.004396,0.314875,0.000000
4.100000,-0.147440,-0.004396,0.539454,0.000000
4.110000,-0.147440,-0.004396,-0.214639,0.000000
4.120000,-0.147440,-0.002230,-0.880712,0.000000
4.130000,-0.147440,-0.004396,-0.751838,0.000000
4.140000,-0.147440,0.004396,-0.314132,0.000000
4.150000,-0.147440,-0.004396,0.072280,0.000000
4.160000,-0.147440,-0.004396,-0.136022,0.000000
4.170000,-0.147440,-0.009266,0.604555,0.000000
4.180000,-0.147440,-0.004396,0.598001,0.000000
4.190000,-0.147440,-0.003897,0.114354,0.000000
4.200000,-0.147440,-0.006270,-0.933606,0.000000
4.210000,-0.147440,0.004100,-0.496210,0.000000
4.220000,-0.147440,-0.000472,-0.446222,0.000000
4.230000,-0.147440,-0.013187,-0.153846,0.000000
4.240000,-0.147440,0.003042,-0.068667,0.000000
4.250000,-0.147440,-0.010731,0.457036,0.000000
4.260000,-0.147440,-0.010227,-0.256818,0.000000
4.270000,-0.147440,-0.004396,0.276923,0.000000
4.280000,-0.147440,-0.001588,0.259859,0.000000
4.290000,-0.147440,-0.001694,0.068877,0.000000
4.300000,-0.147440,-0.004396,0.321398,0.000000
4.310000,-0.147440,-0.004504,-0.300499,0.000000
4.320000,-0.147440,-0.011959,0.153846,0.000000
4.330000,-0.147440,-0.012125,0.648250,0.000000
4.340000,-0.147440,-0.004396,-0.204284,0.000000
4.350000,-0.147440,-0.004396,0.569129,0.000000
4.360000,-0.147440,-0.004396,-0.281095,0.000000
4.370000,-0.147440,-0.004396,-0.294930,0.000000
4.380000,-0.147440,-0.012642,0.219201,0.000000
4.390000,-0.147440,-0.007508,0.536117,0.000000
4.400000,-0.147440,-0.007299,-0.236570,0.000000
4.410000,-0.147440,0.002008,-0.089273,0.000000
4.420000,-0.147440,-0.008385,-0.170389,0.000000
4.430000,-0.147440,-0.011556,0.212876,0.000000
4.440000,-0.147440,-0.012288,0.404942,0.000000
4.450000,-0.147440,-0.004396,0.029908,0.000000
4.460000,-0.147440,-0.013187,0.218216,0.000000
4.470000,-0.147440,-0.011056,-0.034525,0.000000
4.480000,-0.147440,-0.004396,-0.058605,0.000000
4.490000,-0.147440,-0.001113,0.176824,0.000000
4.500000,-0.147440,-0.004396,0.230458,0.000000
4.510000,-0.147440,-0.004396,-0.521686,0.000000
4.520000,-0.147440,-0.004396,-0.287346,0.000000
4.530000,-0.147440,-0.004396,0.166457,0.000000
4.540000,-0.147440,0.002441,0.235873,0.000000
4.550000,-0.147440,-0.000318,0.032588,0.000000
4.560000,-0.147440,-0.004396,0.349231,0.000000
4.570000,-0.147440,-0.004396,-0.085783,0.000000
4.580000,-0.147440,-0.002143,-0.038824,0.000000
4.590000,-0.147440,0.004158,-0.311864,0.000000
4.600000,-0.147440,-0.004396,-0.106956,0.000000
4.610000,-0.147440,0.002689,-0.140083,0.000000
4.620000,-0.147440,0.003626,-0.605364,0.000000
4.630000,-0.147440,-0.011310,-0.338462,0.000000
4.640000,-0.147440,-0.008932,0.719483,0.000000
4.650000,-0.147440,0.002029,-0.073373,0.000000
4.660000,-0.147440,-0.007482,-0.415047,0.000000
4.670000,-0.147440,-0.009216,0.080427,0.000000
4.680000,-0.147440,0.002272,-0.340552,0.000000
4.690000,-0.147440,0.004029,0.088455,0.000000
4.700000,-0.147440,-0.001627,0.095710,0.000000
4.710000,-0.147440,-0.004396,0.182915,0.000000
4.720000,-0.147440,-0.004396,0.001004,0.000000
4.730000,-0.147440,0.000538,-0.224184,0.000000
4.740000,-0.147440,-0.002220,-0.093542,0.000000
4.750000,-0.147440,-0.007183,0.949339,0.000000
4.760000,-0.147440,-0.008055,0.005152,0.000000
4.770000,-0.147440,-0.001892,0.030769,0.000000
4.780000,-0.147440,-0.005619,0.350213,0.000000
4.790000,-0.147440,0.006845,0.219451,0.000000
4.800000,-0.147440,-0.004396,-0.006375,0.000000
4.810000,-0.147440,-0.003178,-0.321422,0.000000
4.820000,-0.147440,-0.004396,-0.237251,0.000000
4.830000,-0.147440,-0.004396,-0.030769,0.000000
4.840000,-0.147440,-0.004396,-0.290019,0.000000
4.850000,-0.147440,-0.004396,-0.332630,0.000000
4.860000,-0.147440,-0.004396,0.826264,0.000000
4.870000,-0.147440,-0.010327,0.092308,0.000000
4.880000,-0.147440,-0.005475,0.066421,0.000000
4.890000,-0.147440,-0.004396,0.152231,0.000000
4.900000,-0.147440,0.000372,0.412549,0.000000
4.910000,-0.147440,-0.004396,0.215385,0.000000
4.920000,-0.147440,-0.004396,0.344590,0.000000
4.930000,-0.147440,-0.003174,-0.305927,0.000000
4.940000,-0.147440,-0.004396,0.276923,0.000000
4.950000,-0.147440,0.001683,-0.045185,0.000000
4.960000,-0.147440,-0.007918,0.325615,0.000000
4.970000,-0.147440,-0.004396,-0.033665,0.000000
4.980000,-0.147440,-0.009979,-0.046584,0.000000
4.990000,-0.147440,-0.002616,0.252011,0.000000
5.000000,-0.147440,-0.004396,0.658580,-0.007652
5.010000,-0.145123,0.432323,2.872175,-0.070058
5.020000,-0.139629,0.633172,0.086227,-0.132145
5.030000,-0.135618,0.225135,-1.566832,-0.191805
5.040000,-0.135975,-0.280446,-2.941030,-0.267107
5.050000,-0.142479,-0.948836,-4.100913,-0.339728
5.060000,-0.154471,-1.480414,-4.163883,-0.420636
5.070000,-0.176383,-2.513538,-4.152435,-0.505487
5.080000,-0.203262,-3.236642,-4.461600,-0.588324
5.090000,-0.234294,-3.813864,-4.422350,-0.697315
5.100000,-0.278423,-4.388094,-5.021702,-0.816458
5.110000,-0.327467,-5.559044,-5.510762,-0.941024
5.120000,-0.390235,-5.992926,-5.121992,-1.081838
5.130000,-0.453548,-7.044861,-4.951164,-1.220384
5.140000,-0.535154,-8.441463,-5.036729,-1.353829
5.150000,-0.617219,-8.873678,-4.743987,-1.512939
5.160000,-0.718133,-9.837774,-5.125535,-1.673078
5.170000,-0.811257,-10.250645,-4.586356,-1.838564
5.180000,-0.920129,-11.169513,-4.829119,-2.003798
5.190000,-1.055600,-12.223752,-4.835960,-2.175967
5.200000,-1.174663,-12.520447,-3.242320,-2.349369
5.210000,-1.300222,-13.447991,-3.701435,-2.517837
5.220000,-1.447310,-13.981103,-3.947150,-2.674446
5.230000,-1.585961,-14.483747,-2.660874,-2.846460
5.240000,-1.731405,-14.656075,-2.282981,-3.013733
5.250000,-1.869001,-14.896970,-3.280249,-3.177267
5.260000,-2.022824,-15.305858,-1.848700,-3.317671
5.270000,-2.180162,-15.379104,-0.805992,-3.431535
5.280000,-2.329346,-15.111009,-0.092535,-3.517295
5.290000,-2.468656,-14.582013,1.827733,-3.597932
5.300000,-2.598582,-13.726632,1.480641,-3.681204
5.310000,-2.743424,-13.127253,2.264234,-3.760387
5.320000,-2.871250,-12.866025,1.431781,-3.832997
5.330000,-3.003050,-11.643470,1.200000,-3.900680
5.340000,-3.106304,-11.533968,1.732234,-3.965370
5.350000,-3.216046,-10.666341,1.524892,-4.016026
5.360000,-3.319716,-10.207786,1.698840,-4.055263
5.370000,-3.406485,-9.030705,2.530934,-4.084947
5.380000,-3.503079,-8.319312,2.335719,-4.111008
5.390000,-3.582870,-7.806165,2.258144,-4.127470
5.400000,-3.655832,-7.067790,2.190175,-4.132665
5.410000,-3.721121,-6.477237,2.064469,-4.125035
5.420000,-3.783288,-5.530997,3.336368,-4.105603
5.430000,-3.829400,-4.349311,3.612840,-4.067802
5.440000,-3.868982,-3.208431,3.797368,-4.022754
5.450000,-3.899192,-2.606700,3.849135,-3.958462
5.460000,-3.916889,-1.435681,4.090777,-3.888764
5.470000,-3.925010,-0.454246,3.856807,-3.806560
5.480000,-3.923450,0.609599,4.812625,-3.703630
5.490000,-3.912912,1.650579,4.976820,-3.599828
5.500000,-3.888856,2.855912,5.359893,-3.489738
5.510000,-3.859049,3.651503,5.689778,-3.360558
5.520000,-3.815469,4.304841,5.571910,-3.230894
5.530000,-3.767100,5.700063,5.481944,-3.089604
5.540000,-3.696216,7.009172,5.543689,-2.952311
5.550000,-3.628297,7.849141,4.985971,-2.805597
5.560000,-3.543650,8.713127,5.365336,-2.640832
5.570000,-3.445262,9.533581,5.507692,-2.492199
5.580000,-3.349297,10.267480,4.359458,-2.338124
5.590000,-3.234663,11.417889,4.228512,-2.181107
5.600000,-3.132031,11.629248,4.169718,-2.031166
5.610000,-2.999423,12.171429,2.943363,-1.901972
5.620000,-2.874212,12.447192,3.097626,-1.776505
5.630000,-2.754331,12.657398,1.930590,-1.657821
5.640000,-2.625618,12.612238,1.845393,-1.548719
5.650000,-2.503015,12.620065,0.747057,-1.442584
5.660000,-2.367495,12.532011,-0.160851,-1.352707
5.670000,-2.253843,12.006569,-0.938633,-1.277699
5.680000,-2.133637,11.898063,-1.220424,-1.212744
5.690000,-2.016858,11.319036,-1.579270,-1.148835
5.700000,-1.894226,10.648454,-2.037398,-1.100208
5.710000,-1.800667,10.177921,-2.360566,-1.069781
5.720000,-1.709973,9.639117,-2.799772,-1.052201
5.730000,-1.620415,8.522437,-2.902094,-1.049836
5.740000,-1.541493,7.259346,-3.602436,-1.061495
5.750000,-1.473552,6.053746,-3.593316,-1.083887
5.760000,-1.414828,5.621940,-3.696667,-1.121638
5.770000,-1.366502,4.318085,-2.877069,-1.166712
5.780000,-1.328667,3.066960,-4.338462,-1.223816
5.790000,-1.304484,1.977176,-3.672563,-1.289828
5.800000,-1.291393,0.904981,-3.614966,-1.369186
5.810000,-1.288052,-0.183427,-3.872037,-1.452388
5.820000,-1.294476,-0.911570,-4.975562,-1.545582
5.830000,-1.309626,-1.788896,-4.655861,-1.628718
5.840000,-1.335230,-2.926806,-5.516362,-1.735077
5.850000,-1.367594,-3.935308,-5.722407,-1.856555
5.860000,-1.411374,-4.744402,-5.591595,-1.987109
5.870000,-1.466739,-5.778564,-5.333513,-2.106649
5.880000,-1.526272,-6.910713,-5.161513,-2.226881
5.890000,-1.604754,-7.810989,-4.657893,-2.341604
5.900000,-1.676887,-8.183373,-4.168342,-2.452736
5.910000,-1.761108,-8.418960,-2.740242,-2.552927
5.920000,-1.849278,-8.990925,-2.356851,-2.640794
5.930000,-1.948277,-8.949566,-1.335449,-2.715273
5.940000,-2.031770,-9.275033,-0.793887,-2.773827
5.950000,-2.127760,-8.900552,0.163160,-2.813911
5.960000,-2.210992,-8.154358,1.080225,-2.839727
5.970000,-2.287204,-8.013367,1.543302,-2.854307
5.980000,-2.362798,-7.125378,2.745047,-2.857413
5.990000,-2.434980,-6.490368,2.471781,-2.852477
6.000000,-2.494938,-5.631084,2.857426,-2.840670
6.010000,-2.546492,-4.923351,2.469225,-2.824085
6.020000,-2.588054,-3.884986,1.649299,-2.803188
6.030000,-2.619691,-2.985524,2.405772,-2.777341
6.040000,-2.646272,-2.321503,2.000459,-2.750440
6.050000,-2.666487,-1.660224,1.793006,-2.720169
6.060000,-2.678722,-1.048341,1.830845,-2.686210
6.070000,-2.685196,-0.410238,1.500940,-2.655355
6.080000,-2.686516,0.080023,1.511813,-2.624697
6.090000,-2.684374,0.285340,2.008460,-2.596725
6.100000,-2.679928,0.562419,2.176088,-2.571887
6.110000,-2.673063,0.704778,2.389287,-2.549184
6.120000,-2.663419,1.031529,1.720653,-2.530545
6.130000,-2.652265,1.231351,1.771493,-2.517478
6.140000,-2.639875,1.207318,1.374306,-2.510311
6.150000,-2.625755,1.320041,0.913562,-2.509286
6.160000,-2.613557,1.209539,0.131045,-2.514496
6.170000,-2.603119,1.030536,0.379898,-2.522588
6.180000,-2.592059,0.937812,-0.092308,-2.535227
6.190000,-2.584509,0.735434,0.123658,-2.550943
6.200000,-2.578788,0.413501,-0.630769,-2.572643
6.210000,-2.576295,0.082977,-0.338462,-2.594613
6.220000,-2.577058,-0.118681,-0.988982,-2.623787
6.230000,-2.578641,-0.279557,-1.821603,-2.667225
6.240000,-2.583547,-0.655333,-2.310411,-2.716040
6.250000,-2.590451,-0.883104,-3.159610,-2.767902
6.260000,-2.603206,-1.457549,-2.695807,-2.808645
6.270000,-2.620443,-1.870506,-2.331693,-2.853051
6.280000,-2.643402,-2.255525,-3.207319,-2.907448
6.290000,-2.668075,-2.677879,-2.936789,-2.966661
6.300000,-2.696959,-3.192535,-3.347783,-3.026454
6.310000,-2.727428,-3.323013,-2.738462,-3.081466
6.320000,-2.761999,-3.652946,-2.520432,-3.132465
6.330000,-2.804949,-4.048685,-1.739470,-3.176057
6.340000,-2.844352,-3.925830,-1.616518,-3.211849
6.350000,-2.882477,-4.129688,-0.477979,-3.232172
6.360000,-2.926194,-4.065507,-0.279091,-3.237241
6.370000,-2.962668,-3.851862,2.224572,-3.223420
6.380000,-2.998073,-3.529409,0.877652,-3.186287
6.390000,-3.029266,-2.857767,3.020196,-3.132668
6.400000,-3.050186,-1.797563,3.522993,-3.059721
6.410000,-3.062328,-0.750038,3.820842,-2.968836
6.420000,-3.063917,0.375731,4.015801,-2.853111
6.430000,-3.054241,1.347561,6.745363,-2.720034
6.440000,-3.031901,2.922498,6.923077,-2.568241
6.450000,-3.000309,3.938997,7.902288,-2.397894
6.460000,-2.950619,5.866219,8.535565,-2.209221
6.470000,-2.880355,7.236457,8.428197,-2.010803
6.480000,-2.805681,8.724623,8.934811,-1.783184
6.490000,-2.698225,10.913183,7.755012,-1.549375
6.500000,-2.587900,12.205267,8.377012,-1.323310
6.510000,-2.451966,13.778485,8.673427,-1.075630
6.520000,-2.307218,15.301719,7.358289,-0.810237
6.530000,-2.154383,16.417582,2.923077,-0.523373
6.540000,-1.999067,16.391811,0.330402,-0.247318
6.550000,-1.837266,16.081156,0.758453,0.029164
6.560000,-1.672128,16.177265,0.682094,0.294952
6.570000,-1.510509,16.144536,0.733034,0.584880
6.580000,-1.353521,16.067760,0.696097,0.842164
6.590000,-1.193315,16.065103,1.716602,1.119202
6.600000,-1.031518,16.129782,1.897911,1.377218
6.610000,-0.865764,15.939720,1.753846,1.623739
6.620000,-0.711944,16.002670,1.251299,1.847913
6.630000,-0.550871,16.006234,0.820694,2.081642
6.640000,-0.389941,16.043332,2.054511,2.282613
6.650000,-0.229261,16.096657,1.138181,2.470429
6.660000,-0.069092,16.079340,0.602636,2.633080
6.670000,0.100261,16.046341,1.200000,2.778376
6.680000,0.261477,15.978971,1.091976,2.893518
6.690000,0.410557,16.075275,1.605123,2.997537
6.700000,0.578847,16.069646,1.377787,3.079985
6.710000,0.734131,16.130263,1.113714,3.147625
6.720000,0.897470,16.121150,1.071134,3.196506
6.730000,1.057466,16.136784,1.068426,3.218599
6.740000,1.221043,16.048723,1.257634,3.230098
6.750000,1.374252,15.960542,1.815385,3.236839
6.760000,1.536182,16.230880,0.241510,3.236607
6.770000,1.695703,15.986137,0.646154,3.228827
6.780000,1.847162,16.065934,1.681770,3.216028
6.790000,2.025993,15.878586,-2.237703,3.198736
6.800000,2.174070,14.968186,-5.181749,3.174767
6.810000,2.318236,13.419530,-7.193324,3.137639
6.820000,2.436773,11.283349,-6.863883,3.091923
6.830000,2.538261,9.470178,-7.910844,3.048513
6.840000,2.620589,7.349352,-6.581180,2.996388
6.850000,2.684263,5.489072,-6.276196,2.946464
6.860000,2.739318,4.152591,-5.726217,2.896323
6.870000,2.771597,3.058584,-4.727851,2.843700
6.880000,2.792934,1.898454,-3.790880,2.796739
6.890000,2.805474,0.603519,-2.837558,2.747241
6.900000,2.807031,-0.190331,-2.852298,2.699982
6.910000,2.802058,-0.870432,-2.498032,2.659087
6.920000,2.793726,-1.183505,-2.920117,2.621927
6.930000,2.779702,-1.333978,-2.947340,2.587384
6.940000,2.762036,-1.559564,-1.993608,2.561521
6.950000,2.744046,-1.868661,-1.662649,2.537733
6.960000,2.722759,-2.026740,-1.093329,2.522694
6.970000,2.702691,-2.049468,-1.138462,2.512375
6.980000,2.681798,-2.006037,-0.930863,2.509101
6.990000,2.660492,-1.849169,-0.233037,2.510769
7.000000,2.642276,-1.885422,0.160327,2.518669
7.010000,2.624804,-1.577143,0.308654,2.530920
7.020000,2.611544,-1.089475,-0.257624,2.549376
7.030000,2.601600,-0.947979,0.502754,2.571718
7.040000,2.594813,-0.423901,0.614806,2.594465
7.050000,2.592317,-0.089048,0.591522,2.621292
7.060000,2.592698,0.118590,1.322693,2.649222
7.070000,2.594884,0.309016,1.893531,2.677748
7.080000,2.599392,0.656553,2.197231,2.708626
7.090000,2.606311,0.814480,1.869403,2.737592
7.100000,2.616800,1.174421,2.128640,2.767017
7.110000,2.628914,1.333110,1.880905,2.793472
7.120000,2.644212,1.595169,1.901222,2.816378
7.130000,2.658556,1.791601,1.228861,2.835883
7.140000,2.676528,1.906322,1.507692,2.848616
7.150000,2.695398,1.555373,0.659334,2.855878
7.160000,2.711630,1.688063,0.591797,2.857197
7.170000,2.728554,1.527399,0.161962,2.850326
7.180000,2.743187,1.475975,-0.029564,2.835635
7.190000,2.756527,1.161463,-0.395222,2.813721
7.200000,2.766212,0.755378,-0.855939,2.783042
7.210000,2.771407,0.288636,-0.777314,2.740458
7.220000,2.771992,-0.137165,-1.677316,2.690985
7.230000,2.768909,-0.542435,-2.384149,2.635530
7.240000,2.761675,-0.834255,-3.386108,2.581591
7.250000,2.748591,-1.507692,-3.139789,2.508986
7.260000,2.730628,-2.154149,-4.529372,2.430908
7.270000,2.706105,-2.906605,-4.455817,2.350159
7.280000,2.676315,-3.415931,-4.449277,2.270160
7.290000,2.635467,-4.095255,-4.229080,2.172671
7.300000,2.592468,-4.517873,-3.870884,2.074215
7.310000,2.538757,-5.482646,-3.903046,1.981823
7.320000,2.482766,-6.318042,-3.592044,1.881096
7.330000,2.417822,-6.567401,-3.234493,1.790129
7.340000,2.356166,-6.811343,-2.851575,1.690745
7.350000,2.283449,-7.376388,-2.977406,1.596126
7.360000,2.205826,-7.749616,-2.180252,1.504493
7.370000,2.128242,-7.611124,-1.293958,1.416152
7.380000,2.049160,-8.102354,-2.033636,1.332896
7.390000,1.962086,-8.261579,-1.379392,1.262315
7.400000,1.885932,-8.476726,-0.474951,1.198314
7.410000,1.798243,-8.358923,0.115648,1.153513
7.420000,1.716991,-7.574277,0.747964,1.113894
7.430000,1.645865,-7.098891,0.879262,1.079195
7.440000,1.570456,-7.081900,1.293468,1.059343
7.450000,1.509555,-6.350428,1.196215,1.049386
7.460000,1.448931,-5.980349,1.480476,1.052433
7.470000,1.389726,-5.110033,2.503133,1.065301
7.480000,1.344042,-4.259957,2.854875,1.091252
7.490000,1.303846,-3.610260,3.048439,1.130811
7.500000,1.275033,-2.629981,3.213176,1.178277
7.510000,1.251375,-1.606752,3.301190,1.244281
7.520000,1.241273,-0.776340,4.147543,1.325006
7.530000,1.239029,0.275631,4.699939,1.412084
7.540000,1.245896,1.153491,5.184339,1.516999
7.550000,1.261688,2.141635,5.309402,1.619903
7.560000,1.291898,3.149118,4.345220,1.723337
7.570000,1.327054,4.187632,5.983227,1.853369
7.580000,1.375158,5.455490,5.960706,1.988616
7.590000,1.429397,6.249610,5.379281,2.144467
7.600000,1.493790,7.263946,5.676136,2.299899
7.610000,1.577653,8.241412,5.855534,2.447361
7.620000,1.674482,9.128829,5.049099,2.589571
7.630000,1.767467,9.776624,4.112442,2.728706
7.640000,1.865161,11.060278,3.612103,2.881494
7.650000,1.988358,11.242814,3.562962,3.042014
7.660000,2.100900,11.851091,3.614881,3.179761
7.670000,2.211912,12.637073,2.612596,3.319970
7.680000,2.342410,12.393939,3.195879,3.440838
7.690000,2.475816,12.491661,1.111272,3.569310
7.700000,2.603934,12.801816,1.306669,3.686994
7.710000,2.715486,12.595650,1.286083,3.789445
7.720000,2.858949,12.999343,-0.092763,3.880813
7.730000,2.984347,12.011105,-0.953846,3.956320
7.740000,3.099293,11.699885,-0.687916,4.021563
7.750000,3.210538,11.310837,-1.725038,4.072058
7.760000,3.320298,10.995857,-2.469348,4.107726
7.770000,3.418653,9.864547,-2.772005,4.126429
7.780000,3.523150,8.917963,-3.270518,4.132483
7.790000,3.600899,8.058169,-3.388207,4.118983
7.800000,3.676251,7.055959,-4.297111,4.085984
7.810000,3.740329,5.841042,-4.845573,4.036145
7.820000,3.791839,4.478842,-5.141458,3.971333
7.830000,3.826045,3.296450,-5.053208,3.884621
7.840000,3.848880,1.903085,-5.078405,3.783761
7.850000,3.858014,0.048718,-5.821624,3.669854
7.860000,3.852054,-1.118392,-6.995762,3.534281
7.870000,3.834050,-2.472846,-7.880447,3.386768
7.880000,3.799595,-4.020550,-7.778832,3.234348
7.890000,3.754394,-5.201879,-7.209408,3.070527
7.900000,3.694499,-6.713817,-6.893339,2.899379
7.910000,3.613737,-7.989124,-6.281095,2.748755
7.920000,3.531158,-9.159992,-5.839049,2.573751
7.930000,3.435196,-10.040644,-5.217152,2.396242
7.940000,3.326500,-11.646763,-5.655574,2.220315
7.950000,3.209755,-12.375296,-5.415571,2.043035
7.960000,3.073488,-12.833642,-3.496124,1.869049
7.970000,2.941012,-14.030928,-5.250051,1.694771
7.980000,2.798690,-14.359998,-3.047701,1.528050
7.990000,2.663923,-14.662664,-3.553321,1.373104
8.000000,2.519679,-15.091134,-2.472288,1.224036
8.010000,2.366456,-14.969736,-1.474539,1.088811
8.020000,2.215772,-15.095887,-0.933625,0.951063
8.030000,2.047907,-15.113377,-0.831428,0.834652
8.040000,1.917675,-14.980411,-0.153846,0.721608
8.050000,1.773765,-14.206289,0.738766,0.613754
8.060000,1.616867,-14.335468,0.156592,0.526189
8.070000,1.481182,-13.637346,1.223269,0.438280
8.080000,1.361351,-12.899280,1.652948,0.348993
8.090000,1.225159,-12.217392,1.368787,0.270884
8.100000,1.106422,-11.806601,1.780268,0.198188
8.110000,0.999233,-11.060518,1.449908,0.128863
8.120000,0.883936,-10.450884,0.650586,0.059046
8.130000,0.775369,-10.295535,1.775610,-0.009392
8.140000,0.680662,-9.920817,0.617351,-0.084122
8.150000,0.589751,-9.593633,0.567988,-0.158873
8.160000,0.494802,-8.910659,0.525602,-0.234732
8.170000,0.405422,-9.140673,0.148008,-0.313190
8.180000,0.314987,-8.356044,-1.032310,-0.399192
8.190000,0.230818,-8.349781,-0.947508,-0.485745
8.200000,0.151492,-8.524918,-1.201546,-0.576604
8.210000,0.067121,-8.696328,-1.868974,-0.676641
8.220000,-0.018333,-8.373309,-1.960131,-0.767018
8.230000,-0.102730,-8.827922,-0.563629,-0.831854
8.240000,-0.189553,-8.790909,-1.221799,-0.922143
8.250000,-0.280447,-8.357750,-1.448144,-1.015987
8.260000,-0.360690,-8.764525,-2.184409,-1.115690
8.270000,-0.440795,-9.068132,-2.123077,-1.233580
8.280000,-0.536150,-8.641594,-2.313390,-1.363856
8.290000,-0.622035,-9.729509,-3.274299,-1.491182
8.300000,-0.720867,-9.475686,-3.386990,-1.639692
8.310000,-0.818971,-9.936064,-3.126872,-1.777516
8.320000,-0.923817,-11.129104,-4.097240,-1.922125
8.330000,-1.044032,-11.597406,-3.632017,-2.052673
8.340000,-1.147457,-11.580208,-2.719292,-2.204895
8.350000,-1.274559,-12.284405,-4.029779,-2.365161
8.360000,-1.402307,-12.170859,-3.248522,-2.535946
8.370000,-1.525153,-12.792151,-3.615936,-2.693913
8.380000,-1.654780,-13.300064,-3.312261,-2.845276
8.390000,-1.782780,-13.709210,-3.869009,-2.989028
8.400000,-1.931548,-13.765727,-2.195000,-3.142822
8.410000,-2.060192,-14.168283,-1.888935,-3.297158
8.420000,-2.201383,-14.270884,-1.347808,-3.430936
8.430000,-2.344544,-14.308051,-1.717007,-3.555117
8.440000,-2.489859,-14.132390,-0.121249,-3.663167
8.450000,-2.640473,-14.005563,0.013199,-3.768663
8.460000,-2.776127,-13.571348,0.804672,-3.855431
8.470000,-2.902552,-12.848586,1.261538,-3.931162
8.480000,-3.043968,-12.546140,1.579231,-3.999427
8.490000,-3.158087,-11.740402,2.139576,-4.056302
8.500000,-3.269376,-11.101247,1.978976,-4.096667
8.510000,-3.385134,-10.531315,2.838336,-4.123525
8.520000,-3.478300,-9.443109,2.770430,-4.132672
8.530000,-3.570850,-8.610751,2.694237,-4.125712
8.540000,-3.645067,-7.603378,3.577796,-4.101017
8.550000,-3.713508,-6.409451,3.914897,-4.063644
8.560000,-3.774537,-4.924783,4.449890,-4.010588
8.570000,-3.815803,-4.014553,4.453971,-3.953683
8.580000,-3.842715,-2.847914,3.942561,-3.894707
8.590000,-3.865370,-1.493405,4.163427,-3.822802
8.600000,-3.872544,-0.330938,3.905030,-3.746902
8.610000,-3.869890,0.609194,4.703708,-3.678352
8.620000,-3.858996,1.378928,4.431798,-3.581584
8.630000,-3.840508,2.156102,6.681720,-3.462918
8.640000,-3.812637,3.260459,6.800000,-3.310523
8.650000,-3.772519,4.695146,6.913462,-3.139319
8.660000,-3.713019,6.093278,7.654496,-2.960133
8.670000,-3.646508,7.329954,8.139135,-2.777013
8.680000,-3.554936,8.919622,7.949193,-2.590699
8.690000,-3.460311,10.167548,7.038939,-2.406140
8.700000,-3.357323,11.264266,6.253640,-2.227356
8.710000,-3.241797,12.586175,5.631679,-2.050288
8.720000,-3.111421,13.553370,4.476366,-1.880914
8.730000,-2.969476,13.578768,4.572220,-1.727619
8.740000,-2.825017,14.254945,2.738462,-1.580612
8.750000,-2.675501,14.738349,1.261877,-1.451205
8.760000,-2.545954,14.426476,0.929838,-1.338030
8.770000,-2.396890,14.424528,-0.593384,-1.242910
8.780000,-2.260433,13.917441,-1.633413,-1.165614
8.790000,-2.123848,13.696888,-1.862200,-1.107102
8.800000,-1.992016,12.522880,-3.232145,-1.068873
8.810000,-1.860864,11.334074,-3.605312,-1.051009
8.820000,-1.754416,10.524614,-4.111667,-1.052120
8.830000,-1.663279,9.679935,-4.988842,-1.071886
8.840000,-1.575520,8.154510,-5.905042,-1.107061
8.850000,-1.503813,6.601135,-5.495958,-1.159032
8.860000,-1.442394,4.921414,-5.825306,-1.227143
8.870000,-1.400053,3.683199,-5.881014,-1.309086
8.880000,-1.374167,1.854107,-5.067868,-1.403307
8.890000,-1.360262,0.698316,-5.509627,-1.503697
8.900000,-1.360802,-0.619122,-6.280660,-1.613889
8.910000,-1.374470,-1.720754,-6.127033,-1.728630
8.920000,-1.400086,-2.856870,-6.161002,-1.846900
8.930000,-1.434733,-4.353511,-6.953322,-1.967346
8.940000,-1.486778,-5.565992,-5.990093,-2.086119
8.950000,-1.537875,-6.070685,-4.681373,-2.183655
8.960000,-1.601949,-6.700195,-2.924394,-2.246257
8.970000,-1.672366,-7.019283,-1.604147,-2.317195
8.980000,-1.743212,-6.766224,-1.015385,-2.378806
8.990000,-1.819673,-7.276004,-1.241959,-2.438733
9.000000,-1.890210,-7.173138,-1.098860,-2.503223
9.010000,-1.964430,-6.931347,-0.721669,-2.567552
9.020000,-2.039436,-7.215748,-1.561281,-2.637272
9.030000,-2.104309,-7.210386,-0.581458,-2.705100
9.040000,-2.173678,-6.746878,-1.313637,-2.762613
9.050000,-2.243348,-6.829860,-1.075096,-2.808490
9.060000,-2.311531,-6.928232,-0.041595,-2.835299
9.070000,-2.375598,-6.771615,0.893669,-2.845448
9.080000,-2.433973,-6.131822,0.969905,-2.853195
9.090000,-2.493649,-5.117531,1.863631,-2.857070
9.100000,-2.544881,-4.659745,1.461020,-2.857385
9.110000,-2.587147,-3.935519,1.285100,-2.854401
9.120000,-2.623065,-3.553395,1.547310,-2.848007
9.130000,-2.656024,-3.116484,0.769237,-2.837545
9.140000,-2.682937,-2.484426,1.874811,-2.823986
9.150000,-2.705969,-1.808048,0.766969,-2.811041
9.160000,-2.721422,-1.426788,1.111163,-2.790244
9.170000,-2.733981,-1.028784,0.520137,-2.763723
9.180000,-2.741416,-0.553480,0.797438,-2.736391
9.190000,-2.744023,-0.075523,0.995805,-2.705566
9.200000,-2.743000,0.153045,1.451761,-2.677739
9.210000,-2.740373,0.398001,2.320247,-2.646844
9.220000,-2.735712,0.634884,2.270971,-2.616960
9.230000,-2.727598,0.891573,2.038467,-2.589921
9.240000,-2.716360,1.209887,2.166680,-2.563577
9.250000,-2.703816,1.333840,1.965108,-2.542864
9.260000,-2.689040,1.420253,1.409272,-2.527842
9.270000,-2.673439,1.484003,0.701728,-2.515431
9.280000,-2.655861,1.429615,1.177694,-2.509221
9.290000,-2.640744,1.526160,-0.302202,-2.511848
9.300000,-2.625575,1.491717,0.348388,-2.524512
9.310000,-2.612711,1.157232,-0.579649,-2.547353
9.320000,-2.601669,0.886530,-0.850119,-2.579009
9.330000,-2.595824,0.367636,-1.533560,-2.621108
9.340000,-2.594224,-0.075840,-1.651697,-2.669390
9.350000,-2.596987,-0.432731,-2.146147,-2.725464
9.360000,-2.604205,-0.901099,-3.278948,-2.787090
9.370000,-2.616491,-1.620132,-3.736031,-2.852601
9.380000,-2.635977,-2.258904,-4.028153,-2.912500
9.390000,-2.657790,-2.296945,-3.568095,-2.973415
9.400000,-2.687184,-2.871842,-2.545091,-3.012043
9.410000,-2.717692,-3.553631,-2.068296,-3.046900
9.420000,-2.754055,-3.734240,-1.715950,-3.086064
9.430000,-2.788041,-3.217845,-1.724383,-3.119000
9.440000,-2.826571,-3.803736,-1.472205,-3.150706
9.450000,-2.862919,-3.728006,-0.786086,-3.171143
9.460000,-2.898770,-3.467245,-1.111054,-3.199081
9.470000,-2.935216,-3.698317,-0.470520,-3.220921
9.480000,-2.967114,-3.407593,-0.151505,-3.234675
9.490000,-2.998803,-3.301023,-0.349843,-3.237384
9.500000,-3.030882,-2.753592,0.430178,-3.229326
9.510000,-3.055543,-2.383770,1.752752,-3.208949
9.520000,-3.079076,-2.102452,1.241124,-3.175439
9.530000,-3.096069,-1.496905,1.848382,-3.132241
9.540000,-3.107593,-0.843876,2.382653,-3.065143
9.550000,-3.110742,0.009707,2.764090,-2.989888
9.560000,-3.106695,0.734842,4.239555,-2.889494
9.570000,-3.095112,1.626071,4.488506,-2.783140
9.580000,-3.073555,2.658775,5.046814,-2.671261
9.590000,-3.041209,3.420438,5.803594,-2.537650
9.600000,-3.000507,4.414795,6.457168,-2.378758
9.610000,-2.946935,5.761545,6.389822,-2.212815
9.620000,-2.875109,7.426881,6.976125,-2.027498
9.630000,-2.797270,8.592145,7.090025,-1.834379
9.640000,-2.690939,10.301873,7.365980,-1.612097
9.650000,-2.595189,11.508852,8.854239,-1.362178
9.660000,-2.454454,13.493573,9.394330,-1.077126
9.670000,-2.310800,15.190124,8.822832,-0.780280
9.680000,-2.155328,16.534642,3.916690,-0.468989
9.690000,-1.985505,16.350294,-0.819974,-0.143633
9.700000,-1.830602,16.035963,0.463646,0.167667
9.710000,-1.683310,16.152724,1.019310,0.450704
9.720000,-1.517525,16.105032,0.345036,0.735274
9.730000,-1.350436,16.082574,1.291235,1.010334
9.740000,-1.204863,16.002026,1.607632,1.285006
9.750000,-1.033804,16.123866,1.420906,1.547336
9.760000,-0.877750,16.019288,1.432948,1.782772
9.770000,-0.713225,16.067045,0.837575,1.995916
9.780000,-0.549442,15.988514,1.143096,2.208378
9.790000,-0.401464,15.996104,0.462927,2.408215
9.800000,-0.237863,16.079540,1.832238,2.581711
9.810000,-0.073316,15.933690,0.656614,2.741647
9.820000,0.099305,16.130152,1.197696,2.874804
9.830000,0.241077,16.039602,1.235576,2.987083
9.840000,0.417215,16.094192,1.460138,3.075256
9.850000,0.566772,16.090581,0.928336,3.143860
9.860000,0.743443,16.135703,1.084770,3.192632
9.870000,0.889654,15.945963,1.553418,3.223608
9.880000,1.044925,16.095147,0.839102,3.236694
9.890000,1.213908,16.058827,1.119805,3.234217
9.900000,1.386614,15.968670,1.031086,3.218309
9.910000,1.526340,16.061839,1.225357,3.189840
9.920000,1.692592,15.978022,0.791876,3.152747
9.930000,1.849098,16.172706,2.866166,3.107073
9.940000,2.015980,15.282230,-4.007415,3.049870
9.950000,2.169884,13.300621,-7.042497,2.989556
9.960000,2.287029,11.263764,-7.955384,2.925976
9.970000,2.388824,9.157813,-7.925584,2.866727
9.980000,2.465413,7.228658,-7.330564,2.805418
9.990000,2.533766,5.555119,-6.760859,2.748750
10.000000,2.576224,4.000086,-5.692308,2.695460
10.010000,2.606756,2.482634,-4.741549,2.642808
10.020000,2.624375,1.208241,-3.298470,2.599465
10.030000,2.631228,0.257041,-2.272659,2.563377
10.040000,2.630846,-0.247806,-2.837536,2.537144
10.050000,2.625871,-0.716123,-2.118024,2.519795
10.060000,2.618347,-0.979914,-1.721368,2.510455
10.070000,2.609655,-1.044410,-0.898495,2.509652
10.080000,2.599362,-1.041758,-0.580695,2.516856
10.090000,2.590193,-0.968899,-0.277364,2.530862
10.100000,2.582423,-0.776628,0.267165,2.551382
10.110000,2.576693,-0.443204,0.337145,2.576933
10.120000,2.574388,-0.125076,0.690915,2.604738
10.130000,2.574769,0.137527,1.507692,2.640277
10.140000,2.577270,0.369715,2.048208,2.676982
10.150000,2.581553,0.685357,2.580463,2.713743
10.160000,2.591254,1.098243,2.428190,2.750182
10.170000,2.603460,1.445923,2.362771,2.784207
10.180000,2.618639,1.749456,2.076875,2.812135
10.190000,2.636576,2.022729,2.476747,2.833810
10.200000,2.656704,2.072856,1.179088,2.848232
10.210000,2.675498,2.117483,0.827606,2.856615
10.220000,2.696836,1.669203,0.575007,2.856325
10.230000,2.716300,1.770265,0.041117,2.845837
10.240000,2.731243,1.441983,-0.369755,2.824054
10.250000,2.745326,1.123330,-1.047556,2.794129
10.260000,2.754774,0.729426,-1.302318,2.750859
10.270000,2.759480,0.190699,-1.852199,2.696505
10.280000,2.758076,-0.328229,-2.797477,2.631042
10.290000,2.752016,-0.913974,-3.988302,2.559738
10.300000,2.740027,-1.620889,-4.187187,2.475496
10.310000,2.717819,-2.462260,-4.215385,2.377715
10.320000,2.693765,-3.044769,-4.952589,2.272885
10.330000,2.657181,-4.170817,-5.251208,2.162562
10.340000,2.613004,-4.578175,-4.378998,2.058499
10.350000,2.555318,-6.058488,-4.666877,1.945066
10.360000,2.495218,-6.546316,-4.266745,1.825682
10.370000,2.428805,-6.856542,-3.888666,1.708793
10.380000,2.344495,-7.557171,-3.139236,1.598115
10.390000,2.273137,-8.145199,-2.839200,1.496563
10.400000,2.179277,-9.020462,-2.660469,1.396438
10.410000,2.098984,-8.834976,-1.833716,1.306951
10.420000,2.005737,-8.892620,-2.313939,1.225297
10.430000,1.905925,-9.303751,-1.106286,1.157174
10.440000,1.826489,-8.986806,-0.867792,1.104323
10.450000,1.735692,-8.650366,0.955430,1.068978
10.460000,1.646847,-7.959301,1.370511,1.051378
10.470000,1.566070,-7.692070,2.138100,1.051307
10.480000,1.503365,-6.954722,3.046154,1.070038
10.490000,1.440396,-5.912478,4.014975,1.106891
10.500000,1.386860,-4.778624,3.688968,1.163189
10.510000,1.346897,-3.493559,4.712991,1.238238
10.520000,1.318534,-2.257181,5.060332,1.326829
10.530000,1.303735,-0.952400,5.247828,1.435728
10.540000,1.302819,0.492376,6.416767,1.561296
10.550000,1.316663,1.648352,6.492308,1.689339
10.560000,1.340067,3.150023,6.858982,1.842342
10.570000,1.381736,4.676167,7.635847,2.011655
10.580000,1.431712,6.061828,7.668598,2.182809
10.590000,1.504956,7.769768,7.247134,2.352349
10.600000,1.589169,8.867398,6.877043,2.528267
10.610000,1.684687,9.966273,6.958763,2.701577
10.620000,1.783209,11.517072,5.578031,2.880628
10.630000,1.902480,12.123729,4.800771,3.053819
10.640000,2.024616,12.535794,5.254140,3.231019
10.650000,2.155869,13.620300,3.499211,3.392943
10.660000,2.289643,13.953240,2.672432,3.515149
10.670000,2.432217,14.172403,0.356110,3.606965
10.680000,2.579704,13.775065,0.538647,3.682209
10.690000,2.702491,13.256101,-1.125775,3.767409
10.700000,2.840338,12.927581,-1.876923,3.835886
10.710000,2.965104,11.889698,-1.693195,3.896910
10.720000,3.087161,11.220671,-2.573342,3.934663
10.730000,3.184939,10.883725,-3.066301,3.984613
10.740000,3.293034,9.870695,-2.487700,4.024737
10.750000,3.387704,8.935393,-2.497979,4.053767
10.760000,3.479154,8.257964,-2.710711,4.086882
10.770000,3.556714,7.748932,-1.994279,4.115698
10.780000,3.636865,7.060604,-2.384852,4.130108
10.790000,3.693798,6.187512,-2.468035,4.130909
10.800000,3.754662,5.619097,-2.319815,4.116059
10.810000,3.811082,4.311861,-2.625018,4.085924
10.820000,3.854958,4.056596,-3.901339,4.037812
10.830000,3.885034,3.058095,-4.100351,3.974335
10.840000,3.908035,1.831264,-4.336294,3.901288
10.850000,3.918991,0.741439,-3.785939,3.827969
10.860000,3.919993,-0.356493,-4.137676,3.744933
10.870000,3.911709,-1.138748,-4.789576,3.638452
10.880000,3.894399,-2.268068,-5.532908,3.531590
10.890000,3.867842,-3.269095,-6.061611,3.408198
10.900000,3.828730,-4.280683,-6.351318,3.277633
10.910000,3.778279,-5.436755,-6.066308,3.139707
10.920000,3.719951,-6.610908,-5.622334,3.009688
10.930000,3.648073,-7.572578,-5.499346,2.880362
10.940000,3.567184,-8.136432,-4.666143,2.742264
10.950000,3.488303,-8.758654,-4.931910,2.583426
10.960000,3.386105,-9.741511,-5.032047,2.423568
10.970000,3.284613,-10.915830,-4.563277,2.277855
10.980000,3.179457,-11.161423,-3.631510,2.127763
10.990000,3.060293,-11.827496,-3.572658,1.989429
11.000000,2.931558,-12.091422,-1.833984,1.863572
11.010000,2.820676,-12.296673,-2.130925,1.717979
11.020000,2.700279,-12.459891,-2.593736,1.582869
11.030000,2.578795,-12.617523,-1.553428,1.461680
11.040000,2.441189,-12.896498,-1.779559,1.336434
11.050000,2.303554,-12.670626,-1.552044,1.208319
11.060000,2.170278,-12.956450,-0.969800,1.088846
11.070000,2.058259,-12.711998,-1.941727,0.971020
11.080000,1.918947,-12.531459,-1.127299,0.858761
11.090000,1.800445,-12.399886,-0.829971,0.759888
11.100000,1.662250,-12.139534,0.700464,0.671823
11.110000,1.552622,-11.816608,0.784033,0.579717
11.120000,1.435630,-11.520215,1.378364,0.493228
11.130000,1.311294,-11.211326,0.337863,0.413553
11.140000,1.201670,-10.822746,1.150881,0.350035
11.150000,1.093786,-10.836248,1.466769,0.292211
11.160000,0.996444,-9.855715,1.475337,0.227871
11.170000,0.903768,-9.869756,0.916569,0.158816
11.180000,0.810137,-9.219360,0.566014,0.093207
11.190000,0.722175,-8.738313,0.533449,0.031499
11.200000,0.635328,-8.218163,-0.172186,-0.028852
11.210000,0.545329,-7.867891,0.577596,-0.089577
11.220000,0.472529,-7.568451,-0.030769,-0.147006
11.230000,0.400741,-7.716022,0.644091,-0.207768
11.240000,0.328237,-7.064124,-0.465421,-0.269372
11.250000,0.253978,-7.210196,-0.835377,-0.331544
11.260000,0.182813,-7.080177,-0.444434,-0.404354
11.270000,0.112538,-7.179581,-0.860313,-0.484243
11.280000,0.049704,-6.792194,-0.872944,-0.561089
11.290000,-0.019660,-6.993935,-1.414268,-0.642327
11.300000,-0.097797,-6.633876,-1.767875,-0.735492
11.310000,-0.166081,-6.977561,-1.542784,-0.817979
11.320000,-0.235984,-7.704674,-1.643704,-0.920198
11.330000,-0.314415,-7.445324,-2.102418,-1.023138
11.340000,-0.394088,-8.106029,-2.544220,-1.133301
11.350000,-0.478931,-8.193940,-2.166336,-1.253837
11.360000,-0.555435,-8.934566,-3.075668,-1.383354
11.370000,-0.654697,-9.361248,-2.812955,-1.502563
11.380000,-0.744190,-9.730845,-4.250740,-1.646199
11.390000,-0.846359,-9.986953,-4.443202,-1.802898
11.400000,-0.950967,-10.581416,-3.627249,-1.956252
11.410000,-1.052201,-11.741339,-3.907692,-2.092330
11.420000,-1.179020,-11.833380,-3.092898,-2.219318
11.430000,-1.299644,-11.782227,-2.432180,-2.384719
11.440000,-1.413243,-12.571948,-4.192760,-2.549161
11.450000,-1.538335,-13.211010,-3.836640,-2.694285
11.460000,-1.664065,-13.419097,-3.585647,-2.845257
11.470000,-1.801281,-13.726929,-3.671191,-3.002763
11.480000,-1.934237,-14.096930,-3.107692,-3.143214
11.490000,-2.076270,-14.039981,-2.048897,-3.285654
11.500000,-2.230757,-13.953485,-1.324365,-3.414046
11.510000,-2.368370,-14.317564,-0.499699,-3.526814
11.520000,-2.504355,-13.700160,-0.042718,-3.643947
11.530000,-2.631438,-13.474340,-0.333386,-3.741340
11.540000,-2.772714,-13.366546,0.203724,-3.826630
11.550000,-2.910022,-12.811892,1.009684,-3.914238
11.560000,-3.028771,-12.158677,1.337276,-3.987577
11.570000,-3.156830,-12.008671,1.601638,-4.045927
11.580000,-3.263403,-11.317061,1.626203,-4.088075
11.590000,-3.377919,-10.225488,2.476140,-4.115317
11.600000,-3.469937,-9.567350,2.641609,-4.129845
11.610000,-3.556217,-8.870615,2.511864,-4.132670
11.620000,-3.633151,-7.841044,3.163149,-4.128392
11.630000,-3.706408,-6.719931,3.350591,-4.115750
11.640000,-3.769229,-5.803494,3.209053,-4.098098
11.650000,-3.818688,-4.177305,3.274604,-4.071319
11.660000,-3.857902,-3.824457,3.364474,-4.031690
11.670000,-3.891910,-2.754648,3.428972,-3.963847
11.680000,-3.912159,-1.682847,3.794908,-3.889641
11.690000,-3.921602,-0.483534,3.938582,-3.797651
11.700000,-3.920314,0.545300,5.310151,-3.692643
11.710000,-3.908276,1.696479,5.484506,-3.579407
11.720000,-3.885121,2.626938,5.538808,-3.477376
11.730000,-3.855482,3.815220,5.499290,-3.346213
11.740000,-3.812753,4.922924,6.546528,-3.209535
11.750000,-3.755080,5.905128,5.759960,-3.080948
11.760000,-3.690818,6.944881,5.076923,-2.929873
11.770000,-3.618571,7.994739,4.929750,-2.796591
11.780000,-3.528794,8.596784,5.278369,-2.646873
11.790000,-3.442058,9.866832,4.808696,-2.482490
11.800000,-3.328786,10.310006,4.460243,-2.333582
11.810000,-3.236687,10.755666,3.538462,-2.201612
11.820000,-3.116022,12.093321,3.336119,-2.064349
11.830000,-2.990404,11.877665,2.619964,-1.941483
11.840000,-2.881884,12.369570,1.532488,-1.823892
11.850000,-2.752311,11.939542,2.265740,-1.702620
11.860000,-2.637065,12.130882,2.070794,-1.581767
11.870000,-2.515527,12.694943,0.462096,-1.475614
11.880000,-2.388689,11.980491,1.212108,-1.390302
11.890000,-2.267751,12.039291,-0.254544,-1.306423
11.900000,-2.146701,11.370154,-0.180189,-1.240197
11.910000,-2.035547,11.142032,-0.757275,-1.179775
11.920000,-1.923928,10.775584,-2.655442,-1.134423
11.930000,-1.832396,9.793140,-1.131188,-1.094708
11.940000,-1.726919,9.207634,-2.289604,-1.066116
11.950000,-1.645370,8.783415,-2.304974,-1.052152
11.960000,-1.565875,7.764096,-2.887562,-1.050041
11.970000,-1.495512,6.943340,-3.208181,-1.059372
11.980000,-1.431022,5.608227,-3.270025,-1.081895
11.990000,-1.381666,4.945709,-3.760090,-1.112217
12.000000,-1.335671,3.846858,-3.662358,-1.152598
12.010000,-1.303884,2.878346,-3.043441,-1.193058
12.020000,-1.278318,1.800564,-3.801654,-1.249571
12.030000,-1.265436,0.928742,-3.819719,-1.330986
12.040000,-1.262493,-0.110077,-4.582709,-1.416360
12.050000,-1.268085,-0.930471,-4.318908,-1.510785
12.060000,-1.282449,-2.046477,-5.466014,-1.613249
12.070000,-1.307258,-2.821417,-5.028148,-1.714129
12.080000,-1.340268,-3.638227,-4.660175,-1.796899
12.090000,-1.383494,-4.536740,-3.778747,-1.877544
12.100000,-1.430991,-4.838584,-2.923077,-1.946850
12.110000,-1.483608,-5.574924,-2.861727,-2.023166
12.120000,-1.542494,-5.793890,-2.461497,-2.110935
12.130000,-1.599313,-6.439451,-3.109223,-2.209646
12.140000,-1.666134,-6.737597,-2.739722,-2.311480
12.150000,-1.742456,-6.793881,-2.070105,-2.394281
12.160000,-1.810022,-7.444312,-2.061538,-2.478485
12.170000,-1.884044,-7.696723,-1.599970,-2.551522
12.180000,-1.958822,-7.717798,-1.258803,-2.617375
12.190000,-2.043538,-7.307031,-1.493731,-2.673950
12.200000,-2.109472,-7.506631,-0.667765,-2.727133
12.210000,-2.187422,-7.211268,0.300253,-2.766287
12.220000,-2.256630,-6.851679,0.972107,-2.800824
12.230000,-2.325140,-6.832719,0.794335,-2.825260
12.240000,-2.388523,-5.969826,0.955593,-2.843821
12.250000,-2.451636,-5.779665,1.330774,-2.853961
12.260000,-2.503867,-5.205466,1.538550,-2.857427
12.270000,-2.550024,-4.559310,1.407051,-2.856586
12.280000,-2.594856,-4.192811,1.507692,-2.853064
12.290000,-2.631091,-3.480015,1.507692,-2.844628
12.300000,-2.660932,-2.662545,1.872437,-2.831964
12.310000,-2.685382,-2.300522,1.342115,-2.817475
12.320000,-2.705945,-1.731855,0.837741,-2.799933
12.330000,-2.722471,-1.201630,0.838377,-2.779394
12.340000,-2.733094,-1.023590,0.614011,-2.760211
12.350000,-2.739553,-0.400634,0.144969,-2.733673
12.360000,-2.741855,-0.030327,0.954362,-2.701340
12.370000,-2.740711,0.189068,1.015780,-2.672744
12.380000,-2.737702,0.373264,1.662806,-2.642571
12.390000,-2.732321,0.780910,2.756918,-2.612429
12.400000,-2.722972,0.896709,1.849954,-2.589207
12.410000,-2.712829,1.235432,1.684820,-2.565055
12.420000,-2.701175,1.335624,2.026292,-2.544198
12.430000,-2.686807,1.509883,1.849580,-2.526630
12.440000,-2.671325,1.404409,0.833663,-2.515285
12.450000,-2.654682,1.394036,0.654122,-2.509776
12.460000,-2.639586,1.415161,0.918784,-2.509765
12.470000,-2.624316,1.477944,0.580543,-2.516574
12.480000,-2.610492,1.276602,0.030769,-2.528445
12.490000,-2.599795,1.069968,-0.529083,-2.548020
12.500000,-2.591254,0.731477,-0.825768,-2.572523
12.510000,-2.586693,0.354919,-0.945969,-2.604695
12.520000,-2.585451,-0.114032,-1.291716,-2.643624
12.530000,-2.587651,-0.307005,-1.735001,-2.686400
12.540000,-2.591635,-0.617007,-3.305274,-2.737066
12.550000,-2.601463,-1.249841,-2.970375,-2.784744
12.560000,-2.614389,-1.497848,-2.803306,-2.837179
12.570000,-2.634428,-2.197009,-2.777348,-2.886484
12.580000,-2.655448,-2.385069,-2.723163,-2.941455
12.590000,-2.680946,-2.934073,-2.249457,-2.988977
12.600000,-2.710567,-3.021727,-2.713147,-3.039211
12.610000,-2.744005,-3.271645,-1.901007,-3.081436
12.620000,-2.778650,-3.867731,-2.111887,-3.122087
12.630000,-2.816577,-3.734081,-1.334408,-3.158357
12.640000,-2.854405,-3.936885,-1.640060,-3.190042
12.650000,-2.890767,-3.560924,-1.155075,-3.213541
12.660000,-2.929366,-3.753486,-0.282722,-3.230062
12.670000,-2.964059,-3.364626,-0.352352,-3.237397
12.680000,-2.998950,-3.322710,-0.215385,-3.234147
12.690000,-3.029791,-2.839270,0.797966,-3.221562
12.700000,-3.057520,-2.414354,1.670793,-3.197208
12.710000,-3.079796,-2.000120,1.425781,-3.164391
12.720000,-3.095819,-1.323127,1.656129,-3.117243
12.730000,-3.104869,-0.523077,2.186103,-3.055183
12.740000,-3.106510,0.173372,2.654824,-2.980319
12.750000,-3.101459,0.795670,4.215714,-2.894254
12.760000,-3.089447,1.615759,5.025193,-2.782041
12.770000,-3.067832,2.426894,5.233627,-2.668215
12.780000,-3.037932,3.430676,5.792274,-2.522352
12.790000,-2.995938,4.807508,7.103365,-2.377303
12.800000,-2.937513,6.310342,7.517414,-2.207269
12.810000,-2.865665,7.271916,6.170205,-2.050511
12.820000,-2.790218,8.738908,6.145929,-1.865598
12.830000,-2.691895,9.810413,5.733192,-1.681902
12.840000,-2.586198,10.692476,7.270698,-1.470326
12.850000,-2.470192,12.174461,6.858761,-1.265760
12.860000,-2.341547,13.366168,6.406219,-1.054007
12.870000,-2.208078,14.495835,7.360874,-0.798750
12.880000,-2.069589,15.640637,6.059318,-0.555526
12.890000,-1.905909,16.358877,1.888022,-0.318441
12.900000,-1.733925,16.156165,0.442852,-0.084805
12.910000,-1.565425,15.940666,1.861585,0.174828
12.920000,-1.404731,16.072255,1.051831,0.392184
12.930000,-1.255858,16.050727,1.815385,0.656895
12.940000,-1.083385,16.071243,1.824525,0.898549
12.950000,-0.939865,16.150792,1.119919,1.127804
12.960000,-0.770790,15.985525,0.510248,1.333200
12.970000,-0.615950,16.079603,1.575980,1.529041
12.980000,-0.441373,16.025055,0.271385,1.703656
12.990000,-0.285093,16.036499,1.296336,1.910674
13.000000,-0.136249,16.064624,1.331805,2.093153
13.010000,0.021202,16.195620,0.602947,2.254487
13.020000,0.192836,15.951648,1.384615,2.396604
13.030000,0.350021,16.061296,1.439363,2.541423
13.040000,0.508536,15.999445,1.121135,2.673755
13.050000,0.682124,16.106276,1.363624,2.796244
13.060000,0.827017,16.170368,1.369772,2.903262
13.070000,0.997602,16.013725,0.687575,2.997924
13.080000,1.156382,16.126176,1.308616,3.079214
13.090000,1.310892,16.115449,0.911331,3.143251
13.100000,1.469799,16.088208,1.226017,3.190668
13.110000,1.630859,15.964897,1.293604,3.219881
13.120000,1.790797,16.144788,1.092774,3.234769
13.130000,1.962982,15.968680,0.799938,3.236852
13.140000,2.121708,15.658056,-3.782961,3.226302
13.150000,2.259310,14.124653,-6.307692,3.204216
13.160000,2.407742,12.253450,-7.495449,3.171742
13.170000,2.514324,10.594554,-7.835679,3.129276
13.180000,2.609490,8.542048,-5.970281,3.086052
13.190000,2.686959,6.623352,-6.215027,3.052337
13.200000,2.749008,5.299725,-5.038448,3.019230
13.210000,2.795047,4.247131,-3.676219,2.983788
13.220000,2.832004,2.830141,-3.900777,2.939343
13.230000,2.858142,1.938930,-3.538111,2.901709
13.240000,2.871085,1.266924,-3.190917,2.864949
13.250000,2.879064,0.317179,-1.691297,2.824521
13.260000,2.879187,-0.208408,-4.415136,2.768916
13.270000,2.874868,-0.672171,-3.230769,2.720562
13.280000,2.864951,-1.211482,-2.862799,2.668042
13.290000,2.850360,-1.875520,-3.208470,2.622135
13.300000,2.830696,-1.992011,-2.223770,2.583413
13.310000,2.805417,-2.313250,-1.776785,2.554320
13.320000,2.779940,-2.524643,-1.210433,2.533458
13.330000,2.754864,-2.818109,-1.123719,2.517907
13.340000,2.729324,-2.571648,-0.320704,2.510410
13.350000,2.701040,-2.703046,-0.276764,2.509275
13.360000,2.678576,-2.263645,0.446394,2.515148
13.370000,2.656497,-2.092794,0.835330,2.527789
13.380000,2.638518,-1.708913,0.940182,2.545530
13.390000,2.624272,-1.368182,1.085153,2.569457
13.400000,2.613592,-0.751685,0.769231,2.598337
13.410000,2.607576,-0.394968,1.321296,2.627766
13.420000,2.606375,0.046738,0.978968,2.653650
13.430000,2.607521,0.212849,1.578104,2.678602
13.440000,2.610470,0.382418,1.554290,2.700880
13.450000,2.615729,0.665844,1.845736,2.726103
13.460000,2.624414,0.860814,1.859397,2.749726
13.470000,2.632501,0.962746,2.423218,2.775781
13.480000,2.645725,1.164657,1.507871,2.796394
13.490000,2.659943,1.508433,1.057359,2.814156
13.500000,2.673288,1.452960,1.739355,2.831395
13.510000,2.688416,1.523754,0.811391,2.845263
13.520000,2.704727,1.642724,0.367716,2.852524
13.530000,2.719084,1.725892,0.159376,2.856738
13.540000,2.735889,1.524220,0.406584,2.857569
13.550000,2.749324,1.318355,0.317098,2.854323
13.560000,2.762259,1.076485,-0.453598,2.842240
13.570000,2.773209,0.924149,-0.192123,2.822653
13.580000,2.780351,0.570287,-0.403863,2.794847
13.590000,2.785304,0.300026,-1.954917,2.757215
13.600000,2.785344,-0.167659,-1.449075,2.709851
13.610000,2.782025,-0.452257,-2.184615,2.664853
13.620000,2.775761,-0.907538,-3.684508,2.591436
13.630000,2.764416,-1.471301,-3.432354,2.534527
13.640000,2.745896,-1.893861,-3.800403,2.485009
13.650000,2.723493,-2.665424,-3.888734,2.392081
13.660000,2.696401,-3.077724,-4.069590,2.291128
13.670000,2.655797,-3.862836,-4.588492,2.184201
13.680000,2.616491,-4.662017,-4.238767,2.079727
13.690000,2.561931,-5.385979,-4.867482,1.963467
13.700000,2.501665,-6.447900,-4.652121,1.846425
13.710000,2.434184,-7.184593,-4.272105,1.738328
13.720000,2.361491,-7.537506,-3.996347,1.619963
13.730000,2.279561,-8.039494,-3.292308,1.519156
13.740000,2.197096,-8.638195,-3.084360,1.422079
13.750000,2.111403,-8.820027,-2.189701,1.334982
13.760000,2.025445,-8.928046,-1.359691,1.249627
13.770000,1.928973,-8.936840,-0.751851,1.181503
13.780000,1.836177,-9.206918,-0.028984,1.125960
13.790000,1.756946,-8.551177,0.513010,1.082513
13.800000,1.675362,-8.349403,0.815274,1.056867
13.810000,1.589915,-7.514787,1.623212,1.049046
13.820000,1.520673,-7.062449,3.101978,1.059350
13.830000,1.455264,-6.268236,3.266815,1.087272
13.840000,1.396681,-4.801692,4.321580,1.131167
13.850000,1.355427,-4.090955,4.125446,1.193305
13.860000,1.320462,-2.606890,4.604013,1.272254
13.870000,1.301655,-1.439420,4.940354,1.345332
13.880000,1.292630,-0.311227,3.723077,1.408135
13.890000,1.294915,0.645275,4.338061,1.485701
13.900000,1.304852,1.546655,4.126811,1.571911
13.910000,1.320996,2.221009,5.479840,1.664014
13.920000,1.348495,2.802808,4.747326,1.758729
13.930000,1.382133,3.875167,4.666077,1.871615
13.940000,1.426941,4.648189,5.211697,1.974850
13.950000,1.478187,5.837742,4.694867,2.100656
13.960000,1.541704,6.494751,4.513941,2.214662
13.970000,1.609514,7.387602,3.942372,2.334259
13.980000,1.678702,7.624939,4.003254,2.443164
13.990000,1.758240,8.098447,3.394401,2.568790
14.000000,1.851310,8.704622,3.439807,2.701486
14.010000,1.932759,9.439298,2.578616,2.809216
14.020000,2.037852,9.655743,2.261527,2.916343
14.030000,2.132872,10.099490,1.779364,3.028240
14.040000,2.238769,9.956884,2.476256,3.140580
14.050000,2.342007,10.727998,1.730234,3.252137
14.060000,2.445863,10.765312,0.412494,3.345742
14.070000,2.550860,10.816090,0.494919,3.433830
14.080000,2.651775,10.221181,1.661873,3.547750
14.090000,2.758315,10.728431,2.061566,3.677294
14.100000,2.855982,10.681160,2.465315,3.789479
14.110000,2.973349,10.583903,2.075583,3.888912
14.120000,3.071356,10.551408,1.079374,3.969632
14.130000,3.180905,10.593734,0.165078,4.028195
14.140000,3.277849,10.324650,-1.344314,4.060523
14.150000,3.380829,9.498230,-2.509382,4.088801
14.160000,3.478960,9.079079,-2.114946,4.115501
14.170000,3.565044,7.800211,-2.011207,4.128339
14.180000,3.634768,7.402014,-2.619576,4.132688
14.190000,3.702873,6.689265,-2.693623,4.124679
14.200000,3.763997,5.512154,-2.134943,4.102526
14.210000,3.816728,4.594023,-3.295966,4.060065
14.220000,3.856436,3.481673,-4.116294,4.012574
14.230000,3.887321,2.428792,-4.134072,3.963840
14.240000,3.907072,1.509465,-3.356912,3.909487
14.250000,3.917963,0.599305,-3.556610,3.845253
14.260000,3.918708,-0.312667,-3.318227,3.779947
14.270000,3.911982,-0.908852,-4.015928,3.698716
14.280000,3.899035,-1.841500,-4.226818,3.589821
14.290000,3.876300,-2.650000,-5.893813,3.442884
14.300000,3.841881,-3.862544,-7.202981,3.273743
14.310000,3.791562,-5.240399,-7.878097,3.081245
14.320000,3.727245,-7.234939,-8.809404,2.875483
14.330000,3.648690,-8.917038,-9.042314,2.663537
14.340000,3.556903,-10.190085,-7.769585,2.454827
14.350000,3.433747,-11.678297,-7.150640,2.247954
14.360000,3.310512,-12.939448,-5.359832,2.050099
14.370000,3.171561,-14.298008,-5.368009,1.843935
14.380000,3.024547,-14.932488,-5.879106,1.653159
14.390000,2.890275,-15.912816,-4.483430,1.466038
14.400000,2.708031,-16.209126,-1.623232,1.288964
14.410000,2.567114,-16.094345,-0.725519,1.130075
14.420000,2.384680,-16.079288,-0.656021,0.972313
14.430000,2.234097,-16.000168,-1.104161,0.825241
14.440000,2.091112,-15.971306,-1.010893,0.707739
14.450000,1.928189,-15.986227,-1.084310,0.629216
14.460000,1.770110,-15.711144,2.374905,0.565670
14.470000,1.605121,-15.006248,1.989054,0.493957
14.480000,1.459506,-13.747776,3.079541,0.434203
14.490000,1.332748,-13.066999,2.710816,0.355708
14.500000,1.204736,-12.135316,1.905188,0.273616
14.510000,1.078194,-11.140132,1.993102,0.202168
14.520000,0.977409,-10.825909,1.779514,0.128290
14.530000,0.861360,-10.202252,1.127680,0.057525
14.540000,0.768643,-9.900042,1.332044,-0.015336
14.550000,0.673498,-9.327455,0.707719,-0.084955
14.560000,0.576014,-8.992616,0.460191,-0.153004
14.570000,0.486789,-9.126252,0.233761,-0.226036
14.580000,0.393922,-8.852777,-0.030769,-0.300378
14.590000,0.318085,-8.076615,-0.557371,-0.382468
14.600000,0.233466,-8.459091,-0.540206,-0.465001
14.610000,0.153675,-8.397926,-1.569231,-0.557639
14.620000,0.071406,-8.461724,-1.685171,-0.658685
14.630000,-0.016356,-8.066561,-1.940070,-0.767862
14.640000,-0.106883,-8.387802,-2.478076,-0.895359
14.650000,-0.184933,-9.146204,-3.259123,-1.025272
14.660000,-0.277166,-9.475174,-3.353846,-1.161760
14.670000,-0.377763,-10.222333,-3.751199,-1.303074
14.680000,-0.476566,-10.597059,-3.585214,-1.453825
14.690000,-0.586219,-11.025373,-3.957599,-1.620658
14.700000,-0.696280,-11.512003,-3.824203,-1.796507
14.710000,-0.825444,-12.215385,-3.773731,-1.969930
14.720000,-0.941711,-13.226773,-5.739186,-2.150727
14.730000,-1.079130,-13.418812,-3.967585,-2.327114
14.740000,-1.222549,-14.565778,-4.803810,-2.505224
14.750000,-1.359140,-14.944617,-3.869246,-2.686866
14.760000,-1.512053,-15.099295,-3.277857,-2.859362
14.770000,-1.677197,-15.669780,-2.391878,-3.027482
14.780000,-1.821005,-15.741133,-1.635787,-3.178535
14.790000,-1.986596,-15.946152,-0.789067,-3.319514
14.800000,-2.145718,-15.779157,-0.999340,-3.462882
14.810000,-2.315068,-15.785987,-0.107681,-3.599065
14.820000,-2.458115,-15.375613,0.865982,-3.721505
14.830000,-2.625230,-15.045775,0.657793,-3.827624
14.840000,-2.755205,-14.847391,1.603442,-3.923385
14.850000,-2.905226,-14.015299,1.903651,-3.999667
14.860000,-3.047783,-13.578380,3.028213,-4.059792
14.870000,-3.178384,-12.647799,2.644673,-4.100178
14.880000,-3.293712,-11.749375,3.755851,-4.125077
14.890000,-3.416652,-10.529141,4.428043,-4.132701
14.900000,-3.505999,-9.462808,4.645169,-4.128174
14.910000,-3.595216,-8.391209,4.400000,-4.114782
14.920000,-3.672618,-6.831548,4.371159,-4.090254
14.930000,-3.740766,-5.432396,5.167588,-4.054273
14.940000,-3.791712,-4.634381,4.415318,-3.994868
14.950000,-3.830665,-3.671823,4.497416,-3.923895
14.960000,-3.856992,-2.017837,4.682112,-3.834799
14.970000,-3.868581,-0.627030,5.373194,-3.735963
14.980000,-3.868232,0.497774,6.025520,-3.635706
14.990000,-3.855957,1.722928,5.537419,-3.522382
15.000000,-3.833480,2.519756,5.815385,-3.401137
15.010000,-3.800692,4.028845,5.245037,-3.285774
15.020000,-3.752644,4.788421,6.164925,-3.159196
15.030000,-3.698278,5.830593,5.558746,-3.034336
15.040000,-3.636253,7.007337,5.612782,-2.868681
15.050000,-3.558510,7.997155,5.759733,-2.709221
15.060000,-3.477628,9.084666,5.253615,-2.564713
15.070000,-3.378185,9.807273,4.461538,-2.442286
15.080000,-3.274939,10.501479,2.770836,-2.330984
15.090000,-3.172404,10.495380,2.716952,-2.228435
15.100000,-3.066173,10.661429,1.234102,-2.119359
15.110000,-2.956506,10.873057,1.766186,-1.992998
15.120000,-2.841130,11.029879,2.113926,-1.883363
15.130000,-2.735524,11.491007,1.446186,-1.779474
15.140000,-2.619184,11.028188,1.211287,-1.676942
15.150000,-2.518251,11.355728,0.041321,-1.594661
15.160000,-2.393764,10.613238,0.160833,-1.522600
15.170000,-2.298782,10.465069,-0.014291,-1.432470
15.180000,-2.191424,10.036802,-0.840726,-1.359839
15.190000,-2.097219,10.109523,-0.690355,-1.293001
15.200000,-1.990035,9.931019,-0.851244,-1.227940
15.210000,-1.897633,9.096788,-1.168770,-1.177503
15.220000,-1.809175,8.704567,-1.196192,-1.141275
15.230000,-1.724895,8.512847,-1.452708,-1.104667
15.240000,-1.647773,7.746148,-1.580646,-1.078745
15.250000,-1.571768,6.638875,-1.871502,-1.060857
15.260000,-1.507650,6.289846,-1.712794,-1.050166
15.270000,-1.442181,5.913533,-2.793366,-1.050513
15.280000,-1.390019,5.331220,-2.255739,-1.066095
15.290000,-1.341724,4.169596,-3.031716,-1.097799
15.300000,-1.303083,3.407380,-2.689313,-1.140086
15.310000,-1.272620,2.449727,-2.937675,-1.196225
15.320000,-1.253699,1.519828,-2.886583,-1.264925
15.330000,-1.244618,0.457757,-3.714393,-1.345211
15.340000,-1.245138,-0.448553,-5.076360,-1.433438
15.350000,-1.253260,-1.277092,-5.301775,-1.534457
15.360000,-1.271549,-2.318970,-6.230047,-1.640066
15.370000,-1.299851,-3.413244,-5.891832,-1.750961
15.380000,-1.340069,-4.266453,-5.201446,-1.856937
15.390000,-1.386594,-5.158645,-4.862934,-1.966913
15.400000,-1.441308,-5.868074,-3.577044,-2.070186
15.410000,-1.505778,-6.877198,-3.935612,-2.177094
15.420000,-1.575837,-7.050148,-3.473305,-2.278476
15.430000,-1.652654,-7.643587,-2.647403,-2.372948
15.440000,-1.733762,-7.987850,-2.617561,-2.462951
15.450000,-1.813623,-8.057617,-2.079207,-2.544016
15.460000,-1.896540,-8.402318,-1.726671,-2.620729
15.470000,-1.984369,-8.452551,-1.212170,-2.686835
15.480000,-2.067584,-8.255722,-0.379831,-2.741091
15.490000,-2.151330,-8.079810,-0.089655,-2.784935
15.500000,-2.228310,-7.744144,1.107880,-2.817855
15.510000,-2.301907,-7.550503,1.202958,-2.839445
15.520000,-2.370240,-6.506036,1.484252,-2.853068
15.530000,-2.438310,-6.221287,1.412714,-2.857605
15.540000,-2.497502,-5.625096,2.712646,-2.852938
15.550000,-2.546787,-4.689899,2.218670,-2.840752
15.560000,-2.588301,-3.795175,2.382373,-2.821959
15.570000,-2.624890,-2.964786,2.370976,-2.798410
15.580000,-2.653708,-2.510505,2.514340,-2.771146
15.590000,-2.672468,-1.720908,1.666324,-2.739736
15.600000,-2.687383,-1.224857,1.842970,-2.705994
15.610000,-2.695926,-0.555604,1.704625,-2.672138
15.620000,-2.697986,-0.006173,1.110803,-2.637956
15.630000,-2.696036,0.322846,1.754678,-2.605770
15.640000,-2.691893,0.518038,2.244352,-2.574673
15.650000,-2.684279,0.901708,2.182484,-2.551235
15.660000,-2.674090,1.034844,2.039408,-2.530422
15.670000,-2.661738,1.407859,1.447382,-2.516037
15.680000,-2.647553,1.458162,0.866487,-2.509593
15.690000,-2.633635,1.467113,0.655913,-2.510373
15.700000,-2.618850,1.340707,0.188219,-2.518434
15.710000,-2.606462,1.104217,0.163768,-2.534973
15.720000,-2.597478,0.886181,-0.428989,-2.559232
15.730000,-2.590041,0.515165,-0.523077,-2.589613
15.740000,-2.587169,0.140973,-1.047374,-2.625429
15.750000,-2.587396,-0.164403,-1.710845,-2.667339
15.760000,-2.590449,-0.457005,-3.324043,-2.716714
15.770000,-2.598321,-0.880463,-2.928421,-2.770463
15.780000,-2.609647,-1.560014,-3.526802,-2.830488
15.790000,-2.625862,-1.976833,-3.727039,-2.892899
15.800000,-2.650312,-2.628611,-3.539390,-2.952321
15.810000,-2.675967,-2.852364,-2.868476,-3.009977
15.820000,-2.708127,-3.221938,-3.067988,-3.064358
15.830000,-2.743134,-3.544480,-3.002649,-3.116949
15.840000,-2.782311,-4.073039,-1.523604,-3.160462
15.850000,-2.824705,-3.949144,-1.383773,-3.196158
15.860000,-2.867898,-4.331664,-1.648956,-3.221302
15.870000,-2.905105,-3.912816,-0.135418,-3.235237
15.880000,-2.947054,-3.844678,-0.028339,-3.236520
15.890000,-2.985109,-3.690124,0.832705,-3.222415
15.900000,-3.018617,-3.128637,1.586393,-3.193622
15.910000,-3.045812,-2.709600,2.573585,-3.146765
15.920000,-3.065122,-1.766014,2.985161,-3.079259
15.930000,-3.077554,-0.676332,3.538462,-2.995646
15.940000,-3.078874,0.229208,4.513013,-2.890567
15.950000,-3.071413,1.158877,5.071077,-2.770646
15.960000,-3.052907,2.300952,8.747768,-2.621547
15.970000,-3.021991,3.514769,7.591815,-2.461363
15.980000,-2.972552,5.553632,7.595631,-2.274057
15.990000,-2.915734,6.617002,8.771545,-2.071495
16.000000,-2.835217,8.586005,9.002418,-1.852465
16.010000,-2.740391,9.987059,8.287245,-1.624756
16.020000,-2.627703,11.758884,8.380821,-1.395396
16.030000,-2.507583,12.936102,9.840301,-1.139078
16.040000,-2.368272,14.743436,9.266632,-0.888523
16.050000,-2.199402,16.204766,5.237571,-0.618341
16.060000,-2.037449,16.392193,0.234787,-0.342006
16.070000,-1.886851,16.094810,0.802555,-0.086017
16.080000,-1.713355,16.092150,0.470508,0.167361
16.090000,-1.559405,15.936584,1.620719,0.442204
16.100000,-1.403355,16.141692,1.232998,0.713041
16.110000,-1.243272,16.046959,0.063975,0.981752
16.120000,-1.084548,16.046545,1.274187,1.151008
16.130000,-0.926795,16.117469,1.337932,1.344411
16.140000,-0.758531,16.132599,1.302019,1.498874
16.150000,-0.599779,16.163802,1.109541,1.666395
16.160000,-0.447323,16.138842,1.481738,1.840417
16.170000,-0.277948,16.062597,1.154036,1.985446
16.180000,-0.118902,15.944910,1.036340,2.212441
16.190000,0.042451,16.044088,0.774786,2.423530
16.200000,0.203180,16.005731,1.115561,2.612138
16.210000,0.362826,16.124323,0.442435,2.775156
16.220000,0.524442,16.014420,-0.150234,2.914313
16.230000,0.702588,15.926239,1.220448,3.025094
16.240000,0.847560,16.032343,0.897123,3.109098
16.250000,1.005580,16.091258,0.575501,3.172768
16.260000,1.165954,16.228419,0.838729,3.216906
16.270000,1.335679,16.022506,0.888613,3.236073
16.280000,1.502221,16.168631,0.382097,3.233888
16.290000,1.648004,16.042081,1.441485,3.212434
16.300000,1.823765,16.224557,0.644821,3.175014
16.310000,1.983024,15.837037,-2.281066,3.124220
16.320000,2.120328,14.719542,-6.279931,3.065232
16.330000,2.272236,12.799900,-8.995270,3.000286
16.340000,2.371219,10.459463,-9.114903,2.936936
16.350000,2.468604,8.108348,-8.430564,2.877629
16.360000,2.541937,6.317169,-6.901549,2.832132
16.370000,2.594597,4.813663,-5.929874,2.790750
16.380000,2.636226,3.413353,-4.385797,2.755688
16.390000,2.663787,1.884151,-3.172946,2.721912
16.400000,2.680133,1.126082,-2.572285,2.686979
16.410000,2.689050,0.488930,-1.930170,2.654738
16.420000,2.690972,-0.087694,-1.885458,2.625204
16.430000,2.688970,-0.316799,-1.698346,2.597641
16.440000,2.682898,-0.701629,-1.919365,2.573255
16.450000,2.676391,-0.918886,-1.741347,2.551519
16.460000,2.665596,-1.177749,-1.876923,2.534309
16.470000,2.653995,-1.211205,-1.770076,2.521180
16.480000,2.642745,-1.416765,-1.188194,2.513717
16.490000,2.628448,-1.275353,-1.375824,2.509811
16.500000,2.614821,-1.226144,-0.233273,2.509303
16.510000,2.603918,-1.163796,-0.168245,2.512908
16.520000,2.591989,-1.051779,-0.322759,2.521408
16.530000,2.582940,-0.846081,0.102224,2.538151
16.540000,2.576835,-0.596409,0.128331,2.561264
16.550000,2.571951,-0.274126,1.039861,2.588220
16.560000,2.571336,0.048352,1.200000,2.619437
16.570000,2.572704,0.235977,1.671234,2.652446
16.580000,2.576575,0.482254,2.459515,2.687363
16.590000,2.582303,0.817489,2.492308,2.723143
16.600000,2.593834,1.151699,2.060834,2.755476
16.610000,2.606482,1.436645,1.949301,2.786451
16.620000,2.621851,1.841419,1.815385,2.812819
16.630000,2.640333,1.872924,1.700306,2.834138
16.640000,2.658695,2.027643,1.129708,2.849480
16.650000,2.678675,1.978028,1.061843,2.856870
16.660000,2.698563,1.817678,0.843850,2.855927
16.670000,2.716606,1.693820,0.405816,2.845915
16.680000,2.733048,1.559291,-0.293861,2.825767
16.690000,2.747604,1.085714,-0.352798,2.796951
16.700000,2.756728,0.752183,-1.383492,2.756774
16.710000,2.761665,0.211637,-1.252712,2.706481
16.720000,2.761231,-0.247605,-2.984615,2.642838
16.730000,2.755633,-0.840049,-3.929970,2.575604
16.740000,2.743894,-1.433590,-4.266369,2.506425
16.750000,2.728425,-1.776735,-4.092308,2.419882
16.760000,2.701830,-2.980319,-4.542535,2.328392
16.770000,2.671106,-3.704797,-4.911164,2.235062
16.780000,2.630862,-4.509847,-4.388227,2.128199
16.790000,2.584067,-5.236540,-4.508641,2.030280
16.800000,2.524538,-5.941364,-3.497324,1.930619
16.810000,2.462745,-5.946318,-3.849453,1.816915
16.820000,2.401651,-7.254406,-4.474950,1.706980
16.830000,2.323974,-7.391032,-3.617808,1.595356
16.840000,2.243738,-8.054055,-3.082372,1.494565
16.850000,2.166235,-8.730432,-2.754440,1.398982
16.860000,2.079460,-8.793222,-2.122231,1.310693
16.870000,1.990483,-8.672005,-1.297320,1.234408
16.880000,1.904603,-8.984293,-1.813626,1.170561
16.890000,1.806850,-8.655955,0.459401,1.118121
16.900000,1.729883,-8.459805,0.231080,1.078878
16.910000,1.646335,-7.694315,1.054332,1.056655
16.920000,1.563953,-7.188591,2.317888,1.048997
16.930000,1.502927,-6.819280,2.510430,1.057394
16.940000,1.438993,-6.057014,2.986422,1.082687
16.950000,1.383751,-4.810695,3.939981,1.126089
16.960000,1.342949,-3.864371,3.771549,1.184164
16.970000,1.309000,-2.612138,4.088300,1.262191
16.980000,1.289781,-1.440170,4.397419,1.344924
16.990000,1.283093,-0.089920,5.061605,1.453372
17.000000,1.288226,1.156098,5.574687,1.571303
17.010000,1.305937,2.288025,7.749335,1.696356
17.020000,1.335702,3.404016,6.652380,1.828866
17.030000,1.375039,4.931409,6.735538,1.973138
17.040000,1.424846,5.542814,6.393562,2.132869
17.050000,1.495918,7.475524,5.855530,2.297386
17.060000,1.572902,8.071515,6.818728,2.466027
17.070000,1.657714,9.198203,6.831324,2.636815
17.080000,1.763852,10.685714,5.350777,2.810591
17.090000,1.867186,11.769736,4.360743,2.984529
17.100000,1.982749,12.004748,4.461585,3.140711
17.110000,2.112978,13.277458,3.846154,3.297413
17.120000,2.244632,13.321610,2.271790,3.452215
17.130000,2.387156,13.829406,2.020527,3.588991
17.140000,2.528340,14.073388,0.525771,3.705468
17.150000,2.657190,13.786409,1.405632,3.819647
17.160000,2.797798,14.032875,0.198196,3.912363
17.170000,2.930681,13.570213,-1.612909,3.995817
17.180000,3.063149,12.924309,-2.135836,4.058191
17.190000,3.197284,11.928867,-1.705929,4.100762
17.200000,3.307874,11.681384,-3.738916,4.126058
17.210000,3.429310,10.112236,-3.448864,4.132348
17.220000,3.520508,9.272604,-4.078913,4.119803
17.230000,3.606329,8.052124,-4.901039,4.087737
17.240000,3.675070,6.725941,-5.163312,4.036289
17.250000,3.736888,5.216772,-5.981481,3.966707
17.260000,3.779471,3.772246,-5.512702,3.879540
17.270000,3.810153,2.313691,-6.491757,3.780690
17.280000,3.824577,0.715604,-6.385880,3.665557
17.290000,3.823486,-0.757685,-6.607971,3.548786
17.300000,3.809935,-1.759933,-6.604827,3.418661
17.310000,3.783708,-3.423363,-7.435901,3.256412
17.320000,3.742387,-4.515028,-6.987481,3.098500
17.330000,3.687550,-6.047016,-7.690188,2.919608
17.340000,3.607337,-7.649734,-7.238547,2.732599
17.350000,3.521300,-9.463166,-7.796167,2.543576
17.360000,3.431189,-10.772027,-8.525686,2.353108
17.370000,3.309859,-12.168444,-7.456600,2.165120
17.380000,3.187055,-13.150095,-5.622948,1.974349
17.390000,3.066675,-13.571225,-4.607623,1.789815
17.400000,2.919129,-14.367966,-4.101364,1.617666
17.410000,2.770324,-15.034995,-2.680903,1.445647
17.420000,2.622896,-15.232677,-3.521833,1.285183
17.430000,2.464258,-15.669914,-2.180270,1.139670
17.440000,2.313461,-15.624610,-1.403086,1.000432
17.450000,2.163403,-15.737823,-0.802989,0.868814
17.460000,1.995669,-15.272926,0.082591,0.740678
17.470000,1.850317,-15.414481,0.238324,0.628822
17.480000,1.692311,-14.670437,0.962873,0.522364
17.490000,1.545110,-14.275237,1.214204,0.423467
17.500000,1.410978,-14.077441,1.150932,0.330998
17.510000,1.279547,-13.136924,1.633528,0.249430
17.520000,1.136954,-12.971620,1.451563,0.170908
17.530000,1.027719,-12.114321,2.194844,0.097887
17.540000,0.907898,-11.559908,1.734333,0.033091
17.550000,0.797521,-11.038941,1.158578,-0.035516
17.560000,0.695586,-10.450215,1.279153,-0.104793
17.570000,0.586408,-9.548838,0.954161,-0.168359
17.580000,0.490123,-9.177876,0.344549,-0.238678
17.590000,0.406418,-9.070795,0.724537,-0.317258
17.600000,0.318084,-8.744745,-0.488845,-0.399148
17.610000,0.226150,-8.147709,-0.543107,-0.492081
17.620000,0.150731,-8.293190,-1.090340,-0.585100
17.630000,0.059496,-8.551279,-1.412944,-0.682528
17.640000,-0.028151,-8.587377,-1.912914,-0.776271
17.650000,-0.106187,-9.005423,-2.562729,-0.886420
17.660000,-0.197628,-9.196936,-2.270176,-1.006301
17.670000,-0.287511,-9.455365,-3.390596,-1.146577
17.680000,-0.383301,-9.475273,-2.943677,-1.279621
17.690000,-0.480280,-10.131762,-3.476923,-1.395521
17.700000,-0.589192,-10.293846,-1.811203,-1.500438
17.710000,-0.684697,-10.729616,-2.203989,-1.600765
17.720000,-0.789326,-10.422328,-1.232695,-1.718251
17.730000,-0.905529,-10.535370,-1.497887,-1.832005
17.740000,-1.011281,-10.559217,-1.461526,-1.934153
17.750000,-1.110846,-11.157170,-2.047805,-2.051857
17.760000,-1.219931,-11.260782,-2.303184,-2.172981
17.770000,-1.325250,-11.104707,-2.217989,-2.307761
17.780000,-1.436835,-11.127286,-2.434792,-2.414479
17.790000,-1.555186,-10.995632,-1.766576,-2.541781
17.800000,-1.679205,-11.358944,-1.928767,-2.687460
17.810000,-1.782154,-11.412342,-2.943198,-2.841101
17.820000,-1.910866,-11.954540,-3.340991,-2.999379
17.830000,-2.029319,-12.504436,-3.242622,-3.175243
17.840000,-2.157228,-13.098791,-3.661923,-3.338673
17.850000,-2.289451,-13.331128,-2.984615,-3.488026
17.860000,-2.418194,-13.931244,-1.347877,-3.623868
17.870000,-2.570830,-13.716395,-1.765467,-3.750114
17.880000,-2.699295,-14.114429,-1.197988,-3.862527
17.890000,-2.843685,-13.843327,-1.231613,-3.955806
17.900000,-2.975194,-13.480349,0.516104,-4.032382
17.910000,-3.108657,-13.339716,1.432952,-4.082806
17.920000,-3.233340,-12.280539,3.289301,-4.116617
17.930000,-3.355294,-11.180269,3.147969,-4.132109
17.940000,-3.455747,-10.311330,4.091013,-4.127212
17.950000,-3.549369,-9.113790,5.008990,-4.104373
17.960000,-3.637606,-7.261706,5.265205,-4.059486
17.970000,-3.701279,-6.330322,4.620547,-3.997292
17.980000,-3.758002,-4.450610,6.149814,-3.921902
17.990000,-3.792851,-3.134487,5.466829,-3.821209
18.000000,-3.814508,-1.720275,6.657513,-3.703913
18.010000,-3.820019,0.168205,6.687637,-3.571697
18.020000,-3.811233,1.713558,7.214468,-3.426035
18.030000,-3.787421,3.165944,7.341951,-3.277083
18.040000,-3.749588,4.454325,7.093653,-3.121509
18.050000,-3.692270,6.097569,7.039938,-2.952121
18.060000,-3.624076,7.249391,7.520265,-2.784584
18.070000,-3.547019,8.801777,6.240044,-2.608649
18.080000,-3.454346,9.632037,6.835060,-2.437483
18.090000,-3.341787,11.194902,5.414254,-2.259211
18.100000,-3.232164,11.701955,5.288372,-2.092084
18.110000,-3.111552,12.631731,4.200638,-1.934734
18.120000,-2.965552,13.236723,3.661538,-1.778925
18.130000,-2.840976,13.914173,2.630611,-1.634908
18.140000,-2.702744,13.795469,2.452078,-1.504620
18.150000,-2.554294,14.071868,1.371099,-1.390669
18.160000,-2.428170,13.738938,0.217087,-1.290199
18.170000,-2.292579,13.628755,-0.965658,-1.206860
18.180000,-2.153153,13.075143,-2.107173,-1.140968
18.190000,-2.022078,12.772714,-3.015189,-1.094227
18.200000,-1.907227,11.508863,-2.885041,-1.062577
18.210000,-1.788726,10.510835,-3.391680,-1.049877
18.220000,-1.695609,9.548599,-4.107198,-1.049945
18.230000,-1.601018,8.591501,-3.854311,-1.056999
18.240000,-1.525800,7.295810,-4.204854,-1.070272
18.250000,-1.454726,5.800813,-3.414618,-1.089999
18.260000,-1.404877,5.306181,-4.478261,-1.122210
18.270000,-1.354157,3.739958,-3.480335,-1.157118
18.280000,-1.320329,2.982318,-3.149239,-1.202452
18.290000,-1.294791,1.840501,-3.491493,-1.248218
18.300000,-1.279369,1.056926,-2.734818,-1.304053
18.310000,-1.274159,0.309995,-2.935971,-1.367711
18.320000,-1.275238,-0.404906,-3.328754,-1.439859
18.330000,-1.283864,-1.318728,-3.841615,-1.535601
18.340000,-1.298747,-2.110052,-5.418581,-1.628603
18.350000,-1.325096,-2.809582,-4.911766,-1.729573
18.360000,-1.358475,-3.981894,-4.637120,-1.822161
18.370000,-1.401325,-4.458180,-4.390582,-1.912193
18.380000,-1.453870,-5.420857,-3.972999,-2.011589
18.390000,-1.506763,-6.225569,-3.856850,-2.116761
18.400000,-1.571050,-6.725712,-3.982855,-2.216392
18.410000,-1.636033,-6.944123,-2.808874,-2.305298
18.420000,-1.716337,-7.576265,-2.257724,-2.390712
18.430000,-1.792432,-7.691573,-1.648977,-2.472954
18.440000,-1.862422,-7.807943,-1.878101,-2.550650
18.450000,-1.946154,-7.683600,-1.168194,-2.616566
18.460000,-2.022033,-8.193250,-0.362141,-2.675563
18.470000,-2.097288,-7.813122,-0.054074,-2.727136
18.480000,-2.180087,-7.210393,0.053235,-2.771495
18.490000,-2.249743,-6.977535,0.350527,-2.804753
18.500000,-2.325555,-6.971283,0.870871,-2.826835
18.510000,-2.388507,-5.952702,1.523767,-2.844423
18.520000,-2.444407,-5.491961,1.740832,-2.855018
18.530000,-2.502169,-5.402264,0.749262,-2.857509
18.540000,-2.550121,-4.571372,1.753328,-2.853378
18.550000,-2.590184,-3.919601,1.746614,-2.842369
18.560000,-2.630071,-3.341680,1.694932,-2.828659
18.570000,-2.660130,-2.667063,1.757479,-2.809096
18.580000,-2.681118,-2.303891,1.681621,-2.785892
18.590000,-2.700894,-1.537125,1.434558,-2.759726
18.600000,-2.712813,-1.019259,1.625346,-2.728628
18.610000,-2.719537,-0.433143,1.215561,-2.694884
18.620000,-2.720743,0.026784,1.246554,-2.665091
18.630000,-2.718877,0.287783,1.956563,-2.632985
18.640000,-2.714189,0.567033,1.838081,-2.599402
18.650000,-2.707455,0.807514,2.981132,-2.566539
18.660000,-2.696504,1.286285,2.285354,-2.539276
18.670000,-2.684074,1.450199,1.671614,-2.520454
18.680000,-2.667134,1.597143,1.113834,-2.510251
18.690000,-2.653147,1.596319,1.233271,-2.510301
18.700000,-2.637203,1.490148,0.346702,-2.520214
18.710000,-2.621279,1.159490,-0.030769,-2.540668
18.720000,-2.609031,1.133094,-0.756706,-2.570061
18.730000,-2.601942,0.683141,-1.168480,-2.607042
18.740000,-2.598039,0.145055,-1.384615,-2.645677
18.750000,-2.599184,-0.278763,-2.073463,-2.690396
18.760000,-2.603333,-0.549451,-2.838894,-2.735351
18.770000,-2.611614,-1.043215,-2.897590,-2.774689
18.780000,-2.622801,-1.140300,-3.329949,-2.828419
18.790000,-2.639970,-1.798941,-3.370456,-2.883422
18.800000,-2.660981,-2.332897,-3.128417,-2.934957
18.810000,-2.684751,-2.620870,-2.901907,-2.990991
18.820000,-2.716393,-3.151506,-2.406291,-3.042041
18.830000,-2.747750,-3.669498,-2.728529,-3.089530
18.840000,-2.782821,-3.713519,-2.282387,-3.136287
18.850000,-2.822905,-3.827073,-1.852914,-3.171649
18.860000,-2.858511,-4.005747,-1.246028,-3.200899
18.870000,-2.895581,-3.979960,-1.080746,-3.224518
18.880000,-2.933885,-3.791451,-0.434550,-3.236357
18.890000,-2.970419,-3.233349,0.165309,-3.236626
18.900000,-3.005198,-3.301192,0.933442,-3.225025
18.910000,-3.036306,-2.935314,1.080825,-3.200739
18.920000,-3.060964,-2.307692,2.061989,-3.161293
18.930000,-3.081471,-1.663063,2.076358,-3.107645
18.940000,-3.091980,-0.847359,2.678660,-3.043000
18.950000,-3.095147,0.084319,3.048962,-2.975120
18.960000,-3.090881,0.815471,5.003394,-2.882290
18.970000,-3.080052,1.719563,5.092349,-2.758343
18.980000,-3.055062,2.644843,6.286100,-2.624058
18.990000,-3.022432,3.869473,6.639819,-2.478613
19.000000,-2.977504,5.243556,7.220296,-2.303887
19.010000,-2.917809,6.299128,7.685458,-2.121366
19.020000,-2.845714,7.880101,8.315550,-1.918637
19.030000,-2.759137,9.743903,6.770838,-1.714513
19.040000,-2.653138,10.890562,7.283123,-1.511123
19.050000,-2.542013,12.132945,7.492411,-1.282300
19.060000,-2.405974,13.684637,8.381745,-1.043994
19.070000,-2.263986,14.871477,7.701567,-0.797739
19.080000,-2.103858,16.160421,4.283722,-0.563800
19.090000,-1.947330,16.285714,0.292636,-0.295798
19.100000,-1.789650,16.052228,0.321019,-0.025272
19.110000,-1.614784,16.104493,1.556282,0.217081
19.120000,-1.457704,16.100885,1.262286,0.483424
19.130000,-1.296681,16.173209,0.695228,0.745045
19.140000,-1.145116,16.074725,1.529093,0.986478
19.150000,-0.978160,16.083752,1.345713,1.220080
19.160000,-0.808745,15.976247,0.818059,1.430013
19.170000,-0.666331,16.072239,0.564246,1.608883
19.180000,-0.499146,16.193402,0.723166,1.819351
19.190000,-0.338615,16.092779,1.307742,1.995828
19.200000,-0.175453,16.125434,1.029422,2.184603
19.210000,-0.014917,16.092293,1.581517,2.324269
19.220000,0.159044,15.969609,1.294471,2.473409
19.230000,0.299231,16.002401,2.009241,2.611857
19.240000,0.461784,16.167327,1.412658,2.745462
19.250000,0.626495,16.014089,1.039052,2.855040
19.260000,0.784413,16.008907,1.945879,2.950783
19.270000,0.946684,16.028428,0.664517,3.032229
19.280000,1.106159,16.072131,2.039851,3.104300
19.290000,1.262584,15.970281,1.334106,3.156461
19.300000,1.428865,15.986668,1.656955,3.193487
19.310000,1.597241,15.984311,0.939173,3.221340
19.320000,1.748023,15.968910,0.647518,3.235959
19.330000,1.927029,16.125775,1.244106,3.235548
19.340000,2.075652,15.678505,-2.288542,3.218849
19.350000,2.221019,14.439153,-6.149177,3.189879
19.360000,2.361133,13.223386,-7.128766,3.151970
19.370000,2.486142,10.521474,-7.445430,3.103964
19.380000,2.574836,9.170208,-7.145306,3.047438
19.390000,2.659919,6.700753,-6.357185,2.992504
19.400000,2.721338,5.271661,-6.900773,2.930744
19.410000,2.760552,3.935132,-6.069656,2.869983
19.420000,2.790463,2.285018,-5.417751,2.807115
19.430000,2.807304,1.005406,-3.846154,2.749035
19.440000,2.811666,-0.013115,-3.600158,2.693218
19.450000,2.807469,-0.650450,-3.691611,2.642728
19.460000,2.798182,-1.221529,-3.067351,2.598818
19.470000,2.782791,-1.894521,-3.027284,2.563486
19.480000,2.761195,-1.878618,-2.403606,2.536161
19.490000,2.739507,-2.432144,-1.725230,2.518338
19.500000,2.718357,-2.401670,-1.015385,2.509851
19.510000,2.693666,-2.227719,-0.380056,2.510280
19.520000,2.672388,-2.268671,-0.513178,2.518835
19.530000,2.651435,-1.839767,0.580543,2.534955
19.540000,2.634955,-1.680764,0.570284,2.556922
19.550000,2.622099,-1.087748,1.368958,2.585317
19.560000,2.612917,-0.496703,1.177451,2.618636
19.570000,2.609483,-0.158491,1.104499,2.655510
19.580000,2.610491,0.208410,1.916390,2.692818
19.590000,2.613879,0.480116,2.643977,2.731856
19.600000,2.622245,0.837922,2.867274,2.767686
19.610000,2.631624,1.087550,2.734790,2.800483
19.620000,2.645714,1.386194,1.635505,2.826704
19.630000,2.661813,1.748235,1.121440,2.843250
19.640000,2.678896,1.749933,1.313382,2.851269
19.650000,2.697412,1.674834,0.676797,2.855916
19.660000,2.715110,1.669734,0.389064,2.857573
19.670000,2.731967,1.457031,0.380964,2.855159
19.680000,2.747272,1.312561,-0.030892,2.848807
19.690000,2.759871,1.228277,-0.653452,2.839866
19.700000,2.770473,1.006145,-0.031760,2.823202
19.710000,2.778776,0.584008,-0.448132,2.798952
19.720000,2.783215,0.347560,-1.069055,2.758454
19.730000,2.783847,-0.142382,-1.820062,2.706337
19.740000,2.781240,-0.395493,-2.833111,2.646892
19.750000,2.774304,-0.997924,-3.476923,2.581013
19.760000,2.761342,-1.385227,-4.030769,2.503396
19.770000,2.739516,-2.475508,-3.745005,2.417542
19.780000,2.714157,-3.022919,-4.346941,2.323629
19.790000,2.680564,-3.937285,-4.684653,2.232544
19.800000,2.638868,-4.487749,-5.139020,2.133757
19.810000,2.590048,-5.283884,-4.340945,2.032186
19.820000,2.535027,-6.050627,-4.320218,1.921062
19.830000,2.474247,-6.607936,-3.613567,1.817355
19.840000,2.404832,-7.037907,-4.030769,1.701684
19.850000,2.325275,-7.506169,-3.144904,1.594511
19.860000,2.250910,-8.335206,-2.959543,1.493866
19.870000,2.170073,-8.716004,-2.739626,1.404647
19.880000,2.082548,-8.452192,-2.330640,1.318967
19.890000,1.989341,-8.915863,-1.465507,1.240448
19.900000,1.897887,-8.631466,-0.771013,1.172337
19.910000,1.817135,-8.980090,-0.092672,1.117983
19.920000,1.731945,-8.510876,0.368964,1.079027
19.930000,1.652316,-7.979184,0.567197,1.055534
19.940000,1.576079,-7.278127,2.049631,1.049053
19.950000,1.499428,-6.844763,2.848552,1.060020
19.960000,1.440528,-6.058019,3.029656,1.088064
19.970000,1.383713,-4.402151,3.683439,1.128037
19.980000,1.344129,-4.030758,4.153602,1.189872
19.990000,1.311848,-2.709945,4.129736,1.269965
20.000000,1.292624,-1.366338,4.890687,1.361089
20.010000,1.285763,0.006051,4.463194,1.466586
20.020000,1.292225,1.045152,6.158712,1.598334
20.030000,1.309065,2.398662,8.407537,1.758690
20.040000,1.339869,3.962104,7.464184,1.936057
20.050000,1.389912,5.739557,8.213564,2.117992
20.060000,1.460803,7.267600,8.235206,2.305150
20.070000,1.530942,8.858613,7.850096,2.508940
20.080000,1.630527,10.533327,7.398486,2.703505
20.090000,1.749594,11.385986,7.415385,2.897120
20.100000,1.854946,12.606932,5.904767,3.059168
20.110000,1.990482,13.215178,3.122870,3.157595
20.120000,2.124656,13.518743,2.496253,3.255490
20.130000,2.256464,13.234938,-0.743776,3.358185
20.140000,2.385549,12.988984,2.195072,3.468609
20.150000,2.518928,12.807209,0.382540,3.559344
20.160000,2.641685,12.522342,-0.359564,3.653363
20.170000,2.761097,12.205561,-0.002191,3.739964
20.180000,2.887495,11.991391,-1.677560,3.809794
20.190000,2.992917,11.677658,-1.445450,3.884488
20.200000,3.105274,10.614082,-1.354583,3.938847
20.210000,3.204756,9.969627,-1.403962,3.989115
20.220000,3.318677,9.312026,-1.615297,4.033268
20.230000,3.404872,8.774664,-1.932985,4.071469
20.240000,3.498303,8.449100,-1.962468,4.103678
20.250000,3.567795,7.517349,-2.002288,4.126548
20.260000,3.641532,6.916784,-2.031947,4.132454
20.270000,3.714729,5.915285,-2.252420,4.121577
20.280000,3.768695,5.342965,-3.007818,4.095020
20.290000,3.816643,4.658781,-3.383990,4.050841
20.300000,3.856056,3.720103,-4.348872,3.998652
20.310000,3.886013,2.434321,-4.660613,3.928943
20.320000,3.903112,1.263022,-4.370426,3.836182
20.330000,3.909152,-0.041815,-4.754329,3.737106
20.340000,3.903294,-1.038455,-5.298088,3.628707
20.350000,3.888142,-2.086001,-6.362542,3.500995
20.360000,3.860499,-3.056595,-6.115742,3.370392
20.370000,3.822361,-4.458158,-6.144642,3.242447
20.380000,3.765500,-5.856472,-6.911867,3.089542
20.390000,3.706944,-6.525579,-5.675761,2.930235
20.400000,3.630201,-8.052487,-6.210801,2.774737
20.410000,3.540124,-9.102448,-6.029779,2.614589
20.420000,3.448186,-10.254360,-5.668235,2.449568
20.430000,3.344188,-10.586065,-5.194436,2.292813
20.440000,3.227526,-11.715054,-4.877371,2.133883
20.450000,3.105907,-12.098576,-3.940669,1.983270
20.460000,2.981804,-13.094505,-4.276923,1.838501
20.470000,2.845707,-13.302707,-3.062364,1.688453
20.480000,2.721433,-13.421886,-2.657502,1.552862
20.490000,2.585534,-13.685766,-2.298066,1.414310
20.500000,2.452610,-13.635368,-1.406390,1.288176
20.510000,2.310976,-13.552923,-0.873903,1.156398
20.520000,2.178738,-13.628301,-0.277245,1.026702
20.530000,2.052635,-13.541913,-1.310804,0.921290
20.540000,1.895558,-13.394887,0.276923,0.827093
20.550000,1.772265,-13.144787,0.404315,0.736736
20.560000,1.653155,-12.873215,0.778293,0.641080
20.570000,1.528270,-12.204746,0.822668,0.551624
20.580000,1.397902,-11.470878,0.801939,0.473878
20.590000,1.292876,-11.084285,0.130439,0.390615
20.600000,1.173157,-10.780693,1.046435,0.315779
20.610000,1.064854,-10.143848,1.617855,0.246086
20.620000,0.966391,-9.859337,0.633855,0.176025
20.630000,0.869001,-9.873417,0.841827,0.106485
20.640000,0.775066,-9.592948,-0.045213,0.040634
20.650000,0.686649,-8.738361,1.123195,-0.016734
20.660000,0.600079,-8.235046,0.726588,-0.078091
20.670000,0.515038,-7.946296,0.602152,-0.141985
20.680000,0.433375,-7.869485,0.030769,-0.208407
20.690000,0.358394,-7.678940,0.338039,-0.281956
20.700000,0.283149,-7.402179,-0.721019,-0.347102
20.710000,0.205614,-7.661489,-0.418536,-0.424338
20.720000,0.131436,-7.365239,-0.967527,-0.506829
20.730000,0.059067,-7.672256,-1.167392,-0.582363
20.740000,-0.015907,-7.617796,-1.922216,-0.678604
20.750000,-0.094847,-7.694348,-2.167214,-0.774226
20.760000,-0.168300,-7.665965,-2.171086,-0.878600
20.770000,-0.246188,-8.270641,-2.457137,-0.986992
20.780000,-0.324986,-8.201274,-2.770142,-1.107402
20.790000,-0.420621,-8.664129,-3.017606,-1.236890
20.800000,-0.505565,-9.042599,-3.557403,-1.368393
20.810000,-0.605279,-9.916157,-3.229736,-1.519561
20.820000,-0.697434,-10.418697,-3.899438,-1.663002
20.830000,-0.803701,-10.563225,-2.882908,-1.808160
20.840000,-0.920810,-11.104480,-3.525043,-1.943291
20.850000,-1.032135,-11.362911,-3.285108,-2.097991
20.860000,-1.156178,-12.165664,-3.050552,-2.246557
20.870000,-1.275166,-12.344194,-2.436886,-2.394626
20.880000,-1.398950,-12.590816,-2.781868,-2.554247
20.890000,-1.528351,-12.903526,-1.776480,-2.703338
20.900000,-1.671529,-13.764666,-2.547216,-2.854037
20.910000,-1.799751,-13.604396,-2.014166,-3.008272
20.920000,-1.940385,-14.013074,-1.646549,-3.149004
20.930000,-2.087758,-14.416428,-1.099609,-3.285923
20.940000,-2.234544,-14.427906,-1.464152,-3.394529
20.950000,-2.372757,-14.143860,1.510526,-3.521375
20.960000,-2.503419,-14.041317,-0.766908,-3.650080
20.970000,-2.653402,-13.584764,-0.858286,-3.774401
20.980000,-2.774837,-13.596893,-0.809644,-3.892779
20.990000,-2.906843,-12.996756,0.252758,-3.981478
21.000000,-3.039537,-12.951088,1.067754,-4.055471
21.010000,-3.166745,-12.375339,1.688310,-4.104922
21.020000,-3.299578,-11.418425,2.933718,-4.129577
21.030000,-3.399570,-10.768812,4.217337,-4.129658
21.040000,-3.500123,-9.464684,4.864856,-4.107558
21.050000,-3.587826,-8.015880,4.420275,-4.069678
21.060000,-3.661779,-6.996579,5.863813,-4.008842
21.070000,-3.723845,-5.038238,6.323619,-3.934760
21.080000,-3.765152,-3.757305,5.238769,-3.847482
21.090000,-3.794724,-2.126706,5.876243,-3.742840
21.100000,-3.806889,-0.543267,5.757565,-3.623439
21.110000,-3.804103,0.957017,6.949253,-3.490193
21.120000,-3.787612,2.405702,6.173142,-3.343858
21.130000,-3.756229,3.753928,6.738462,-3.189446
21.140000,-3.704905,5.605300,7.170019,-3.042309
21.150000,-3.642532,6.728014,7.744550,-2.887022
21.160000,-3.575512,7.717487,6.759776,-2.715174
21.170000,-3.491593,9.277757,5.574285,-2.552867
21.180000,-3.397463,9.774863,5.439949,-2.405089
21.190000,-3.295847,10.622660,5.239339,-2.239350
21.200000,-3.176655,11.474626,4.623775,-2.086460
21.210000,-3.059976,12.464256,3.420083,-1.938113
21.220000,-2.936944,12.561917,2.868003,-1.798311
21.230000,-2.793753,12.734970,2.180783,-1.675650
21.240000,-2.679624,13.037735,1.553660,-1.553628
21.250000,-2.547639,12.793487,1.369795,-1.435431
21.260000,-2.414414,13.216699,0.622560,-1.338366
21.270000,-2.288695,12.691139,-0.081141,-1.253455
21.280000,-2.161914,12.252225,-0.729183,-1.187122
21.290000,-2.040503,11.667772,-1.149327,-1.128663
21.300000,-1.915895,11.179985,-2.326512,-1.087392
21.310000,-1.815787,10.680592,-2.544270,-1.061151
21.320000,-1.718306,9.610397,-3.263144,-1.049993
21.330000,-1.623117,8.357890,-3.673644,-1.052565
21.340000,-1.539552,7.675443,-4.005026,-1.070391
21.350000,-1.475595,6.579561,-4.131999,-1.102199
21.360000,-1.414323,5.199974,-4.555359,-1.145784
21.370000,-1.368480,4.344145,-3.729280,-1.198345
21.380000,-1.335748,2.721427,-4.344295,-1.264925
21.390000,-1.314398,1.669828,-4.746898,-1.346507
21.400000,-1.305022,0.424739,-4.075145,-1.437607
21.410000,-1.307011,-0.666802,-4.964648,-1.534757
21.420000,-1.318916,-1.778995,-5.443127,-1.638412
21.430000,-1.342161,-2.464178,-4.770462,-1.740557
21.440000,-1.373640,-3.869874,-4.703863,-1.850901
21.450000,-1.413792,-4.602867,-5.227443,-1.958290
21.460000,-1.466486,-5.203969,-4.353787,-2.063101
21.470000,-1.525666,-6.255993,-4.479656,-2.171494
21.480000,-1.596030,-6.586086,-3.056514,-2.271854
21.490000,-1.661954,-7.602238,-2.698082,-2.361283
21.500000,-1.741369,-7.799553,-2.663621,-2.452319
21.510000,-1.818637,-8.239394,-1.875572,-2.531427
21.520000,-1.906058,-8.071566,-1.317861,-2.603562
21.530000,-1.982867,-7.978045,-1.483945,-2.667162
21.540000,-2.063734,-8.071690,-0.326972,-2.720858
21.550000,-2.148222,-7.848864,-0.257949,-2.767303
21.560000,-2.221102,-7.601138,0.332599,-2.804194
21.570000,-2.292181,-7.019340,0.704902,-2.831145
21.580000,-2.364354,-6.769194,1.451026,-2.848710
21.590000,-2.428488,-6.046074,1.864915,-2.856472
21.600000,-2.484233,-5.486172,1.948012,-2.856951
21.610000,-2.536990,-4.859113,1.787802,-2.850428
21.620000,-2.580375,-4.003104,1.876923,-2.836954
21.630000,-2.619540,-3.611599,1.548288,-2.818034
21.640000,-2.649170,-2.905103,2.074120,-2.793282
21.650000,-2.673741,-1.943011,2.070662,-2.763415
21.660000,-2.691289,-1.325997,1.514565,-2.731010
21.670000,-2.702136,-0.780130,1.822764,-2.701328
21.680000,-2.706744,-0.234078,0.292478,-2.668623
21.690000,-2.706378,0.169213,1.486855,-2.636015
21.700000,-2.702945,0.478227,2.197128,-2.604735
21.710000,-2.696863,0.759269,1.817433,-2.576445
21.720000,-2.688970,0.849133,2.493014,-2.552492
21.730000,-2.676824,1.346748,1.475231,-2.532154
21.740000,-2.664396,1.403872,0.815255,-2.517952
21.750000,-2.651081,1.490503,1.395822,-2.510629
21.760000,-2.636313,1.435118,0.945714,-2.509236
21.770000,-2.621848,1.129670,0.370407,-2.514618
21.780000,-2.608969,1.291961,0.193939,-2.527209
21.790000,-2.597952,0.925490,0.153709,-2.546654
21.800000,-2.589870,0.604075,-0.161452,-2.572645
21.810000,-2.585331,0.330728,-0.834470,-2.602046
21.820000,-2.584306,-0.101778,-1.125057,-2.639436
21.830000,-2.586525,-0.332028,-2.209755,-2.683531
21.840000,-2.591123,-0.657467,-2.925072,-2.731664
21.850000,-2.600224,-1.199167,-3.443239,-2.785145
21.860000,-2.614187,-1.500519,-3.592094,-2.836205
21.870000,-2.630966,-2.051134,-4.087488,-2.893197
21.880000,-2.655526,-2.486109,-2.549310,-2.949418
21.890000,-2.682187,-3.064672,-2.969853,-3.001987
21.900000,-2.712230,-3.305115,-2.793128,-3.056053
21.910000,-2.748383,-3.671022,-2.271178,-3.103593
21.920000,-2.783755,-4.079785,-1.784424,-3.146263
21.930000,-2.821969,-3.689572,-1.445782,-3.183968
21.940000,-2.863694,-4.107075,-1.185500,-3.212520
21.950000,-2.904859,-3.873018,-0.660679,-3.230789
21.960000,-2.940945,-3.727073,-0.211980,-3.237637
21.970000,-2.978609,-3.563331,0.757735,-3.231556
21.980000,-3.014905,-3.128349,0.875028,-3.213027
21.990000,-3.041319,-2.569519,1.705232,-3.178456
22.000000,-3.066017,-2.088904,2.307692,-3.125316
22.010000,-3.081058,-1.252747,3.094062,-3.057947
22.020000,-3.087833,-0.265724,2.926514,-2.973938
22.030000,-3.086071,0.538116,4.543203,-2.868675
22.040000,-3.074463,1.555677,5.541628,-2.750713
22.050000,-3.051404,2.755346,5.822302,-2.617521
22.060000,-3.018366,4.095115,7.244093,-2.460363
22.070000,-2.974644,5.117026,7.107692,-2.292303
22.080000,-2.910598,6.790607,7.598247,-2.109238
22.090000,-2.834575,8.254116,7.830336,-1.907957
22.100000,-2.746001,9.654408,7.803760,-1.690251
22.110000,-2.638362,11.006123,8.451057,-1.472420
22.120000,-2.521146,12.288508,8.275105,-1.241226
22.130000,-2.392545,13.918666,8.432737,-0.979158
22.140000,-2.241792,15.316625,5.854286,-0.736553
22.150000,-2.071828,16.401099,2.427474,-0.499768
22.160000,-1.915301,16.196842,0.674594,-0.246700
22.170000,-1.759682,16.147541,0.849158,0.002466
22.180000,-1.591686,16.126462,0.557383,0.282767
22.190000,-1.430375,16.041930,-0.191447,0.533230
22.200000,-1.264583,16.136525,1.348424,0.792954
22.210000,-1.122126,15.962297,0.799569,1.046191
22.220000,-0.956142,16.053318,1.443333,1.293566
22.230000,-0.797827,15.996214,1.255288,1.531538
22.240000,-0.621407,16.124199,1.688905,1.755887
22.250000,-0.479537,16.115116,1.527640,1.966505
22.260000,-0.313549,16.046502,0.877624,2.147875
22.270000,-0.154299,16.042321,1.264689,2.328453
22.280000,0.001805,16.081943,1.539248,2.496663
22.290000,0.168158,16.082280,1.472128,2.655066
22.300000,0.332789,16.032404,0.541705,2.790991
22.310000,0.490184,16.101384,1.493603,2.906442
22.320000,0.665907,16.020038,0.091300,2.991168
22.330000,0.806226,16.088110,1.283262,3.073525
22.340000,0.965764,15.983429,0.983199,3.138089
22.350000,1.131629,16.144263,1.149026,3.182640
22.360000,1.296211,16.029694,1.490115,3.215767
22.370000,1.453573,16.088733,1.232778,3.233466
22.380000,1.608352,16.049495,-0.234405,3.237410
22.390000,1.777147,16.105008,1.767477,3.229773
22.400000,1.930483,15.936897,1.855015,3.211209
22.410000,2.109884,15.401608,-4.019819,3.180885
22.420000,2.247637,14.144773,-7.307171,3.141285
22.430000,2.376630,11.967814,-7.718594,3.094926
22.440000,2.484808,9.960381,-7.322667,3.047246
22.450000,2.574287,8.296203,-7.372201,2.991777
22.460000,2.648184,6.049561,-6.514838,2.938335
22.470000,2.705242,4.583457,-5.768909,2.887884
22.480000,2.742654,3.344577,-6.295402,2.828598
22.490000,2.765598,1.898709,-3.762829,2.775833
22.500000,2.780033,0.692763,-3.152626,2.727996
22.510000,2.783436,-0.081341,-2.907641,2.684203
22.520000,2.780207,-0.513667,-2.984615,2.641102
22.530000,2.771380,-1.062813,-2.824307,2.601176
22.540000,2.757543,-1.523826,-2.443448,2.570058
22.550000,2.742720,-1.779031,-2.578543,2.546178
22.560000,2.724663,-2.053001,-1.752660,2.525944
22.570000,2.704086,-2.145062,-1.260851,2.514182
22.580000,2.681263,-1.989594,-0.523077,2.509205
22.590000,2.663283,-1.857291,-0.138117,2.511426
22.600000,2.645073,-1.651964,-0.296803,2.519935
22.610000,2.628932,-1.346990,0.231559,2.535996
22.620000,2.614518,-1.147336,0.946944,2.555042
22.630000,2.605071,-0.904763,0.707692,2.578130
22.640000,2.598136,-0.451912,0.991938,2.606041
22.650000,2.596132,-0.001989,0.902678,2.637009
22.660000,2.597035,0.178794,1.614468,2.671475
22.670000,2.600620,0.487655,2.047063,2.696945
22.680000,2.606438,0.668058,1.912348,2.717240
22.690000,2.614198,0.751409,1.764883,2.740043
22.700000,2.623918,1.053153,1.705601,2.764429
22.710000,2.635964,1.389760,1.948947,2.786473
22.720000,2.648911,1.377718,2.217033,2.809999
22.730000,2.664667,1.541861,1.810096,2.832099
22.740000,2.680763,1.608403,1.470590,2.847951
22.750000,2.698768,1.589063,1.182112,2.856350
22.760000,2.713653,1.447680,0.992023,2.856625
22.770000,2.731115,1.440385,0.025961,2.848435
22.780000,2.745475,1.284035,-0.132765,2.829777
22.790000,2.756909,1.106002,-0.598830,2.801005
22.800000,2.765888,0.668496,-1.223914,2.761880
22.810000,2.769359,0.138112,-2.006865,2.712684
22.820000,2.768077,-0.341234,-2.696328,2.651295
22.830000,2.762821,-0.681319,-4.102156,2.578561
22.840000,2.751494,-1.480969,-4.128271,2.502492
22.850000,2.731986,-2.317612,-4.554668,2.425151
22.860000,2.706805,-3.022552,-4.331230,2.335838
22.870000,2.674789,-3.296549,-4.400000,2.231387
22.880000,2.630483,-4.219805,-4.737893,2.121399
22.890000,2.588606,-5.124026,-4.680341,2.013083
22.900000,2.525881,-6.021882,-4.256443,1.904413
22.910000,2.466823,-6.715394,-3.807760,1.789820
22.920000,2.395509,-7.102403,-3.538215,1.678325
22.930000,2.322979,-7.932879,-3.082422,1.573280
22.940000,2.240761,-8.275477,-2.756958,1.477192
22.950000,2.154082,-8.872996,-1.839595,1.407635
22.960000,2.064815,-8.639903,-1.019454,1.348960
22.970000,1.984434,-8.570882,0.713282,1.294602
22.980000,1.902135,-8.172438,0.384290,1.242328
22.990000,1.819643,-7.678400,0.830769,1.202679
23.000000,1.743720,-7.105849,1.111007,1.161471
23.010000,1.669534,-7.189452,1.303629,1.126124
23.020000,1.604618,-6.489173,0.830769,1.097759
23.030000,1.537408,-6.280998,0.830769,1.073986
23.040000,1.476296,-5.553795,1.407633,1.058034
23.050000,1.420471,-4.877061,1.295014,1.050430
23.060000,1.372195,-4.755704,1.588671,1.049159
23.070000,1.327697,-4.220399,1.589466,1.055278
23.080000,1.287076,-3.634196,1.875954,1.068666
23.090000,1.254452,-3.046196,2.104709,1.098351
23.100000,1.231302,-2.191054,2.375407,1.144563
23.110000,1.213335,-1.602258,2.236175,1.198543
23.120000,1.201776,-0.669403,2.684506,1.268232
23.130000,1.200313,0.197802,4.400000,1.349199
23.140000,1.206151,1.025964,4.068311,1.439229
23.150000,1.220045,1.690966,5.660952,1.551949
23.160000,1.243138,2.681712,5.155453,1.667540
23.170000,1.277877,4.162864,6.553052,1.802744
23.180000,1.320110,4.709581,6.281303,1.936594
23.190000,1.376703,6.064763,5.261669,2.071957
23.200000,1.450453,7.309322,5.351164,2.220263
23.210000,1.527030,8.175445,5.227975,2.373599
23.220000,1.613546,9.210814,4.807469,2.532240
23.230000,1.712216,10.287270,4.243168,2.684339
23.240000,1.811473,11.136032,4.853029,2.851013
23.250000,1.928722,11.703729,4.343879,3.001192
23.260000,2.041287,11.867329,4.075543,3.154088
23.270000,2.171914,12.482355,3.940210,3.302518
23.280000,2.301011,12.784187,3.336923,3.447390
23.290000,2.419422,13.502296,1.725819,3.578972
23.300000,2.568026,13.440690,1.940130,3.700363
23.310000,2.694412,13.386507,1.151704,3.791186
23.320000,2.819103,13.200388,-0.999201,3.891094
23.330000,2.951310,12.795982,-0.249130,3.970308
23.340000,3.074848,12.325488,-1.308686,4.031941
23.350000,3.197248,12.180899,-2.162900,4.079194
23.360000,3.316353,10.776951,-2.190246,4.111545
23.370000,3.415972,9.942171,-3.268030,4.128720
23.380000,3.508480,8.939774,-3.192581,4.132425
23.390000,3.601860,8.249280,-3.732291,4.121975
23.400000,3.671811,7.137828,-4.356618,4.094798
23.410000,3.735644,5.992999,-4.434492,4.054370
23.420000,3.789833,4.799073,-4.673590,3.995732
23.430000,3.828622,3.199512,-4.604694,3.927820
23.440000,3.854881,1.979405,-4.837855,3.842469
23.450000,3.867880,0.769304,-4.889928,3.739904
23.460000,3.868098,-0.511366,-5.302502,3.636876
23.470000,3.857518,-1.614462,-6.810198,3.504532
23.480000,3.834343,-2.939994,-6.044979,3.384805
23.490000,3.796586,-4.368702,-7.039998,3.238052
23.500000,3.746427,-5.728326,-6.474852,3.102105
23.510000,3.687297,-6.469393,-5.807599,2.948080
23.520000,3.611898,-7.928085,-7.285913,2.781751
23.530000,3.532210,-8.836244,-5.687489,2.614412
23.540000,3.436157,-9.935063,-5.732726,2.463803
23.550000,3.337198,-10.681233,-5.139656,2.291110
23.560000,3.230438,-11.276755,-4.011835,2.129783
23.570000,3.110015,-12.278701,-3.724875,2.027431
23.580000,2.983709,-11.998404,-2.090933,1.891078
23.590000,2.856861,-12.636673,-2.176126,1.774561
23.600000,2.741020,-12.800058,-2.069233,1.647490
23.610000,2.609183,-12.497204,-1.384615,1.514153
23.620000,2.490082,-12.602198,-2.000000,1.383065
23.630000,2.356923,-12.691758,-1.130128,1.248724
23.640000,2.220838,-13.036368,-1.918355,1.131172
23.650000,2.105296,-12.604552,-1.313325,1.024719
23.660000,1.975184,-12.641277,-0.762732,0.933828
23.670000,1.846965,-12.120287,0.988745,0.852900
23.680000,1.731424,-12.091450,0.718949,0.781448
23.690000,1.600944,-11.549128,1.280641,0.706056
23.700000,1.494295,-10.773105,0.991098,0.631774
23.710000,1.394075,-10.227989,1.338831,0.555431
23.720000,1.288816,-9.942864,0.892300,0.491446
23.730000,1.197528,-9.869856,1.404304,0.441579
23.740000,1.092856,-9.396147,0.903498,0.378935
23.750000,1.008423,-8.467391,0.369477,0.321164
23.760000,0.921534,-8.583945,0.705346,0.265805
23.770000,0.835364,-7.993175,0.559683,0.208548
23.780000,0.758827,-7.544320,0.496920,0.153245
23.790000,0.689902,-7.501824,0.533385,0.106394
23.800000,0.617303,-7.130571,0.186274,0.062952
23.810000,0.543328,-6.867506,0.276923,0.017793
23.820000,0.480172,-6.209250,0.089378,-0.043853
23.830000,0.418473,-6.392087,-0.568760,-0.105534
23.840000,0.357392,-6.251272,0.131502,-0.164365
23.850000,0.290841,-6.061130,-0.141065,-0.229137
23.860000,0.235856,-5.638429,-1.076923,-0.301827
23.870000,0.171642,-6.273926,-1.813938,-0.375875
23.880000,0.112890,-6.542620,-1.701708,-0.459919
23.890000,0.047714,-6.410323,-2.108586,-0.531832
23.900000,-0.013102,-6.107791,-1.584692,-0.598101
23.910000,-0.079458,-6.274749,-1.151034,-0.673293
23.920000,-0.145995,-6.745709,-1.384615,-0.737897
23.930000,-0.212712,-6.684265,-1.393592,-0.817986
23.940000,-0.282822,-6.916182,-1.218449,-0.895039
23.950000,-0.350261,-6.636470,-1.876923,-0.987459
23.960000,-0.422814,-6.957100,-2.044155,-1.080844
23.970000,-0.496163,-7.471795,-2.573846,-1.180421
23.980000,-0.569299,-7.498401,-3.079009,-1.307352
23.990000,-0.652649,-8.145235,-3.785875,-1.452735
24.000000,-0.735145,-8.505108,-3.721045,-1.595301
24.010000,-0.829019,-9.639491,-3.986337,-1.742148
24.020000,-0.932403,-10.022952,-3.753457,-1.906712
24.030000,-1.031127,-10.640819,-4.306990,-2.068779
24.040000,-1.141023,-11.402936,-4.441696,-2.222660
24.050000,-1.259562,-12.166380,-4.851612,-2.388612
24.060000,-1.391051,-13.015385,-5.076923,-2.544065
24.070000,-1.514952,-12.932090,-3.217211,-2.718751
24.080000,-1.646445,-13.601050,-3.438802,-2.888803
24.090000,-1.797679,-14.258337,-3.571868,-3.042983
24.100000,-1.937360,-14.524331,-3.165988,-3.189780
24.110000,-2.078602,-14.756503,-1.151309,-3.332107
24.120000,-2.225024,-14.740649,-1.206681,-3.464084
24.130000,-2.371296,-14.675402,-0.760762,-3.588104
24.140000,-2.529836,-14.170963,0.349616,-3.687723
24.150000,-2.661189,-14.167774,0.379377,-3.787223
24.160000,-2.794930,-13.293648,1.555848,-3.874359
24.170000,-2.934159,-12.925366,1.656708,-3.944939
24.180000,-3.067058,-12.485274,2.021994,-4.010609
24.190000,-3.188230,-11.695574,2.180662,-4.064260
24.200000,-3.297814,-11.157223,2.059181,-4.100413
24.210000,-3.403065,-10.171211,3.290494,-4.123503
24.220000,-3.500655,-9.050033,3.660847,-4.132500
24.230000,-3.584752,-8.351125,3.046237,-4.127136
24.240000,-3.668831,-6.978279,4.143181,-4.109914
24.250000,-3.726144,-6.399067,4.052952,-4.077959
24.260000,-3.785474,-4.621988,4.956458,-4.030213
24.270000,-3.825811,-3.693196,4.732242,-3.971168
24.280000,-3.858371,-2.356460,4.415633,-3.900240
24.290000,-3.877365,-1.354749,4.606821,-3.805756
24.300000,-3.883590,0.010478,4.523077,-3.712105
24.310000,-3.878067,0.986901,5.388924,-3.610433
24.320000,-3.862089,2.261605,5.999793,-3.487555
24.330000,-3.835400,3.113820,6.184366,-3.356860
24.340000,-3.797298,4.221793,6.869620,-3.204147
24.350000,-3.747501,5.642799,7.139552,-3.029151
24.360000,-3.681545,7.066174,8.242965,-2.838903
24.370000,-3.602330,8.556673,7.921191,-2.650151
24.380000,-3.508881,10.254193,6.838399,-2.455926
24.390000,-3.392745,11.397399,6.383490,-2.273205
24.400000,-3.283185,12.031556,6.613645,-2.093687
24.410000,-3.157943,12.892150,5.876923,-1.920900
24.420000,-3.015155,13.929467,3.662248,-1.763745
24.430000,-2.875791,14.468074,2.640891,-1.630359
24.440000,-2.740814,14.596635,2.397867,-1.503882
24.450000,-2.576183,14.335106,0.848882,-1.400320
24.460000,-2.448083,14.173201,-0.061454,-1.303758
24.470000,-2.298254,13.920941,-1.068605,-1.225517
24.480000,-2.174123,12.990988,-1.607380,-1.161400
24.490000,-2.045285,12.627112,-1.992435,-1.111625
24.500000,-1.921235,11.925218,-3.413725,-1.074056
24.510000,-1.807322,10.656352,-2.879566,-1.054165
24.520000,-1.711441,10.165462,-4.266674,-1.049461
24.530000,-1.612424,8.394314,-4.156686,-1.060808
24.540000,-1.534294,7.584649,-4.456540,-1.088399
24.550000,-1.470644,5.929186,-4.658418,-1.127953
24.560000,-1.415837,5.195825,-4.826741,-1.182474
24.570000,-1.373339,3.345487,-4.804309,-1.247590
24.580000,-1.341487,2.078291,-4.640347,-1.322183
24.590000,-1.325879,0.992880,-4.240001,-1.403758
24.600000,-1.321622,-0.195181,-4.767536,-1.503684
24.610000,-1.327748,-1.119980,-5.227851,-1.598001
24.620000,-1.345102,-2.102569,-5.457608,-1.700073
24.630000,-1.371222,-3.497109,-5.691066,-1.817541
24.640000,-1.411110,-4.480232,-5.971891,-1.941272
24.650000,-1.459481,-5.260441,-5.578464,-2.065621
24.660000,-1.515247,-6.032154,-4.765232,-2.186275
24.670000,-1.580472,-6.699945,-4.030769,-2.299475
24.680000,-1.659203,-7.513926,-3.332638,-2.405951
24.690000,-1.746040,-8.402639,-2.831330,-2.503884
24.700000,-1.825615,-8.673005,-2.273346,-2.592271
24.710000,-1.912973,-8.856513,-1.781580,-2.669315
24.720000,-1.998317,-8.767095,-0.845142,-2.732422
24.730000,-2.083144,-8.900708,0.344363,-2.775668
24.740000,-2.173375,-8.469837,1.488712,-2.812225
24.750000,-2.256642,-7.969357,0.969502,-2.837441
24.760000,-2.331476,-7.631836,1.696684,-2.851863
24.770000,-2.401325,-7.012810,1.901320,-2.857557
24.780000,-2.463777,-6.137350,2.164172,-2.854412
24.790000,-2.516563,-4.905996,2.281206,-2.843867
24.800000,-2.566700,-4.305618,2.290199,-2.826576
24.810000,-2.604282,-3.318401,2.297903,-2.807862
24.820000,-2.635382,-2.983435,1.838673,-2.792360
24.830000,-2.660505,-2.257074,1.758599,-2.773498
24.840000,-2.680704,-1.778453,1.806110,-2.752264
24.850000,-2.693507,-1.140732,1.237144,-2.725913
24.860000,-2.702216,-0.594500,1.200000,-2.699931
24.870000,-2.705594,-0.158770,0.895754,-2.668581
24.880000,-2.705234,0.169194,1.879530,-2.634100
24.890000,-2.701798,0.435216,2.246513,-2.601490
24.900000,-2.696051,0.764835,2.000000,-2.571713
24.910000,-2.687757,1.002985,2.275899,-2.548277
24.920000,-2.677070,1.260605,1.653030,-2.531681
24.930000,-2.663707,1.356749,0.466926,-2.521510
24.940000,-2.648889,1.428571,0.403382,-2.514911
24.950000,-2.636495,1.353225,0.870816,-2.510125
24.960000,-2.622065,1.135477,0.382513,-2.509117
24.970000,-2.609483,1.296703,0.769231,-2.510976
24.980000,-2.598766,1.189541,-0.215385,-2.516893
24.990000,-2.588043,0.811785,0.247488,-2.526229
25.000000,-2.580433,0.740185,0.395958,-2.536349
25.010000,-2.573593,0.430838,0.225482,-2.552879
25.020000,-2.570653,0.247297,-0.357847,-2.575190
25.030000,-2.569429,0.008284,-0.433491,-2.597616
25.040000,-2.570077,-0.125741,-1.040093,-2.627040
25.050000,-2.572084,-0.258827,-2.171439,-2.653729
25.060000,-2.575882,-0.580510,-2.061538,-2.687646
25.070000,-2.582746,-0.881139,-2.710467,-2.720373
25.080000,-2.593287,-1.238319,-2.667559,-2.774768
25.090000,-2.606518,-1.544634,-3.096478,-2.823606
25.100000,-2.624580,-1.890831,-3.309962,-2.878036
25.110000,-2.647382,-2.488112,-3.123777,-2.935259
25.120000,-2.673571,-2.615385,-2.738462,-2.986295
25.130000,-2.702167,-3.250852,-2.746608,-3.036657
25.140000,-2.736132,-3.410118,-2.238219,-3.084627
25.150000,-2.776966,-3.762128,-2.251595,-3.129501
25.160000,-2.813152,-3.931279,-1.846690,-3.166978
25.170000,-2.849424,-3.950706,-1.561382,-3.198811
25.180000,-2.889201,-3.483706,-0.830769,-3.220377
25.190000,-2.930037,-3.828291,-0.295933,-3.234767
25.200000,-2.968796,-3.918608,0.302540,-3.237482
25.210000,-3.000035,-3.403755,0.431410,-3.229082
25.220000,-3.032373,-2.845029,1.185947,-3.209011
25.230000,-3.058850,-2.313729,1.673937,-3.180216
25.240000,-3.079011,-1.819605,1.815385,-3.136883
25.250000,-3.093578,-1.063709,2.368472,-3.077467
25.260000,-3.099905,-0.343435,2.763563,-3.005297
25.270000,-3.098578,0.487737,3.886770,-2.915651
25.280000,-3.088594,1.267523,5.821599,-2.803320
25.290000,-3.072281,2.339754,7.035293,-2.701405
25.300000,-3.044866,3.389176,5.695052,-2.560812
25.310000,-3.004467,4.149618,6.334346,-2.408722
25.320000,-2.952989,5.951954,6.433129,-2.242121
25.330000,-2.888629,6.841775,7.292308,-2.058203
25.340000,-2.804153,8.687132,7.107692,-1.855202
25.350000,-2.715718,9.854681,7.915847,-1.645011
25.360000,-2.603061,11.528898,7.211298,-1.429457
25.370000,-2.487230,12.649681,7.700135,-1.196190
25.380000,-2.348097,14.194281,5.821544,-0.977427
25.390000,-2.203816,15.190932,7.203658,-0.745136
25.400000,-2.050474,16.337261,3.344766,-0.515153
25.410000,-1.890976,16.262608,0.564473,-0.254276
25.420000,-1.733005,15.935275,0.436521,0.007655
25.430000,-1.555170,16.027557,1.209707,0.247310
25.440000,-1.400065,16.068911,1.429679,0.505982
25.450000,-1.256962,16.005385,2.182692,0.709471
25.460000,-1.090859,16.171772,0.288674,0.910169
25.470000,-0.923945,16.125219,1.062186,1.070411
25.480000,-0.783250,16.070280,1.553382,1.242333
25.490000,-0.613474,16.130321,1.102058,1.431237
25.500000,-0.448246,16.149973,1.446488,1.612684
25.510000,-0.273399,16.098615,1.094307,1.769190
25.520000,-0.129926,16.091839,1.140647,1.968376
25.530000,0.044795,16.045447,0.562422,2.163946
25.540000,0.202292,15.991654,0.760013,2.337859
25.550000,0.363289,16.083007,0.523869,2.497568
25.560000,0.517110,16.002517,0.925669,2.645751
25.570000,0.685006,16.108906,0.685614,2.774181
25.580000,0.845360,16.027320,1.262838,2.875043
25.590000,1.004898,16.052172,1.584291,2.967605
25.600000,1.163691,16.118681,1.507692,3.036024
25.610000,1.323207,16.008645,1.588160,3.105453
25.620000,1.485600,16.205376,1.395877,3.155763
25.630000,1.645792,16.036789,1.157860,3.193502
25.640000,1.815245,16.131184,1.314531,3.218044
25.650000,1.969196,15.979265,0.857802,3.233921
25.660000,2.127045,15.306038,-4.183496,3.237516
25.670000,2.276350,14.311995,-6.281495,3.231010
25.680000,2.411965,12.428527,-6.650726,3.217689
25.690000,2.521051,11.164893,-7.099878,3.194463
25.700000,2.622742,9.189900,-6.365831,3.162303
25.710000,2.712447,7.524726,-5.692308,3.128174
25.720000,2.778197,6.101742,-5.646872,3.086959
25.730000,2.831776,4.877787,-5.248833,3.042792
25.740000,2.871022,3.690646,-4.181360,2.996286
25.750000,2.899929,2.382318,-3.733698,2.946528
25.760000,2.916266,1.368793,-3.095386,2.892174
25.770000,2.924392,0.224074,-3.107621,2.839260
25.780000,2.922687,-0.428270,-3.328726,2.788010
25.790000,2.915787,-0.981204,-3.046154,2.748345
25.800000,2.905117,-1.432328,-2.866573,2.716824
25.810000,2.888767,-1.789878,-2.116515,2.687642
25.820000,2.870479,-2.075437,-2.488751,2.652074
25.830000,2.849247,-2.040492,-1.328684,2.623109
25.840000,2.827813,-2.227172,-1.938900,2.594598
25.850000,2.801781,-2.715626,-1.390676,2.570932
25.860000,2.778670,-2.208185,-2.035487,2.549547
25.870000,2.755079,-2.608264,-1.240115,2.532431
25.880000,2.727697,-2.287853,-0.678196,2.520670
25.890000,2.702493,-2.430769,-0.187368,2.511515
25.900000,2.680834,-2.128274,0.014126,2.509250
25.910000,2.659400,-1.987012,-0.079452,2.514909
25.920000,2.642337,-1.882409,0.161558,2.527046
25.930000,2.624321,-1.512656,0.835873,2.545521
25.940000,2.612950,-0.947380,0.798785,2.570837
25.950000,2.604286,-0.629700,1.015932,2.599763
25.960000,2.599836,-0.240314,0.997473,2.631888
25.970000,2.599619,0.121170,1.340496,2.665458
25.980000,2.602225,0.372886,1.695763,2.699719
25.990000,2.607594,0.699323,2.366278,2.734584
26.000000,2.616002,1.034531,2.542901,2.767608
26.010000,2.627028,1.368659,2.331613,2.798281
26.020000,2.642717,1.693338,1.869710,2.822605
26.030000,2.658485,1.814871,1.968632,2.842034
26.040000,2.676300,1.989869,1.506867,2.853741
26.050000,2.695322,1.808360,0.830769,2.857579
26.060000,2.712839,1.808580,0.719544,2.852841
26.070000,2.730473,1.454324,0.164147,2.839389
26.080000,2.745293,1.219798,-0.585741,2.816473
26.090000,2.756499,0.959236,-1.112636,2.785181
26.100000,2.763182,0.440343,-1.396414,2.740688
26.110000,2.765507,0.003441,-1.868396,2.687749
26.120000,2.763078,-0.383287,-2.631840,2.627973
26.130000,2.756935,-1.016890,-3.885932,2.553124
26.140000,2.743915,-1.520963,-4.486053,2.479569
26.150000,2.720967,-2.377008,-4.053086,2.394873
26.160000,2.696130,-3.088789,-4.392503,2.306097
26.170000,2.661696,-3.724908,-4.055555,2.213978
26.180000,2.619442,-4.767659,-4.654061,2.108848
26.190000,2.575748,-4.863255,-4.331941,2.006767
26.200000,2.515173,-6.094829,-3.981674,1.893471
26.210000,2.448206,-6.614082,-3.369895,1.792574
26.220000,2.382350,-7.228418,-3.568802,1.686447
26.230000,2.308157,-7.544257,-2.970806,1.585075
26.240000,2.227992,-8.150684,-2.574212,1.478889
26.250000,2.142124,-8.436259,-1.741954,1.382584
26.260000,2.058241,-8.755745,-2.339540,1.296018
26.270000,1.975248,-8.852772,-1.070528,1.218983
26.280000,1.884354,-8.678212,-0.571464,1.158433
26.290000,1.800027,-8.764874,0.736894,1.111571
26.300000,1.716013,-8.230043,0.370712,1.075393
26.310000,1.633345,-7.928505,0.958034,1.054089
26.320000,1.558436,-7.218648,1.943307,1.049720
26.330000,1.485734,-6.730643,2.495712,1.062502
26.340000,1.427492,-5.647709,3.647025,1.091461
26.350000,1.372424,-4.802403,3.108375,1.133935
26.360000,1.335351,-3.606091,4.719848,1.196747
26.370000,1.305036,-2.635525,4.051434,1.278053
26.380000,1.288079,-1.336800,4.588475,1.378324
26.390000,1.283828,0.215170,5.371106,1.486011
26.400000,1.291060,1.330855,6.011884,1.609793
26.410000,1.310135,2.398379,8.109447,1.748684
26.420000,1.342921,3.927908,6.649275,1.883610
26.430000,1.394233,5.201510,6.238630,2.028897
26.440000,1.449981,6.451878,7.405510,2.195018
26.450000,1.516360,7.916943,6.311655,2.367612
26.460000,1.598903,9.031711,6.870902,2.541500
26.470000,1.692219,9.979185,5.881476,2.706166
26.480000,1.800911,10.844743,6.137085,2.880960
26.490000,1.912801,12.233565,5.191258,3.047659
26.500000,2.039767,12.491202,4.042477,3.203383
26.510000,2.163203,13.131569,3.876222,3.361929
26.520000,2.302518,13.689063,4.361574,3.505492
26.530000,2.436762,13.994783,1.457082,3.637620
26.540000,2.579382,13.897963,1.110462,3.758985
26.550000,2.714454,13.956823,1.193547,3.867006
26.560000,2.853933,13.866842,-0.566559,3.955660
26.570000,2.994015,13.285195,-0.991890,4.026584
26.580000,3.116501,12.667962,-2.227071,4.081562
26.590000,3.239470,11.826851,-2.420765,4.114996
26.600000,3.367040,11.277898,-3.597296,4.130838
26.610000,3.467609,9.937876,-4.216877,4.130289
26.620000,3.561229,8.560515,-4.603585,4.111305
26.630000,3.636870,7.561734,-4.904247,4.076900
26.640000,3.704448,6.374392,-5.747531,4.018076
26.650000,3.757670,4.779027,-5.449672,3.941880
26.660000,3.798087,3.207523,-5.557920,3.852715
26.670000,3.821448,1.816018,-6.236173,3.740178
26.680000,3.830205,0.174171,-6.104604,3.615820
26.690000,3.824724,-1.125337,-7.059884,3.483397
26.700000,3.803250,-2.817506,-9.015653,3.334233
26.710000,3.770728,-4.041178,-7.157799,3.190012
26.720000,3.722254,-5.309915,-6.465583,3.039963
26.730000,3.660637,-6.536212,-6.769141,2.862395
26.740000,3.580660,-8.482977,-7.135402,2.691406
26.750000,3.492756,-9.329201,-5.738451,2.513755
26.760000,3.397460,-10.345624,-5.850672,2.335704
26.770000,3.279170,-11.832661,-6.068474,2.165675
26.780000,3.157923,-12.116558,-4.583372,1.998241
26.790000,3.038860,-13.327963,-5.131456,1.834480
26.800000,2.904622,-13.608202,-3.660758,1.657669
26.810000,2.762820,-14.092120,-3.889673,1.492610
26.820000,2.612068,-14.802791,-3.040675,1.335667
26.830000,2.468469,-14.720336,-2.631304,1.193253
26.840000,2.326696,-14.798242,-1.244104,1.055665
26.850000,2.174817,-14.880253,-0.888912,0.919885
26.860000,2.027089,-14.721476,-0.768813,0.798846
26.870000,1.878976,-14.621277,0.569962,0.685572
26.880000,1.723733,-14.500511,0.154532,0.586110
26.890000,1.587020,-13.925463,0.486479,0.488600
26.900000,1.438076,-13.395593,0.621758,0.398781
26.910000,1.318292,-12.643524,1.466858,0.313208
26.920000,1.188105,-12.159565,1.638776,0.241550
26.930000,1.076320,-11.736290,1.953104,0.167248
26.940000,0.962907,-10.916349,1.597073,0.096987
26.950000,0.853219,-10.898071,1.205210,0.026280
26.960000,0.742984,-10.336780,1.127329,-0.039902
26.970000,0.642217,-9.883859,0.659660,-0.108940
26.980000,0.556866,-9.600447,0.479829,-0.181963
26.990000,0.456813,-9.194263,0.368141,-0.257677
27.000000,0.370326,-8.510884,-1.276941,-0.336859
27.010000,0.286023,-8.496703,-0.580921,-0.424009
27.020000,0.204874,-8.253684,-0.824882,-0.514369
27.030000,0.124325,-8.466117,-1.623924,-0.610564
27.040000,0.037549,-8.540364,-1.494168,-0.713063
27.050000,-0.046077,-8.847079,-2.288114,-0.825427
27.060000,-0.134237,-8.982163,-3.173639,-0.949891
27.070000,-0.223181,-9.025438,-2.496050,-1.080940
27.080000,-0.326980,-9.937899,-4.032317,-1.219558
27.090000,-0.420470,-9.990713,-3.582736,-1.359259
27.100000,-0.534656,-10.421978,-3.899753,-1.521226
27.110000,-0.637537,-11.022437,-3.598351,-1.690729
27.120000,-0.747073,-12.106040,-5.027871,-1.863298
27.130000,-0.872138,-12.385303,-3.493461,-2.036047
27.140000,-1.005907,-13.242318,-3.485331,-2.215216
27.150000,-1.138889,-13.829246,-4.936951,-2.395952
27.160000,-1.271584,-14.641443,-4.087898,-2.580281
27.170000,-1.432952,-14.901009,-3.198569,-2.747491
27.180000,-1.589637,-15.510354,-3.173208,-2.911700
27.190000,-1.739754,-15.574148,-2.055773,-3.078883
27.200000,-1.900970,-15.864085,-1.865817,-3.246280
27.210000,-2.058810,-16.105295,-1.834643,-3.402447
27.220000,-2.201301,-16.003555,-0.804956,-3.543208
27.230000,-2.364789,-16.059189,-1.409439,-3.678690
27.240000,-2.531270,-15.639619,0.031262,-3.796799
27.250000,-2.674968,-15.522004,0.721109,-3.891349
27.260000,-2.830174,-14.783412,0.987529,-3.978932
27.270000,-2.971527,-14.133233,3.121032,-4.041167
27.280000,-3.108773,-13.496916,4.259058,-4.092145
27.290000,-3.253769,-12.265200,3.585352,-4.122331
27.300000,-3.359766,-11.352142,4.173033,-4.132675
27.310000,-3.475101,-9.697171,5.448585,-4.123359
27.320000,-3.562189,-9.020846,4.508157,-4.095084
27.330000,-3.641213,-7.060399,6.286324,-4.046107
27.340000,-3.705192,-5.990381,5.790843,-3.977647
27.350000,-3.754934,-4.271432,6.300985,-3.896548
27.360000,-3.793988,-2.639635,6.458867,-3.792260
27.370000,-3.810948,-1.153900,5.674380,-3.682132
27.380000,-3.814437,0.351680,6.000049,-3.561447
27.390000,-3.803826,1.703645,7.021375,-3.414478
27.400000,-3.777598,3.087812,6.831500,-3.260752
27.410000,-3.738863,4.707241,8.046319,-3.102209
27.420000,-3.680257,6.135157,7.333647,-2.941843
27.430000,-3.607657,7.604340,6.442707,-2.767384
27.440000,-3.527247,8.832691,6.931097,-2.596057
27.450000,-3.437041,10.376534,5.164608,-2.452336
27.460000,-3.337140,10.656069,3.514584,-2.338582
27.470000,-3.223907,11.079019,2.112117,-2.249477
27.480000,-3.114858,11.280374,1.820487,-2.128532
27.490000,-3.000723,11.230388,1.152963,-2.013207
27.500000,-2.893954,11.869022,0.985479,-1.915872
27.510000,-2.780082,11.097687,1.957966,-1.801758
27.520000,-2.661267,11.537141,0.862438,-1.705939
27.530000,-2.550721,10.847929,1.115975,-1.602736
27.540000,-2.436392,10.962203,0.821525,-1.518731
27.550000,-2.329024,11.294146,-0.835561,-1.434231
27.560000,-2.224650,10.469014,0.581468,-1.351623
27.570000,-2.111149,10.136044,-0.365339,-1.280247
27.580000,-2.009416,10.334438,-1.242242,-1.228347
27.590000,-1.919745,9.502243,-0.745429,-1.188122
27.600000,-1.820493,9.195963,-1.507692,-1.137107
27.610000,-1.732396,8.421651,-1.285442,-1.108139
27.620000,-1.655356,7.838472,-1.597312,-1.082135
27.630000,-1.578496,7.224320,-1.734379,-1.057005
27.640000,-1.511679,6.495374,-1.927082,-1.049014
27.650000,-1.450448,6.090193,-2.068841,-1.054362
27.660000,-1.394560,5.382642,-2.184979,-1.065060
27.670000,-1.341628,4.208098,-2.546948,-1.085536
27.680000,-1.303221,3.492428,-3.140140,-1.127353
27.690000,-1.275043,2.580599,-3.370824,-1.184573
27.700000,-1.253367,1.717923,-3.249966,-1.252108
27.710000,-1.243018,0.570631,-2.946209,-1.329517
27.720000,-1.241939,-0.294062,-4.725403,-1.419404
27.730000,-1.249347,-1.294578,-4.933559,-1.513871
27.740000,-1.265485,-2.258502,-5.277282,-1.611309
27.750000,-1.295300,-2.782418,-4.769231,-1.710335
27.760000,-1.327070,-3.709377,-5.037947,-1.821865
27.770000,-1.374962,-4.705181,-4.577778,-1.927568
27.780000,-1.425830,-5.872640,-5.170017,-2.030329
27.790000,-1.490890,-6.669235,-4.487512,-2.142308
27.800000,-1.553386,-7.091447,-3.744575,-2.247362
27.810000,-1.629716,-7.708465,-3.743661,-2.345556
27.820000,-1.710168,-7.734432,-2.708545,-2.435139
27.830000,-1.788938,-7.982223,-1.915725,-2.515046
27.840000,-1.869283,-8.276778,-1.149282,-2.582802
27.850000,-1.951783,-8.320401,-0.691067,-2.652616
27.860000,-2.041308,-8.222419,-0.228589,-2.712227
27.870000,-2.122192,-7.892715,-0.123305,-2.758261
27.880000,-2.195774,-7.380407,0.701669,-2.798764
27.890000,-2.271303,-7.516811,0.597474,-2.824949
27.900000,-2.346366,-6.967869,0.906273,-2.845926
27.910000,-2.408721,-6.027981,1.789144,-2.856360
27.920000,-2.469163,-5.902447,1.759796,-2.856650
27.930000,-2.521681,-4.915896,2.529426,-2.848657
27.940000,-2.568592,-4.577744,2.148684,-2.832979
27.950000,-2.608095,-3.314277,2.288454,-2.811704
27.960000,-2.640441,-2.576692,2.276371,-2.783611
27.970000,-2.666847,-2.089847,2.382777,-2.755313
27.980000,-2.683429,-1.437950,1.670623,-2.724240
27.990000,-2.693170,-0.827197,1.388464,-2.691553
28.000000,-2.698749,-0.285717,1.107706,-2.656993
28.010000,-2.698749,0.145055,1.630769,-2.624553
28.020000,-2.695585,0.475267,2.053947,-2.592096
28.030000,-2.690062,0.638743,2.261077,-2.563355
28.040000,-2.681139,1.017366,2.035533,-2.540391
28.050000,-2.668857,1.341586,1.731825,-2.523584
28.060000,-2.656259,1.243301,1.729952,-2.513063
28.070000,-2.642229,1.475854,0.997091,-2.509036
28.080000,-2.626232,1.489272,0.538903,-2.512133
28.090000,-2.614683,1.297836,0.211341,-2.523640
28.100000,-2.603312,0.984257,-0.224805,-2.543990
28.110000,-2.593532,0.792255,-0.584615,-2.570974
28.120000,-2.588188,0.351888,-1.507322,-2.602817
28.130000,-2.586347,-0.008325,-1.341592,-2.643435
28.140000,-2.587750,-0.251553,-2.119565,-2.681073
28.150000,-2.592240,-0.624406,-2.307692,-2.713153
28.160000,-2.600219,-0.915274,-2.564418,-2.751432
28.170000,-2.611305,-1.340928,-2.061538,-2.789323
28.180000,-2.626152,-1.591367,-2.576438,-2.826149
28.190000,-2.642888,-1.838711,-2.155173,-2.860560
28.200000,-2.663065,-2.246255,-2.313343,-2.918828
28.210000,-2.686799,-2.546414,-2.738462,-2.984623
28.220000,-2.713500,-3.137058,-1.950971,-3.047405
28.230000,-2.746856,-3.408699,-3.789881,-3.107999
28.240000,-2.784473,-4.037493,-2.383702,-3.157474
28.250000,-2.823178,-3.642081,-1.582358,-3.196527
28.260000,-2.861671,-4.018365,-1.276598,-3.219001
28.270000,-2.900604,-3.756977,-0.773618,-3.229923
28.280000,-2.942996,-3.934611,0.429284,-3.236422
28.290000,-2.975935,-3.439004,0.830769,-3.236899
28.300000,-3.015322,-3.432122,0.852071,-3.231890
28.310000,-3.043808,-2.857473,1.226628,-3.221001
28.320000,-3.069137,-2.312522,1.304935,-3.200120
28.330000,-3.092064,-1.862915,1.645511,-3.160241
28.340000,-3.104758,-1.018672,1.280802,-3.127683
28.350000,-3.112917,-0.611076,1.564785,-3.084525
28.360000,-3.116083,-0.007428,1.903798,-3.015988
28.370000,-3.113033,0.514212,3.720768,-2.928962
28.380000,-3.103303,1.149461,4.461670,-2.844023
28.390000,-3.085769,2.075750,5.379987,-2.730845
28.400000,-3.058941,3.239948,5.484856,-2.610247
28.410000,-3.021920,4.059478,5.915144,-2.485927
28.420000,-2.974696,5.115698,6.450238,-2.344433
28.430000,-2.915157,6.468107,6.196770,-2.173049
28.440000,-2.848786,7.710814,7.045708,-2.004313
28.450000,-2.767408,8.614579,6.365042,-1.808552
28.460000,-2.668990,9.865751,6.846184,-1.614324
28.470000,-2.561121,11.081892,7.174497,-1.411535
28.480000,-2.449439,12.767472,5.293393,-1.200916
28.490000,-2.310738,13.264855,6.001620,-0.992473
28.500000,-2.173244,14.614337,5.417927,-0.793918
28.510000,-2.010513,15.475114,6.479480,-0.563252
28.520000,-1.864581,16.190944,1.998151,-0.362483
28.530000,-1.694127,16.218861,0.013177,-0.133937
28.540000,-1.537078,16.036928,0.939475,0.101749
28.550000,-1.366420,16.125110,1.692308,0.320926
28.560000,-1.210504,16.150497,1.602638,0.553171
28.570000,-1.060967,15.997303,1.732774,0.779710
28.580000,-0.896295,16.065576,1.081239,0.964374
28.590000,-0.735847,16.059542,1.190717,1.151953
28.600000,-0.571185,16.050321,0.907776,1.298989
28.610000,-0.415734,16.114116,0.949959,1.469532
28.620000,-0.256290,16.091914,1.197854,1.614481
28.630000,-0.086216,16.008439,0.607259,1.810583
28.640000,0.061624,16.133841,1.030178,1.995289
28.650000,0.220730,16.029031,1.917717,2.170259
28.660000,0.386333,16.087532,0.142903,2.337288
28.670000,0.545663,16.056220,-0.047079,2.483661
28.680000,0.705523,16.155748,1.007087,2.627197
28.690000,0.871084,16.005249,1.110679,2.749573
28.700000,1.045059,15.970838,0.898365,2.853778
28.710000,1.188590,16.048886,1.242600,2.942257
28.720000,1.348374,16.083516,1.472393,3.017275
28.730000,1.514659,16.141017,1.608048,3.090728
28.740000,1.682631,16.098288,1.179321,3.144303
28.750000,1.832240,16.083380,1.386521,3.184783
28.760000,2.004551,15.991125,-1.558716,3.215072
28.770000,2.167072,14.913310,-4.779103,3.232964
28.780000,2.291681,13.977115,-5.193962,3.237563
28.790000,2.425360,12.513392,-5.763292,3.232146
28.800000,2.541278,10.694505,-5.487430,3.218879
28.810000,2.647942,9.274328,-5.735034,3.197117
28.820000,2.722950,7.607047,-5.338915,3.166651
28.830000,2.795552,6.143756,-5.089598,3.133041
28.840000,2.849833,5.298164,-4.828724,3.087112
28.850000,2.895084,3.886845,-5.251789,3.042559
28.860000,2.925750,2.398733,-4.584615,2.991235
28.870000,2.945190,1.257624,-3.070709,2.938629
28.880000,2.954399,0.447237,-3.222232,2.884583
28.890000,2.954581,-0.293554,-3.068398,2.837204
28.900000,2.949421,-0.849677,-3.061251,2.790106
28.910000,2.938372,-1.380816,-3.311354,2.742925
28.920000,2.924307,-1.744994,-3.275344,2.697138
28.930000,2.903919,-2.136850,-2.781548,2.655246
28.940000,2.881562,-2.401711,-2.236080,2.618941
28.950000,2.853913,-2.731894,-1.749136,2.586499
28.960000,2.828319,-2.688371,-1.497121,2.560195
28.970000,2.796653,-2.643979,-1.346635,2.537135
28.980000,2.769478,-2.916837,-0.946514,2.521882
28.990000,2.741107,-2.894318,-0.615957,2.512209
29.000000,2.713107,-2.535416,-0.305193,2.509010
29.010000,2.687663,-2.493624,0.216301,2.511898
29.020000,2.664878,-2.258202,0.270410,2.520644
29.030000,2.643954,-1.748781,0.254638,2.534438
29.040000,2.628944,-1.285803,0.862782,2.554436
29.050000,2.615556,-1.017484,1.318140,2.576287
29.060000,2.608035,-0.665512,1.154832,2.604084
29.070000,2.604143,-0.218067,0.567926,2.632630
29.080000,2.604143,0.112302,0.707147,2.663056
29.090000,2.605957,0.293525,1.785279,2.691829
29.100000,2.610495,0.502437,1.563880,2.711043
29.110000,2.617176,0.808755,2.266701,2.738594
29.120000,2.625510,1.023557,2.068523,2.760775
29.130000,2.636457,1.313387,2.499101,2.780765
29.140000,2.648679,1.232175,2.087854,2.799082
29.150000,2.663331,1.224610,1.455774,2.815757
29.160000,2.678043,1.530147,1.384615,2.833367
29.170000,2.693296,1.631803,1.134832,2.847382
29.180000,2.709986,1.653122,0.978408,2.855553
29.190000,2.725945,1.603173,0.876741,2.857542
29.200000,2.739249,1.516484,0.357103,2.853550
29.210000,2.753909,1.324201,-0.010939,2.841912
29.220000,2.764535,0.974266,-0.153846,2.822091
29.230000,2.774138,0.723956,-1.053844,2.793927
29.240000,2.779188,0.269613,-1.153472,2.756597
29.250000,2.780224,-0.041489,-1.770204,2.717571
29.260000,2.778344,-0.274674,-2.008109,2.675208
29.270000,2.773783,-0.708968,-3.062531,2.618158
29.280000,2.764515,-1.188557,-3.249253,2.549783
29.290000,2.748005,-1.812034,-3.827111,2.478217
29.300000,2.726111,-2.538805,-4.620186,2.392206
29.310000,2.698716,-3.255723,-3.919676,2.318420
29.320000,2.661554,-3.815587,-4.176371,2.240822
29.330000,2.623146,-4.212723,-3.572336,2.151846
29.340000,2.575374,-5.120238,-3.661538,2.056861
29.350000,2.522984,-5.581599,-3.511555,1.965907
29.360000,2.467293,-6.321825,-3.909628,1.850066
29.370000,2.404060,-6.597761,-3.815293,1.728521
29.380000,2.335165,-7.282501,-2.998278,1.655344
29.390000,2.258887,-7.578475,-1.414971,1.590526
29.400000,2.184796,-7.932109,-1.370218,1.523566
29.410000,2.104045,-7.825563,-1.112345,1.455046
29.420000,2.034120,-7.759950,-1.101712,1.384599
29.430000,1.960886,-7.226804,-0.819666,1.324502
29.440000,1.888014,-7.495651,-0.659070,1.270959
29.450000,1.808244,-7.567320,-0.220068,1.219339
29.460000,1.732648,-7.116727,-0.483921,1.159708
29.470000,1.667536,-6.534395,-0.046018,1.118812
29.480000,1.602386,-6.564313,0.153846,1.085681
29.490000,1.535961,-6.343439,0.755037,1.061549
29.500000,1.477435,-6.055264,0.962532,1.050286
29.510000,1.416894,-5.331401,1.439982,1.051157
29.520000,1.368341,-4.502508,2.268395,1.064203
29.530000,1.325079,-4.252342,2.388456,1.092552
29.540000,1.287871,-3.068061,2.538193,1.132279
29.550000,1.261606,-2.410797,2.726827,1.183419
29.560000,1.242718,-1.575850,3.160806,1.244130
29.570000,1.231687,-0.552308,3.524986,1.318840
29.580000,1.231342,0.330259,4.296520,1.412186
29.590000,1.240453,1.398028,4.942775,1.519537
29.600000,1.257497,2.149374,6.103328,1.625169
29.610000,1.284383,3.017944,5.812171,1.753955
29.620000,1.324882,4.248889,5.859254,1.886322
29.630000,1.372474,5.618142,6.529729,2.024695
29.640000,1.434343,6.389913,6.336657,2.168627
29.650000,1.510944,7.733343,4.787372,2.299301
29.660000,1.585807,8.207341,5.223449,2.458536
29.670000,1.682880,9.579524,4.049529,2.594602
29.680000,1.774200,10.109404,3.795680,2.747753
29.690000,1.881812,11.104078,3.688301,2.909611
29.700000,1.986917,11.253473,3.699219,3.057259
29.710000,2.108915,11.763103,2.248771,3.187916
29.720000,2.232773,12.507015,2.541123,3.314694
29.730000,2.362341,12.526785,2.089420,3.441225
29.740000,2.473979,12.577856,2.293868,3.568483
29.750000,2.611902,12.386204,1.878061,3.677395
29.760000,2.733528,12.910598,0.582782,3.777293
29.770000,2.855084,12.358143,0.324552,3.877543
29.780000,2.972468,12.159262,0.692433,3.961452
29.790000,3.104486,12.010632,-0.914400,4.021586
29.800000,3.208653,11.660783,-1.386820,4.071224
29.810000,3.321380,10.487732,-2.219179,4.107019
29.820000,3.428500,9.650617,-2.614452,4.126584
29.830000,3.520402,8.765740,-3.018100,4.132552
29.840000,3.601127,7.806282,-3.067280,4.123823
29.850000,3.679976,6.807191,-3.713010,4.100185
29.860000,3.739073,5.704733,-3.957821,4.061323
29.870000,3.790842,4.880086,-4.095624,4.012808
29.880000,3.832420,3.504299,-4.454683,3.943158
29.890000,3.859206,2.374068,-5.156195,3.856423
29.900000,3.874206,0.874154,-5.304697,3.757084
29.910000,3.875124,-0.466921,-6.385137,3.645957
29.920000,3.865134,-1.770329,-6.003848,3.533564
29.930000,3.843227,-3.000985,-6.253106,3.404515
29.940000,3.806916,-3.904609,-6.292288,3.263202
29.950000,3.763541,-5.353730,-7.690893,3.113106
29.960000,3.702218,-6.686557,-6.843403,2.961291
29.970000,3.629174,-7.885056,-6.283741,2.795897
29.980000,3.552142,-8.919705,-6.184260,2.638385
29.990000,3.458956,-9.859280,-6.923259,2.471081
30.000000,3.352265,-10.558442,-4.875690,2.305713
30.010000,3.236760,-11.839623,-4.788572,2.150766
30.020000,3.113728,-12.588318,-4.238981,1.991589
30.030000,2.997577,-12.652987,-3.203897,1.834867
30.040000,2.865168,-13.501302,-3.649113,1.676594
30.050000,2.727498,-13.581707,-2.491467,1.554534
30.060000,2.595974,-13.553248,-2.041562,1.405002
30.070000,2.448171,-14.177785,-2.619365,1.267459
30.080000,2.321529,-13.733828,-1.316401,1.142702
30.090000,2.178345,-13.997466,-1.051740,1.025830
30.100000,2.035726,-13.679337,-1.826046,0.918474
30.110000,1.904448,-13.351829,0.726756,0.828909
30.120000,1.778690,-13.118199,1.553644,0.735258
30.130000,1.651637,-13.012835,0.646749,0.639563
30.140000,1.516982,-12.509780,0.616017,0.550609
30.150000,1.408603,-11.430446,0.639477,0.472113
30.160000,1.276301,-11.089224,0.285784,0.394645
30.170000,1.178333,-10.795228,1.114440,0.324363
30.180000,1.072749,-10.251599,0.686898,0.249710
30.190000,0.965905,-9.752362,0.809991,0.186293
30.200000,0.868942,-9.641527,0.801916,0.122502
30.210000,0.783370,-9.476376,0.771641,0.064351
30.220000,0.693849,-8.847286,0.400000,-0.000720
30.230000,0.606013,-8.281580,0.189585,-0.066059
30.240000,0.518071,-8.223547,0.242639,-0.117221
30.250000,0.450405,-7.537531,0.457028,-0.172616
30.260000,0.362133,-7.457367,-0.099434,-0.235581
30.270000,0.292226,-6.885030,-0.400508,-0.307468
30.280000,0.217432,-6.793369,-0.936811,-0.376023
30.290000,0.154446,-7.169644,-1.082712,-0.449793
30.300000,0.082237,-6.924718,-1.271004,-0.533287
30.310000,0.006306,-7.337234,-1.538025,-0.616832
30.320000,-0.061506,-7.302533,-2.606311,-0.709795
30.330000,-0.135878,-7.450549,-2.707136,-0.803470
30.340000,-0.207263,-7.631880,-2.685195,-0.916036
30.350000,-0.287631,-7.861817,-2.394450,-1.027557
30.360000,-0.367698,-8.391035,-3.161776,-1.149520
30.370000,-0.459140,-9.169458,-3.780165,-1.279493
30.380000,-0.540003,-9.158629,-3.585864,-1.418929
30.390000,-0.644185,-9.792302,-3.394678,-1.564818
30.400000,-0.743733,-10.151987,-3.269428,-1.700892
30.410000,-0.848451,-10.679745,-4.056398,-1.865467
30.420000,-0.957973,-11.747115,-3.935763,-2.018010
30.430000,-1.073566,-11.696676,-3.769363,-2.162775
30.440000,-1.205354,-12.866844,-4.223893,-2.330749
30.450000,-1.330043,-13.068170,-3.797927,-2.500516
30.460000,-1.455897,-13.167070,-3.037995,-2.673513
30.470000,-1.590396,-14.182868,-3.925661,-2.838413
30.480000,-1.735168,-14.498577,-2.917906,-3.000618
30.490000,-1.870059,-14.499417,-1.959444,-3.140986
30.500000,-2.036283,-14.943965,-2.041265,-3.287699
30.510000,-2.170192,-14.898569,-1.953325,-3.435774
30.520000,-2.314713,-14.847080,-0.887486,-3.563213
30.530000,-2.480472,-14.569242,-0.367230,-3.671717
30.540000,-2.616738,-14.500364,-0.202507,-3.778692
30.550000,-2.758364,-14.249520,2.645636,-3.872456
30.560000,-2.891569,-13.515058,1.348025,-3.937532
30.570000,-3.023733,-13.162874,1.866238,-3.994175
30.580000,-3.146286,-12.432959,2.078498,-4.040324
30.590000,-3.267093,-11.454315,2.079128,-4.073496
30.600000,-3.367685,-10.643550,2.714433,-4.102750
30.610000,-3.471984,-9.334398,3.398007,-4.121732
30.620000,-3.564480,-8.321613,3.349937,-4.131531
30.630000,-3.635915,-7.234083,3.475615,-4.131210
30.640000,-3.704409,-6.545511,2.950178,-4.119972
30.650000,-3.766121,-5.320079,3.538418,-4.095925
30.660000,-3.818841,-4.623153,2.793981,-4.065862
30.670000,-3.861552,-3.673450,3.408103,-4.022711
30.680000,-3.890709,-2.692383,2.956232,-3.970111
30.690000,-3.908739,-1.788370,3.975960,-3.910164
30.700000,-3.921144,-0.709327,2.798177,-3.850962
30.710000,-3.923034,0.180651,3.322328,-3.779295
30.720000,-3.917276,0.898581,3.954036,-3.698708
30.730000,-3.903127,1.671948,4.189654,-3.615189
30.740000,-3.882788,2.455435,4.527998,-3.530508
30.750000,-3.854813,3.094604,4.561366,-3.436113
30.760000,-3.817689,4.079102,4.871496,-3.326336
30.770000,-3.773805,5.101347,4.436346,-3.221722
30.780000,-3.716076,5.352377,4.026033,-3.108761
30.790000,-3.658305,6.590715,4.859191,-2.965885
30.800000,-3.589745,7.415710,4.558976,-2.832126
30.810000,-3.509510,7.980425,4.683100,-2.686584
30.820000,-3.419371,8.789949,5.160131,-2.529649
30.830000,-3.335313,9.755889,4.450317,-2.390795
30.840000,-3.235282,10.312635,4.217937,-2.241223
30.850000,-3.123880,11.204005,3.861987,-2.109130
30.860000,-3.014811,11.497846,3.609885,-1.947268
30.870000,-2.899006,12.440735,3.253319,-1.814523
30.880000,-2.767950,12.075131,3.053421,-1.689201
30.890000,-2.643037,12.413867,2.716754,-1.574935
30.900000,-2.528249,12.701914,0.358859,-1.467020
30.910000,-2.398162,12.844801,0.368048,-1.375182
30.920000,-2.273769,11.995484,-0.355612,-1.296920
30.930000,-2.156788,12.124933,0.076506,-1.228608
30.940000,-2.039375,11.316911,-1.117123,-1.172213
30.950000,-1.934542,10.713625,-2.143734,-1.121357
30.960000,-1.821864,10.116485,-1.706964,-1.086205
30.970000,-1.721419,9.323436,-2.711297,-1.061620
30.980000,-1.638444,8.615749,-2.513081,-1.049509
30.990000,-1.559581,7.725288,-3.412262,-1.052926
31.000000,-1.494483,6.709891,-2.662070,-1.066656
31.010000,-1.428604,5.706606,-3.784615,-1.091932
31.020000,-1.376913,4.770135,-3.742063,-1.131139
31.030000,-1.334469,3.838494,-3.427301,-1.175737
31.040000,-1.304310,2.536675,-2.862499,-1.224183
31.050000,-1.284978,1.682831,-3.445254,-1.288271
31.060000,-1.274701,0.607249,-3.645290,-1.364730
31.070000,-1.273951,-0.320468,-3.927500,-1.440717
31.080000,-1.280857,-1.100577,-4.698248,-1.529770
31.090000,-1.296496,-1.819003,-5.083370,-1.618559
31.100000,-1.322108,-2.880034,-4.777364,-1.716977
31.110000,-1.356696,-3.543879,-5.184256,-1.818096
31.120000,-1.397314,-4.672378,-4.971925,-1.911538
31.130000,-1.445403,-4.855733,-3.628749,-2.012698
31.140000,-1.506100,-6.001868,-3.643125,-2.115312
31.150000,-1.570885,-6.796786,-3.539678,-2.196580
31.160000,-1.638271,-6.874836,-1.958490,-2.281553
31.170000,-1.707360,-7.411037,-1.994644,-2.360135
31.180000,-1.784208,-7.564786,-1.810434,-2.435061
31.190000,-1.850904,-7.689597,-1.451516,-2.508708
31.200000,-1.927448,-7.224704,-1.193439,-2.587054
31.210000,-2.007690,-7.690506,-0.979073,-2.648249
31.220000,-2.081251,-7.439661,-0.809528,-2.702983
31.230000,-2.151945,-7.574734,-0.527966,-2.752422
31.240000,-2.229038,-7.263882,0.030486,-2.790996
31.250000,-2.295125,-6.575666,0.908480,-2.816768
31.260000,-2.362336,-6.425173,1.126674,-2.836736
31.270000,-2.429831,-5.943796,1.861986,-2.850645
31.280000,-2.479856,-5.320630,1.323077,-2.857117
31.290000,-2.533665,-4.479300,1.741371,-2.856176
31.300000,-2.576366,-4.415674,1.286574,-2.848690
31.310000,-2.613931,-3.610227,1.593941,-2.835476
31.320000,-2.646884,-3.133709,1.673068,-2.816601
31.330000,-2.673738,-2.190928,1.379874,-2.794706
31.340000,-2.694727,-1.801659,1.682592,-2.767440
31.350000,-2.708658,-1.100286,1.927922,-2.736745
31.360000,-2.717379,-0.670495,1.456186,-2.707150
31.370000,-2.720493,-0.117427,1.094560,-2.674516
31.380000,-2.719693,0.217086,1.809429,-2.642889
31.390000,-2.715841,0.510747,1.741062,-2.612126
31.400000,-2.709821,0.690335,2.033131,-2.582228
31.410000,-2.700873,1.062184,2.062456,-2.559086
31.420000,-2.689799,1.121894,1.271020,-2.538247
31.430000,-2.676354,1.515243,1.342625,-2.523216
31.440000,-2.659699,1.528764,0.939191,-2.512953
31.450000,-2.647295,1.571861,0.736190,-2.509065
31.460000,-2.630205,1.372123,-0.005830,-2.510855
31.470000,-2.617751,1.460070,0.158414,-2.518202
31.480000,-2.604194,1.004247,-0.148372,-2.531699
31.490000,-2.594188,0.936163,-0.271073,-2.552042
31.500000,-2.587447,0.481683,-0.551768,-2.575605
31.510000,-2.583568,0.222279,-0.917652,-2.605759
31.520000,-2.583341,-0.112523,-1.457538,-2.644346
31.530000,-2.585846,-0.368608,-2.164840,-2.685896
31.540000,-2.590755,-0.680284,-2.470311,-2.728253
31.550000,-2.599802,-1.159675,-2.957007,-2.777921
31.560000,-2.613268,-1.501014,-2.944734,-2.836029
31.570000,-2.630350,-2.033131,-4.245988,-2.885310
31.580000,-2.652190,-2.465934,-2.935180,-2.940052
31.590000,-2.679073,-2.807331,-2.587738,-2.986947
31.600000,-2.709098,-2.993512,-2.150254,-3.034543
31.610000,-2.744122,-3.590524,-2.516134,-3.079448
31.620000,-2.778651,-3.616987,-1.799150,-3.117324
31.630000,-2.816061,-3.738790,-1.331256,-3.152759
31.640000,-2.851860,-3.959951,-1.600957,-3.184935
31.650000,-2.886885,-4.047559,-1.385778,-3.211516
31.660000,-2.924221,-3.683750,-0.714731,-3.229854
31.670000,-2.961387,-3.649818,0.237949,-3.237446
31.680000,-2.995147,-3.447513,0.349970,-3.232970
31.690000,-3.026737,-2.983190,1.083424,-3.216466
31.700000,-3.054816,-2.482369,0.944486,-3.193017
31.710000,-3.077980,-1.886232,1.609015,-3.154959
31.720000,-3.092649,-1.368089,1.759118,-3.105804
31.730000,-3.100274,-0.624221,1.800119,-3.055865
31.740000,-3.103876,0.083891,2.347732,-2.980030
31.750000,-3.098655,0.936168,4.461538,-2.872101
31.760000,-3.085632,1.621353,6.498095,-2.731221
31.770000,-3.060497,3.128414,8.105528,-2.562539
31.780000,-3.025102,4.477093,8.098539,-2.367722
31.790000,-2.970761,6.118322,9.214671,-2.150652
31.800000,-2.899026,8.141983,9.398527,-1.911727
31.810000,-2.802572,10.107223,9.631676,-1.652117
31.820000,-2.697114,12.210667,9.439904,-1.373265
31.830000,-2.566545,13.764662,10.081803,-1.084428
31.840000,-2.419013,15.819907,7.405388,-0.791549
31.850000,-2.254498,16.579162,1.030196,-0.471859
31.860000,-2.087908,16.252957,0.690313,-0.148806
31.870000,-1.915352,16.201253,0.778046,0.185464
31.880000,-1.766344,16.108472,0.703102,0.503141
31.890000,-1.606181,16.078347,0.994413,0.767266
31.900000,-1.445171,16.007794,1.666930,0.908988
31.910000,-1.282619,16.149041,1.174092,1.092268
31.920000,-1.115410,16.021872,1.558141,1.270694
31.930000,-0.961558,16.020012,0.823101,1.439212
31.940000,-0.811615,16.188605,0.586926,1.617809
31.950000,-0.648663,16.132611,1.331599,1.783693
31.960000,-0.479377,16.072380,1.210168,1.921905
31.970000,-0.312016,15.952248,0.449477,2.055655
31.980000,-0.158504,16.059172,1.162128,2.194000
31.990000,0.005460,16.161332,0.760633,2.329586
32.000000,0.155268,15.999904,1.085770,2.429741
32.010000,0.332627,15.991478,0.323370,2.526530
32.020000,0.484989,16.060754,0.922945,2.658662
32.030000,0.656143,16.030769,2.135302,2.784869
32.040000,0.809461,16.107680,0.976715,2.894494
32.050000,0.977894,16.019720,1.006642,2.982557
32.060000,1.130857,16.070157,2.000965,3.059203
32.070000,1.286047,15.926217,2.354621,3.124213
32.080000,1.454116,16.143395,0.887283,3.168934
32.090000,1.620347,15.986008,0.918907,3.204676
32.100000,1.775794,15.959278,0.960811,3.227503
32.110000,1.934988,16.139576,0.556548,3.236889
32.120000,2.096251,15.737165,-2.886772,3.235402
32.130000,2.249620,14.289447,-6.191573,3.224055
32.140000,2.377289,12.898129,-6.487722,3.204334
32.150000,2.494846,11.577981,-6.720702,3.174066
32.160000,2.598255,9.282957,-5.969159,3.138683
32.170000,2.685065,7.454164,-6.081173,3.096892
32.180000,2.751804,6.160724,-5.990776,3.053818
32.190000,2.808361,4.164558,-4.894598,3.008547
32.200000,2.846268,3.210744,-4.547143,2.956624
32.210000,2.874749,2.131071,-3.974920,2.907583
32.220000,2.889717,1.168187,-3.877692,2.856953
32.230000,2.895209,0.172529,-2.369231,2.802796
32.240000,2.893518,-0.405096,-3.670633,2.747177
32.250000,2.886650,-1.021345,-3.067016,2.699427
32.260000,2.871821,-1.669118,-2.046681,2.659468
32.270000,2.855243,-1.987921,-3.237083,2.618182
32.280000,2.833249,-2.581667,-2.466458,2.583277
32.290000,2.808598,-2.274841,-0.910801,2.555412
32.300000,2.779537,-2.522568,-1.615655,2.536367
32.310000,2.754838,-2.766518,-0.759417,2.520847
32.320000,2.727980,-2.762185,-0.365698,2.511943
32.330000,2.702411,-2.552096,-0.486134,2.509008
32.340000,2.676733,-2.166887,-0.057094,2.512446
32.350000,2.658063,-2.108652,0.221282,2.522354
32.360000,2.639125,-1.767127,0.925479,2.537442
32.370000,2.623803,-1.394238,0.689519,2.556456
32.380000,2.611967,-0.895176,0.543157,2.579981
32.390000,2.604708,-0.479999,0.675836,2.606389
32.400000,2.601854,-0.149594,1.255099,2.632193
32.410000,2.602020,0.105255,1.245314,2.662156
32.420000,2.604146,0.285845,2.000917,2.695103
32.430000,2.608466,0.584596,2.010234,2.725743
32.440000,2.616139,0.942146,2.540121,2.754218
32.450000,2.626283,1.260082,2.260962,2.783733
32.460000,2.638951,1.347746,1.608163,2.806626
32.470000,2.653837,1.645801,0.734930,2.827628
32.480000,2.670986,1.686726,1.197504,2.843295
32.490000,2.688147,1.934235,0.706905,2.853585
32.500000,2.705375,1.757884,1.048661,2.857539
32.510000,2.723575,1.655911,0.684598,2.855032
32.520000,2.739644,1.492790,-0.092308,2.843827
32.530000,2.752869,1.307192,-0.016859,2.827752
32.540000,2.763124,0.851509,-0.143403,2.802419
32.550000,2.770466,0.584685,-1.599951,2.767104
32.560000,2.773899,0.075159,-1.391170,2.725385
32.570000,2.772755,-0.238763,-1.980395,2.674240
32.580000,2.767869,-0.762448,-3.411428,2.615122
32.590000,2.758730,-1.206001,-3.391801,2.554089
32.600000,2.744015,-1.759429,-3.992569,2.486052
32.610000,2.724825,-2.356433,-3.844921,2.408243
32.620000,2.698227,-2.903217,-3.859157,2.327945
32.630000,2.665145,-3.454657,-3.549390,2.240265
32.640000,2.623929,-4.490693,-4.461538,2.144154
32.650000,2.578250,-5.039340,-4.646154,2.043353
32.660000,2.522910,-5.630075,-3.194015,1.950451
32.670000,2.466325,-6.443515,-3.621215,1.849373
32.680000,2.403040,-6.756513,-3.558275,1.754220
32.690000,2.334517,-7.141422,-3.620917,1.654400
32.700000,2.256272,-7.389420,-2.996212,1.566516
32.710000,2.180710,-7.875112,-1.642159,1.489407
32.720000,2.105469,-7.982747,-2.133877,1.399145
32.730000,2.022652,-8.282270,-1.357337,1.326274
32.740000,1.941733,-8.236266,-1.236059,1.258725
32.750000,1.863739,-8.100180,-1.709120,1.195396
32.760000,1.782697,-7.937582,-0.612442,1.149248
32.770000,1.699312,-7.464501,0.606701,1.107363
32.780000,1.634377,-7.397163,0.592244,1.075550
32.790000,1.559892,-7.016668,1.302247,1.056749
32.800000,1.496632,-6.032015,1.692308,1.049065
32.810000,1.436668,-5.793933,1.911375,1.053607
32.820000,1.382193,-4.583954,2.176486,1.072054
32.830000,1.335676,-4.167090,2.139306,1.105133
32.840000,1.299470,-3.472188,2.972276,1.149851
32.850000,1.270515,-2.561855,2.915844,1.201783
32.860000,1.252743,-1.549417,3.824626,1.271312
32.870000,1.243509,-0.440347,3.791799,1.358960
32.880000,1.244184,0.470532,4.400606,1.454828
32.890000,1.254066,1.469977,5.372298,1.562952
32.900000,1.276310,2.718280,5.268286,1.678412
32.910000,1.309667,3.589871,5.783170,1.809601
32.920000,1.350533,4.673234,6.248848,1.947712
32.930000,1.404173,6.174698,5.767463,2.093022
32.940000,1.469613,6.813117,5.605800,2.233470
32.950000,1.541680,8.127810,5.151005,2.384655
32.960000,1.638127,8.793092,5.297759,2.537771
32.970000,1.729728,9.747344,4.924005,2.692361
32.980000,1.818604,10.535622,3.939210,2.838152
32.990000,1.940627,10.957735,3.733206,2.978543
33.000000,2.053495,12.104291,2.760805,3.113823
33.010000,2.166793,12.126632,3.155495,3.258158
33.020000,2.290882,12.131348,3.079617,3.396920
33.030000,2.430245,12.477818,3.108419,3.530101
33.040000,2.545262,12.695112,1.589028,3.654996
33.050000,2.687136,13.074911,0.667199,3.761047
33.060000,2.809654,13.261114,0.989579,3.856606
33.070000,2.929278,12.402701,-0.527012,3.933357
33.080000,3.057151,12.136226,-0.830903,3.998462
33.090000,3.170708,11.897963,-1.552469,4.051745
33.100000,3.280697,10.893530,-2.035649,4.090231
33.110000,3.386378,9.879723,-2.183556,4.118210
33.120000,3.489709,9.057025,-2.649803,4.132059
33.130000,3.571984,8.283101,-3.202611,4.128149
33.140000,3.650549,7.214036,-3.804137,4.108811
33.150000,3.718800,6.069144,-4.098911,4.073733
33.160000,3.771401,5.344252,-4.452366,4.026465
33.170000,3.818251,4.021497,-4.559685,3.957189
33.180000,3.847579,2.618896,-3.779090,3.873221
33.190000,3.867280,1.292487,-4.683177,3.777148
33.200000,3.871604,-0.099625,-4.817515,3.675020
33.210000,3.863742,-1.340156,-5.504169,3.563299
33.220000,3.845323,-2.648310,-8.034924,3.429027
33.230000,3.815794,-3.568088,-6.664384,3.298051
33.240000,3.773365,-4.477445,-6.254953,3.169101
33.250000,3.714510,-5.850943,-5.940295,3.013665
33.260000,3.652152,-7.003913,-5.990927,2.868132
33.270000,3.572867,-7.991079,-5.076923,2.729590
33.280000,3.486472,-8.931779,-4.928733,2.580421
33.290000,3.388411,-10.022113,-5.235295,2.435348
33.300000,3.282974,-10.619952,-3.754302,2.283691
33.310000,3.178270,-11.142788,-3.859339,2.131821
33.320000,3.063619,-11.595346,-4.704073,1.975023
33.330000,2.933990,-12.174649,-4.041179,1.815032
33.340000,2.804659,-12.870962,-3.965321,1.662297
33.350000,2.683482,-12.832544,-2.820316,1.522492
33.360000,2.555295,-13.505978,-1.876421,1.386669
33.370000,2.421492,-13.557411,-1.576126,1.249166
33.380000,2.277639,-13.834038,-2.216407,1.118000
33.390000,2.147864,-13.774856,-1.254211,1.004167
33.400000,2.007973,-13.450766,-0.477724,0.895012
33.410000,1.880440,-13.332000,-0.161539,0.787422
33.420000,1.742932,-13.520930,-0.711007,0.681515
33.430000,1.608103,-12.880498,0.531061,0.597134
33.440000,1.492590,-12.158407,0.308849,0.509978
33.450000,1.361881,-11.805300,0.535253,0.429640
33.460000,1.255974,-11.822142,1.089782,0.358980
33.470000,1.144961,-11.185363,0.949119,0.292911
33.480000,1.028473,-10.566584,0.841914,0.225118
33.490000,0.933776,-10.244585,1.193936,0.157440
33.500000,0.832386,-9.411671,0.903804,0.099207
33.510000,0.734841,-8.807899,1.270349,0.039029
33.520000,0.653211,-8.304594,0.287591,-0.020008
33.530000,0.567409,-7.990799,0.074112,-0.079809
33.540000,0.491899,-7.701047,0.216831,-0.145970
33.550000,0.406655,-7.363372,0.062488,-0.210110
33.560000,0.335485,-7.489121,-0.461538,-0.272040
33.570000,0.269674,-7.091403,-0.584615,-0.345894
33.580000,0.187571,-7.203458,-1.447075,-0.423236
33.590000,0.117977,-7.197882,-0.888950,-0.505128
33.600000,0.051864,-7.531393,-1.587167,-0.592000
33.610000,-0.027681,-7.618411,-1.595411,-0.678571
33.620000,-0.099653,-7.620354,-2.487917,-0.781134
33.630000,-0.177394,-7.968094,-2.848200,-0.896299
33.640000,-0.253856,-8.109106,-2.582099,-1.013544
33.650000,-0.337352,-8.559065,-3.690799,-1.146304
33.660000,-0.420991,-8.756292,-3.051582,-1.260576
33.670000,-0.521502,-9.536305,-2.858964,-1.375852
33.680000,-0.617089,-9.501981,-1.971584,-1.500732
33.690000,-0.719795,-10.474265,-3.237289,-1.635348
33.700000,-0.819612,-10.297614,-2.831800,-1.782448
33.710000,-0.926775,-10.745746,-2.706826,-1.923711
33.720000,-1.036645,-11.330997,-3.304773,-2.067862
33.730000,-1.153246,-11.650465,-2.915602,-2.235606
33.740000,-1.280773,-12.148522,-2.830269,-2.389761
33.750000,-1.396516,-12.751763,-3.536668,-2.541120
33.760000,-1.529812,-13.192810,-3.503114,-2.702414
33.770000,-1.655533,-13.551015,-3.953712,-2.864728
33.780000,-1.805371,-13.682866,-2.467333,-3.007526
33.790000,-1.932448,-14.133767,-2.211334,-3.157094
33.800000,-2.074469,-14.110301,-1.889291,-3.278441
33.810000,-2.214492,-14.208525,-0.958373,-3.403153
33.820000,-2.360901,-14.139686,-1.177549,-3.508365
33.830000,-2.503162,-13.811969,-0.203652,-3.628322
33.840000,-2.638236,-13.429970,0.720668,-3.738836
33.850000,-2.771212,-13.612549,0.328950,-3.837503
33.860000,-2.902293,-12.946769,0.394805,-3.916324
33.870000,-3.022406,-12.505261,0.393050,-3.989883
33.880000,-3.150034,-12.118681,1.507692,-4.047861
33.890000,-3.262946,-11.300081,2.138133,-4.089418
33.900000,-3.368017,-10.376330,2.604631,-4.118393
33.910000,-3.468525,-9.800073,3.025884,-4.131931
33.920000,-3.557601,-8.564570,2.800674,-4.129251
33.930000,-3.635293,-7.633536,3.756697,-4.114785
33.940000,-3.707825,-6.219780,4.203023,-4.083359
33.950000,-3.764496,-5.631440,3.800587,-4.037839
33.960000,-3.815452,-4.220625,4.222666,-3.975919
33.970000,-3.848034,-2.908099,4.713106,-3.897194
33.980000,-3.869101,-1.194244,4.707692,-3.796061
33.990000,-3.875102,-0.170012,5.280450,-3.680522
34.000000,-3.869709,1.007244,5.776630,-3.573792
34.010000,-3.850937,2.078131,7.556932,-3.468039
34.020000,-3.824872,3.152146,5.265120,-3.337097
34.030000,-3.779465,4.890276,5.969342,-3.205960
34.040000,-3.729861,5.793219,5.411037,-3.062871
34.050000,-3.665534,6.992151,6.169458,-2.925781
34.060000,-3.591297,7.976320,4.822827,-2.786258
34.070000,-3.507398,8.965672,5.138462,-2.623956
34.080000,-3.422642,9.619408,4.734322,-2.481502
34.090000,-3.320213,10.334640,3.851398,-2.352791
34.100000,-3.218240,10.889279,3.900678,-2.198053
34.110000,-3.106674,11.786714,3.674086,-2.048637
34.120000,-2.988834,11.713031,3.793394,-1.914268
34.130000,-2.871710,12.205394,1.604749,-1.776994
34.140000,-2.732519,12.278695,2.468472,-1.658478
34.150000,-2.618340,12.464825,1.198883,-1.545501
34.160000,-2.488708,12.606981,1.158631,-1.439856
34.170000,-2.355982,12.579439,0.170142,-1.341416
34.180000,-2.244757,12.257817,0.343627,-1.261361
34.190000,-2.119601,11.848888,-0.991338,-1.190707
34.200000,-1.996812,11.685864,-1.841112,-1.134730
34.210000,-1.900843,10.570705,-1.071032,-1.093032
34.220000,-1.795005,10.243317,-2.722872,-1.065137
34.230000,-1.699026,9.170780,-2.802509,-1.051757
34.240000,-1.608634,8.589736,-3.539243,-1.049195
34.250000,-1.535256,7.524769,-3.204739,-1.059152
34.260000,-1.466951,6.571823,-3.815743,-1.081441
34.270000,-1.405906,4.972651,-3.601172,-1.114874
34.280000,-1.363646,4.211513,-4.325790,-1.157055
34.290000,-1.324416,2.916803,-3.858970,-1.210029
34.300000,-1.298587,2.316392,-4.004624,-1.269479
34.310000,-1.283558,1.098421,-3.791340,-1.334815
34.320000,-1.278546,0.027305,-3.156802,-1.419476
34.330000,-1.284027,-0.957863,-4.017204,-1.499600
34.340000,-1.295633,-1.499114,-5.003673,-1.595737
34.350000,-1.319590,-2.720186,-5.074499,-1.682259
34.360000,-1.338861,-3.173596,-4.681641,-1.738949
34.370000,-1.384053,-4.032785,-3.492732,-1.823709
34.380000,-1.426223,-4.517798,-3.986853,-1.936202
34.390000,-1.475775,-5.373931,-4.690486,-2.061144
34.400000,-1.532792,-6.171140,-4.988434,-2.179982
34.410000,-1.600214,-6.806828,-4.330598,-2.291484
34.420000,-1.667321,-7.765933,-3.906409,-2.367855
34.430000,-1.750979,-8.004037,-2.513196,-2.432343
34.440000,-1.822913,-8.076686,-1.424850,-2.495667
34.450000,-1.900073,-7.874452,-0.523077,-2.553007
34.460000,-1.982034,-7.707584,0.065124,-2.603472
34.470000,-2.057084,-7.373186,0.153846,-2.654709
34.480000,-2.135002,-7.210658,0.440991,-2.706302
34.490000,-2.197975,-6.825664,-0.166883,-2.755676
34.500000,-2.266005,-6.779091,-0.233774,-2.789925
34.510000,-2.336200,-6.524459,0.823948,-2.818087
34.520000,-2.394402,-6.341787,0.830769,-2.835958
34.530000,-2.455157,-5.548672,1.364143,-2.848813
34.540000,-2.504950,-5.256968,0.932891,-2.856482
34.550000,-2.550499,-4.554826,1.432895,-2.857100
34.560000,-2.591666,-4.213751,1.106876,-2.850687
34.570000,-2.627466,-3.354667,1.381847,-2.839370
34.580000,-2.661568,-2.985459,1.601264,-2.821416
34.590000,-2.686271,-2.341099,1.807553,-2.800080
34.600000,-2.705042,-1.613218,1.401277,-2.774987
34.610000,-2.718515,-1.082971,1.561046,-2.748246
34.620000,-2.725803,-0.630657,1.561932,-2.718222
34.630000,-2.729144,-0.088157,1.103650,-2.694667
34.640000,-2.728526,0.141957,1.583787,-2.673266
34.650000,-2.726376,0.255621,1.604728,-2.650224
34.660000,-2.722317,0.448833,2.060656,-2.626175
34.670000,-2.716801,0.751648,2.019838,-2.604917
34.680000,-2.707977,0.811442,1.543840,-2.584952
34.690000,-2.698030,1.091559,1.076587,-2.566251
34.700000,-2.687083,1.193706,1.588225,-2.548579
34.710000,-2.674541,1.237318,1.351277,-2.534610
34.720000,-2.661255,1.420475,0.947977,-2.523123
34.730000,-2.646319,1.416162,0.559287,-2.514722
34.740000,-2.633531,1.437702,1.385670,-2.509672
34.750000,-2.620042,1.216126,0.938049,-2.509691
34.760000,-2.607109,1.237775,0.175850,-2.515033
34.770000,-2.596895,0.953846,0.231386,-2.524052
34.780000,-2.586869,0.808109,0.180283,-2.536370
34.790000,-2.580469,0.599606,-0.403558,-2.552421
34.800000,-2.574905,0.286923,-0.353653,-2.575164
34.810000,-2.573625,0.025045,0.610395,-2.604349
34.820000,-2.574388,-0.147851,-1.412592,-2.640091
34.830000,-2.577058,-0.376041,-2.212352,-2.675314
34.840000,-2.582491,-0.744666,-2.758801,-2.715209
34.850000,-2.590477,-0.903484,-2.588790,-2.757493
34.860000,-2.604005,-1.406142,-2.335634,-2.800802
34.870000,-2.619314,-1.926927,-2.264779,-2.843906
34.880000,-2.639286,-2.162787,-1.770802,-2.890520
34.890000,-2.663317,-2.433289,-2.717755,-2.929732
34.900000,-2.689938,-2.656229,-2.569443,-2.979220
34.910000,-2.719851,-2.891206,-1.619239,-3.022859
34.920000,-2.750074,-3.480127,-2.129773,-3.068938
34.930000,-2.783540,-3.646560,-1.960608,-3.105244
34.940000,-2.815494,-3.697967,-1.090163,-3.143693
34.950000,-2.855227,-3.655925,-1.556132,-3.176608
34.960000,-2.888230,-3.693580,-1.015385,-3.201489
34.970000,-2.925326,-3.704130,-0.543835,-3.220239
34.980000,-2.957876,-3.274889,-0.330856,-3.234131
34.990000,-2.991569,-3.055526,0.022573,-3.237429
35.000000,-3.025196,-2.945578,0.286447,-3.228596
35.010000,-3.051822,-2.614612,0.939745,-3.205381
35.020000,-3.074278,-2.122936,2.244673,-3.174045
35.030000,-3.093923,-1.457791,2.303707,-3.121338
35.040000,-3.103937,-0.626943,2.204459,-3.054137
35.050000,-3.106413,0.083676,3.030344,-2.980911
35.060000,-3.101610,0.827475,4.573691,-2.881332
35.070000,-3.090055,1.648611,4.942719,-2.781500
35.080000,-3.068802,2.431445,5.235193,-2.647828
35.090000,-3.031706,3.936300,7.017466,-2.498734
35.100000,-2.989899,5.110343,6.799530,-2.343900
35.110000,-2.933435,6.334284,7.077306,-2.168133
35.120000,-2.860819,7.554677,7.120518,-2.006772
35.130000,-2.783227,8.671538,6.209615,-1.825648
35.140000,-2.673595,10.075226,6.705255,-1.646952
35.150000,-2.575277,11.428852,6.111067,-1.439384
35.160000,-2.458992,12.005741,8.090555,-1.208044
35.170000,-2.322452,13.785327,6.791180,-0.988556
35.180000,-2.173341,14.846359,5.592925,-0.778357
35.190000,-2.036284,15.895882,6.073407,-0.538534
35.200000,-1.879541,16.306217,1.439483,-0.314245
35.210000,-1.707680,16.159578,1.240121,-0.083815
35.220000,-1.548935,16.035970,0.979718,0.182733
35.230000,-1.390324,15.996921,2.098503,0.439086
35.240000,-1.231325,16.010378,0.307052,0.684463
35.250000,-1.071207,16.053920,1.271902,0.934965
35.260000,-0.905260,16.124591,0.751112,1.186920
35.270000,-0.741371,16.071652,1.026313,1.429617
35.280000,-0.584993,15.986813,1.015385,1.641831
35.290000,-0.428889,16.078648,1.480711,1.843133
35.300000,-0.262926,16.188257,1.116776,2.039697
35.310000,-0.091708,16.020654,1.500649,2.211021
35.320000,0.052354,16.071815,1.713103,2.379071
35.330000,0.229199,16.066028,1.292638,2.517902
35.340000,0.376919,15.918266,0.926231,2.666961
35.350000,0.541820,16.089267,0.365683,2.794101
35.360000,0.701248,15.982557,1.343517,2.907136
35.370000,0.860320,16.127092,0.763394,3.005880
35.380000,1.030969,16.045596,1.671734,3.079528
35.390000,1.193555,16.055542,2.026732,3.140025
35.400000,1.339978,16.004834,0.552896,3.184700
35.410000,1.499039,16.111155,0.855066,3.211552
35.420000,1.651535,16.020645,1.837770,3.226507
35.430000,1.829687,16.030822,1.507692,3.236032
35.440000,1.991494,16.073057,-0.596772,3.237383
35.450000,2.148510,15.362159,-3.787003,3.232755
35.460000,2.300646,13.814227,-5.968796,3.218463
35.470000,2.431221,12.255970,-6.570573,3.192212
35.480000,2.544260,10.156008,-6.950544,3.147141
35.490000,2.631597,8.612062,-6.670306,3.092480
35.500000,2.712826,6.883375,-7.014396,3.028493
35.510000,2.766542,4.822272,-6.540920,2.961736
35.520000,2.809563,3.712991,-5.252475,2.894542
35.530000,2.836647,2.256608,-4.983785,2.827647
35.540000,2.850007,0.766411,-4.228155,2.762471
35.550000,2.851668,-0.319333,-3.351476,2.702761
35.560000,2.844699,-0.920714,-3.944287,2.650263
35.570000,2.831950,-1.575662,-3.120862,2.617543
35.580000,2.813408,-2.002788,-2.910357,2.587128
35.590000,2.791539,-2.399703,-2.045946,2.564735
35.600000,2.767207,-2.427616,-1.454186,2.547289
35.610000,2.744981,-2.446366,-1.118626,2.531800
35.620000,2.721846,-2.439146,-0.783540,2.518826
35.630000,2.698422,-2.319213,-0.451857,2.511953
35.640000,2.675866,-2.163847,-0.321666,2.509254
35.650000,2.654686,-1.894293,-0.124191,2.509595
35.660000,2.638587,-1.903297,-0.137320,2.513688
35.670000,2.621235,-1.394721,0.051902,2.520296
35.680000,2.608094,-1.313867,0.089380,2.528611
35.690000,2.596624,-0.882952,0.380142,2.541870
35.700000,2.588029,-0.700704,0.870887,2.556877
35.710000,2.583023,-0.440002,0.243063,2.575209
35.720000,2.580491,-0.137161,0.848352,2.598459
35.730000,2.580594,0.085892,1.043669,2.627344
35.740000,2.582126,0.249266,1.762381,2.661522
35.750000,2.586597,0.518950,2.249573,2.697699
35.760000,2.592699,0.788263,2.522756,2.733990
35.770000,2.603056,1.195055,2.708076,2.765905
35.780000,2.616509,1.455556,2.394213,2.796214
35.790000,2.630980,1.416033,2.242567,2.822125
35.800000,2.649600,1.943674,1.703968,2.837861
35.810000,2.667152,2.019675,1.348572,2.848889
35.820000,2.687875,2.069340,0.422822,2.854813
35.830000,2.705322,1.883291,0.403536,2.857573
35.840000,2.723018,1.699226,0.404371,2.855890
35.850000,2.739489,1.525631,-0.028274,2.848312
35.860000,2.753484,1.252580,-0.381763,2.837160
35.870000,2.764722,0.931740,-0.189093,2.820918
35.880000,2.773363,0.733085,-0.295239,2.798775
35.890000,2.778519,0.322023,-0.469546,2.767844
35.900000,2.780003,-0.002736,-1.474018,2.729558
35.910000,2.778919,-0.174688,-2.430769,2.681163
35.920000,2.774669,-0.642862,-3.004406,2.627538
35.930000,2.765190,-1.159968,-3.376097,2.565477
35.940000,2.753043,-1.707490,-3.653139,2.494435
35.950000,2.730506,-2.326989,-3.883033,2.398894
35.960000,2.705012,-3.047713,-4.733369,2.297246
35.970000,2.669319,-3.947712,-5.560242,2.187079
35.980000,2.623528,-4.873138,-5.098199,2.075922
35.990000,2.571394,-5.421860,-4.637728,1.954213
36.000000,2.508540,-6.537441,-4.116373,1.842822
36.010000,2.442685,-7.179076,-4.149269,1.722864
36.020000,2.367814,-7.785350,-3.918143,1.606324
36.030000,2.286278,-8.569678,-3.788888,1.494840
36.040000,2.198002,-8.989134,-3.497082,1.395285
36.050000,2.111373,-8.939467,-1.883640,1.300470
36.060000,2.018164,-9.630738,-1.787088,1.224904
36.070000,1.915184,-9.199435,-0.951540,1.161429
36.080000,1.833372,-9.100424,0.138459,1.108209
36.090000,1.744775,-8.897475,0.606694,1.073453
36.100000,1.658510,-8.534876,1.405264,1.059140
36.110000,1.581412,-7.752066,2.068941,1.049791
36.120000,1.509494,-6.732355,2.599319,1.050417
36.130000,1.442032,-6.100044,2.621681,1.058783
36.140000,1.385977,-5.477259,2.538070,1.076051
36.150000,1.339300,-4.400158,2.942918,1.099685
36.160000,1.303131,-3.769871,2.611266,1.130329
36.170000,1.275278,-2.756044,3.280357,1.172085
36.180000,1.252328,-1.819290,2.962861,1.220502
36.190000,1.239070,-1.056708,2.510735,1.280015
36.200000,1.234264,-0.039221,2.866293,1.358060
36.210000,1.237549,0.716171,4.269065,1.449556
36.220000,1.249006,1.479538,5.313735,1.556505
36.230000,1.271059,2.563381,6.352423,1.681269
36.240000,1.301161,3.614266,5.694467,1.797114
36.250000,1.343560,4.817379,5.917631,1.946627
36.260000,1.399434,6.071152,5.649392,2.095907
36.270000,1.466118,7.130306,6.076695,2.226893
36.280000,1.541530,7.958052,5.419333,2.369626
36.290000,1.630641,8.710792,5.435348,2.525013
36.300000,1.723431,9.590606,5.124355,2.687661
36.310000,1.819086,10.884133,4.768692,2.839282
36.320000,1.928055,11.170482,4.348357,2.994703
36.330000,2.058260,11.783355,4.357556,3.153152
36.340000,2.176636,12.585034,1.843199,3.280816
36.350000,2.294544,13.017312,2.364872,3.405338
36.360000,2.417774,13.061427,2.142616,3.524297
36.370000,2.546489,12.616962,1.373011,3.637124
36.380000,2.677045,13.147524,0.201666,3.750077
36.390000,2.814677,12.381733,0.782177,3.841768
36.400000,2.926925,12.308868,-0.655170,3.922580
36.410000,3.050183,11.997015,-0.555840,3.992660
36.420000,3.167071,11.829475,-1.531042,4.052046
36.430000,3.276680,10.684991,-1.409226,4.093833
36.440000,3.385146,10.226500,-2.468789,4.120859
36.450000,3.483675,9.563519,-3.004487,4.132031
36.460000,3.570876,8.773500,-3.966013,4.128707
36.470000,3.648058,7.087602,-3.783377,4.110192
36.480000,3.718750,6.246497,-4.685793,4.072745
36.490000,3.771617,5.231762,-4.569926,4.021451
36.500000,3.815370,3.859637,-4.061973,3.958790
36.510000,3.847338,2.558025,-3.883650,3.875593
36.520000,3.866325,1.317783,-4.863266,3.786752
36.530000,3.871217,-0.120858,-5.194674,3.674373
36.540000,3.863447,-1.396972,-6.304464,3.553828
36.550000,3.844256,-2.331373,-6.517857,3.431906
36.560000,3.811186,-3.624531,-6.417871,3.308069
36.570000,3.765435,-5.181913,-6.633362,3.171868
36.580000,3.714679,-6.026980,-5.694321,3.043513
36.590000,3.653816,-7.085571,-6.073446,2.883782
36.600000,3.570801,-7.898369,-4.795311,2.772344
36.610000,3.493391,-8.647844,-4.711429,2.628303
36.620000,3.393539,-9.358836,-4.289411,2.473326
36.630000,3.305965,-10.119404,-4.317987,2.319348
36.640000,3.196932,-10.701256,-4.139041,2.161601
36.650000,3.082499,-11.715677,-4.102825,2.000780
36.660000,2.961659,-12.119053,-3.127854,1.851110
36.670000,2.844659,-12.532687,-3.234350,1.699093
36.680000,2.705915,-12.906140,-3.179438,1.541887
36.690000,2.587188,-13.322588,-1.304506,1.403271
36.700000,2.449952,-13.580635,-1.362990,1.284949
36.710000,2.304645,-13.522900,-0.628038,1.166093
36.720000,2.169725,-13.522097,-0.546399,1.037590
36.730000,2.045454,-13.463481,-1.200000,0.929082
36.740000,1.904857,-13.067754,-0.378081,0.825000
36.750000,1.774719,-13.245472,0.529797,0.720490
36.760000,1.642263,-12.784590,0.107165,0.627888
36.770000,1.520016,-12.312632,0.495484,0.544775
36.780000,1.393830,-12.206635,1.121381,0.463026
36.790000,1.276548,-11.205877,1.353940,0.391874
36.800000,1.172735,-10.833098,1.136208,0.326275
36.810000,1.064468,-10.235757,1.152909,0.259560
36.820000,0.969871,-9.730383,1.283146,0.193045
36.830000,0.868418,-9.347587,0.871508,0.130896
36.840000,0.776217,-9.079091,0.852461,0.072887
36.850000,0.691234,-8.482383,0.716390,0.012107
36.860000,0.599396,-8.401722,0.562623,-0.047120
36.870000,0.524283,-7.882720,0.607269,-0.108250
36.880000,0.442365,-7.880952,0.151283,-0.171238
36.890000,0.367380,-7.133940,-0.325461,-0.234839
36.900000,0.302978,-7.411259,-0.276923,-0.306811
36.910000,0.225606,-7.328925,-1.264751,-0.384109
36.920000,0.160829,-7.220181,-0.976605,-0.460945
36.930000,0.087965,-7.206962,-1.509746,-0.544008
36.940000,0.011200,-7.502456,-1.790949,-0.628136
36.950000,-0.060393,-6.947762,-1.608518,-0.717519
36.960000,-0.134457,-7.372688,-1.094515,-0.812908
36.970000,-0.206194,-7.691268,-2.403842,-0.919599
36.980000,-0.292303,-8.427468,-3.010420,-1.020252
36.990000,-0.367052,-8.003352,-2.323908,-1.138868
37.000000,-0.456622,-8.493255,-2.243707,-1.245519
37.010000,-0.545008,-9.004709,-3.016639,-1.372664
37.020000,-0.631109,-9.329330,-3.225848,-1.515093
37.030000,-0.726571,-10.199901,-3.704403,-1.663979
37.040000,-0.834036,-10.335917,-3.399177,-1.809612
37.050000,-0.943696,-11.017178,-2.941551,-1.939254
37.060000,-1.047346,-11.745108,-4.470432,-2.108016
37.070000,-1.173463,-11.886147,-3.466957,-2.261125
37.080000,-1.295718,-12.568817,-3.073913,-2.420648
37.090000,-1.414742,-13.109391,-4.188945,-2.579413
37.100000,-1.548796,-13.096267,-3.614463,-2.732099
37.110000,-1.688982,-13.852231,-2.714026,-2.876076
37.120000,-1.820348,-13.835979,-1.876923,-3.030530
37.130000,-1.964973,-14.131762,-1.635989,-3.177489
37.140000,-2.100847,-14.277319,-1.787387,-3.304717
37.150000,-2.235312,-14.230842,-1.354273,-3.439625
37.160000,-2.393684,-14.209351,-1.592547,-3.563297
37.170000,-2.520212,-14.042688,-0.023588,-3.673981
37.180000,-2.664967,-13.959098,0.076183,-3.784291
37.190000,-2.805983,-13.199455,0.551630,-3.876286
37.200000,-2.935990,-13.070475,0.763223,-3.955254
37.210000,-3.058129,-12.381520,1.736256,-4.024944
37.220000,-3.182343,-11.682663,1.803137,-4.076249
37.230000,-3.303988,-11.318428,2.137286,-4.109248
37.240000,-3.410562,-10.407741,2.767568,-4.129112
37.250000,-3.500402,-9.146248,3.846154,-4.131610
37.260000,-3.587571,-8.499268,3.622481,-4.115385
37.270000,-3.660746,-7.352167,4.493530,-4.082490
37.280000,-3.733466,-5.435862,4.769231,-4.040722
37.290000,-3.779802,-4.922459,4.274595,-3.980825
37.300000,-3.819450,-3.279952,4.928896,-3.901217
37.310000,-3.844844,-1.887467,4.910784,-3.806797
37.320000,-3.857795,-0.540114,5.219143,-3.712498
37.330000,-3.855803,0.731048,5.384615,-3.608436
37.340000,-3.844352,1.700534,5.394312,-3.493370
37.350000,-3.819051,2.775461,5.973364,-3.367572
37.360000,-3.783549,3.782506,6.715849,-3.228515
37.370000,-3.738100,5.279443,5.334505,-3.088401
37.380000,-3.676892,6.588223,6.243759,-2.942542
37.390000,-3.609900,7.445239,6.040287,-2.805241
37.400000,-3.526064,8.475910,5.022017,-2.662266
37.410000,-3.432074,9.203666,4.634527,-2.516653
37.420000,-3.342383,9.829493,5.473052,-2.346441
37.430000,-3.232383,10.615292,4.507854,-2.203305
37.440000,-3.122974,11.616844,4.092308,-2.052803
37.450000,-2.996127,11.909977,3.629546,-1.905200
37.460000,-2.885692,12.032757,3.610122,-1.761379
37.470000,-2.750957,12.518390,3.297365,-1.638397
37.480000,-2.630212,12.807534,1.507692,-1.530325
37.490000,-2.502245,12.789570,1.284248,-1.419494
37.500000,-2.375785,12.726594,0.968951,-1.322993
37.510000,-2.237581,12.105286,-0.083525,-1.250306
37.520000,-2.119487,12.319051,-1.164107,-1.180383
37.530000,-2.005631,11.826942,-2.724667,-1.125169
37.540000,-1.897758,11.119219,-2.337586,-1.084335
37.550000,-1.784114,10.215379,-3.113654,-1.059183
37.560000,-1.689242,9.381897,-3.899226,-1.049648
37.570000,-1.597707,8.464715,-3.112456,-1.051529
37.580000,-1.522341,6.953419,-3.466762,-1.066614
37.590000,-1.459519,6.263223,-4.034080,-1.095818
37.600000,-1.406021,4.901307,-3.618142,-1.131970
37.610000,-1.356257,3.688323,-3.584820,-1.184519
37.620000,-1.322933,2.598932,-3.463034,-1.241080
37.630000,-1.301101,1.702914,-3.841471,-1.310162
37.640000,-1.291070,0.614539,-3.600000,-1.380606
37.650000,-1.290683,-0.390972,-4.088095,-1.458949
37.660000,-1.297808,-1.160214,-4.700646,-1.545032
37.670000,-1.314274,-1.983359,-5.049373,-1.638708
37.680000,-1.337476,-2.996352,-4.949255,-1.737262
37.690000,-1.374910,-3.668046,-5.018491,-1.831600
37.700000,-1.412132,-4.418110,-4.038558,-1.923808
37.710000,-1.462224,-4.869050,-3.784159,-2.026811
37.720000,-1.524372,-6.220797,-3.982677,-2.122904
37.730000,-1.586265,-6.677150,-3.334394,-2.217406
37.740000,-1.649925,-7.037852,-2.947846,-2.307045
37.750000,-1.723355,-7.448221,-1.876545,-2.394977
37.760000,-1.792446,-7.469137,-1.564451,-2.456416
37.770000,-1.873863,-7.435777,-1.369817,-2.516024
37.780000,-1.948204,-7.486872,-0.645785,-2.582607
37.790000,-2.027480,-7.202249,-0.548918,-2.648142
37.800000,-2.097755,-7.346947,-0.331011,-2.706086
37.810000,-2.169194,-7.271157,-0.822754,-2.754951
37.820000,-2.239729,-6.797723,0.543294,-2.793126
37.830000,-2.311164,-6.576122,0.619422,-2.821748
37.840000,-2.379283,-6.098868,0.797118,-2.840728
37.850000,-2.433125,-5.740059,1.318989,-2.852353
37.860000,-2.490498,-5.306846,1.270278,-2.857469
37.870000,-2.539287,-4.498186,1.507322,-2.855295
37.880000,-2.581244,-4.077335,2.884931,-2.846822
37.890000,-2.623855,-3.225739,1.763393,-2.832887
37.900000,-2.654168,-2.956784,1.632599,-2.812498
37.910000,-2.680200,-2.483070,2.222973,-2.791073
37.920000,-2.698368,-1.747223,1.723093,-2.764381
37.930000,-2.710324,-1.065545,1.329112,-2.737237
37.940000,-2.719047,-0.531434,1.177210,-2.707450
37.950000,-2.721637,-0.078900,1.335162,-2.676970
37.960000,-2.720371,0.189011,1.717057,-2.646470
37.970000,-2.717070,0.504051,1.594486,-2.614781
37.980000,-2.710531,0.730173,2.018167,-2.588819
37.990000,-2.702738,1.003176,2.187641,-2.564265
38.000000,-2.690719,1.084867,1.575161,-2.542732
38.010000,-2.677379,1.543010,1.458248,-2.526366
38.020000,-2.662802,1.521769,1.453287,-2.514528
38.030000,-2.648958,1.498747,0.892092,-2.509518
38.040000,-2.633610,1.487289,0.907813,-2.509836
38.050000,-2.619380,1.343699,0.468632,-2.516122
38.060000,-2.606308,1.045296,0.050750,-2.527616
38.070000,-2.595282,0.950447,-0.262977,-2.545183
38.080000,-2.588520,0.557843,0.078344,-2.566969
38.090000,-2.583453,0.383470,-1.174622,-2.596302
38.100000,-2.582231,-0.038908,-0.923901,-2.632762
38.110000,-2.583840,-0.313077,-2.581154,-2.670356
38.120000,-2.588191,-0.519137,-2.436188,-2.715595
38.130000,-2.595476,-1.022694,-2.567674,-2.764501
38.140000,-2.607788,-1.337343,-3.971745,-2.815205
38.150000,-2.625652,-1.912057,-2.667417,-2.861099
38.160000,-2.647680,-2.359124,-2.072061,-2.915344
38.170000,-2.669922,-2.742794,-2.784541,-2.974258
38.180000,-2.700220,-3.027951,-2.778017,-3.030682
38.190000,-2.731582,-3.547026,-2.634116,-3.082282
38.200000,-2.767007,-4.063273,-2.596242,-3.127191
38.210000,-2.804789,-3.947054,-1.609092,-3.166249
38.220000,-2.846920,-4.138384,-1.470519,-3.196421
38.230000,-2.883480,-4.103847,-0.606321,-3.219527
38.240000,-2.921793,-3.670237,-0.706090,-3.234070
38.250000,-2.962053,-3.832505,0.029540,-3.237482
38.260000,-2.998584,-3.443948,0.137843,-3.229891
38.270000,-3.027328,-3.097633,0.830600,-3.208515
38.280000,-3.054794,-2.459507,2.178375,-3.173970
38.290000,-3.076711,-1.736729,2.246154,-3.122886
38.300000,-3.089727,-0.992202,2.432014,-3.052771
38.310000,-3.095015,-0.022360,3.261645,-2.968391
38.320000,-3.091602,0.677881,4.771902,-2.857503
38.330000,-3.078093,1.795954,5.102313,-2.757286
38.340000,-3.056776,2.649624,6.027293,-2.638165
38.350000,-3.022398,3.710673,6.524131,-2.488114
38.360000,-2.980249,4.708687,6.945582,-2.343558
38.370000,-2.920697,6.123871,6.793732,-2.170503
38.380000,-2.845195,7.462044,6.584707,-2.003288
38.390000,-2.772393,8.701713,6.133541,-1.839025
38.400000,-2.679247,9.826704,5.267863,-1.684272
38.410000,-2.571324,10.882179,5.303945,-1.521908
38.420000,-2.457327,11.562664,5.412899,-1.328457
38.430000,-2.341040,12.586630,5.748118,-1.130973
38.440000,-2.212902,13.156156,5.613329,-0.913992
38.450000,-2.079368,14.521562,5.507618,-0.708007
38.460000,-1.928406,15.296656,4.624864,-0.510587
38.470000,-1.763350,15.943235,3.351365,-0.279369
38.480000,-1.592027,16.298681,0.838846,-0.068876
38.490000,-1.438850,16.048473,1.270573,0.150221
38.500000,-1.280646,16.128934,1.442028,0.354498
38.510000,-1.110648,16.107667,0.365138,0.560119
38.520000,-0.974095,16.087397,0.726791,0.756445
38.530000,-0.806189,15.995049,0.754818,0.969709
38.540000,-0.651665,16.096415,0.578865,1.157228
38.550000,-0.475890,16.054064,1.198342,1.324954
38.560000,-0.324890,16.083694,0.966363,1.479001
38.570000,-0.157793,16.096250,0.919190,1.709330
38.580000,-0.005462,16.039560,0.960986,1.905991
38.590000,0.154310,16.060582,-0.468350,2.087026
38.600000,0.322939,16.122128,1.368463,2.271496
38.610000,0.481671,16.182099,0.795544,2.436738
38.620000,0.646253,16.006168,0.406204,2.579344
38.630000,0.811623,16.116176,1.764223,2.714971
38.640000,0.976298,16.020640,1.013374,2.834310
38.650000,1.136090,16.087204,1.537431,2.938023
38.660000,1.299745,16.077400,2.067266,3.027232
38.670000,1.453175,16.161814,0.605796,3.103782
38.680000,1.610882,15.970484,0.798090,3.164298
38.690000,1.774190,16.023621,0.920799,3.202632
38.700000,1.936040,16.104539,0.949711,3.225259
38.710000,2.090091,15.601336,-2.580747,3.236105
38.720000,2.238455,14.656643,-5.446154,3.236235
38.730000,2.380250,13.228520,-6.513180,3.224839
38.740000,2.507453,11.136759,-5.992268,3.204620
38.750000,2.606843,9.529249,-6.280959,3.175077
38.760000,2.691801,8.312097,-6.580232,3.138458
38.770000,2.765437,6.221775,-5.236494,3.096322
38.780000,2.823278,5.237538,-4.784205,3.058933
38.790000,2.863942,3.857647,-3.687575,3.017139
38.800000,2.896593,2.462396,-3.220169,2.980226
38.810000,2.916660,1.655108,-2.776809,2.940082
38.820000,2.928180,0.707526,-2.935184,2.900719
38.830000,2.932212,0.105002,-2.207852,2.858416
38.840000,2.930250,-0.358603,-2.536446,2.816295
38.850000,2.924201,-0.817083,-2.923077,2.766547
38.860000,2.912872,-1.293870,-2.890120,2.712420
38.870000,2.897737,-1.895507,-3.003050,2.663334
38.880000,2.878711,-2.138496,-2.261298,2.619474
38.890000,2.854614,-2.556021,-1.902509,2.583093
38.900000,2.827260,-2.679007,-1.976523,2.553648
38.910000,2.799353,-3.197334,-1.515716,2.530098
38.920000,2.769561,-2.973843,-1.185406,2.515769
38.930000,2.737589,-2.871663,-0.696318,2.509411
38.940000,2.711456,-2.395760,-0.421240,2.510371
38.950000,2.686279,-2.378053,-0.107214,2.518979
38.960000,2.663656,-2.063281,0.681697,2.535035
38.970000,2.643873,-1.614429,0.513944,2.557210
38.980000,2.629717,-1.166377,0.693116,2.582655
38.990000,2.619916,-0.856530,1.540542,2.602883
39.000000,2.613997,-0.336910,0.800139,2.626961
39.010000,2.612917,-0.000837,0.325639,2.648369
39.020000,2.613798,0.150210,1.119360,2.668468
39.030000,2.616333,0.363327,1.379687,2.690209
39.040000,2.620587,0.466533,2.276207,2.715808
39.050000,2.626482,0.742362,2.000000,2.739295
39.060000,2.633724,0.934703,1.618930,2.761501
39.070000,2.644313,1.143256,1.520748,2.789318
39.080000,2.656650,1.351332,1.547205,2.811034
39.090000,2.670329,1.516500,1.353580,2.829559
39.100000,2.685824,1.595564,1.561826,2.844192
39.110000,2.701530,1.775414,1.724745,2.854214
39.120000,2.717605,1.631173,0.957217,2.857585
39.130000,2.733516,1.552689,0.887376,2.853701
39.140000,2.747668,1.273367,0.201956,2.839835
39.150000,2.760162,1.150584,-0.357953,2.813341
39.160000,2.769481,0.747559,-1.407513,2.773137
39.170000,2.773899,0.169502,-1.507692,2.719374
39.180000,2.772722,-0.306365,-2.580695,2.652317
39.190000,2.766069,-0.928856,-3.567524,2.573903
39.200000,2.754096,-1.557944,-4.560305,2.480919
39.210000,2.735595,-2.385087,-5.070581,2.375839
39.220000,2.707480,-3.429702,-5.669474,2.265466
39.230000,2.669331,-4.308932,-4.051877,2.196933
39.240000,2.626068,-4.379305,-3.493280,2.126778
39.250000,2.573265,-5.427171,-3.064886,2.055630
39.260000,2.521192,-5.414849,-2.342733,1.984463
39.270000,2.457569,-5.898150,-2.212750,1.913449
39.280000,2.404316,-6.000285,-1.960567,1.838725
39.290000,2.343512,-5.899985,-1.953834,1.764267
39.300000,2.272698,-6.209631,-2.092208,1.683038
39.310000,2.210889,-6.361290,-1.229755,1.628671
39.320000,2.142919,-6.540168,-1.555656,1.550263
39.330000,2.073120,-6.837313,-0.904472,1.482149
39.340000,2.006142,-6.728352,-1.783912,1.392294
39.350000,1.938803,-7.070133,-2.095095,1.309893
39.360000,1.864403,-7.051396,-1.810245,1.245299
39.370000,1.791598,-7.294686,-0.405649,1.197486
39.380000,1.727170,-7.089830,-0.353111,1.146903
39.390000,1.656210,-6.977593,-0.202627,1.099216
39.400000,1.588730,-6.735918,-0.173619,1.063683
39.410000,1.516782,-6.374128,0.708049,1.049233
39.420000,1.462262,-5.762359,1.753846,1.057502
39.430000,1.406704,-5.288656,3.265210,1.090369
39.440000,1.358850,-4.446544,3.567423,1.144677
39.450000,1.320857,-3.274632,5.076923,1.225612
39.460000,1.293642,-1.908251,4.902994,1.327403
39.470000,1.283157,-0.426482,4.683740,1.433187
39.480000,1.285628,0.825889,6.316350,1.562376
39.490000,1.299327,1.899215,7.247874,1.705701
39.500000,1.328010,3.467920,7.056357,1.863427
39.510000,1.369607,4.705611,8.321648,2.038939
39.520000,1.426755,6.645320,7.389077,2.217588
39.530000,1.499703,8.027970,7.146197,2.401253
39.540000,1.593531,9.175999,7.216466,2.592807
39.550000,1.694315,10.695598,6.845538,2.787157
39.560000,1.805161,11.821876,6.230676,2.971677
39.570000,1.923743,12.574072,5.509069,3.163838
39.580000,2.070216,13.561536,5.027803,3.330169
39.590000,2.196474,14.325696,3.021758,3.484960
39.600000,2.356699,14.747738,0.892160,3.612512
39.610000,2.508590,14.884914,1.080744,3.735892
39.620000,2.637062,14.460116,1.465846,3.844915
39.630000,2.782993,14.212982,-0.162565,3.937188
39.640000,2.942942,13.796454,-1.377149,4.015384
39.650000,3.061248,13.316529,-3.376747,4.073206
39.660000,3.192627,12.687464,-2.430769,4.113003
39.670000,3.312636,11.601006,-3.932957,4.130830
39.680000,3.429295,10.218656,-4.402095,4.130114
39.690000,3.519394,9.156750,-3.831357,4.109074
39.700000,3.607348,7.857425,-5.012206,4.067664
39.710000,3.677304,6.607387,-6.094026,4.019779
39.720000,3.735267,5.264306,-5.107922,3.969677
39.730000,3.781581,3.806272,-5.506061,3.902957
39.740000,3.812295,2.100273,-4.163216,3.827940
39.750000,3.826577,1.156813,-4.956853,3.742375
39.760000,3.831415,-0.165057,-4.071080,3.668055
39.770000,3.824925,-1.022821,-5.039671,3.579896
39.780000,3.809709,-1.740496,-5.735217,3.476389
39.790000,3.788500,-2.878861,-5.762949,3.390597
39.800000,3.753226,-3.888133,-5.550215,3.279363
39.810000,3.711989,-4.434190,-4.796527,3.179800
39.820000,3.659206,-5.136153,-4.071332,3.077392
39.830000,3.602229,-6.179376,-5.624759,2.935355
39.840000,3.535123,-7.128065,-4.535468,2.814133
39.850000,3.466493,-7.717711,-4.791210,2.686079
39.860000,3.390627,-8.019370,-4.206502,2.575952
39.870000,3.295576,-8.972890,-3.519492,2.437865
39.880000,3.203753,-9.521581,-3.655188,2.309442
39.890000,3.100761,-9.751093,-3.279461,2.155898
39.900000,3.000159,-10.757868,-4.276923,2.005563
39.910000,2.900177,-11.404672,-5.235201,1.849535
39.920000,2.775547,-11.793210,-3.478068,1.698374
39.930000,2.650674,-12.268680,-3.662709,1.552975
39.940000,2.526854,-12.758610,-2.844653,1.414620
39.950000,2.407753,-12.966300,-2.987299,1.277041
39.960000,2.275499,-13.320823,-2.032435,1.159370
39.970000,2.138659,-12.972753,-1.357635,1.036656
39.980000,2.010635,-12.912701,-0.856176,0.922709
39.990000,1.882858,-13.002185,-1.067614,0.811110
40.000000,1.748632,-12.382979,0.396071,0.708882
40.010000,1.632374,-12.381943,-0.626329,0.613779
40.020000,1.501911,-12.158365,0.790202,0.546286
40.030000,1.382773,-11.579654,1.941468,0.484865
40.040000,1.277280,-11.094001,1.061917,0.415522
40.050000,1.173947,-10.590455,2.170618,0.369372
40.060000,1.061296,-9.754270,1.804053,0.319676
40.070000,0.966239,-9.057303,0.884113,0.264487
40.080000,0.871562,-8.645223,1.418599,0.211941
40.090000,0.790657,-8.163310,1.035689,0.151086
40.100000,0.710760,-7.736913,-0.484266,0.085793
40.110000,0.634950,-7.272492,0.036057,0.029895
40.120000,0.563243,-7.307426,0.076734,-0.026893
40.130000,0.490096,-6.878743,-0.096768,-0.084595
40.140000,0.424904,-6.729865,-0.913193,-0.146874
40.150000,0.350216,-6.193951,-0.510030,-0.206481
40.160000,0.285790,-6.682856,-0.892308,-0.274171
40.170000,0.222124,-6.758009,-1.497161,-0.345943
40.180000,0.158384,-6.308047,-0.917166,-0.418200
40.190000,0.095426,-6.513180,-1.587774,-0.495620
40.200000,0.020409,-6.573279,-1.655601,-0.564746
40.210000,-0.044008,-6.812633,-1.472567,-0.659068
40.220000,-0.112901,-7.166129,-2.885325,-0.760697
40.230000,-0.186328,-7.220411,-2.123660,-0.866047
40.240000,-0.261665,-7.776421,-3.457803,-0.983525
40.250000,-0.335705,-7.864467,-3.419701,-1.102318
40.260000,-0.417717,-8.342120,-3.135743,-1.243639
40.270000,-0.504771,-9.065184,-3.638103,-1.378781
40.280000,-0.601868,-9.445956,-3.894325,-1.525475
40.290000,-0.711439,-10.260506,-3.467573,-1.660652
40.300000,-0.811317,-10.530951,-2.998141,-1.805241
40.310000,-0.914229,-11.182084,-3.574769,-1.972804
40.320000,-1.033392,-12.094290,-4.118633,-2.141617
40.330000,-1.159369,-12.378774,-3.178240,-2.299068
40.340000,-1.290758,-12.943856,-3.892241,-2.470990
40.350000,-1.420762,-13.282713,-4.299934,-2.669372
40.360000,-1.559555,-14.148846,-5.442766,-2.865956
40.370000,-1.702031,-14.962289,-3.469458,-3.065028
40.380000,-1.850338,-15.470728,-4.053366,-3.245868
40.390000,-2.020037,-16.146476,-2.544910,-3.424361
40.400000,-2.173466,-16.144048,0.041098,-3.583893
40.410000,-2.345663,-16.097077,-0.832014,-3.723042
40.420000,-2.490417,-16.127473,-2.067476,-3.824485
40.430000,-2.651735,-15.895316,1.384386,-3.884009
40.440000,-2.811089,-15.270963,2.881662,-3.946299
40.450000,-2.950136,-14.367417,3.272458,-3.996582
40.460000,-3.092271,-13.143862,3.498382,-4.041182
40.470000,-3.222512,-11.976857,3.749323,-4.079504
40.480000,-3.331140,-11.389133,3.341892,-4.105180
40.490000,-3.442333,-9.879290,3.646097,-4.123319
40.500000,-3.530688,-8.856583,3.103153,-4.131905
40.510000,-3.615145,-7.832443,4.197315,-4.131500
40.520000,-3.686897,-6.835949,3.587064,-4.121527
40.530000,-3.750484,-6.012644,3.262081,-4.100698
40.540000,-3.801782,-4.555114,3.608344,-4.076180
40.550000,-3.848336,-4.133292,3.562787,-4.027478
40.560000,-3.881571,-2.938593,4.182984,-3.946475
40.570000,-3.903880,-1.333399,3.905013,-3.864997
40.580000,-3.912534,-0.352229,4.159983,-3.762370
40.590000,-3.909942,0.705963,6.021523,-3.638683
40.600000,-3.895479,2.120223,6.464061,-3.505981
40.610000,-3.869326,3.330435,6.300836,-3.354664
40.620000,-3.825433,4.940944,6.848793,-3.195199
40.630000,-3.774752,6.199257,7.324750,-3.018155
40.640000,-3.703393,7.661390,7.863361,-2.847683
40.650000,-3.613264,8.865207,6.233473,-2.674302
40.660000,-3.514066,10.004602,7.321635,-2.497858
40.670000,-3.415704,10.877448,5.088341,-2.328571
40.680000,-3.306515,11.680526,4.648082,-2.155917
40.690000,-3.175720,12.694160,5.180091,-1.981835
40.700000,-3.050791,13.398595,4.681651,-1.835085
40.710000,-2.910622,13.646831,3.107692,-1.679879
40.720000,-2.767031,14.386817,3.138486,-1.540868
40.730000,-2.630173,14.325207,0.999740,-1.419764
40.740000,-2.483408,14.300441,1.543362,-1.314708
40.750000,-2.348777,13.950343,-1.886421,-1.227254
40.760000,-2.210311,13.421517,-2.287526,-1.180784
40.770000,-2.080960,12.932097,-1.880128,-1.141347
40.780000,-1.952892,11.644585,-3.364092,-1.103926
40.790000,-1.844036,11.121121,-4.233310,-1.078309
40.800000,-1.749189,10.030544,-2.903818,-1.061195
40.810000,-1.648374,8.876187,-3.144644,-1.050265
40.820000,-1.563257,7.823729,-3.327518,-1.049752
40.830000,-1.491948,6.890756,-3.676426,-1.058463
40.840000,-1.426452,5.861160,-3.715414,-1.076766
40.850000,-1.373811,4.346717,-3.098061,-1.101804
40.860000,-1.335296,3.864005,-2.796239,-1.136029
40.870000,-1.298096,3.028443,-2.872123,-1.175554
40.880000,-1.274496,1.987482,-2.613907,-1.215109
40.890000,-1.258475,1.127584,-2.459482,-1.271605
40.900000,-1.250963,0.324228,-2.642125,-1.331313
40.910000,-1.251819,-0.348265,-3.739258,-1.397103
40.920000,-1.258493,-0.987124,-4.064147,-1.484223
40.930000,-1.272219,-1.802035,-4.606104,-1.573432
40.940000,-1.295935,-2.352953,-4.542761,-1.667784
40.950000,-1.326717,-3.593954,-5.002178,-1.766133
40.960000,-1.363602,-4.404468,-5.046883,-1.867668
40.970000,-1.417353,-5.233215,-4.572585,-1.964660
40.980000,-1.465597,-5.595237,-4.071794,-2.066812
40.990000,-1.527218,-6.500435,-3.442654,-2.158925
41.000000,-1.592029,-6.766607,-2.727312,-2.249992
41.010000,-1.667774,-7.432544,-2.324548,-2.332003
41.020000,-1.738784,-7.304245,-2.042471,-2.415725
41.030000,-1.815585,-7.630359,-1.721154,-2.494571
41.040000,-1.887486,-7.488178,-1.662183,-2.561251
41.050000,-1.968528,-7.850292,-0.897768,-2.625808
41.060000,-2.047718,-7.584121,-0.520784,-2.675238
41.070000,-2.128948,-7.552778,-0.056820,-2.722333
41.080000,-2.197718,-7.278288,-0.062134,-2.762074
41.090000,-2.267461,-6.979438,0.592171,-2.794673
41.100000,-2.338817,-6.493438,0.960378,-2.821454
41.110000,-2.394561,-5.852329,1.460953,-2.840943
41.120000,-2.456160,-5.629255,0.921543,-2.852711
41.130000,-2.504654,-5.009171,1.672634,-2.857542
41.140000,-2.555132,-4.527986,1.823355,-2.854895
41.150000,-2.593441,-3.727214,1.964571,-2.845653
41.160000,-2.630199,-3.472603,1.557626,-2.831654
41.170000,-2.661363,-2.835125,1.746241,-2.814390
41.180000,-2.686537,-2.261287,1.721362,-2.792100
41.190000,-2.703816,-1.588154,1.389308,-2.767020
41.200000,-2.716072,-1.100382,1.475104,-2.735844
41.210000,-2.723613,-0.448033,1.259360,-2.705899
41.220000,-2.725452,-0.017687,1.172802,-2.676831
41.230000,-2.723786,0.251894,2.291361,-2.649479
41.240000,-2.720485,0.484838,2.061538,-2.618236
41.250000,-2.713735,0.803146,1.841616,-2.593976
41.260000,-2.705762,0.856212,2.077260,-2.572466
41.270000,-2.694358,1.290904,1.630769,-2.550128
41.280000,-2.681236,1.315719,1.702338,-2.531023
41.290000,-2.667988,1.475734,1.528688,-2.517182
41.300000,-2.652779,1.441495,1.115298,-2.510629
41.310000,-2.637907,1.306636,0.677142,-2.509354
41.320000,-2.623579,1.364949,0.276923,-2.514020
41.330000,-2.610558,1.310699,-0.042089,-2.525227
41.340000,-2.598472,1.071403,-0.852762,-2.544090
41.350000,-2.590672,0.672248,-0.799976,-2.568215
41.360000,-2.585265,0.382857,-0.963846,-2.596655
41.370000,-2.583543,-0.027061,-0.856727,-2.633464
41.380000,-2.585576,-0.291461,-1.835669,-2.672385
41.390000,-2.589848,-0.493062,-3.031650,-2.708617
41.400000,-2.596591,-0.906354,-2.788196,-2.754721
41.410000,-2.607539,-1.253327,-3.314799,-2.803409
41.420000,-2.623883,-1.575789,-3.406005,-2.854954
41.430000,-2.644564,-2.287580,-3.171728,-2.912849
41.440000,-2.667239,-2.545636,-2.658142,-2.968308
41.450000,-2.695081,-3.044230,-3.051017,-3.015175
41.460000,-2.727253,-3.265934,-2.524579,-3.060265
41.470000,-2.760739,-3.695217,-2.163985,-3.106752
41.480000,-2.798929,-4.057417,-2.138969,-3.144688
41.490000,-2.834857,-3.848130,-1.483275,-3.176771
41.500000,-2.876153,-3.733648,-1.239176,-3.204131
41.510000,-2.913528,-3.695664,-0.601820,-3.225617
41.520000,-2.947479,-3.651957,-0.508772,-3.236465
41.530000,-2.983544,-3.577742,0.146644,-3.236387
41.540000,-3.015248,-3.154364,0.445673,-3.225215
41.550000,-3.044620,-2.857904,0.494796,-3.203333
41.560000,-3.071752,-1.928253,0.658198,-3.168525
41.570000,-3.087807,-1.379900,1.489715,-3.118798
41.580000,-3.099789,-0.845680,2.341266,-3.056875
41.590000,-3.102731,0.024004,2.502946,-2.984716
41.600000,-3.099369,0.710514,3.657405,-2.899372
41.610000,-3.087975,1.380706,4.793641,-2.795140
41.620000,-3.069753,2.177075,5.595113,-2.675468
41.630000,-3.035874,3.367471,6.575428,-2.538340
41.640000,-2.997625,4.464498,6.613872,-2.394581
41.650000,-2.946644,5.839185,6.505101,-2.224584
41.660000,-2.874156,7.423453,6.561653,-2.068399
41.670000,-2.798547,8.461632,6.619913,-1.866105
41.680000,-2.706022,9.747226,7.129148,-1.679021
41.690000,-2.596387,11.296546,6.905665,-1.471871
41.700000,-2.479849,12.217196,7.697721,-1.246571
41.710000,-2.350921,13.630108,7.363995,-1.023318
41.720000,-2.216780,14.521373,6.885389,-0.784203
41.730000,-2.053487,15.922172,5.579485,-0.566747
41.740000,-1.900931,16.268132,0.523317,-0.324353
41.750000,-1.745752,16.109908,0.810236,-0.101741
41.760000,-1.569974,15.906127,1.870025,0.090508
41.770000,-1.422548,16.036308,0.908404,0.335554
41.780000,-1.261725,16.117395,-0.262306,0.548004
41.790000,-1.103205,16.103163,1.577668,0.799417
41.800000,-0.934490,16.132107,1.675818,1.033524
41.810000,-0.781731,16.013446,1.894407,1.278797
41.820000,-0.621348,16.125591,1.305788,1.493680
41.830000,-0.458267,16.128228,0.964366,1.690404
41.840000,-0.301856,16.072389,1.315287,1.859210
41.850000,-0.138096,16.043432,1.583906,2.018847
41.860000,0.029813,16.096522,0.508932,2.173595
41.870000,0.174173,16.106833,0.823408,2.304854
41.880000,0.350036,16.057671,1.218561,2.429498
41.890000,0.505752,15.990591,0.285571,2.542551
41.900000,0.674938,16.068008,0.650080,2.631050
41.910000,0.827146,16.154417,0.173313,2.756076
41.920000,0.987739,16.066762,1.134598,2.872765
41.930000,1.152735,16.182862,1.806978,2.963158
41.940000,1.316095,15.964696,1.306135,3.038424
41.950000,1.473016,16.013712,0.770996,3.106929
41.960000,1.635653,16.005121,-0.249960,3.154216
41.970000,1.808852,16.023287,1.613482,3.194155
41.980000,1.973468,16.051571,0.306550,3.221280
41.990000,2.113567,15.281260,-3.255670,3.235524
42.000000,2.260852,14.251798,-4.926943,3.236964
42.010000,2.395259,12.882642,-6.539806,3.227334
42.020000,2.516247,11.295759,-6.363055,3.207795
42.030000,2.618193,9.408765,-6.503752,3.177309
42.040000,2.704917,8.047453,-5.830336,3.139393
42.050000,2.775927,6.515886,-6.056535,3.098088
42.060000,2.832960,5.178857,-4.787149,3.054803
42.070000,2.873198,3.793756,-4.931565,3.006802
42.080000,2.902427,2.411367,-4.178605,2.955085
42.090000,2.921332,1.307952,-3.731679,2.899718
42.100000,2.928647,0.333878,-3.153772,2.848263
42.110000,2.928376,-0.275244,-3.568884,2.804600
42.120000,2.922774,-0.882431,-3.336373,2.756551
42.130000,2.911507,-1.180744,-2.687479,2.709256
42.140000,2.893900,-1.631429,-2.211290,2.670689
42.150000,2.876422,-2.019711,-1.884604,2.631692
42.160000,2.852849,-2.517999,-1.762474,2.596382
42.170000,2.827060,-2.558976,-1.918627,2.567380
42.180000,2.798873,-2.883986,-1.316798,2.543958
42.190000,2.770492,-2.758846,-1.565124,2.525940
42.200000,2.745053,-2.526024,-0.381423,2.514418
42.210000,2.714771,-2.720879,-0.276923,2.509434
42.220000,2.691782,-2.474380,0.617938,2.509666
42.230000,2.667374,-2.350138,0.220673,2.513159
42.240000,2.648846,-1.966172,-0.027919,2.521604
42.250000,2.630584,-1.460966,0.373089,2.530695
42.260000,2.615266,-1.284521,0.334262,2.542690
42.270000,2.605349,-0.952463,0.324605,2.558394
42.280000,2.597842,-0.671969,0.461538,2.576437
42.290000,2.593158,-0.346652,0.616716,2.594237
42.300000,2.591554,-0.021951,0.215323,2.614613
42.310000,2.592317,0.078398,1.146255,2.639248
42.320000,2.593517,0.216665,1.698871,2.661051
42.330000,2.596179,0.342445,2.156734,2.685560
42.340000,2.602129,0.673247,1.664398,2.707685
42.350000,2.609529,0.846569,1.894137,2.736355
42.360000,2.619548,1.094748,2.371777,2.766229
42.370000,2.630476,1.209232,2.411204,2.792010
42.380000,2.645303,1.436857,1.672188,2.812823
42.390000,2.660417,1.619885,1.588522,2.831684
42.400000,2.677300,1.817676,1.176195,2.847563
42.410000,2.694779,1.793180,1.238857,2.855853
42.420000,2.711893,1.634507,0.621095,2.857254
42.430000,2.728753,1.501952,0.359816,2.852083
42.440000,2.744116,1.364781,0.007765,2.840319
42.450000,2.756140,1.133412,-0.252021,2.821514
42.460000,2.765760,0.860050,-0.420546,2.797826
42.470000,2.772728,0.460857,-1.023970,2.764240
42.480000,2.775044,0.009060,-0.938775,2.728244
42.490000,2.773574,-0.255477,-1.876923,2.680060
42.500000,2.769026,-0.636224,-2.647933,2.635912
42.510000,2.761593,-0.934622,-3.034751,2.588974
42.520000,2.748319,-1.489325,-2.745331,2.527001
42.530000,2.731506,-2.037123,-4.491427,2.453282
42.540000,2.707319,-2.682334,-4.039900,2.373926
42.550000,2.680182,-2.952977,-3.737576,2.281481
42.560000,2.644589,-3.860435,-4.016315,2.184292
42.570000,2.601815,-4.681319,-4.460158,2.082823
42.580000,2.552628,-5.602343,-4.155973,1.985596
42.590000,2.496118,-6.107667,-3.938822,1.889378
42.600000,2.427189,-6.645895,-3.436243,1.787823
42.610000,2.363305,-7.077971,-3.600000,1.687473
42.620000,2.291473,-7.622649,-3.384368,1.589172
42.630000,2.209848,-7.682754,-2.332346,1.491714
42.640000,2.128700,-8.255336,-1.929318,1.406466
42.650000,2.049769,-8.417461,-2.044806,1.327965
42.660000,1.966377,-8.521277,-1.972686,1.255105
42.670000,1.881914,-8.236238,-0.925863,1.195256
42.680000,1.796295,-8.098527,-0.303438,1.147136
42.690000,1.723046,-8.033161,-0.181273,1.105678
42.700000,1.640383,-7.662710,1.001029,1.074401
42.710000,1.567069,-7.180528,1.802302,1.055128
42.720000,1.505168,-6.831709,2.052444,1.049014
42.730000,1.439001,-5.871199,2.637328,1.057203
42.740000,1.386108,-4.867248,2.974845,1.074843
42.750000,1.339909,-4.367577,2.601915,1.111807
42.760000,1.305341,-3.628074,2.839751,1.152709
42.770000,1.275985,-2.539115,3.941741,1.210732
42.780000,1.257228,-1.383751,3.815884,1.280592
42.790000,1.248634,-0.359107,3.661285,1.368179
42.800000,1.250680,0.498811,5.200000,1.456160
42.810000,1.262002,1.570739,5.118653,1.565028
42.820000,1.281333,2.678906,6.141334,1.709568
42.830000,1.313097,3.989612,7.387185,1.873792
42.840000,1.358450,5.322415,7.181009,2.041595
42.850000,1.417716,6.797500,7.379684,2.208100
42.860000,1.489346,8.079420,5.114084,2.311847
42.870000,1.572420,8.725109,3.601157,2.409664
42.880000,1.662480,8.856217,3.438057,2.520835
42.890000,1.762298,9.362153,2.041824,2.628295
42.900000,1.828869,10.074140,1.462425,2.709803
42.910000,1.952260,9.804198,1.867176,2.822436
42.920000,2.053098,9.773444,1.054303,2.928058
42.930000,2.151827,9.912091,1.203674,3.025779
42.940000,2.259938,10.206913,2.535766,3.174701
42.950000,2.356865,10.514030,2.998113,3.318894
42.960000,2.460679,11.353862,1.990501,3.451531
42.970000,2.578538,11.419201,2.817462,3.580235
42.980000,2.689869,11.424524,2.728002,3.693571
42.990000,2.799022,11.300866,1.458562,3.782583
43.000000,2.921427,11.517577,0.495974,3.864421
43.010000,3.037477,11.065283,0.081433,3.945199
43.020000,3.143039,11.300710,-0.321350,4.022544
43.030000,3.252270,10.933685,-0.827136,4.082986
43.040000,3.356512,10.299803,-1.482647,4.120064
43.050000,3.459025,9.686401,-2.342748,4.132671
43.060000,3.553301,8.455293,-3.125966,4.120580
43.070000,3.629709,7.286329,-4.401969,4.085642
43.080000,3.694007,6.061251,-4.554760,4.023538
43.090000,3.749706,4.768815,-5.543867,3.943641
43.100000,3.792007,3.355706,-6.605603,3.838838
43.110000,3.814999,1.896595,-6.186037,3.716477
43.120000,3.823611,0.026905,-5.543176,3.623045
43.130000,3.816666,-1.244728,-6.046372,3.536740
43.140000,3.800568,-2.130034,-5.107915,3.433654
43.150000,3.771148,-3.198569,-5.847172,3.333932
43.160000,3.734698,-4.180208,-5.194374,3.222840
43.170000,3.688298,-5.045080,-5.286438,3.127372
43.180000,3.635357,-5.986538,-5.131805,3.000102
43.190000,3.571355,-6.541494,-4.646154,2.880038
43.200000,3.505896,-7.406593,-3.831378,2.763404
43.210000,3.426874,-7.679448,-4.038545,2.605764
43.220000,3.339297,-9.175511,-5.654634,2.437092
43.230000,3.249599,-10.000000,-5.446154,2.274586
43.240000,3.147546,-10.383105,-4.302879,2.132929
43.250000,3.031017,-11.020948,-3.747605,1.976839
43.260000,2.914816,-11.891346,-3.439981,1.831697
43.270000,2.804124,-11.839392,-2.772546,1.699225
43.280000,2.671323,-12.519512,-2.559878,1.568325
43.290000,2.551617,-12.777797,-1.487179,1.439109
43.300000,2.409001,-12.697495,-1.769108,1.315560
43.310000,2.297060,-12.825056,-1.868925,1.187477
43.320000,2.163773,-13.014231,-1.506450,1.067759
43.330000,2.023450,-13.164653,-1.475330,0.945282
43.340000,1.899783,-12.974445,-0.853551,0.844212
43.350000,1.772015,-12.826881,-1.165872,0.738568
43.360000,1.655613,-12.696355,-0.414952,0.641193
43.370000,1.531464,-12.384553,-0.169043,0.549527
43.380000,1.417734,-11.555272,0.234821,0.473165
43.390000,1.295639,-11.641708,0.625006,0.390072
43.400000,1.201112,-11.371255,0.612362,0.332310
43.410000,1.071811,-10.312713,1.367022,0.271150
43.420000,0.974870,-9.722340,1.362444,0.207482
43.430000,0.878271,-9.289671,0.995013,0.135368
43.440000,0.781517,-8.998615,0.631158,0.059799
43.450000,0.697009,-8.795243,0.114464,-0.019219
43.460000,0.607511,-8.299391,-1.636722,-0.097408
43.470000,0.527382,-8.390709,-0.745575,-0.178758
43.480000,0.437751,-8.634465,-0.577213,-0.265016
43.490000,0.353625,-8.374018,-1.926513,-0.356356
43.500000,0.276667,-8.350238,-1.397388,-0.451312
43.510000,0.185055,-8.259419,-1.285716,-0.561621
43.520000,0.104086,-8.772838,-2.751611,-0.673635
43.530000,0.012386,-9.173625,-2.966748,-0.785890
43.540000,-0.076329,-9.124498,-2.247012,-0.904659
43.550000,-0.164118,-9.618345,-3.099027,-1.042564
43.560000,-0.268421,-9.774272,-2.903985,-1.181749
43.570000,-0.364616,-10.267429,-3.545020,-1.326161
43.580000,-0.477393,-10.906703,-3.695176,-1.484277
43.590000,-0.590696,-11.508218,-2.914111,-1.635604
43.600000,-0.695167,-11.947594,-3.246429,-1.800819
43.610000,-0.831878,-12.525163,-3.790482,-1.976943
43.620000,-0.958162,-13.183045,-4.190580,-2.162638
43.630000,-1.075953,-14.054567,-4.512233,-2.334432
43.640000,-1.226672,-14.395679,-4.646154,-2.513193
43.650000,-1.382737,-15.012893,-3.802380,-2.680852
43.660000,-1.526162,-15.210501,-3.442990,-2.853844
43.670000,-1.669367,-15.348306,-1.518552,-2.993307
43.680000,-1.840782,-15.458186,-1.130377,-3.152893
43.690000,-1.984065,-15.755723,-1.686085,-3.314056
43.700000,-2.148477,-15.862887,-1.771721,-3.459313
43.710000,-2.309216,-15.603395,-0.842465,-3.588257
43.720000,-2.457789,-15.558921,-0.788764,-3.714581
43.730000,-2.611015,-15.106905,-0.515271,-3.825285
43.740000,-2.752970,-14.840133,0.541827,-3.923682
43.750000,-2.917716,-14.131868,1.076923,-3.999188
43.760000,-3.034148,-13.611303,2.571434,-4.062881
43.770000,-3.169059,-12.601058,2.719769,-4.105384
43.780000,-3.297326,-11.666407,3.859950,-4.128708
43.790000,-3.403407,-10.687056,3.776306,-4.131488
43.800000,-3.506135,-9.534547,4.282192,-4.116281
43.810000,-3.592910,-8.324993,5.055865,-4.082813
43.820000,-3.672324,-6.958795,4.707692,-4.030978
43.830000,-3.732565,-5.485964,5.257630,-3.962357
43.840000,-3.775053,-3.904512,5.561514,-3.873804
43.850000,-3.807806,-2.187605,5.994336,-3.777648
43.860000,-3.820888,-0.708972,5.006425,-3.666883
43.870000,-3.820430,0.694526,6.192367,-3.530733
43.880000,-3.805305,2.025563,7.003237,-3.389785
43.890000,-3.776992,3.646142,5.650623,-3.292150
43.900000,-3.738407,4.449582,5.160161,-3.202751
43.910000,-3.687374,5.512181,5.038575,-3.082445
43.920000,-3.629903,5.890511,4.369463,-2.983367
43.930000,-3.564404,6.901774,3.879897,-2.871470
43.940000,-3.489944,7.387863,3.435691,-2.752767
43.950000,-3.415737,7.795058,4.757602,-2.624081
43.960000,-3.331668,8.665998,2.985700,-2.511428
43.970000,-3.248449,8.839588,3.451641,-2.374268
43.980000,-3.141420,9.543347,2.604052,-2.274581
43.990000,-3.060183,10.125511,3.175980,-2.151608
44.000000,-2.953979,10.034000,2.576618,-2.031713
44.010000,-2.844642,10.731554,1.650543,-1.932870
44.020000,-2.746029,10.697097,0.965584,-1.829377
44.030000,-2.636832,10.726644,1.076923,-1.727009
44.040000,-2.538965,10.589323,0.936071,-1.615971
44.050000,-2.432405,10.442883,1.664266,-1.511061
44.060000,-2.323037,10.992078,0.293381,-1.429296
44.070000,-2.211892,10.335761,0.278036,-1.339531
44.080000,-2.110342,10.200654,0.421311,-1.256606
44.090000,-2.006308,10.115030,0.120122,-1.188885
44.100000,-1.906797,9.644005,-0.426274,-1.131336
44.110000,-1.806434,9.130060,-1.078287,-1.094622
44.120000,-1.721956,8.584560,-1.934627,-1.066718
44.130000,-1.629429,8.143629,-1.885103,-1.052373
44.140000,-1.558580,7.373425,-2.855751,-1.049525
44.150000,-1.487718,6.188555,-2.722708,-1.059853
44.160000,-1.425674,5.581488,-1.945078,-1.081207
44.170000,-1.376563,4.463376,-3.615105,-1.117031
44.180000,-1.334584,3.716045,-3.475538,-1.160777
44.190000,-1.298946,2.816466,-3.934899,-1.217196
44.200000,-1.279181,1.655442,-4.420213,-1.288292
44.210000,-1.269207,0.664899,-3.788702,-1.356415
44.220000,-1.268405,-0.320446,-4.123294,-1.439459
44.230000,-1.275887,-1.079029,-4.215385,-1.516673
44.240000,-1.293351,-1.840093,-4.625551,-1.601932
44.250000,-1.316451,-2.874102,-3.800045,-1.695402
44.260000,-1.348810,-3.644053,-5.271199,-1.797343
44.270000,-1.387719,-4.765128,-4.972308,-1.898087
44.280000,-1.441066,-5.039353,-3.987323,-1.989966
44.290000,-1.489494,-6.079408,-4.153204,-2.091189
44.300000,-1.558889,-6.662959,-3.637102,-2.186018
44.310000,-1.620942,-6.882360,-3.010285,-2.281459
44.320000,-1.691764,-7.221430,-2.574705,-2.364861
44.330000,-1.765922,-7.345915,-2.425335,-2.453258
44.340000,-1.839222,-7.649897,-1.690646,-2.526713
44.350000,-1.921602,-8.096941,-1.748633,-2.598752
44.360000,-1.999345,-8.046209,-0.757398,-2.662873
44.370000,-2.077038,-7.791716,-0.460818,-2.712212
44.380000,-2.161723,-7.440784,-0.222205,-2.758312
44.390000,-2.226993,-7.435872,0.153846,-2.795937
44.400000,-2.303524,-7.064484,1.019551,-2.821515
44.410000,-2.370437,-6.211307,1.553568,-2.841760
44.420000,-2.430560,-5.953943,1.049322,-2.853356
44.430000,-2.489810,-5.395212,1.609827,-2.857546
44.440000,-2.539917,-4.281037,1.635459,-2.851470
44.450000,-2.583910,-4.364753,2.072459,-2.836050
44.460000,-2.617467,-3.626121,1.812292,-2.813699
44.470000,-2.648234,-2.795185,2.037728,-2.783913
44.480000,-2.673813,-1.742619,2.218349,-2.751098
44.490000,-2.688346,-1.404069,1.987561,-2.713069
44.500000,-2.698041,-0.678725,2.483694,-2.674067
44.510000,-2.701038,-0.027265,1.556895,-2.638397
44.520000,-2.699323,0.307311,2.121552,-2.603177
44.530000,-2.694185,0.706322,2.244678,-2.571928
44.540000,-2.686383,1.030505,2.408618,-2.545797
44.550000,-2.675396,1.187379,1.587390,-2.525312
44.560000,-2.662674,1.368251,1.296803,-2.513742
44.570000,-2.647120,1.431369,1.233611,-2.509043
44.580000,-2.633713,1.544450,0.996731,-2.512532
44.590000,-2.619423,1.307746,0.388714,-2.525507
44.600000,-2.606831,1.084172,-0.186077,-2.545975
44.610000,-2.596896,0.713528,-1.077725,-2.573246
44.620000,-2.591184,0.341009,-1.484514,-2.611989
44.630000,-2.590028,-0.012112,-1.287867,-2.657813
44.640000,-2.591790,-0.327093,-2.896014,-2.707705
44.650000,-2.597472,-0.785014,-3.074278,-2.766428
44.660000,-2.607884,-1.317403,-3.805463,-2.829759
44.670000,-2.625515,-1.962096,-4.156938,-2.894189
44.680000,-2.647203,-2.651729,-3.358356,-2.959395
44.690000,-2.675910,-2.910422,-3.474614,-3.022827
44.700000,-2.710976,-3.462104,-2.767477,-3.079591
44.710000,-2.744622,-3.790746,-2.430769,-3.131761
44.720000,-2.786798,-4.307594,-1.818453,-3.175792
44.730000,-2.826910,-4.204953,-1.219818,-3.209730
44.740000,-2.870104,-4.490838,-1.317211,-3.230777
44.750000,-2.912430,-4.077237,-0.180214,-3.237585
44.760000,-2.955120,-3.488337,1.304675,-3.228199
44.770000,-2.991158,-3.398493,1.259340,-3.200120
44.780000,-3.022376,-2.854460,2.756227,-3.151823
44.790000,-3.046511,-2.210282,3.339311,-3.086438
44.800000,-3.062998,-1.072287,4.075342,-2.998752
44.810000,-3.067090,0.062578,4.559628,-2.889127
44.820000,-3.060560,1.157453,5.817357,-2.765059
44.830000,-3.040867,2.337776,7.434575,-2.615966
44.840000,-3.014422,3.737271,7.830798,-2.448283
44.850000,-2.968773,5.253189,7.626663,-2.261060
44.860000,-2.908356,6.916084,8.182578,-2.079126
44.870000,-2.823172,8.378688,8.357855,-1.867057
44.880000,-2.739392,10.265419,7.752120,-1.629854
44.890000,-2.615589,12.120407,8.769231,-1.376394
44.900000,-2.502658,13.173534,9.817974,-1.119991
44.910000,-2.357457,15.044821,9.970089,-0.849765
44.920000,-2.206411,16.284701,5.831169,-0.580557
44.930000,-2.037013,16.391205,0.030739,-0.291245
44.940000,-1.880628,16.094834,0.539345,0.003706
44.950000,-1.700281,16.126616,-0.376015,0.286124
44.960000,-1.550275,16.054389,2.107305,0.559337
44.970000,-1.397389,16.154473,1.761687,0.836055
44.980000,-1.230003,16.053094,1.182979,1.110394
44.990000,-1.072547,15.983402,0.028933,1.376972
45.000000,-0.913047,16.112420,1.628912,1.633279
45.010000,-0.744609,16.127736,1.386463,1.864717
45.020000,-0.582041,16.145669,1.747552,2.079348
45.030000,-0.431668,16.047628,1.492941,2.280264
45.040000,-0.250837,16.176370,0.918809,2.473419
45.050000,-0.111580,16.031571,1.528899,2.638174
45.060000,0.064460,16.093175,0.962912,2.773497
45.070000,0.224137,16.138686,0.977473,2.899457
45.080000,0.384039,16.172848,0.723560,2.997858
45.090000,0.541049,15.968097,1.491803,3.083167
45.100000,0.692181,16.124867,0.985365,3.147093
45.110000,0.854946,16.016435,1.153322,3.193790
45.120000,1.013425,16.082449,0.711710,3.222977
45.130000,1.175336,16.013781,1.052393,3.236637
45.140000,1.338644,16.073139,1.442113,3.234927
45.150000,1.500059,16.163287,1.392757,3.219959
45.160000,1.658370,15.995700,0.875416,3.192396
45.170000,1.818317,16.224162,1.446154,3.156073
45.180000,1.997523,15.837476,-2.826749,3.110730
45.190000,2.137433,14.484535,-6.706524,3.060138
45.200000,2.278760,12.133591,-8.297043,3.001097
45.210000,2.382930,10.473576,-8.472929,2.942019
45.220000,2.480013,7.972937,-7.994134,2.877973
45.230000,2.547167,6.441854,-7.753305,2.814507
45.240000,2.598906,4.524864,-6.246645,2.754350
45.250000,2.637663,3.124466,-5.625107,2.699227
45.260000,2.659326,1.781238,-4.297956,2.647776
45.270000,2.670134,0.611705,-3.418727,2.603604
45.280000,2.671303,-0.176946,-3.447463,2.569520
45.290000,2.666005,-0.723091,-2.451148,2.542565
45.300000,2.657770,-1.037770,-2.141360,2.523074
45.310000,2.646348,-1.084570,-1.789532,2.512183
45.320000,2.633531,-1.320403,-1.430573,2.509012
45.330000,2.621649,-1.244537,-0.576488,2.513407
45.340000,2.609071,-1.244614,0.011507,2.525376
45.350000,2.597632,-0.972757,0.246601,2.543907
45.360000,2.589265,-0.786678,0.895154,2.568898
45.370000,2.583659,-0.358428,0.815818,2.598314
45.380000,2.582017,-0.018690,0.830769,2.630137
45.390000,2.583476,0.225286,1.884695,2.664546
45.400000,2.587609,0.495201,1.804867,2.699670
45.410000,2.594515,0.760440,2.422009,2.734884
45.420000,2.603541,1.186594,1.990255,2.768043
45.430000,2.616968,1.478397,2.424899,2.799285
45.440000,2.633105,1.688836,1.971386,2.824548
45.450000,2.652653,2.079840,2.494574,2.843609
45.460000,2.670060,2.079961,0.580176,2.854649
45.470000,2.689644,1.859698,0.291917,2.857462
45.480000,2.709061,1.921024,0.234213,2.851006
45.490000,2.727326,1.667115,-0.455635,2.832957
45.500000,2.741984,1.390362,-1.178687,2.804150
45.510000,2.752252,0.982321,-1.447056,2.763428
45.520000,2.758560,0.358400,-1.449642,2.713065
45.530000,2.758785,-0.181189,-2.477286,2.646478
45.540000,2.753436,-0.736604,-3.973542,2.580175
45.550000,2.744291,-1.273980,-4.414199,2.494682
45.560000,2.726069,-1.991091,-4.513305,2.400553
45.570000,2.700985,-3.003605,-4.748571,2.300057
45.580000,2.665942,-4.092308,-5.323077,2.193343
45.590000,2.623334,-5.031533,-4.686308,2.081900
45.600000,2.569900,-5.825740,-5.095044,1.968719
45.610000,2.511932,-6.335147,-4.126859,1.854659
45.620000,2.446570,-7.227318,-4.057213,1.747113
45.630000,2.371181,-7.266465,-2.940198,1.637506
45.640000,2.290074,-8.203283,-3.405394,1.526848
45.650000,2.209004,-8.397366,-3.081906,1.422946
45.660000,2.115556,-9.031885,-2.078472,1.332541
45.670000,2.033792,-9.229382,-1.555601,1.256135
45.680000,1.943612,-8.910738,-1.520622,1.184915
45.690000,1.848329,-8.811547,-0.540755,1.126293
45.700000,1.753970,-9.035353,0.034481,1.083352
45.710000,1.673787,-8.487947,1.596113,1.058428
45.720000,1.600280,-7.769869,1.234311,1.049016
45.730000,1.524421,-7.244226,2.657929,1.056437
45.740000,1.460072,-6.160322,3.149990,1.082858
45.750000,1.402214,-5.577911,3.720756,1.122853
45.760000,1.357108,-4.278496,3.607635,1.186031
45.770000,1.322594,-2.869499,4.282979,1.259452
45.780000,1.300443,-1.532725,4.950978,1.356471
45.790000,1.292226,-0.249672,4.769231,1.473700
45.800000,1.297335,1.135524,6.205002,1.602008
45.810000,1.313712,2.376870,7.633756,1.743349
45.820000,1.345952,3.900294,7.098477,1.891875
45.830000,1.388333,5.178151,7.226665,2.047488
45.840000,1.449248,6.551457,7.184961,2.214514
45.850000,1.521369,7.666467,7.485186,2.388185
45.860000,1.604517,8.867417,6.689585,2.567520
45.870000,1.701274,10.456790,5.455935,2.739872
45.880000,1.818758,11.678569,5.191721,2.913073
45.890000,1.924411,12.048655,5.261538,3.080328
45.900000,2.053186,13.013271,3.807617,3.248323
45.910000,2.189000,13.724196,3.415385,3.407286
45.920000,2.323164,14.020756,2.109161,3.555722
45.930000,2.457529,14.176276,1.753320,3.683900
45.940000,2.614452,14.317075,0.718281,3.805818
45.950000,2.738156,14.425110,0.356685,3.889361
45.960000,2.889245,13.662098,-1.839431,3.944456
45.970000,3.017497,12.965730,-1.015385,4.002956
45.980000,3.143162,12.140220,-2.668000,4.047213
45.990000,3.269616,11.434932,-3.001266,4.083610
46.000000,3.359592,10.283994,-3.217837,4.105965
46.010000,3.470917,9.298845,-3.430378,4.124781
46.020000,3.553074,8.277661,-3.825831,4.132391
46.030000,3.640326,7.237414,-3.273411,4.129307
46.040000,3.709355,6.605372,-3.854701,4.110078
46.050000,3.768281,5.407196,-3.549781,4.072762
46.060000,3.817014,4.370242,-3.838584,4.024507
46.070000,3.853531,3.324806,-4.382705,3.962994
46.080000,3.880199,1.966676,-4.372246,3.882737
46.090000,3.894471,0.762722,-3.817382,3.805877
46.100000,3.896963,-0.242626,-4.907627,3.701928
46.110000,3.889118,-1.317519,-5.856380,3.586141
46.120000,3.870928,-2.398533,-6.943623,3.460426
46.130000,3.838325,-3.755626,-6.452139,3.331135
46.140000,3.793954,-4.807446,-6.669388,3.198783
46.150000,3.745111,-5.864148,-6.196439,3.064267
46.160000,3.673442,-7.203027,-4.468174,2.910156
46.170000,3.598779,-8.320183,-6.111951,2.780316
46.180000,3.518146,-9.156608,-5.108680,2.630578
46.190000,3.416710,-9.854455,-5.753281,2.480694
46.200000,3.315149,-10.690479,-5.274765,2.322639
46.210000,3.205284,-11.185884,-4.047374,2.160618
46.220000,3.090522,-11.722644,-3.487219,2.015910
46.230000,2.976113,-12.106259,-3.502555,1.859419
46.240000,2.854079,-12.532351,-2.434146,1.697328
46.250000,2.720830,-12.923043,-3.446871,1.545118
46.260000,2.597066,-13.476278,-1.745367,1.403337
46.270000,2.462652,-13.780220,-1.186081,1.275611
46.280000,2.320254,-13.821887,-0.544230,1.143724
46.290000,2.176465,-13.774441,-1.076923,1.027310
46.300000,2.039025,-13.513516,-0.434101,0.925863
46.310000,1.895766,-13.212840,0.063968,0.811549
46.320000,1.772019,-12.964309,-0.146045,0.706485
46.330000,1.645882,-12.569913,1.199475,0.613295
46.340000,1.510660,-12.249431,0.153846,0.522685
46.350000,1.401965,-12.524289,0.651941,0.443673
46.360000,1.279290,-11.687075,0.719749,0.364936
46.370000,1.167870,-11.552019,0.714936,0.298117
46.380000,1.053198,-10.656176,1.837538,0.235462
46.390000,0.951412,-9.994901,1.408703,0.163750
46.400000,0.852050,-9.952145,0.736921,0.105306
46.410000,0.752113,-9.424299,1.448263,0.053292
46.420000,0.671245,-8.628379,1.202068,-0.006767
46.430000,0.581739,-8.117169,0.683857,-0.074488
46.440000,0.505153,-8.173758,0.056956,-0.154657
46.450000,0.426111,-7.837033,-0.957731,-0.239516
46.460000,0.348813,-7.731914,-1.011736,-0.320500
46.470000,0.271825,-7.803808,-1.500470,-0.417407
46.480000,0.196956,-7.696035,-1.562913,-0.494092
46.490000,0.125673,-8.255338,-1.196026,-0.544158
46.500000,0.035159,-7.768769,-0.626477,-0.611881
46.510000,-0.041468,-7.848684,-0.001253,-0.675784
46.520000,-0.113591,-7.700855,-0.387465,-0.743655
46.530000,-0.191686,-7.360151,-0.902942,-0.819106
46.540000,-0.263436,-7.518648,-1.489874,-0.900112
46.550000,-0.334252,-7.648024,-0.740754,-0.955625
46.560000,-0.410076,-6.857123,-0.985483,-1.034442
46.570000,-0.479980,-7.149391,-1.550293,-1.118669
46.580000,-0.559850,-7.423391,-2.022370,-1.221416
46.590000,-0.624923,-7.453051,-3.534697,-1.377918
46.600000,-0.705799,-8.237380,-4.759133,-1.527762
46.610000,-0.797661,-8.805268,-4.176541,-1.682818
46.620000,-0.886175,-9.569412,-4.149115,-1.839777
46.630000,-0.990818,-10.821050,-5.101411,-2.004013
46.640000,-1.103643,-11.248115,-6.202736,-2.175801
46.650000,-1.214774,-11.920502,-4.409963,-2.341983
46.660000,-1.336566,-12.429367,-3.717504,-2.514763
46.670000,-1.468678,-13.167929,-3.450776,-2.682945
46.680000,-1.607912,-13.593726,-2.991154,-2.838761
46.690000,-1.751001,-14.339905,-3.564935,-3.009210
46.700000,-1.897737,-14.569672,-2.916046,-3.160439
46.710000,-2.033283,-14.884651,-1.782635,-3.310095
46.720000,-2.186680,-14.827149,-1.390046,-3.454356
46.730000,-2.328878,-15.085158,-0.871346,-3.597567
46.740000,-2.485953,-15.095898,-0.609924,-3.721002
46.750000,-2.627602,-14.650403,0.799570,-3.818584
46.760000,-2.773642,-14.512069,1.008345,-3.910070
46.770000,-2.915088,-14.133913,0.929370,-3.985527
46.780000,-3.048232,-13.333249,2.374065,-4.044259
46.790000,-3.181947,-12.207891,2.040458,-4.076607
46.800000,-3.295614,-11.746121,2.949675,-4.100433
46.810000,-3.412216,-10.231024,4.304130,-4.119929
46.820000,-3.503467,-9.266399,3.693588,-4.131143
46.830000,-3.589348,-8.059299,3.919304,-4.132083
46.840000,-3.668827,-7.024836,4.402705,-4.123214
46.850000,-3.730677,-6.364824,3.209552,-4.102840
46.860000,-3.791953,-5.056478,3.602539,-4.076830
46.870000,-3.837732,-3.685431,2.816356,-4.044283
46.880000,-3.872435,-3.157324,2.811157,-3.999796
46.890000,-3.897681,-2.300683,3.501957,-3.946672
46.900000,-3.915100,-1.284771,3.169231,-3.887499
46.910000,-3.921345,-0.260457,3.025212,-3.822621
46.920000,-3.919934,0.453942,4.280352,-3.729130
46.930000,-3.910956,1.292493,5.384615,-3.608179
46.940000,-3.890983,2.472323,6.346195,-3.496163
46.950000,-3.860334,3.567840,6.589556,-3.358333
46.960000,-3.814825,4.369400,6.394708,-3.222191
46.970000,-3.765215,5.656413,5.696976,-3.083303
46.980000,-3.698704,6.831329,5.584630,-2.945642
46.990000,-3.624452,8.010764,5.426149,-2.799561
47.000000,-3.540533,8.705780,5.697708,-2.637918
47.010000,-3.451782,9.717063,4.927796,-2.496354
47.020000,-3.341640,10.546640,4.070122,-2.356610
47.030000,-3.244070,11.282502,3.869033,-2.188250
47.040000,-3.131770,11.328146,4.765036,-2.040778
47.050000,-3.010410,12.365506,2.709581,-1.888780
47.060000,-2.872950,12.844543,2.687061,-1.755637
47.070000,-2.756780,12.605136,3.250570,-1.627079
47.080000,-2.626325,13.093607,0.098073,-1.513848
47.090000,-2.497925,13.175619,0.814212,-1.411258
47.100000,-2.370236,12.689776,0.591628,-1.313894
47.110000,-2.234525,12.693183,-0.772870,-1.231374
47.120000,-2.107337,12.352164,-1.061900,-1.166731
47.130000,-2.000838,11.900784,-1.790948,-1.115351
47.140000,-1.884757,11.123519,-3.197908,-1.076124
47.150000,-1.783864,10.318850,-2.981942,-1.055737
47.160000,-1.680837,9.637284,-3.590364,-1.048999
47.170000,-1.595353,8.436705,-3.915274,-1.055254
47.180000,-1.520169,7.138713,-3.593609,-1.074566
47.190000,-1.449805,6.241572,-4.853134,-1.105818
47.200000,-1.398107,4.905428,-4.084870,-1.146700
47.210000,-1.358702,3.778311,-4.159648,-1.201008
47.220000,-1.323531,2.358415,-3.634313,-1.262950
47.230000,-1.304014,1.431238,-3.832329,-1.337040
47.240000,-1.295722,0.195099,-3.826625,-1.418188
47.250000,-1.298400,-0.684497,-4.699933,-1.509876
47.260000,-1.309888,-1.445575,-3.878214,-1.596243
47.270000,-1.331852,-2.664596,-5.480812,-1.689540
47.280000,-1.358696,-3.228350,-4.895813,-1.798399
47.290000,-1.399665,-4.200499,-4.540444,-1.882427
47.300000,-1.446090,-5.150654,-4.636889,-1.979220
47.310000,-1.500911,-5.877908,-4.231051,-2.077893
47.320000,-1.554540,-6.186496,-3.488026,-2.174450
47.330000,-1.622517,-6.516544,-2.770388,-2.268026
47.340000,-1.694535,-7.021347,-2.572328,-2.354177
47.350000,-1.760555,-7.544665,-2.700038,-2.438882
47.360000,-1.844525,-7.238186,-2.025921,-2.510849
47.370000,-1.915478,-7.504460,-1.604996,-2.581739
47.380000,-1.989916,-7.921916,0.043850,-2.641109
47.390000,-2.069638,-7.561032,-0.017675,-2.695599
47.400000,-2.142850,-7.531523,-0.435383,-2.742477
47.410000,-2.217113,-7.307023,0.712733,-2.782904
47.420000,-2.291427,-6.548748,0.858773,-2.808101
47.430000,-2.353524,-6.807072,1.261538,-2.825297
47.440000,-2.415462,-5.620009,1.513599,-2.838951
47.450000,-2.470046,-5.518146,1.525528,-2.849435
47.460000,-2.521405,-4.400699,1.296862,-2.855587
47.470000,-2.564283,-4.238027,1.112345,-2.857488
47.480000,-2.596299,-3.884178,1.285935,-2.856203
47.490000,-2.603015,-3.579475,1.184367,-2.855335
47.500000,-2.672205,-2.752880,0.913444,-2.849360
47.510000,-2.696222,-2.569871,1.006692,-2.832158
47.520000,-2.717213,-1.977894,1.667637,-2.806289
47.530000,-2.734233,-1.401876,1.855010,-2.774950
47.540000,-2.742874,-0.754354,1.549618,-2.737945
47.550000,-2.746815,-0.192441,1.626261,-2.698405
47.560000,-2.746104,0.229386,2.187658,-2.658243
47.570000,-2.742542,0.523186,2.959847,-2.618042
47.580000,-2.735804,0.859796,2.782294,-2.593679
47.590000,-2.725145,1.160669,1.844544,-2.574289
47.600000,-2.710888,1.399455,1.132976,-2.557021
47.610000,-2.697138,1.568951,1.103576,-2.542539
47.620000,-2.681516,1.564865,1.190501,-2.529706
47.630000,-2.666862,1.591686,0.969902,-2.519534
47.640000,-2.651516,1.561615,0.983630,-2.513631
47.650000,-2.635872,1.419038,0.630985,-2.509841
47.660000,-2.622875,1.246644,0.680483,-2.509051
47.670000,-2.609152,1.300902,0.498937,-2.511947
47.680000,-2.596833,1.085169,0.134605,-2.521944
47.690000,-2.587757,0.773826,0.490908,-2.536358
47.700000,-2.580313,0.595462,0.012404,-2.560081
47.710000,-2.575532,0.267691,-0.979079,-2.593003
47.720000,-2.574769,-0.049550,-1.327271,-2.630168
47.730000,-2.576706,-0.290081,-2.255560,-2.675239
47.740000,-2.581546,-0.613582,-2.781847,-2.723879
47.750000,-2.591290,-1.088116,-3.244865,-2.777261
47.760000,-2.605344,-1.493783,-3.742377,-2.833375
47.770000,-2.624614,-1.949730,-2.859097,-2.892521
47.780000,-2.645826,-2.651760,-2.828373,-2.953918
47.790000,-2.675838,-2.872324,-3.327754,-3.009674
47.800000,-2.710049,-3.551544,-3.127719,-3.059873
47.810000,-2.743060,-3.813772,-2.491422,-3.108282
47.820000,-2.782496,-3.984144,-2.176453,-3.153381
47.830000,-2.823252,-3.692810,-1.310616,-3.190568
47.840000,-2.864958,-4.118681,-1.388918,-3.218799
47.850000,-2.904501,-3.933215,-0.628225,-3.234158
47.860000,-2.942606,-3.930728,0.199948,-3.237097
47.870000,-2.980127,-3.774314,1.438370,-3.224795
47.880000,-3.014306,-3.330957,1.208193,-3.195718
47.890000,-3.045185,-2.689616,1.487120,-3.153110
47.900000,-3.064422,-1.834155,3.011042,-3.087122
47.910000,-3.076516,-0.796086,3.472804,-3.007657
47.920000,-3.079317,0.100796,3.300796,-2.936183
47.930000,-3.073893,0.843493,4.598378,-2.854299
47.940000,-3.062045,1.705079,4.018264,-2.769370
47.950000,-3.039851,2.357142,4.280771,-2.682658
47.960000,-3.012417,3.197835,4.043978,-2.566918
47.970000,-2.972297,4.367548,4.549195,-2.449937
47.980000,-2.926239,5.324184,4.702525,-2.337051
47.990000,-2.873838,6.061489,4.551295,-2.209991
48.000000,-2.808325,6.873884,3.972625,-2.074921
48.010000,-2.728668,7.935916,4.055065,-1.953675
48.020000,-2.653726,8.122530,4.339145,-1.801841
48.030000,-2.563976,9.163562,5.279206,-1.615847
48.040000,-2.464170,10.097541,7.226369,-1.395075
48.050000,-2.357719,11.786450,7.458701,-1.159537
48.060000,-2.241834,13.046761,7.008631,-0.957299
48.070000,-2.106107,13.948100,6.745447,-0.718952
48.080000,-1.946842,15.320612,5.539577,-0.473674
48.090000,-1.800808,16.305681,3.770816,-0.227030
48.100000,-1.628704,16.241758,0.023475,0.019203
48.110000,-1.472796,16.042844,-0.185712,0.263127
48.120000,-1.315955,16.149719,1.616520,0.490410
48.130000,-1.146258,16.009015,0.714298,0.721742
48.140000,-0.996261,16.062341,0.733699,0.938219
48.150000,-0.812884,16.083694,0.878439,1.141737
48.160000,-0.664331,16.171881,0.390504,1.357059
48.170000,-0.506567,16.056622,0.840466,1.583339
48.180000,-0.342364,16.042505,1.117809,1.775035
48.190000,-0.183626,16.097570,1.554582,1.963530
48.200000,-0.014058,16.053808,1.281063,2.135482
48.210000,0.140388,16.036579,1.918233,2.311608
48.220000,0.298178,15.994296,1.421089,2.475145
48.230000,0.456258,16.170254,1.208677,2.617942
48.240000,0.632383,16.080104,0.717929,2.746753
48.250000,0.775877,16.118195,1.312864,2.865094
48.260000,0.943059,15.976714,1.478606,2.961745
48.270000,1.104205,16.033255,1.103987,3.037815
48.280000,1.272343,16.013187,0.669094,3.097978
48.290000,1.418681,16.087355,0.950812,3.153014
48.300000,1.594105,16.059720,1.140063,3.191316
48.310000,1.743296,16.069458,1.191246,3.219169
48.320000,1.905562,16.074845,1.516643,3.233875
48.330000,2.082214,15.798368,-2.484383,3.237287
48.340000,2.226775,14.813085,-5.050821,3.228557
48.350000,2.355202,13.194839,-4.651801,3.209378
48.360000,2.488796,11.448992,-6.080459,3.182955
48.370000,2.591183,9.941792,-6.975940,3.150406
48.380000,2.675690,8.224291,-6.977354,3.111100
48.390000,2.749266,6.140932,-5.941618,3.068911
48.400000,2.800270,4.519884,-5.516736,3.019645
48.410000,2.844849,3.615227,-5.736547,2.963387
48.420000,2.873802,2.333758,-4.533361,2.912156
48.430000,2.890252,1.266424,-3.476700,2.864288
48.440000,2.896852,0.296962,-3.102778,2.811492
48.450000,2.895786,-0.355567,-3.224088,2.763903
48.460000,2.888974,-1.063881,-3.101626,2.712369
48.470000,2.878141,-1.291560,-3.195654,2.664471
48.480000,2.861257,-1.885773,-2.953936,2.623220
48.490000,2.839041,-2.259865,-2.189705,2.590111
48.500000,2.815730,-2.754380,-2.017741,2.564488
48.510000,2.788542,-2.697027,-1.683712,2.541591
48.520000,2.763206,-2.740512,-1.048214,2.525292
48.530000,2.736297,-2.659703,-0.735318,2.514355
48.540000,2.710336,-2.367316,-0.441261,2.509344
48.550000,2.685892,-2.382581,-0.570939,2.509973
48.560000,2.662802,-1.980824,0.338462,2.516555
48.570000,2.642123,-1.912088,0.611574,2.527361
48.580000,2.625854,-1.641085,0.494975,2.544545
48.590000,2.613713,-0.991305,0.713044,2.565152
48.600000,2.604870,-0.704808,0.813462,2.586440
48.610000,2.599456,-0.404967,0.804277,2.613174
48.620000,2.597991,0.041741,1.030809,2.640266
48.630000,2.599613,0.228612,1.646294,2.671156
48.640000,2.602654,0.404710,1.991009,2.700883
48.650000,2.608307,0.723641,2.254472,2.730283
48.660000,2.616226,0.958084,2.546430,2.760877
48.670000,2.627178,1.397474,2.156145,2.783918
48.680000,2.640653,1.462738,1.724993,2.808427
48.690000,2.655863,1.525266,1.446154,2.832044
48.700000,2.674876,1.847754,1.409704,2.848815
48.710000,2.691368,1.817671,0.876262,2.857102
48.720000,2.709654,1.864492,0.721805,2.854680
48.730000,2.725428,1.729343,-0.145971,2.839308
48.740000,2.740369,1.439166,-0.915976,2.810938
48.750000,2.753287,1.016342,-1.078263,2.768041
48.760000,2.758967,0.418881,-1.868094,2.713184
48.770000,2.759810,-0.228258,-3.529948,2.643349
48.780000,2.754555,-0.793042,-3.890996,2.562141
48.790000,2.744380,-1.384133,-5.013548,2.470540
48.800000,2.724690,-2.424846,-5.644633,2.369605
48.810000,2.692360,-3.266194,-4.796130,2.270870
48.820000,2.660018,-3.760773,-3.723806,2.188301
48.830000,2.615432,-4.823764,-3.513762,2.125497
48.840000,2.564414,-5.114874,-2.805675,2.046211
48.850000,2.506792,-5.665934,-2.714391,1.971322
48.860000,2.455964,-6.024889,-2.549470,1.892462
48.870000,2.392348,-6.150638,-2.396415,1.820457
48.880000,2.327855,-6.433899,-1.865754,1.747093
48.890000,2.265985,-6.771197,-2.325926,1.666510
48.900000,2.202032,-6.815605,-1.806364,1.597135
48.910000,2.132235,-6.460958,-1.585602,1.525062
48.920000,2.062661,-6.754667,-1.410427,1.456252
48.930000,1.988819,-7.091153,-1.489435,1.397682
48.940000,1.925859,-6.678871,-0.816337,1.330358
48.950000,1.852926,-7.000979,-0.474247,1.260198
48.960000,1.789003,-7.019622,-0.808190,1.195983
48.970000,1.710793,-6.646784,-0.551746,1.145545
48.980000,1.653705,-6.870330,-0.346432,1.108589
48.990000,1.584020,-6.574844,0.499171,1.085863
49.000000,1.520051,-5.918264,0.970000,1.068107
49.010000,1.464132,-5.876631,1.239719,1.054664
49.020000,1.408645,-5.188018,1.034987,1.049368
49.030000,1.362551,-4.722525,1.460251,1.050769
49.040000,1.317814,-3.787894,1.481617,1.060966
49.050000,1.280321,-3.086442,1.654523,1.073611
49.060000,1.251145,-3.090608,1.687124,1.099254
49.070000,1.226291,-2.331255,1.865231,1.131952
49.080000,1.207308,-1.450738,2.323296,1.191036
49.090000,1.196653,-0.688473,2.709162,1.267434
49.100000,1.195476,0.260798,3.801955,1.354177
49.110000,1.201137,0.885210,5.784115,1.458534
49.120000,1.216195,1.833132,5.301755,1.569098
49.130000,1.242154,3.245564,7.027040,1.698930
49.140000,1.279239,4.123639,6.383059,1.840453
49.150000,1.326593,5.369535,6.346143,1.985745
49.160000,1.388447,6.654328,6.343293,2.137168
49.170000,1.460378,7.560187,5.471977,2.298806
49.180000,1.542862,8.529089,6.151982,2.475478
49.190000,1.647061,10.384106,5.659078,2.640240
49.200000,1.749490,11.137909,4.874930,2.811557
49.210000,1.865251,11.535440,4.335403,2.975690
49.220000,1.981871,12.863937,4.177500,3.135117
49.230000,2.106617,13.250262,3.506622,3.292958
49.240000,2.235253,13.419811,3.723005,3.433290
49.250000,2.374825,13.713288,2.030687,3.569593
49.260000,2.520369,13.980654,1.709514,3.682723
49.270000,2.657071,13.743849,0.967264,3.792296
49.280000,2.781094,13.344600,-0.258251,3.886054
49.290000,2.921114,13.244452,-1.661291,3.941358
49.300000,3.042852,12.377254,-2.288543,3.990528
49.310000,3.166481,11.629777,-2.553846,4.027756
49.320000,3.280154,10.770680,-2.703979,4.068746
49.330000,3.388718,10.265355,-2.640054,4.096475
49.340000,3.484349,8.974289,-3.171456,4.114908
49.350000,3.566896,8.156306,-2.569598,4.129771
49.360000,3.642133,7.466320,-3.074810,4.132038
49.370000,3.714065,6.050337,-2.407075,4.120539
49.380000,3.767471,5.685448,-3.890428,4.097974
49.390000,3.820403,4.723796,-3.330528,4.072648
49.400000,3.860045,3.337636,-3.052996,4.042140
49.410000,3.891261,2.743263,-2.583823,4.004905
49.420000,3.915920,1.911821,-2.496983,3.943832
49.430000,3.928041,0.969068,-3.737444,3.855643
49.440000,3.931662,-0.150540,-4.294840,3.748841
49.450000,3.923910,-1.209553,-6.168611,3.620814
49.460000,3.905086,-2.383228,-7.467255,3.481314
49.470000,3.871854,-3.904033,-7.244875,3.327844
49.480000,3.829981,-5.267316,-7.893919,3.150779
49.490000,3.771045,-6.468321,-7.235782,2.966004
49.500000,3.696570,-8.220744,-8.040219,2.781687
49.510000,3.607489,-9.695012,-7.872050,2.587441
49.520000,3.502631,-10.620585,-7.572698,2.400879
49.530000,3.387420,-12.196150,-7.518844,2.200307
49.540000,3.254658,-13.017237,-6.075051,2.004879
49.550000,3.115571,-14.085019,-5.632588,1.810592
49.560000,2.965770,-14.832610,-4.572710,1.624330
49.570000,2.812833,-15.508776,-2.747760,1.444821
49.580000,2.665319,-15.972725,-3.002959,1.278169
49.590000,2.513847,-16.328488,-0.724250,1.121748
49.600000,2.350670,-16.066343,-0.835776,0.972285
49.610000,2.191235,-16.201749,-1.091971,0.834624
49.620000,2.023614,-16.091261,-0.902195,0.707594
49.630000,1.869101,-15.812830,0.766257,0.593694
49.640000,1.695038,-15.387826,0.536173,0.484190
49.650000,1.543916,-14.906949,1.446154,0.383875
49.660000,1.405646,-14.531517,1.543045,0.290509
49.670000,1.275407,-13.547118,1.248811,0.210290
49.680000,1.140238,-13.412129,1.659467,0.131299
49.690000,1.009050,-12.383447,2.218583,0.054784
49.700000,0.889451,-11.951918,1.823514,-0.020512
49.710000,0.771548,-11.165102,1.427849,-0.095838
49.720000,0.657267,-10.895803,1.507692,-0.163676
49.730000,0.556163,-9.933781,1.838253,-0.231056
49.740000,0.463537,-9.823829,0.965167,-0.302023
49.750000,0.368053,-9.170104,0.516623,-0.375772
49.760000,0.271030,-8.820892,-0.286603,-0.460571
49.770000,0.191026,-8.809813,-0.021046,-0.538574
49.780000,0.101829,-8.391407,-0.160032,-0.594888
49.790000,0.017336,-8.583524,0.068243,-0.651954
49.800000,-0.061307,-8.182388,0.513143,-0.723882
49.810000,-0.146909,-7.988659,-0.465820,-0.796835
49.820000,-0.218640,-7.397895,-0.537018,-0.893363
49.830000,-0.306404,-8.003829,-1.535434,-0.984807
49.840000,-0.378701,-7.810104,-2.280890,-1.087307
49.850000,-0.458995,-8.331836,-3.061477,-1.203058
49.860000,-0.537641,-8.216831,-2.879455,-1.334331
49.870000,-0.627337,-9.076923,-3.538462,-1.466461
49.880000,-0.715217,-9.422900,-3.907765,-1.609281
49.890000,-0.819656,-9.988562,-3.924164,-1.752940
49.900000,-0.916882,-10.461995,-4.070906,-1.913156
49.910000,-1.029616,-11.369693,-4.120813,-2.062942
49.920000,-1.136943,-11.455030,-4.557916,-2.226054
49.930000,-1.260548,-12.444488,-4.339988,-2.390318
49.940000,-1.380126,-12.508914,-3.935022,-2.544791
49.950000,-1.511544,-12.852148,-3.433573,-2.706772
49.960000,-1.650121,-13.514788,-2.375952,-2.854017
49.970000,-1.779032,-13.755826,-1.689535,-2.989774
49.980000,-1.921832,-13.907894,-1.588346,-3.125229
49.990000,-2.060062,-14.031795,-1.364767,-3.255855
50.000000,-2.192050,-13.862149,-1.121709,-3.355891
50.010000,-2.340311,-13.783031,0.426731,-3.460330
50.020000,-2.477831,-13.234521,0.140324,-3.584380
50.030000,-2.610849,-13.336155,-1.336561,-3.707063
50.040000,-2.742713,-13.340903,-0.892308,-3.812501
50.050000,-2.876672,-13.040859,-0.458898,-3.901880
50.060000,-2.994643,-12.371624,0.276923,-3.986650
50.070000,-3.119156,-12.016803,0.880582,-4.052278
50.080000,-3.236464,-11.119712,2.807375,-4.095573
50.090000,-3.349313,-10.559798,2.146902,-4.120124
50.100000,-3.457593,-9.922418,3.459000,-4.132666
50.110000,-3.547899,-9.060418,3.117334,-4.122957
50.120000,-3.614496,-8.047242,3.786900,-4.108449
50.130000,-3.696954,-6.711406,3.181000,-4.086566
50.140000,-3.756121,-5.539447,3.935322,-4.054205
50.150000,-3.802820,-4.668358,3.713170,-4.013860
50.160000,-3.841237,-3.394944,3.794605,-3.939942
50.170000,-3.867542,-2.020026,4.891378,-3.846559
50.180000,-3.880705,-0.805010,5.068484,-3.745288
50.190000,-3.879808,0.693086,5.838023,-3.628112
50.200000,-3.867097,1.704332,6.530599,-3.495826
50.210000,-3.842878,3.204386,7.080356,-3.350719
50.220000,-3.805337,4.581303,6.850948,-3.207260
50.230000,-3.752241,5.803146,6.445811,-3.050863
50.240000,-3.689750,6.965493,7.164120,-2.884164
50.250000,-3.603362,8.462312,7.019405,-2.710426
50.260000,-3.523224,9.667509,6.480214,-2.552203
50.270000,-3.421326,10.265151,5.646937,-2.385067
50.280000,-3.313501,11.094600,5.340267,-2.222888
50.290000,-3.183651,11.986105,5.137982,-2.066373
50.300000,-3.071869,12.540462,4.276234,-1.913036
50.310000,-2.940680,13.157341,1.544480,-1.787699
50.320000,-2.805051,13.300158,1.274366,-1.687502
50.330000,-2.682678,12.977567,0.450826,-1.585537
50.340000,-2.558994,13.134876,-0.118989,-1.505220
50.350000,-2.425931,12.791962,-0.387013,-1.437638
50.360000,-2.300439,11.851187,-1.877692,-1.387284
50.370000,-2.170851,10.894679,-1.452794,-1.312116
50.380000,-2.066438,10.533441,-1.515802,-1.235745
50.390000,-1.963670,10.032689,-1.339843,-1.178750
50.400000,-1.861131,9.966885,-1.479642,-1.132222
50.410000,-1.772065,8.916869,-1.642982,-1.092987
50.420000,-1.691099,8.348727,-1.552031,-1.067356
50.430000,-1.605181,7.764825,-1.905038,-1.051378
50.440000,-1.527699,6.883527,-2.400073,-1.050269
50.450000,-1.459563,6.175258,-2.828075,-1.061157
50.460000,-1.404382,5.488103,-2.919167,-1.084344
50.470000,-1.357982,4.542761,-3.000225,-1.115232
50.480000,-1.318173,3.349126,-3.448425,-1.153416
50.490000,-1.289740,2.374979,-3.147931,-1.204630
50.500000,-1.268407,1.587734,-3.335481,-1.263069
50.510000,-1.258260,0.639775,-2.866366,-1.319234
50.520000,-1.256277,-0.155392,-2.872397,-1.382882
50.530000,-1.261099,-0.658299,-3.209612,-1.428922
50.540000,-1.270996,-1.307494,-3.415385,-1.485570
50.550000,-1.287309,-1.871278,-3.274171,-1.556381
50.560000,-1.308736,-2.368891,-4.216176,-1.657087
50.570000,-1.338948,-3.549274,-4.963953,-1.767347
50.580000,-1.374941,-4.122813,-4.803531,-1.878326
50.590000,-1.425026,-5.174351,-4.033644,-1.982002
50.600000,-1.481385,-5.715148,-4.595839,-2.085048
50.610000,-1.539307,-6.116155,-3.492593,-2.192655
50.620000,-1.607859,-7.209176,-3.839134,-2.296810
50.630000,-1.686624,-7.483845,-2.831425,-2.388674
50.640000,-1.763204,-7.772722,-2.566010,-2.473433
50.650000,-1.843295,-8.194512,-2.307692,-2.551417
50.660000,-1.918907,-8.144089,-1.267016,-2.621746
50.670000,-2.000959,-8.533968,0.029677,-2.683486
50.680000,-2.082467,-8.054209,-0.272990,-2.735603
50.690000,-2.162899,-7.877625,0.382159,-2.781853
50.700000,-2.237484,-7.404821,0.366374,-2.814933
50.710000,-2.314530,-7.272823,1.009871,-2.836620
50.720000,-2.379362,-6.523001,1.509439,-2.851354
50.730000,-2.447603,-6.128138,1.604656,-2.857454
50.740000,-2.501033,-5.516860,2.312832,-2.854443
50.750000,-2.547998,-4.860020,1.528823,-2.843322
50.760000,-2.592935,-3.757950,2.206256,-2.825484
50.770000,-2.626893,-3.027000,2.509116,-2.800904
50.780000,-2.654135,-2.543276,2.057647,-2.771769
50.790000,-2.675972,-1.731453,2.031921,-2.738904
50.800000,-2.690181,-0.997105,1.602441,-2.705606
50.810000,-2.697782,-0.546533,2.114800,-2.671249
50.820000,-2.700238,0.038457,0.965805,-2.637390
50.830000,-2.697511,0.353706,1.950902,-2.604086
50.840000,-2.693070,0.559249,2.014098,-2.575838
50.850000,-2.685008,0.988842,2.000000,-2.550300
50.860000,-2.675065,1.105310,1.744907,-2.530908
50.870000,-2.662109,1.412208,1.178478,-2.517309
50.880000,-2.649194,1.457210,1.527583,-2.509900
50.890000,-2.634661,1.458171,0.875926,-2.510162
50.900000,-2.620360,1.188734,0.466323,-2.518443
50.910000,-2.607822,1.224389,0.076426,-2.534637
50.920000,-2.597850,0.918930,-0.832194,-2.557243
50.930000,-2.590434,0.550868,-0.233248,-2.585865
50.940000,-2.586881,0.173633,-1.076923,-2.625415
50.950000,-2.587109,-0.171786,-1.740011,-2.670673
50.960000,-2.590170,-0.447052,-2.552598,-2.721089
50.970000,-2.597133,-0.891572,-3.395024,-2.777156
50.980000,-2.609770,-1.576932,-3.515335,-2.835814
50.990000,-2.627069,-2.060044,-4.170340,-2.893102
51.000000,-2.650479,-2.603322,-3.110554,-2.955276
51.010000,-2.678881,-3.177191,-3.440628,-3.016169
51.020000,-2.711253,-3.412317,-3.222180,-3.069122
51.030000,-2.745846,-3.727969,-2.644665,-3.120340
51.040000,-2.786123,-3.803558,-1.707901,-3.163972
51.050000,-2.825527,-3.873187,-1.652625,-3.196678
51.060000,-2.870559,-3.927460,-0.954816,-3.222930
51.070000,-2.913440,-3.963386,0.025422,-3.235319
51.080000,-2.951233,-3.778150,0.336010,-3.236604
51.090000,-2.987610,-3.396775,0.769231,-3.223684
51.100000,-3.021043,-3.101196,2.298391,-3.197924
51.110000,-3.049356,-2.455247,2.536098,-3.150855
51.120000,-3.068902,-1.566805,3.073210,-3.089067
51.130000,-3.080180,-0.698333,3.729305,-3.006855
51.140000,-3.082031,0.221092,4.419976,-2.906969
51.150000,-3.074167,1.238377,5.153482,-2.792926
51.160000,-3.058823,2.164208,7.125484,-2.684263
51.170000,-3.030517,3.219727,5.138462,-2.586028
51.180000,-2.992488,4.336021,5.087262,-2.473065
51.190000,-2.944415,5.256451,4.690054,-2.362066
51.200000,-2.892682,5.910627,4.723681,-2.233399
51.210000,-2.832069,6.791600,5.507692,-2.096208
51.220000,-2.750870,8.014648,4.589585,-1.938381
51.230000,-2.671442,8.547595,7.085130,-1.705717
51.240000,-2.576554,10.035412,8.557489,-1.440490
51.250000,-2.464576,11.786331,9.247052,-1.145818
51.260000,-2.319625,14.210244,11.293441,-0.844703
51.270000,-2.185959,15.919293,10.175340,-0.532396
51.280000,-2.020855,16.661812,-0.161858,-0.218821
51.290000,-1.855792,16.177096,-0.265226,0.115140
51.300000,-1.695569,16.137131,0.758191,0.435211
51.310000,-1.533924,15.987143,0.093436,0.751228
51.320000,-1.366144,16.002089,0.861750,1.044107
51.330000,-1.197946,16.066235,1.728599,1.303786
51.340000,-1.050221,16.183803,1.463946,1.558867
51.350000,-0.881592,16.180002,0.943615,1.782658
51.360000,-0.733960,16.030769,1.378428,2.003852
51.370000,-0.572877,16.121334,1.410398,2.202398
51.380000,-0.410870,16.078749,1.601136,2.389018
51.390000,-0.242319,16.132997,1.481574,2.558182
51.400000,-0.088672,16.026026,0.574871,2.712060
51.410000,0.076770,16.103351,2.107529,2.835185
51.420000,0.238375,16.102532,1.001105,2.946886
51.430000,0.394219,16.134857,-0.404095,3.042711
51.440000,0.550907,16.003720,0.633832,3.114953
51.450000,0.712436,15.973450,1.753846,3.164649
51.460000,0.891886,15.965200,1.008720,3.201366
51.470000,1.042913,16.025348,1.396411,3.225986
51.480000,1.199511,16.074195,0.827055,3.236998
51.490000,1.362003,16.038602,0.717755,3.234678
51.500000,1.517662,16.091657,2.776549,3.219631
51.510000,1.681805,16.119034,1.137227,3.192567
51.520000,1.845386,16.195560,1.184581,3.156540
51.530000,2.003770,15.709758,-2.624953,3.118947
51.540000,2.151763,14.347507,-7.014577,3.068419
51.550000,2.296304,12.338930,-8.313780,3.014153
51.560000,2.392702,10.309641,-7.848715,2.960037
51.570000,2.484122,8.402511,-7.416275,2.929227
51.580000,2.564400,6.705321,-5.401985,2.888196
51.590000,2.626093,4.770432,-6.073546,2.831525
51.600000,2.668306,3.461565,-4.785701,2.770151
51.610000,2.695133,2.013796,-4.920897,2.707913
51.620000,2.708093,1.050624,-4.183312,2.651651
51.630000,2.712482,-0.025046,-2.943108,2.605355
51.640000,2.709161,-0.603235,-2.888082,2.566646
51.650000,2.700211,-1.144137,-2.755152,2.537499
51.660000,2.688034,-1.360168,-2.157836,2.518389
51.670000,2.671859,-1.622343,-1.253881,2.509665
51.680000,2.656846,-1.651959,-1.054858,2.509805
51.690000,2.642582,-1.657633,-0.254573,2.512498
51.700000,2.625596,-1.533231,-0.136223,2.518324
51.710000,2.610950,-1.242070,-0.011258,2.524422
51.720000,2.599395,-1.123415,-0.008156,2.532397
51.730000,2.589634,-0.867885,-0.072481,2.542010
51.740000,2.582894,-0.585879,0.437158,2.564545
51.750000,2.578809,-0.254743,0.812590,2.589297
51.760000,2.577821,0.021099,0.668316,2.620852
51.770000,2.579346,0.180158,1.815212,2.650755
51.780000,2.582391,0.495164,2.238970,2.685590
51.790000,2.588834,0.738285,1.859078,2.722090
51.800000,2.597734,1.009022,2.603144,2.748889
51.810000,2.608403,1.333350,1.456336,2.767633
51.820000,2.624841,1.497222,1.751629,2.786988
51.830000,2.639012,1.548147,1.446675,2.803559
51.840000,2.655153,1.717242,1.297346,2.819746
51.850000,2.671138,1.704919,1.638829,2.831413
51.860000,2.690309,1.689837,1.172044,2.847193
51.870000,2.704713,1.593275,0.500625,2.856065
51.880000,2.723438,1.631580,0.550118,2.856833
51.890000,2.737647,1.421414,-0.185568,2.848497
51.900000,2.750499,1.300777,-0.182363,2.830401
51.910000,2.762000,0.935945,-0.313995,2.802681
51.920000,2.770218,0.578048,-0.827802,2.762949
51.930000,2.773136,0.020059,-1.131745,2.713279
51.940000,2.771836,-0.314091,-2.710419,2.648058
51.950000,2.764815,-0.877584,-3.014632,2.590858
51.960000,2.754132,-1.390298,-3.255609,2.553105
51.970000,2.738984,-1.770800,-2.711410,2.496299
51.980000,2.719070,-2.115116,-3.329943,2.438872
51.990000,2.694034,-2.383594,-2.974751,2.377492
52.000000,2.665103,-3.357337,-4.038110,2.278631
52.010000,2.629905,-3.608616,-3.768472,2.173388
52.020000,2.589589,-4.676294,-4.841659,2.069412
52.030000,2.535701,-5.630166,-4.557032,1.956424
52.040000,2.474071,-6.180317,-4.422792,1.847103
52.050000,2.409711,-6.525631,-3.839692,1.730612
52.060000,2.342545,-7.156675,-3.723899,1.621501
52.070000,2.260192,-8.021847,-3.796187,1.513531
52.080000,2.183095,-8.393788,-2.543362,1.406505
52.090000,2.094210,-8.855588,-2.558219,1.320470
52.100000,2.010516,-8.854367,-1.847885,1.242081
52.110000,1.915058,-8.863736,-1.076923,1.172039
52.120000,1.828248,-8.877624,-0.339526,1.114750
52.130000,1.744084,-8.784247,0.413517,1.076830
52.140000,1.662496,-8.035229,1.590724,1.063878
52.150000,1.584443,-7.380327,1.944559,1.056036
52.160000,1.504664,-6.662191,2.715249,1.049081
52.170000,1.441044,-6.094416,2.879938,1.055459
52.180000,1.392011,-5.477086,2.260231,1.082355
52.190000,1.342871,-4.476534,3.360493,1.130253
52.200000,1.307403,-3.108321,3.310907,1.202523
52.210000,1.281901,-1.820878,4.535888,1.293598
52.220000,1.267662,-0.553712,5.188067,1.405087
52.230000,1.268327,0.571987,6.467908,1.535981
52.240000,1.281491,1.949041,6.492233,1.668864
52.250000,1.307556,3.334238,7.748333,1.825850
52.260000,1.348732,4.788375,7.448177,1.996419
52.270000,1.401205,5.836933,8.166586,2.172440
52.280000,1.473736,7.888925,7.240596,2.360317
52.290000,1.559436,9.090957,7.372169,2.551197
52.300000,1.659410,10.657438,7.054175,2.752049
52.310000,1.769848,11.791071,6.307081,2.951195
52.320000,1.893288,12.798247,6.323171,3.138233
52.330000,2.025062,13.570533,6.184615,3.315190
52.340000,2.167962,14.575811,3.715315,3.481621
52.350000,2.315772,15.062914,1.786970,3.633850
52.360000,2.466840,15.307648,2.692205,3.764732
52.370000,2.621680,15.125826,1.481610,3.878323
52.380000,2.778630,15.005679,-1.154326,3.968496
52.390000,2.928331,14.667845,-2.148094,4.042802
52.400000,3.077298,13.766369,-3.281322,4.094194
52.410000,3.200818,12.925824,-3.365383,4.124433
52.420000,3.323825,11.573408,-3.600000,4.132396
52.430000,3.435758,10.346981,-5.152679,4.118055
52.440000,3.528346,9.161394,-5.100920,4.083363
52.450000,3.612937,7.583234,-6.372813,4.029688
52.460000,3.685075,6.227581,-5.812128,3.954307
52.470000,3.738501,4.501255,-6.187547,3.859872
52.480000,3.769407,2.646228,-6.984615,3.756630
52.490000,3.787398,1.067165,-6.257810,3.634534
52.500000,3.788438,-0.632044,-7.567077,3.488512
52.510000,3.773790,-2.003435,-7.676769,3.345289
52.520000,3.743007,-3.946964,-7.710607,3.200658
52.530000,3.701047,-4.997390,-6.976863,3.036988
52.540000,3.643534,-6.460518,-7.224648,2.867183
52.550000,3.566410,-8.190652,-7.347261,2.675565
52.560000,3.482483,-9.163241,-7.321789,2.493593
52.570000,3.385157,-10.915988,-7.600905,2.300509
52.580000,3.267942,-11.906920,-5.836096,2.130667
52.590000,3.149578,-12.755733,-4.896311,1.957743
52.600000,3.020141,-13.318681,-4.430665,1.780182
52.610000,2.887227,-14.064569,-3.114483,1.627909
52.620000,2.741869,-14.258368,-3.859766,1.462403
52.630000,2.596751,-14.894500,-3.350552,1.313304
52.640000,2.440889,-15.212672,-2.598341,1.169893
52.650000,2.292228,-14.996424,-0.991377,1.028791
52.660000,2.146565,-15.181723,-0.530838,0.894141
52.670000,1.988410,-14.894120,-0.594185,0.785733
52.680000,1.851833,-14.804166,0.827527,0.671744
52.690000,1.705802,-14.423670,0.618287,0.568864
52.700000,1.568154,-13.995961,1.417404,0.467930
52.710000,1.428137,-13.639822,0.975779,0.373673
52.720000,1.299223,-13.223316,1.267926,0.283741
52.730000,1.171766,-12.215977,1.058254,0.204798
52.740000,1.044085,-11.727419,0.632697,0.129774
52.750000,0.930481,-11.575401,0.849439,0.059062
52.760000,0.827869,-10.781246,1.102966,-0.011072
52.770000,0.722374,-10.536514,0.887660,-0.081016
52.780000,0.620604,-10.113720,0.765632,-0.153033
52.790000,0.525335,-9.381852,0.619707,-0.233675
52.800000,0.428800,-8.944475,0.328510,-0.312353
52.810000,0.343422,-8.795120,-0.028533,-0.401247
52.820000,0.254150,-8.883555,-0.771030,-0.489366
52.830000,0.159345,-8.969105,-1.277806,-0.589272
52.840000,0.077752,-8.588575,-2.027715,-0.699954
52.850000,-0.014114,-8.936387,-2.512430,-0.816992
52.860000,-0.103165,-8.993004,-2.198589,-0.940740
52.870000,-0.197860,-9.623915,-2.941519,-1.072708
52.880000,-0.297149,-9.878083,-3.295974,-1.220129
52.890000,-0.392607,-10.227880,-3.737587,-1.377027
52.900000,-0.514507,-11.201227,-4.302148,-1.536616
52.910000,-0.621346,-11.542344,-3.334758,-1.700891
52.920000,-0.738630,-12.208047,-4.651241,-1.874939
52.930000,-0.861387,-12.787514,-4.696598,-2.060480
52.940000,-0.999662,-13.493228,-4.043257,-2.248851
52.950000,-1.139914,-14.120861,-3.643012,-2.431871
52.960000,-1.285064,-15.144921,-3.741913,-2.611002
52.970000,-1.441007,-15.262749,-3.583803,-2.786655
52.980000,-1.594659,-15.866333,-3.283554,-2.958671
52.990000,-1.754684,-16.034364,-2.260152,-3.128508
53.000000,-1.901087,-16.111964,-1.028739,-3.299236
53.010000,-2.065895,-16.058778,-1.251112,-3.461181
53.020000,-2.231805,-15.985296,-0.741429,-3.605733
53.030000,-2.395090,-16.107716,-1.420790,-3.736031
53.040000,-2.544398,-15.998023,-0.624884,-3.846202
53.050000,-2.721460,-15.713150,0.710873,-3.943588
53.060000,-2.859247,-15.119606,1.980568,-4.022860
53.070000,-3.004656,-14.398845,2.728497,-4.077660
53.080000,-3.144987,-13.142256,4.034648,-4.115816
53.090000,-3.273212,-12.645628,3.372246,-4.132143
53.100000,-3.394450,-11.233797,5.293675,-4.126497
53.110000,-3.494675,-9.608774,5.905575,-4.098909
53.120000,-3.594002,-8.058002,5.771176,-4.049134
53.130000,-3.658879,-6.798274,5.556660,-3.978159
53.140000,-3.717521,-4.981510,6.097697,-3.886962
53.150000,-3.760457,-3.291017,6.588277,-3.780872
53.160000,-3.782733,-1.552247,6.858256,-3.660311
53.170000,-3.787904,0.270965,6.642800,-3.524216
53.180000,-3.776779,1.874373,7.454278,-3.370026
53.190000,-3.752743,3.235864,7.687251,-3.218093
53.200000,-3.713663,4.685885,7.196243,-3.111893
53.210000,-3.652874,5.764313,4.845420,-3.014028
53.220000,-3.596952,6.518515,4.521910,-2.892759
53.230000,-3.524104,7.337477,4.709825,-2.786851
53.240000,-3.448838,7.836025,4.220068,-2.682067
53.250000,-3.358997,8.215728,3.063970,-2.581096
53.260000,-3.284945,8.487090,3.107692,-2.449472
53.270000,-3.191568,9.131525,4.108433,-2.295241
53.280000,-3.089298,10.022982,4.391277,-2.143818
53.290000,-2.989629,10.530354,4.161317,-1.988019
53.300000,-2.887298,10.924506,3.219750,-1.896889
53.310000,-2.783746,11.136517,0.492839,-1.825807
53.320000,-2.659194,11.411268,-0.063928,-1.749388
53.330000,-2.551488,11.067430,-0.236819,-1.656601
53.340000,-2.445711,10.914130,-0.313803,-1.550752
53.350000,-2.334903,10.198800,0.898600,-1.447823
53.360000,-2.221828,10.657084,1.063470,-1.336043
53.370000,-2.118280,10.259779,1.323578,-1.237468
53.380000,-2.022571,10.381726,0.582296,-1.157374
53.390000,-1.912626,10.195844,-0.468496,-1.101157
53.400000,-1.819682,9.727009,-1.723483,-1.062720
53.410000,-1.724185,9.209814,-2.852173,-1.049139
53.420000,-1.633728,8.507139,-3.153839,-1.057258
53.430000,-1.548744,7.559901,-3.962912,-1.086980
53.440000,-1.484406,6.624453,-4.599838,-1.133980
53.450000,-1.427591,5.147863,-5.292003,-1.199212
53.460000,-1.386867,3.649218,-4.938278,-1.276553
53.470000,-1.359306,2.626150,-4.319265,-1.311105
53.480000,-1.338236,1.304794,-2.862765,-1.345719
53.490000,-1.330444,0.579873,-2.667731,-1.388316
53.500000,-1.328841,-0.168131,-2.303075,-1.446189
53.510000,-1.333718,-0.764683,-4.112327,-1.522485
53.520000,-1.344221,-1.367543,-4.487472,-1.617931
53.530000,-1.363229,-2.463246,-5.560815,-1.714924
53.540000,-1.392799,-3.511735,-4.985852,-1.799617
53.550000,-1.426834,-3.636330,-4.985635,-1.919693
53.560000,-1.473557,-4.728245,-5.180288,-2.038789
53.570000,-1.525194,-5.548245,-4.829151,-2.164647
53.580000,-1.591600,-6.735319,-4.890922,-2.277005
53.590000,-1.660058,-7.447535,-4.578462,-2.386269
53.600000,-1.736369,-7.970679,-3.345915,-2.482164
53.610000,-1.817897,-8.228790,-2.758538,-2.572403
53.620000,-1.906904,-8.815712,-1.973435,-2.650791
53.630000,-1.988587,-8.889723,-0.919793,-2.716646
53.640000,-2.075071,-8.624797,-0.198438,-2.768957
53.650000,-2.160466,-8.380240,0.830769,-2.810089
53.660000,-2.250062,-7.949344,0.576610,-2.837957
53.670000,-2.316916,-7.667320,1.191348,-2.853588
53.680000,-2.388300,-6.614063,2.232306,-2.857466
53.690000,-2.455116,-6.242297,2.317202,-2.850946
53.700000,-2.512443,-5.394078,3.219021,-2.834886
53.710000,-2.536847,-5.028783,2.452909,-2.814575
53.720000,-2.594721,-3.378390,2.955447,-2.790820
53.730000,-2.630113,-2.850021,2.549136,-2.758701
53.740000,-2.651362,-2.029888,2.443693,-2.725149
53.750000,-2.669162,-1.339039,2.017190,-2.698108
53.760000,-2.678912,-0.710685,2.022250,-2.660677
53.770000,-2.681964,-0.081685,0.855128,-2.622500
53.780000,-2.680680,0.259438,2.312295,-2.586969
53.790000,-2.676015,0.559903,2.510600,-2.555955
53.800000,-2.668624,0.999508,2.011939,-2.532291
53.810000,-2.656959,1.055497,0.225843,-2.516359
53.820000,-2.646412,1.292310,1.135041,-2.510182
53.830000,-2.631325,1.342719,0.807210,-2.509044
53.840000,-2.618664,1.310872,0.650221,-2.513594
53.850000,-2.606245,1.104014,0.328414,-2.527486
53.860000,-2.594911,0.935822,-0.341553,-2.548337
53.870000,-2.588268,0.569050,-0.492580,-2.580379
53.880000,-2.583749,0.215594,-1.456073,-2.620904
53.890000,-2.584003,-0.231396,-1.876923,-2.669858
53.900000,-2.588479,-0.530002,-2.594854,-2.725758
53.910000,-2.596220,-1.059341,-3.973970,-2.781353
53.920000,-2.608017,-1.533612,-4.101553,-2.845037
53.930000,-2.626839,-2.213120,-5.297292,-2.909134
53.940000,-2.654059,-2.679730,-3.309365,-2.973031
53.950000,-2.682215,-3.371324,-3.390362,-3.036530
53.960000,-2.716029,-3.848788,-2.266745,-3.092660
53.970000,-2.757763,-3.938474,-3.034776,-3.144834
53.980000,-2.794692,-4.338973,-2.115280,-3.187059
53.990000,-2.839621,-4.335821,-1.494927,-3.217124
54.000000,-2.882205,-4.493319,-0.584615,-3.234900
54.010000,-2.923096,-4.283334,0.094009,-3.236029
54.020000,-2.962683,-3.945945,1.838678,-3.218862
54.030000,-2.998417,-3.502410,1.560251,-3.183284
54.040000,-3.029594,-2.881157,3.242591,-3.127280
54.050000,-3.050693,-1.663593,3.794777,-3.048254
54.060000,-3.061591,-0.663734,3.912422,-2.950208
54.070000,-3.061547,0.606460,5.197622,-2.828173
54.080000,-3.051888,1.607956,6.694891,-2.681002
54.090000,-3.026276,3.366156,7.534889,-2.522628
54.100000,-2.987229,4.395967,8.218113,-2.330774
54.110000,-2.935563,5.735292,8.715713,-2.133601
54.120000,-2.865182,7.828148,9.337870,-1.911199
54.130000,-2.768711,9.727580,8.519473,-1.677170
54.140000,-2.656306,11.591305,8.932433,-1.416846
54.150000,-2.545865,13.168991,10.430769,-1.137635
54.160000,-2.403701,15.045495,7.556405,-0.872348
54.170000,-2.240809,16.446503,4.459891,-0.592670
54.180000,-2.069963,16.344822,0.318042,-0.300647
54.190000,-1.904972,16.129449,0.811856,0.001465
54.200000,-1.750495,16.081004,0.790011,0.310422
54.210000,-1.596530,16.076613,2.219719,0.587612
54.220000,-1.433437,16.000248,0.800579,0.888343
54.230000,-1.254814,16.048352,1.324313,1.167679
54.240000,-1.102769,16.017314,1.672639,1.424937
54.250000,-0.937643,16.245207,0.742913,1.678939
54.260000,-0.791831,16.105220,1.024725,1.915698
54.270000,-0.650891,16.154905,0.394031,2.091627
54.280000,-0.477959,16.127020,1.050113,2.197319
54.290000,-0.350186,15.984273,1.505331,2.273167
54.300000,-0.165135,16.048101,0.295214,2.383910
54.310000,0.015684,16.058766,0.765037,2.511106
54.320000,0.181823,16.047219,1.604948,2.642923
54.330000,0.335121,16.103493,1.128510,2.784849
54.340000,0.493838,16.037674,1.350249,2.894902
54.350000,0.673303,15.993591,0.532708,2.993937
54.360000,0.819956,16.084010,1.169576,3.071927
54.370000,0.990538,16.083403,1.436625,3.124785
54.380000,1.145617,16.059513,2.158879,3.173433
54.390000,1.313197,16.025489,1.569102,3.205276
54.400000,1.468568,16.202140,1.237650,3.225768
54.410000,1.628397,16.173679,1.039508,3.237282
54.420000,1.795855,16.083954,1.675957,3.231605
54.430000,1.942097,16.087982,2.819859,3.209477
54.440000,2.109683,15.650338,-4.785700,3.173868
54.450000,2.258792,13.991793,-7.763648,3.125407
54.460000,2.378245,11.889156,-7.807049,3.070076
54.470000,2.495511,9.676397,-8.101288,3.008592
54.480000,2.576538,7.884344,-7.955640,2.942569
54.490000,2.643939,5.723839,-7.643627,2.873573
54.500000,2.690242,4.197559,-6.353647,2.806382
54.510000,2.722432,2.549127,-5.488906,2.749749
54.520000,2.741278,1.297766,-4.424263,2.695168
54.530000,2.747025,0.158290,-3.065480,2.647160
54.540000,2.744680,-0.512069,-3.142782,2.604321
54.550000,2.736497,-0.999840,-3.510751,2.566063
54.560000,2.724357,-1.528732,-2.904408,2.538483
54.570000,2.707375,-1.820196,-2.262699,2.521436
54.580000,2.689532,-1.933748,-1.254940,2.510849
54.590000,2.671294,-1.933849,-1.220319,2.509376
54.600000,2.650828,-1.983186,-0.428326,2.515742
54.610000,2.633953,-1.745055,0.457083,2.531109
54.620000,2.620961,-1.290135,1.102622,2.554484
54.630000,2.609511,-0.994014,1.054909,2.584952
54.640000,2.602316,-0.493954,1.170683,2.620998
54.650000,2.599947,0.024277,1.448836,2.660985
54.660000,2.601724,0.320505,2.225205,2.697445
54.670000,2.606323,0.607692,2.686010,2.736586
54.680000,2.613852,0.824296,2.419132,2.773198
54.690000,2.626489,1.455059,2.342516,2.805671
54.700000,2.643426,1.771089,2.305709,2.831297
54.710000,2.658883,1.922992,2.153925,2.848798
54.720000,2.678463,1.909553,1.028598,2.857052
54.730000,2.696823,1.564259,0.463052,2.856054
54.740000,2.714247,1.573201,0.628611,2.845820
54.750000,2.731667,1.483233,-0.400928,2.827153
54.760000,2.741377,1.332800,-0.782340,2.803616
54.770000,2.756181,0.827874,-1.514204,2.769052
54.780000,2.761692,0.287179,-1.849588,2.719885
54.790000,2.762074,-0.148527,-2.561084,2.662248
54.800000,2.758378,-0.631858,-3.382029,2.589922
54.810000,2.748761,-1.257313,-4.107097,2.509923
54.820000,2.730776,-2.012511,-4.732243,2.430219
54.830000,2.707721,-2.703315,-4.643549,2.339248
54.840000,2.677489,-3.297061,-4.038638,2.254098
54.850000,2.639055,-4.429350,-4.174200,2.155951
54.860000,2.588884,-5.261538,-4.153846,2.048092
54.870000,2.536179,-5.877340,-4.290777,1.959094
54.880000,2.480071,-5.824621,-2.527421,1.863209
54.890000,2.415202,-6.887219,-3.386655,1.761352
54.900000,2.338158,-7.356085,-2.868632,1.654786
54.910000,2.270713,-7.623494,-3.042768,1.557273
54.920000,2.188199,-8.220815,-2.933998,1.455234
54.930000,2.103731,-8.441870,-2.891785,1.363134
54.940000,2.026839,-8.640990,-2.177729,1.281876
54.950000,1.935260,-8.871140,-1.253516,1.214323
54.960000,1.861054,-8.643523,-0.224818,1.155519
54.970000,1.771795,-8.522546,0.402951,1.110316
54.980000,1.686605,-8.138602,0.837929,1.081330
54.990000,1.615443,-7.379571,1.173105,1.062176
55.000000,1.545017,-6.769340,1.767969,1.050618
55.010000,1.466999,-6.246058,2.642709,1.049492
55.020000,1.413705,-5.049826,2.421160,1.059607
55.030000,1.363668,-4.327468,2.782381,1.086916
55.040000,1.317996,-3.788833,3.078792,1.126253
55.050000,1.289683,-2.861780,3.518513,1.165484
55.060000,1.268770,-2.409535,2.481750,1.182706
55.070000,1.248425,-1.272612,1.662716,1.204352
55.080000,1.236186,-0.936866,1.531596,1.226805
55.090000,1.233308,-0.665502,1.236111,1.250471
55.100000,1.228671,-0.061667,0.750359,1.278712
55.110000,1.229890,0.201374,1.454059,1.312486
55.120000,1.233378,0.446351,3.085307,1.383503
55.130000,1.240934,1.076923,2.786877,1.446792
55.140000,1.254753,1.753018,4.261985,1.528127
55.150000,1.276958,2.525164,4.796466,1.644029
55.160000,1.305051,3.202588,4.973868,1.761752
55.170000,1.346495,4.659529,5.975913,1.903611
55.180000,1.395103,5.466973,6.050064,2.050744
55.190000,1.455779,6.462028,7.146434,2.199625
55.200000,1.527902,7.751942,6.001629,2.376135
55.210000,1.614948,8.749648,5.419536,2.523318
55.220000,1.705630,9.937217,4.663978,2.647582
55.230000,1.805004,10.091320,3.199556,2.765320
55.240000,1.897579,10.622406,3.336582,2.869115
55.250000,2.027817,10.703518,2.263218,2.989144
55.260000,2.126950,10.998784,2.160718,3.104777
55.270000,2.239617,10.902391,1.357443,3.207677
55.280000,2.363434,10.954137,-0.527261,3.277305
55.290000,2.417687,10.911577,0.844741,3.367388
55.300000,2.570691,10.729502,-0.766485,3.479564
55.310000,2.675640,10.310540,0.582876,3.548874
55.320000,2.775831,10.151993,0.466950,3.652809
55.330000,2.890195,10.017882,-0.523077,3.705369
55.340000,2.957947,9.912597,-0.296665,3.758605
55.350000,3.078132,9.390540,-0.769231,3.838035
55.360000,3.175593,9.126026,-0.523077,3.903823
55.370000,3.260723,8.933754,-0.684420,3.969755
55.380000,3.346082,8.593571,0.265551,4.027426
55.390000,3.431323,7.896498,0.141694,4.073887
55.400000,3.508315,7.989901,-1.089321,4.111468
55.410000,3.582904,7.244046,-1.026655,4.130475
55.420000,3.659294,7.001874,-2.184105,4.130009
55.430000,3.724531,6.240705,-2.832071,4.110703
55.440000,3.777394,5.364467,-2.995127,4.072946
55.450000,3.824483,4.312847,-3.935645,4.020479
55.460000,3.859468,3.286736,-4.456950,3.946915
55.470000,3.884787,1.961876,-4.400000,3.868009
55.480000,3.895313,0.563861,-4.276923,3.775649
55.490000,3.895140,-0.517298,-4.926876,3.673827
55.500000,3.883655,-1.692124,-6.444730,3.545106
55.510000,3.862073,-2.818791,-5.618973,3.415366
55.520000,3.826477,-3.747265,-6.693048,3.281181
55.530000,3.780278,-5.339591,-6.438821,3.131043
55.540000,3.721178,-6.195273,-6.128429,2.965417
55.550000,3.650530,-7.854945,-6.615385,2.804414
55.560000,3.556455,-8.870202,-5.731143,2.622710
55.570000,3.473924,-9.836328,-5.704149,2.468924
55.580000,3.362897,-10.953866,-5.802516,2.283848
55.590000,3.251548,-11.840047,-5.837111,2.090945
55.600000,3.128209,-13.332959,-8.039268,1.886468
55.610000,2.995264,-13.604008,-3.994634,1.736694
55.620000,2.847943,-14.186097,-2.858532,1.546799
55.630000,2.700676,-14.975318,-4.064923,1.365207
55.640000,2.551092,-15.496558,-2.814365,1.189911
55.650000,2.399323,-15.810989,-3.019614,1.031752
55.660000,2.221822,-16.019322,-1.224348,0.882858
55.670000,2.080773,-16.085123,-0.715755,0.755218
55.680000,1.901592,-15.765005,0.880390,0.641790
55.690000,1.765619,-15.612297,0.775199,0.535816
55.700000,1.610830,-14.921723,1.421892,0.440093
55.710000,1.470009,-14.573478,2.004782,0.356328
55.720000,1.319597,-13.741947,1.538620,0.271005
55.730000,1.194784,-12.861368,2.326892,0.197332
55.740000,1.060575,-12.645665,1.393840,0.119012
55.750000,0.936033,-11.384980,1.664039,0.047244
55.760000,0.830840,-11.105608,1.085161,-0.024429
55.770000,0.711795,-10.743311,0.708600,-0.097913
55.780000,0.614995,-9.766042,0.995457,-0.170592
55.790000,0.523463,-9.976489,0.568499,-0.248568
55.800000,0.419278,-9.720434,0.567319,-0.330683
55.810000,0.337622,-8.910092,-0.357703,-0.421058
55.820000,0.248216,-8.898219,-0.523077,-0.515102
55.830000,0.150290,-8.868237,-2.306709,-0.621594
55.840000,0.067100,-9.305448,-1.876923,-0.728582
55.850000,-0.022133,-9.302523,-2.173063,-0.851742
55.860000,-0.118450,-9.462184,-2.246154,-0.975520
55.870000,-0.221258,-10.159024,-3.683325,-1.096347
55.880000,-0.314825,-10.256347,-2.780825,-1.230966
55.890000,-0.416115,-10.475849,-3.583713,-1.381907
55.900000,-0.520824,-10.626810,-2.743071,-1.525394
55.910000,-0.631088,-11.285875,-3.101021,-1.664429
55.920000,-0.741680,-11.772668,-3.658383,-1.826593
55.930000,-0.869083,-12.238856,-3.793961,-1.994694
55.940000,-0.991152,-13.006880,-3.836462,-2.106551
55.950000,-1.136021,-12.697112,-3.430089,-2.286137
55.960000,-1.254993,-13.084520,-2.012537,-2.417824
55.970000,-1.383531,-13.810934,-3.784445,-2.598354
55.980000,-1.522933,-13.688291,-2.705038,-2.761417
55.990000,-1.666859,-14.169278,-2.169253,-2.912062
56.000000,-1.810273,-14.390989,-2.805047,-3.084148
56.010000,-1.956348,-14.890919,-2.233324,-3.239961
56.020000,-2.099842,-14.662979,-2.081913,-3.400828
56.030000,-2.269946,-15.078891,-2.043003,-3.559154
56.040000,-2.409875,-15.313918,-0.849564,-3.702250
56.050000,-2.574981,-15.268250,-0.589530,-3.823133
56.060000,-2.716537,-15.197194,-0.397131,-3.926087
56.070000,-2.877320,-14.436780,1.244101,-4.007652
56.080000,-3.022000,-14.084543,2.374388,-4.072517
56.090000,-3.141335,-13.178792,2.993922,-4.112834
56.100000,-3.274989,-12.161759,3.501396,-4.131540
56.110000,-3.397751,-10.779619,5.440561,-4.126902
56.120000,-3.490891,-9.614034,4.992364,-4.099556
56.130000,-3.579677,-8.305154,5.622103,-4.048290
56.140000,-3.661922,-6.675577,5.938462,-3.975200
56.150000,-3.713205,-5.167928,6.323979,-3.881552
56.160000,-3.757347,-3.105951,6.615385,-3.769442
56.170000,-3.779969,-1.418355,7.733052,-3.638341
56.180000,-3.783591,0.247555,7.502620,-3.497662
56.190000,-3.769518,1.975727,7.836787,-3.336976
56.200000,-3.744151,3.618059,8.189328,-3.166740
56.210000,-3.694898,5.482075,8.919108,-2.983200
56.220000,-3.629928,7.218462,8.562329,-2.799506
56.230000,-3.561134,8.527304,7.852552,-2.606720
56.240000,-3.466643,9.581587,7.450994,-2.431744
56.250000,-3.363255,10.998190,6.694635,-2.248855
56.260000,-3.246190,12.121033,5.816364,-2.078179
56.270000,-3.121548,13.225409,5.335836,-1.908871
56.280000,-2.987031,13.527062,3.542325,-1.742169
56.290000,-2.845864,14.231824,3.292984,-1.596168
56.300000,-2.705724,14.582727,2.211051,-1.463265
56.310000,-2.562025,14.781459,0.760413,-1.343950
56.320000,-2.419707,14.660398,-0.226450,-1.246828
56.330000,-2.302231,14.118483,-0.241108,-1.195742
56.340000,-2.141270,13.178700,-3.169231,-1.168513
56.350000,-2.041724,12.277564,-3.067226,-1.137977
56.360000,-1.884963,11.048463,-3.490944,-1.106371
56.370000,-1.787221,10.184254,-2.908973,-1.071454
56.380000,-1.682681,9.173002,-3.235533,-1.051714
56.390000,-1.605484,8.258329,-3.756370,-1.050765
56.400000,-1.525881,7.097483,-3.429394,-1.067982
56.410000,-1.458782,6.320554,-4.067193,-1.103154
56.420000,-1.401650,5.312612,-4.054200,-1.153305
56.430000,-1.360697,3.770380,-4.648471,-1.216214
56.440000,-1.327966,2.505830,-4.276923,-1.290759
56.450000,-1.310431,1.174462,-4.091862,-1.374097
56.460000,-1.304456,0.032710,-4.276923,-1.470321
56.470000,-1.309725,-0.901099,-5.200000,-1.574773
56.480000,-1.326934,-1.939915,-6.169356,-1.681089
56.490000,-1.353109,-3.406538,-5.826277,-1.787275
56.500000,-1.388345,-4.402885,-6.162385,-1.904421
56.510000,-1.438709,-5.369929,-5.237067,-2.017944
56.520000,-1.495375,-5.661929,-5.396976,-2.125908
56.530000,-1.554197,-6.926030,-4.966248,-2.236998
56.540000,-1.625558,-7.291651,-3.690648,-2.338373
56.550000,-1.701233,-7.885069,-2.830859,-2.438552
56.560000,-1.787597,-8.193374,-2.338399,-2.528526
56.570000,-1.871238,-8.412152,-1.370438,-2.606048
56.580000,-1.953570,-8.692111,-1.114698,-2.674336
56.590000,-2.034407,-8.801143,-0.360463,-2.731453
56.600000,-2.122715,-8.220625,-0.297970,-2.777227
56.610000,-2.209851,-8.105296,0.592127,-2.810784
56.620000,-2.278740,-7.156559,1.042552,-2.838039
56.630000,-2.349621,-7.276618,1.541439,-2.853560
56.640000,-2.416391,-6.588777,1.879944,-2.857590
56.650000,-2.479291,-5.682083,2.531374,-2.853056
56.660000,-2.536034,-4.940904,2.084045,-2.841407
56.670000,-2.577374,-3.992559,2.120971,-2.821846
56.680000,-2.613850,-3.347867,2.820749,-2.794936
56.690000,-2.642547,-2.519734,2.424505,-2.763246
56.700000,-2.665178,-1.937292,1.991391,-2.729201
56.710000,-2.680171,-1.301085,2.250282,-2.693447
56.720000,-2.688276,-0.547559,2.083506,-2.659485
56.730000,-2.689660,0.097133,1.204558,-2.628896
56.740000,-2.687512,0.389087,1.449975,-2.595510
56.750000,-2.682826,0.550212,0.717929,-2.575780
56.760000,-2.675697,0.769917,1.997600,-2.563881
56.770000,-2.666907,0.929945,1.417279,-2.554441
56.780000,-2.656442,0.929195,1.140285,-2.540277
56.790000,-2.645038,1.167995,1.222121,-2.524170
56.800000,-2.634510,1.197310,1.131831,-2.512575
56.810000,-2.621975,1.004231,1.123182,-2.509084
56.820000,-2.611144,1.154085,0.967559,-2.511130
56.830000,-2.599918,1.231910,-0.014820,-2.518807
56.840000,-2.591052,0.955547,-0.195846,-2.533613
56.850000,-2.582303,0.673471,-0.319670,-2.550563
56.860000,-2.577270,0.402909,-0.775792,-2.578780
56.870000,-2.575151,0.026032,-1.002539,-2.617161
56.880000,-2.576295,-0.213065,-1.614529,-2.666837
56.890000,-2.581139,-0.585432,-2.749927,-2.720369
56.900000,-2.589560,-0.930269,-4.241496,-2.783319
56.910000,-2.602707,-1.713688,-3.329686,-2.840517
56.920000,-2.622026,-2.026790,-3.412889,-2.911839
56.930000,-2.649337,-2.843105,-3.077799,-2.978822
56.940000,-2.680362,-3.463009,-4.195191,-3.043432
56.950000,-2.711077,-3.693738,-3.054673,-3.102922
56.960000,-2.755579,-3.756573,-2.055169,-3.153303
56.970000,-2.797840,-4.527762,-2.171390,-3.193869
56.980000,-2.835939,-4.306414,-1.112304,-3.219825
56.990000,-2.874726,-3.997278,-0.031166,-3.229040
57.000000,-2.922206,-4.215663,0.163500,-3.234655
57.010000,-2.966156,-4.108587,0.397343,-3.237477
57.020000,-3.000416,-3.535221,0.534417,-3.232971
57.030000,-3.032140,-3.009315,1.490118,-3.211087
57.040000,-3.061682,-2.405460,1.897447,-3.164672
57.050000,-3.080058,-1.680224,2.769341,-3.097778
57.060000,-3.091644,-0.747929,3.342011,-3.004016
57.070000,-3.092416,0.367609,5.256395,-2.883653
57.080000,-3.084021,1.367839,6.902514,-2.738596
57.090000,-3.060862,3.033070,6.810015,-2.574697
57.100000,-3.021367,4.366361,8.356799,-2.382815
57.110000,-2.975151,5.943474,8.953273,-2.175819
57.120000,-2.897641,7.723879,9.556111,-1.949713
57.130000,-2.815503,9.519455,8.792707,-1.698042
57.140000,-2.703941,11.971926,9.460274,-1.440612
57.150000,-2.578749,13.115346,8.920817,-1.178965
57.160000,-2.423386,15.026948,9.686021,-0.894598
57.170000,-2.262894,16.589647,3.351867,-0.593904
57.180000,-2.099043,16.399754,0.522852,-0.300813
57.190000,-1.936206,16.099423,0.909737,0.000327
57.200000,-1.776292,16.051787,1.173122,0.305022
57.210000,-1.614062,16.119985,1.147589,0.598929
57.220000,-1.484324,16.092671,1.573431,0.846774
57.230000,-1.305873,16.126114,1.344590,0.996501
57.240000,-1.143369,16.031125,1.441178,1.154226
57.250000,-0.993946,16.026321,0.754030,1.291507
57.260000,-0.817057,16.048677,-0.246836,1.435664
57.270000,-0.670378,16.208462,1.230124,1.662152
57.280000,-0.507865,16.100596,1.049131,1.901970
57.290000,-0.327179,16.041746,1.699956,2.127488
57.300000,-0.167167,15.967133,0.927995,2.342376
57.310000,-0.025188,16.071929,1.330035,2.541392
57.320000,0.142267,16.117374,1.361280,2.714470
57.330000,0.295297,16.018744,2.593067,2.861293
57.340000,0.458872,16.107917,0.867188,2.975672
57.350000,0.629943,16.018071,0.358976,3.073438
57.360000,0.778118,16.194035,1.203557,3.147306
57.370000,0.949529,16.009772,1.268877,3.198166
57.380000,1.107696,16.182280,0.589906,3.228166
57.390000,1.269643,16.086214,0.892308,3.237639
57.400000,1.424894,15.999798,1.018380,3.229171
57.410000,1.602971,16.038299,1.587620,3.203804
57.420000,1.746082,16.132940,0.810696,3.164703
57.430000,1.915013,16.127106,-1.597618,3.113959
57.440000,2.080299,14.818826,-6.273481,3.056313
57.450000,2.204445,13.299742,-7.775159,2.992613
57.460000,2.322896,10.833059,-8.688034,2.926994
57.470000,2.424943,8.846140,-8.323772,2.861523
57.480000,2.501315,6.964740,-7.602253,2.794901
57.490000,2.558874,5.035897,-7.422223,2.731581
57.500000,2.598435,3.192351,-5.208736,2.678790
57.510000,2.622914,2.163857,-4.962218,2.642530
57.520000,2.638282,0.859021,-3.011440,2.614574
57.530000,2.643279,0.143463,-1.787419,2.588245
57.540000,2.641947,-0.238246,-1.630769,2.569338
57.550000,2.638339,-0.432008,-1.867394,2.551346
57.560000,2.632817,-0.664705,-1.695700,2.533199
57.570000,2.624689,-0.854985,-1.447274,2.519450
57.580000,2.616422,-0.994010,-1.396279,2.511411
57.590000,2.606215,-1.042118,-0.675299,2.509008
57.600000,2.596812,-0.941663,-0.878935,2.511718
57.610000,2.586972,-0.874678,-0.584035,2.519270
57.620000,2.579122,-0.715236,-0.463722,2.530857
57.630000,2.572819,-0.656615,0.131749,2.547818
57.640000,2.568074,-0.356658,0.020136,2.567777
57.650000,2.566377,-0.042509,0.490588,2.592748
57.660000,2.567140,0.104547,1.175866,2.619253
57.670000,2.569079,0.237733,1.625584,2.648734
57.680000,2.571936,0.422697,2.142642,2.678743
57.690000,2.578684,0.654945,1.614167,2.698068
57.700000,2.586666,0.983511,1.357630,2.717893
57.710000,2.596433,0.985739,1.348832,2.738903
57.720000,2.610652,1.373574,1.507215,2.759184
57.730000,2.623609,1.375079,0.895865,2.782005
57.740000,2.638766,1.496302,1.786762,2.810134
57.750000,2.655022,1.772126,1.815385,2.832204
57.760000,2.672126,1.773858,1.793927,2.846883
57.770000,2.689098,1.724142,0.576221,2.855955
57.780000,2.707171,1.770515,0.626174,2.856990
57.790000,2.723952,1.644738,0.361215,2.849376
57.800000,2.739528,1.390849,-0.426479,2.832026
57.810000,2.753335,1.160161,-0.873525,2.807971
57.820000,2.762156,0.704093,-0.890924,2.770929
57.830000,2.767129,0.302937,-1.615227,2.724930
57.840000,2.767116,-0.202759,-1.708026,2.680341
57.850000,2.763366,-0.507461,-2.703656,2.616570
57.860000,2.754920,-1.086674,-3.600000,2.550655
57.870000,2.740656,-1.754774,-4.052074,2.470887
57.880000,2.718841,-2.444854,-4.232467,2.384452
57.890000,2.693836,-2.930969,-4.311422,2.293199
57.900000,2.657823,-3.894946,-3.538462,2.239387
57.910000,2.617662,-4.214098,-3.297439,2.169828
57.920000,2.573160,-4.817976,-3.045541,2.104343
57.930000,2.524527,-5.026915,-2.676923,2.036020
57.940000,2.470930,-5.597893,-3.111140,1.930740
57.950000,2.412315,-5.922719,-4.608410,1.819845
57.960000,2.352952,-6.490311,-4.036274,1.716183
57.970000,2.281161,-6.637169,-3.274338,1.613314
57.980000,2.212134,-7.250739,-3.166849,1.509735
57.990000,2.133173,-8.066270,-2.578438,1.417122
58.000000,2.053189,-8.305389,-2.214894,1.336065
58.010000,1.975472,-8.272508,-1.476913,1.259974
58.020000,1.892033,-8.141830,-1.242366,1.192386
58.030000,1.808265,-8.370098,-0.891337,1.133399
58.040000,1.726366,-7.811736,-0.196324,1.091949
58.050000,1.652742,-7.848713,0.874738,1.063851
58.060000,1.576001,-6.845640,1.713683,1.050538
58.070000,1.501396,-6.667870,1.791364,1.051757
58.080000,1.440189,-6.075734,2.578815,1.067253
58.090000,1.387222,-4.916595,3.033661,1.100805
58.100000,1.340213,-3.987503,3.278733,1.146645
58.110000,1.308002,-2.967022,3.720460,1.212749
58.120000,1.283429,-1.638466,4.739386,1.297678
58.130000,1.271965,-0.771044,4.614615,1.395961
58.140000,1.272094,0.571466,4.728264,1.500945
58.150000,1.282820,1.477576,5.656970,1.622187
58.160000,1.305622,2.932076,6.288336,1.744688
58.170000,1.339120,4.017227,6.511427,1.884557
58.180000,1.384098,4.985337,6.275358,2.032204
58.190000,1.447461,6.319238,6.599492,2.193797
58.200000,1.513275,7.418316,6.250125,2.360867
58.210000,1.605590,8.883805,6.298359,2.524988
58.220000,1.698639,10.207961,5.125367,2.690000
58.230000,1.801500,11.078106,5.038105,2.853811
58.240000,1.919394,11.512088,5.630769,3.009998
58.250000,2.030256,12.274919,3.791629,3.157491
58.260000,2.161756,13.159340,3.627683,3.304230
58.270000,2.280517,12.815637,2.856496,3.452106
58.280000,2.423642,13.540049,2.186974,3.584370
58.290000,2.552689,13.658395,1.304950,3.705175
58.300000,2.685469,13.447022,1.646596,3.813902
58.310000,2.819944,13.165406,0.147742,3.904881
58.320000,2.956639,13.304678,-0.642300,3.983022
58.330000,3.088403,12.487790,-1.200000,4.044345
58.340000,3.211717,11.606077,-2.743203,4.083782
58.350000,3.315332,11.029314,-2.829106,4.118374
58.360000,3.428127,10.062407,-3.169231,4.131705
58.370000,3.520245,9.209295,-2.806962,4.129943
58.380000,3.607697,7.991846,-4.417616,4.110622
58.390000,3.677343,6.940257,-4.523077,4.070045
58.400000,3.741895,5.657050,-4.676671,4.016388
58.410000,3.790847,4.346083,-5.315100,3.943966
58.420000,3.824409,2.703001,-5.485249,3.848899
58.430000,3.842843,1.235732,-5.660332,3.742191
58.440000,3.848072,-0.171561,-5.331919,3.625294
58.450000,3.838618,-1.623914,-6.450746,3.504491
58.460000,3.816694,-2.778353,-6.942929,3.362533
58.470000,3.781781,-4.261141,-7.324516,3.213928
58.480000,3.737486,-5.395016,-7.828099,3.043635
58.490000,3.676036,-6.962437,-7.035164,2.871375
58.500000,3.594639,-8.321637,-7.115189,2.689881
58.510000,3.507591,-9.729580,-7.078530,2.513428
58.520000,3.408773,-10.963706,-6.546411,2.337344
58.530000,3.295677,-11.949528,-6.159155,2.162294
58.540000,3.176616,-12.543981,-4.646667,1.990990
58.550000,3.031116,-12.990366,-3.699412,1.833324
58.560000,2.902169,-13.846579,-2.628853,1.658265
58.570000,2.769332,-14.170916,-2.597002,1.500850
58.580000,2.628572,-14.599229,-2.764862,1.342545
58.590000,2.470702,-14.936561,-2.316399,1.187969
58.600000,2.318734,-14.967094,-0.685773,1.050498
58.610000,2.177539,-15.188194,-0.598676,0.916481
58.620000,2.028068,-15.104469,-0.507109,0.792609
58.630000,1.881986,-14.641381,0.188577,0.690528
58.640000,1.729986,-14.198680,0.412314,0.590021
58.650000,1.577687,-13.980075,1.763851,0.504281
58.660000,1.454728,-13.367812,1.856971,0.414080
58.670000,1.325337,-13.122513,0.858679,0.328743
58.680000,1.202706,-12.524239,1.165164,0.251776
58.690000,1.084170,-11.623467,1.884222,0.180702
58.700000,0.962088,-10.931806,1.863150,0.114581
58.710000,0.858559,-10.519911,1.913468,0.043363
58.720000,0.759473,-9.995772,1.780380,-0.023075
58.730000,0.661698,-9.822222,1.032589,-0.088810
58.740000,0.562216,-8.917291,0.980408,-0.155570
58.750000,0.477279,-8.651873,0.554628,-0.230658
58.760000,0.391234,-8.798354,0.317528,-0.306285
58.770000,0.303776,-8.438373,-0.047513,-0.390114
58.780000,0.216579,-8.146282,-0.989942,-0.480905
58.790000,0.144187,-8.318137,-1.630769,-0.582901
58.800000,0.054789,-8.188142,-1.609429,-0.676120
58.810000,-0.026592,-8.356136,-2.431410,-0.784934
58.820000,-0.113114,-8.697095,-2.335553,-0.903638
58.830000,-0.199940,-9.178745,-2.832876,-1.030826
58.840000,-0.300072,-9.230488,-1.854816,-1.141070
58.850000,-0.387194,-9.442975,-3.135194,-1.284914
58.860000,-0.482647,-9.919505,-2.591853,-1.416301
58.870000,-0.595418,-10.224511,-2.114898,-1.542334
58.880000,-0.697362,-11.042020,-2.592371,-1.657596
58.890000,-0.804311,-11.299345,-3.128106,-1.800506
58.900000,-0.917813,-11.375441,-3.321499,-1.949606
58.910000,-1.029511,-11.749281,-3.218699,-2.128832
58.920000,-1.149800,-12.185518,-3.969507,-2.308678
58.930000,-1.276547,-12.937740,-3.863540,-2.480056
58.940000,-1.411868,-13.947100,-4.320898,-2.648402
58.950000,-1.551120,-14.367968,-3.371531,-2.810205
58.960000,-1.692765,-14.470661,-2.407258,-2.962017
58.970000,-1.835327,-14.695381,-2.587680,-3.124849
58.980000,-1.981814,-15.064801,-1.516143,-3.271689
58.990000,-2.137989,-15.222294,-1.740499,-3.422603
59.000000,-2.283614,-15.105889,-1.420901,-3.561125
59.010000,-2.455383,-15.053216,-0.630859,-3.681520
59.020000,-2.588451,-14.792473,1.106151,-3.779911
59.030000,-2.736774,-14.685250,1.251797,-3.879540
59.040000,-2.890116,-14.047334,1.259415,-3.959251
59.050000,-3.013641,-13.304660,1.340784,-4.029918
59.060000,-3.149285,-12.624815,3.067660,-4.079941
59.070000,-3.268666,-11.939003,2.824290,-4.114631
59.080000,-3.388051,-10.794517,2.493546,-4.131087
59.090000,-3.481198,-10.121392,3.545954,-4.129491
59.100000,-3.570650,-8.414013,4.186098,-4.108271
59.110000,-3.648050,-7.410074,4.289727,-4.070747
59.120000,-3.718465,-5.909596,4.883173,-4.024219
59.130000,-3.767932,-4.681390,5.249911,-3.953384
59.140000,-3.806353,-3.174968,4.739456,-3.872821
59.150000,-3.833476,-1.659338,5.600388,-3.776228
59.160000,-3.842031,-0.274253,5.133789,-3.665071
59.170000,-3.837989,1.022316,6.529781,-3.536960
59.180000,-3.821684,2.370700,6.806052,-3.405786
59.190000,-3.789301,3.584376,6.766556,-3.265886
59.200000,-3.750241,4.771950,6.946548,-3.114341
59.210000,-3.695440,6.052965,6.568505,-2.957103
59.220000,-3.621887,7.483145,7.183165,-2.782487
59.230000,-3.536444,8.776928,6.551293,-2.620519
59.240000,-3.441992,9.954454,5.311947,-2.472020
59.250000,-3.348587,10.505476,5.354233,-2.307562
59.260000,-3.239099,11.335901,3.664079,-2.152749
59.270000,-3.121197,11.929358,3.253167,-1.989682
59.280000,-2.994198,12.879713,3.293866,-1.848199
59.290000,-2.866007,12.864128,3.535102,-1.702195
59.300000,-2.730424,13.472365,1.897341,-1.571381
59.310000,-2.594153,13.244607,2.534939,-1.455131
59.320000,-2.450790,13.428571,1.753846,-1.353432
59.330000,-2.318199,13.456821,-1.450046,-1.268087
59.340000,-2.198668,13.064508,-1.153896,-1.200961
59.350000,-2.089995,12.277335,-0.436399,-1.147445
59.360000,-1.951628,11.384555,-2.633348,-1.121530
59.370000,-1.837803,10.757476,-3.371540,-1.089157
59.380000,-1.743882,9.670626,-3.192826,-1.061700
59.390000,-1.655692,8.852191,-3.296393,-1.049298
59.400000,-1.565889,7.952560,-2.970954,-1.052896
59.410000,-1.493935,6.765728,-3.726939,-1.071760
59.420000,-1.436376,5.786783,-3.686526,-1.106042
59.430000,-1.382086,4.487516,-4.045689,-1.154720
59.440000,-1.342535,3.450225,-4.507221,-1.215741
59.450000,-1.313238,2.354579,-4.438659,-1.266023
59.460000,-1.297268,1.447353,-3.505181,-1.321233
59.470000,-1.289637,0.380456,-3.403433,-1.393649
59.480000,-1.292397,-0.211090,-2.543723,-1.410642
59.490000,-1.296764,-0.748772,-2.769799,-1.454130
59.500000,-1.307206,-1.306886,-4.270428,-1.562468
59.510000,-1.324734,-2.016207,-5.181749,-1.659846
59.520000,-1.354429,-3.547253,-5.384615,-1.776740
59.530000,-1.386437,-4.101480,-5.756514,-1.903456
59.540000,-1.434880,-5.224220,-5.815385,-2.027171
59.550000,-1.487778,-6.281170,-5.497731,-2.152640
59.560000,-1.552365,-7.130150,-4.845507,-2.259965
59.570000,-1.625942,-7.585116,-3.267357,-2.367733
59.580000,-1.706053,-8.136153,-3.466799,-2.472089
59.590000,-1.794312,-8.279646,-2.249500,-2.562903
59.600000,-1.875800,-8.674982,-1.855129,-2.647654
59.610000,-1.966704,-9.024101,-1.064195,-2.716908
59.620000,-2.065353,-8.587583,-0.613557,-2.772966
59.630000,-2.141924,-8.702547,0.588677,-2.809461
59.640000,-2.228255,-8.247711,1.231686,-2.827277
59.650000,-2.298751,-7.405474,1.963551,-2.838608
59.660000,-2.380019,-6.864975,2.024054,-2.845289
59.670000,-2.442780,-5.650027,2.450984,-2.852745
59.680000,-2.491111,-5.580590,2.079225,-2.856249
59.690000,-2.546782,-5.048680,1.575685,-2.857591
59.700000,-2.582446,-4.368024,1.507692,-2.856528
59.710000,-2.610761,-3.583167,1.507692,-2.855409
59.720000,-2.635763,-3.546015,1.619634,-2.852596
59.730000,-2.674069,-2.501769,1.317670,-2.850208
59.740000,-2.707229,-2.105730,0.927209,-2.848159
59.750000,-2.724409,-1.993478,0.857531,-2.841163
59.760000,-2.745380,-1.364859,0.618017,-2.832251
59.770000,-2.756951,-1.065258,0.035781,-2.814964
59.780000,-2.766244,-0.895321,0.990071,-2.790888
59.790000,-2.770712,-0.441197,0.360307,-2.774095
59.800000,-2.773899,-0.070944,0.709480,-2.739881
59.810000,-2.772927,0.155611,1.319881,-2.704447
59.820000,-2.770498,0.361946,1.830554,-2.667491
59.830000,-2.763776,0.748272,2.203596,-2.629056
59.840000,-2.755098,0.943780,3.094652,-2.593301
59.850000,-2.742727,1.357737,2.627968,-2.563571
59.860000,-2.727396,1.645341,1.881150,-2.538629
59.870000,-2.708534,1.835639,1.601870,-2.520662
59.880000,-2.689513,1.784846,0.934355,-2.511239
59.890000,-2.673903,1.814793,0.852570,-2.509123
59.900000,-2.653883,1.681859,0.319883,-2.514470
59.910000,-2.634232,1.706403,0.326767,-2.523793
59.920000,-2.624322,1.359979,-0.643114,-2.536099
59.930000,-2.608663,1.147960,-0.258247,-2.553206
59.940000,-2.599245,0.768374,-1.374706,-2.588447
59.950000,-2.594987,0.261867,-1.294925,-2.633599
59.960000,-2.595228,-0.213534,-1.695544,-2.686975
59.970000,-2.599087,-0.654722,-3.030574,-2.748480
59.980000,-2.607299,-1.073289,-3.545195,-2.814795
59.990000,-2.622767,-1.560682,-3.424641,-2.883929
60.000000,-2.645119,-2.487374,-3.894543,-2.952423
60.010000,-2.671388,-3.044930,-3.413490,-3.017765
60.020000,-2.699940,-3.585629,-3.488899,-3.068097
60.030000,-2.739060,-3.568566,-2.782521,-3.121296
60.040000,-2.781636,-4.076076,-1.802993,-3.165055
60.050000,-2.821045,-4.261720,-1.181927,-3.197453
60.060000,-2.866823,-4.439102,-0.706799,-3.220995
60.070000,-2.905378,-3.837597,0.209404,-3.233743
60.080000,-2.947042,-3.870163,0.195862,-3.237641
60.090000,-2.985067,-3.762021,0.840242,-3.233749
60.100000,-3.013419,-3.310436,0.998539,-3.221238
60.110000,-3.046003,-2.540727,1.153610,-3.209213
60.120000,-3.071868,-2.030543,0.547471,-3.192917
60.130000,-3.090487,-1.620619,1.039615,-3.164048
60.140000,-3.104236,-0.990933,1.511056,-3.121179
60.150000,-3.112353,-0.462544,1.900880,-3.060497
60.160000,-3.113732,0.059498,1.737362,-3.044850
60.170000,-3.111475,0.339851,2.378959,-2.989498
60.180000,-3.106254,0.781115,2.973595,-2.927289
60.190000,-3.098217,1.405687,3.594627,-2.860035
60.200000,-3.078038,2.023414,3.763898,-2.770204
60.210000,-3.053519,2.648128,4.599477,-2.684940
60.220000,-3.021639,3.511289,4.638511,-2.575361
60.230000,-2.983436,4.375918,5.829717,-2.430321
60.240000,-2.934411,5.499770,6.348173,-2.252890
60.250000,-2.869652,7.031988,7.884522,-2.058002
60.260000,-2.798222,8.246541,8.362716,-1.842730
60.270000,-2.708634,9.708160,8.322162,-1.620398
60.280000,-2.591285,11.618954,7.023560,-1.387998
60.290000,-2.480262,12.668661,8.980069,-1.126636
60.300000,-2.323539,15.009711,7.918493,-0.839082
60.310000,-2.167516,16.380900,5.093550,-0.552179
60.320000,-2.022543,16.562550,0.675080,-0.270702
60.330000,-1.849164,16.139003,0.728720,-0.054079
60.340000,-1.690344,16.051479,1.417452,0.228028
60.350000,-1.536781,16.005448,-0.236420,0.525140
60.360000,-1.372383,16.067415,1.084533,0.811945
60.370000,-1.190239,16.082539,1.962010,1.091059
60.380000,-1.043592,16.181774,1.156486,1.386117
60.390000,-0.892450,16.038597,2.082892,1.655982
60.400000,-0.711534,16.120691,0.011432,1.916143
60.410000,-0.566256,16.063926,1.062555,2.144399
60.420000,-0.417705,16.031957,0.123445,2.331583
60.430000,-0.249673,16.204864,1.612615,2.504427
60.440000,-0.084481,16.084833,1.178616,2.657584
60.450000,0.084201,16.178901,1.193077,2.787347
60.460000,0.231179,16.075827,0.574855,2.894843
60.470000,0.385922,16.058004,1.843140,2.970132
60.480000,0.566087,16.013187,2.041524,3.040174
60.490000,0.723071,16.052027,1.065121,3.106194
60.500000,0.871014,16.161965,1.628417,3.154922
60.510000,1.050268,16.067909,0.969016,3.189731
60.520000,1.192782,16.080607,1.022686,3.217503
60.530000,1.370855,16.023285,1.505405,3.231735
60.540000,1.536155,16.146073,1.601781,3.237468
60.550000,1.676559,16.022658,1.427122,3.234507
60.560000,1.852987,16.078589,1.240032,3.221699
60.570000,2.006532,16.013367,-1.830453,3.204128
60.580000,2.154397,15.185862,-3.931416,3.183186
60.590000,2.309347,13.569149,-7.398292,3.150167
60.600000,2.426643,11.364074,-6.884649,3.112538
60.610000,2.530540,9.778496,-7.169231,3.069929
60.620000,2.619717,7.518370,-6.885955,3.026190
60.630000,2.685494,6.459635,-5.925833,2.981393
60.640000,2.740067,4.837771,-5.779425,2.938234
60.650000,2.779383,3.426362,-4.561497,2.888584
60.660000,2.806830,2.335372,-3.736917,2.845197
60.670000,2.822586,1.138661,-3.387153,2.803080
60.680000,2.828957,0.283309,-3.444944,2.756509
60.690000,2.828541,-0.241758,-3.055170,2.714762
60.700000,2.823223,-0.679410,-3.036206,2.673415
60.710000,2.813723,-1.015385,-3.221895,2.635793
60.720000,2.799260,-1.671155,-2.369231,2.604283
60.730000,2.781247,-1.789210,-2.484311,2.573883
60.740000,2.761970,-2.014945,-2.132028,2.551015
60.750000,2.741307,-2.265523,-1.536711,2.531945
60.760000,2.720202,-2.124711,-1.788627,2.517513
60.770000,2.698035,-2.235632,-0.468864,2.510562
60.780000,2.676416,-2.057453,-0.056936,2.509344
60.790000,2.655489,-2.039803,-0.290976,2.515275
60.800000,2.635798,-1.747579,0.017738,2.526335
60.810000,2.622455,-1.408909,0.384572,2.542418
60.820000,2.609720,-1.107064,0.780963,2.564885
60.830000,2.600631,-0.725930,0.751990,2.588934
60.840000,2.596295,-0.227951,0.663688,2.618859
60.850000,2.595779,0.086191,1.076232,2.651466
60.860000,2.598039,0.341767,1.930588,2.682888
60.870000,2.602762,0.577087,1.639607,2.716988
60.880000,2.609634,0.867635,2.748867,2.749007
60.890000,2.619972,1.277022,1.930838,2.777359
60.900000,2.633103,1.400334,2.426231,2.801513
60.910000,2.648489,1.575387,1.821533,2.821622
60.920000,2.664466,1.721298,1.590446,2.835968
60.930000,2.683375,1.948381,1.527717,2.848509
60.940000,2.698902,1.612037,1.040034,2.856652
60.950000,2.716078,1.654264,0.957510,2.855593
60.960000,2.732219,1.537616,0.046902,2.842265
60.970000,2.748008,1.176024,-0.389930,2.814699
60.980000,2.758154,0.932303,-1.181876,2.774960
60.990000,2.764243,0.351761,-1.372385,2.721496
61.000000,2.765126,-0.146498,-2.598240,2.652563
61.010000,2.761224,-0.660464,-4.363036,2.573294
61.020000,2.748194,-1.567064,-4.753203,2.479311
61.030000,2.730920,-2.352014,-4.810133,2.374996
61.040000,2.699830,-3.471047,-4.616605,2.265929
61.050000,2.666528,-4.105941,-4.539419,2.164686
61.060000,2.615358,-5.312327,-4.661777,2.066668
61.070000,2.560796,-5.860145,-4.567928,1.963480
61.080000,2.497462,-6.295163,-4.077569,1.860117
61.090000,2.438968,-6.869774,-3.349045,1.754376
61.100000,2.358680,-7.186490,-2.743890,1.651849
61.110000,2.286817,-8.055636,-3.056941,1.552281
61.120000,2.206880,-8.160941,-1.879019,1.464488
61.130000,2.117050,-8.687108,-1.909148,1.379543
61.140000,2.035697,-8.521004,-1.338984,1.301605
61.150000,1.953652,-8.739908,-1.250045,1.225902
61.160000,1.863944,-8.242413,-0.565297,1.170282
61.170000,1.783815,-8.606980,-0.267963,1.122402
61.180000,1.696117,-7.691695,1.014377,1.088151
61.190000,1.624026,-7.664607,1.080200,1.063164
61.200000,1.552303,-7.037388,1.783108,1.050507
61.210000,1.484694,-6.338918,2.064602,1.051003
61.220000,1.424728,-5.688503,2.624610,1.064117
61.230000,1.371875,-4.987652,2.446356,1.090734
61.240000,1.329583,-3.796418,2.990461,1.134329
61.250000,1.292911,-2.960017,3.262859,1.187625
61.260000,1.270322,-2.108372,4.005355,1.263853
61.270000,1.257153,-0.795648,4.338708,1.358033
61.280000,1.255679,0.400563,4.997169,1.451072
61.290000,1.265164,1.351170,5.038077,1.564835
61.300000,1.283558,2.167922,6.204253,1.689568
61.310000,1.312652,3.665152,5.558704,1.810248
61.320000,1.356060,4.667874,6.246154,1.937744
61.330000,1.409137,5.897157,6.255272,2.072364
61.340000,1.474657,7.054358,5.808877,2.223190
61.350000,1.545528,8.108312,4.095749,2.368934
61.360000,1.634385,8.653816,5.560135,2.508462
61.370000,1.731288,10.025702,4.353748,2.666669
61.380000,1.818215,10.617869,4.684586,2.816307
61.390000,1.934235,10.998169,4.424217,2.967967
61.400000,2.045622,11.500266,4.040849,3.131427
61.410000,2.151330,11.900254,4.253253,3.262338
61.420000,2.283636,12.389360,3.033740,3.391598
61.430000,2.408140,12.580130,1.945804,3.508215
61.440000,2.547795,12.742012,1.332987,3.635297
61.450000,2.674044,12.541687,1.583772,3.756476
61.460000,2.792796,12.400965,1.407247,3.869358
61.470000,2.922690,12.962431,-1.019317,3.960419
61.480000,3.049531,12.392186,-0.264225,4.029846
61.490000,3.172876,11.573011,-0.904639,4.084179
61.500000,3.289273,11.485709,-2.553853,4.118915
61.510000,3.389825,10.759032,-3.230769,4.132384
61.520000,3.494399,9.760660,-3.452105,4.125479
61.530000,3.580308,8.725569,-4.494958,4.110763
61.540000,3.661797,7.087151,-4.702513,4.088812
61.550000,3.723497,5.903650,-4.290198,4.060760
61.560000,3.776517,4.827256,-4.341991,4.029159
61.570000,3.817940,3.622585,-3.567127,3.990244
61.580000,3.851901,2.752741,-4.411561,3.947363
61.590000,3.872596,1.804020,-3.573483,3.895316
61.600000,3.886225,0.840790,-2.570621,3.841463
61.610000,3.890097,-0.109898,-3.778467,3.740606
61.620000,3.884556,-0.976054,-5.439707,3.616123
61.630000,3.869142,-2.039050,-6.704118,3.475812
61.640000,3.841111,-3.134475,-7.046154,3.325045
61.650000,3.801961,-4.690127,-7.745691,3.167167
61.660000,3.739947,-5.933771,-7.549792,3.012538
61.670000,3.677437,-7.445855,-6.003776,2.851664
61.680000,3.594962,-8.511353,-5.887180,2.678636
61.690000,3.504787,-9.731919,-5.954743,2.512108
61.700000,3.401169,-10.426251,-5.436871,2.338651
61.710000,3.290965,-11.457166,-4.969213,2.171909
61.720000,3.165113,-12.412691,-5.509443,1.992586
61.730000,3.028087,-13.270204,-4.491867,1.823692
61.740000,2.900445,-13.775497,-4.760591,1.649777
61.750000,2.762636,-14.239716,-3.497096,1.490019
61.760000,2.625155,-14.498610,-2.046145,1.361006
61.770000,2.485799,-14.926001,-1.883698,1.262466
61.780000,2.322213,-14.426847,-0.027518,1.159151
61.790000,2.184339,-14.080937,1.511237,1.075482
61.800000,2.046151,-13.310053,1.850747,1.002334
61.810000,1.909322,-12.775606,1.542209,0.886670
61.820000,1.785901,-12.258914,0.074559,0.758722
61.830000,1.654578,-12.082663,-0.599195,0.634957
61.840000,1.529698,-12.491552,-1.033988,0.517175
61.850000,1.416655,-12.507595,-0.042867,0.414160
61.860000,1.303320,-12.293799,0.253111,0.341683
61.870000,1.197961,-11.507559,0.973851,0.275170
61.880000,1.065902,-10.966763,1.145509,0.207822
61.890000,0.967588,-10.600997,0.740618,0.137205
61.900000,0.859003,-9.873869,1.066884,0.063702
61.910000,0.756865,-9.719589,1.474853,0.012009
61.920000,0.667552,-9.510138,0.523077,-0.064233
61.930000,0.574615,-9.136564,0.472595,-0.143417
61.940000,0.481672,-8.651552,0.316538,-0.224554
61.950000,0.403861,-8.272904,-0.444747,-0.313488
61.960000,0.309767,-8.768837,-1.673938,-0.412243
61.970000,0.224803,-8.465579,-1.569231,-0.522751
61.980000,0.147070,-8.520638,-1.819030,-0.636256
61.990000,0.060480,-8.750066,-2.045384,-0.763007
62.000000,-0.030771,-9.490176,-3.821023,-0.897220
62.010000,-0.137928,-9.576059,-3.838560,-1.045025
62.020000,-0.226361,-10.686245,-4.368418,-1.199278
62.030000,-0.346424,-10.762356,-3.858624,-1.363553
62.040000,-0.449033,-11.862716,-4.515937,-1.535448
62.050000,-0.579587,-12.686967,-5.346712,-1.718570
62.060000,-0.706012,-12.753333,-5.299622,-1.909338
62.070000,-0.841547,-13.798417,-5.327382,-2.103491
62.080000,-0.983435,-14.695186,-4.358268,-2.303367
62.090000,-1.120423,-15.144260,-4.830769,-2.502970
62.100000,-1.285942,-16.038801,-3.882368,-2.699864
62.110000,-1.438293,-16.164231,-1.392054,-2.896176
62.120000,-1.612300,-16.126061,-0.326374,-3.083651
62.130000,-1.751180,-15.977264,-0.254792,-3.233881
62.140000,-1.915121,-16.098912,-1.866011,-3.393207
62.150000,-2.076882,-16.043427,-1.373788,-3.547837
62.160000,-2.239726,-16.093979,-1.217547,-3.693129
62.170000,-2.398969,-16.138579,-1.328743,-3.824769
62.180000,-2.561689,-16.089724,-1.357680,-3.930586
62.190000,-2.722444,-16.116144,-1.480515,-4.018507
62.200000,-2.880616,-15.641723,1.019976,-4.078493
62.210000,-3.046621,-14.674663,2.827194,-4.113445
62.220000,-3.178019,-13.762344,5.445469,-4.131076
62.230000,-3.319918,-11.993532,5.181990,-4.128722
62.240000,-3.428354,-10.768277,5.973429,-4.105042
62.250000,-3.531611,-9.547414,5.394322,-4.067395
62.260000,-3.611632,-7.701873,5.973456,-4.006702
62.270000,-3.674795,-5.965786,6.725263,-3.929850
62.280000,-3.724868,-4.129787,6.872873,-3.831846
62.290000,-3.759625,-2.648973,6.033528,-3.721776
62.300000,-3.776636,-0.764198,6.694774,-3.606233
62.310000,-3.775468,0.755179,7.384475,-3.470277
62.320000,-3.760771,2.297979,7.643178,-3.317000
62.330000,-3.730387,3.622360,8.233973,-3.164473
62.340000,-3.683673,5.469297,7.473444,-2.999668
62.350000,-3.621741,6.681791,7.615715,-2.827635
62.360000,-3.549049,7.844321,7.326284,-2.664831
62.370000,-3.466180,9.006804,6.237302,-2.497192
62.380000,-3.366840,10.117795,5.398252,-2.330832
62.390000,-3.258686,11.587063,5.059480,-2.160910
62.400000,-3.136107,12.107825,4.347043,-1.994206
62.410000,-3.016902,12.759154,4.827269,-1.843595
62.420000,-2.884447,13.312709,2.971231,-1.706821
62.430000,-2.746841,13.586773,1.999722,-1.575835
62.440000,-2.606574,13.382722,1.495669,-1.454669
62.450000,-2.473434,13.565421,1.005705,-1.345917
62.460000,-2.334312,13.439810,-0.423173,-1.252978
62.470000,-2.196877,12.935754,-1.276676,-1.175856
62.480000,-2.083863,12.339147,-1.642929,-1.117618
62.490000,-1.960215,11.908468,-2.025598,-1.078860
62.500000,-1.841918,10.950017,-3.625807,-1.055465
62.510000,-1.735230,10.001358,-3.006712,-1.049130
62.520000,-1.644150,9.195964,-4.270544,-1.059823
62.530000,-1.555867,7.418333,-4.598637,-1.086242
62.540000,-1.486018,6.405747,-4.094918,-1.128256
62.550000,-1.428772,5.165873,-5.285450,-1.186596
62.560000,-1.383959,3.972828,-5.113246,-1.257147
62.570000,-1.357586,2.296754,-4.282576,-1.306954
62.580000,-1.335655,1.505251,-3.856624,-1.359883
62.590000,-1.327571,0.348531,-3.465176,-1.417121
62.600000,-1.328098,-0.345929,-2.752364,-1.475429
62.610000,-1.334440,-0.939618,-3.330972,-1.523693
62.620000,-1.346914,-1.505371,-3.292308,-1.582633
62.630000,-1.364938,-2.058560,-4.796045,-1.648575
62.640000,-1.389937,-2.725509,-3.168576,-1.728626
62.650000,-1.422548,-3.570388,-4.011420,-1.823400
62.660000,-1.456551,-4.222824,-4.624517,-1.927008
62.670000,-1.504034,-4.760808,-4.474879,-2.034368
62.680000,-1.550010,-5.729291,-4.863310,-2.141356
62.690000,-1.608292,-6.049503,-3.800733,-2.226446
62.700000,-1.674866,-6.980836,-2.835210,-2.277742
62.710000,-1.739547,-6.687294,-1.261538,-2.340564
62.720000,-1.814146,-6.560618,-0.404310,-2.400897
62.730000,-1.877962,-6.465858,-1.019638,-2.487687
62.740000,-1.950423,-7.056203,-1.837172,-2.576828
62.750000,-2.018612,-7.336381,-1.832708,-2.656058
62.760000,-2.093550,-7.405263,-1.525101,-2.721568
62.770000,-2.167206,-7.235621,-1.334762,-2.774155
62.780000,-2.238887,-7.391786,-0.152394,-2.813350
62.790000,-2.309359,-6.653690,0.477167,-2.839637
62.800000,-2.374523,-6.321798,1.283563,-2.853733
62.810000,-2.439448,-5.775990,1.592789,-2.857455
62.820000,-2.498168,-5.516597,1.452030,-2.850711
62.830000,-2.543178,-4.505597,2.428254,-2.837225
62.840000,-2.585568,-3.821187,2.412841,-2.819272
62.850000,-2.623764,-3.072243,2.164665,-2.795817
62.860000,-2.652876,-2.531866,1.971793,-2.771589
62.870000,-2.673454,-1.733502,2.816716,-2.740428
62.880000,-2.687249,-1.228943,1.683315,-2.713494
62.890000,-2.695774,-0.616208,1.802883,-2.680984
62.900000,-2.698367,-0.023521,1.266021,-2.644492
62.910000,-2.696948,0.255877,1.384615,-2.619758
62.920000,-2.693018,0.457299,2.154211,-2.589535
62.930000,-2.686495,0.861875,2.451615,-2.561304
62.940000,-2.677245,1.130594,1.588632,-2.538242
62.950000,-2.666593,1.256538,1.603094,-2.520691
62.960000,-2.653169,1.377481,1.601083,-2.511349
62.970000,-2.639168,1.351540,0.972611,-2.509232
62.980000,-2.624660,1.424363,0.485616,-2.514625
62.990000,-2.612630,1.178782,0.220474,-2.525608
63.000000,-2.601268,1.087655,-0.196056,-2.549596
63.010000,-2.592224,0.754160,-0.631083,-2.577471
63.020000,-2.587800,0.268293,-1.260409,-2.616405
63.030000,-2.587358,-0.127521,-1.755217,-2.662211
63.040000,-2.589647,-0.356186,-2.738462,-2.706633
63.050000,-2.596030,-0.877943,-2.950031,-2.768406
63.060000,-2.607777,-1.332823,-3.852501,-2.828193
63.070000,-2.624305,-1.782288,-3.674208,-2.893206
63.080000,-2.646135,-2.527473,-3.372745,-2.954162
63.090000,-2.677503,-3.017252,-3.712117,-3.009735
63.100000,-2.707523,-3.230769,-2.307692,-3.070437
63.110000,-2.745386,-3.831954,-2.271396,-3.110419
63.120000,-2.782696,-4.270735,-2.342148,-3.158796
63.130000,-2.822154,-4.012909,-1.433635,-3.197408
63.140000,-2.865908,-4.164371,-1.015385,-3.224589
63.150000,-2.905600,-4.114250,-0.676839,-3.237274
63.160000,-2.947096,-3.859702,-0.006556,-3.232244
63.170000,-2.985502,-3.759373,1.494824,-3.207095
63.180000,-3.017928,-3.017484,2.243558,-3.159634
63.190000,-3.041837,-2.029132,2.867974,-3.091490
63.200000,-3.058371,-1.195607,3.617595,-2.997406
63.210000,-3.064202,0.043085,4.997821,-2.881907
63.220000,-3.058844,1.047757,6.414121,-2.740188
63.230000,-3.039406,2.351648,8.300517,-2.574678
63.240000,-3.007251,4.036110,7.934957,-2.386310
63.250000,-2.953956,5.797802,9.015385,-2.169292
63.260000,-2.890338,7.685388,9.476830,-1.943926
63.270000,-2.807673,9.632200,9.897585,-1.699201
63.280000,-2.692798,11.672689,9.423061,-1.430636
63.290000,-2.567608,13.123757,11.186269,-1.154660
63.300000,-2.416722,15.444172,8.140328,-0.848350
63.310000,-2.269308,16.626038,2.518203,-0.544766
63.320000,-2.093441,16.277580,-0.049162,-0.217506
63.330000,-1.930420,16.025403,1.098057,0.085833
63.340000,-1.772869,16.021089,1.261538,0.391179
63.350000,-1.620827,16.041928,1.159422,0.704958
63.360000,-1.451090,16.109709,1.385884,0.996387
63.370000,-1.282386,16.162601,1.740976,1.285417
63.380000,-1.119080,16.097643,1.064828,1.571383
63.390000,-0.957161,16.113724,1.376756,1.827266
63.400000,-0.813466,16.063586,1.163986,2.078240
63.410000,-0.651184,16.120244,0.616365,2.284638
63.420000,-0.496113,15.986813,1.452561,2.479823
63.430000,-0.333357,15.913977,1.413943,2.657790
63.440000,-0.168966,16.168594,1.023171,2.810836
63.450000,-0.008813,16.069266,0.750262,2.942181
63.460000,0.161714,16.086364,1.091370,3.037721
63.470000,0.306858,16.008728,1.431438,3.121139
63.480000,0.469456,16.188651,1.016274,3.179359
63.490000,0.639622,16.018904,1.072128,3.216866
63.500000,0.794832,16.171269,1.024255,3.235893
63.510000,0.960057,16.096752,1.430253,3.235215
63.520000,1.123856,16.113955,0.874649,3.217533
63.530000,1.290350,16.033606,1.280019,3.186222
63.540000,1.440141,16.143013,1.280190,3.141713
63.550000,1.616161,16.023436,1.225356,3.085805
63.560000,1.773241,16.035713,3.013488,3.025967
63.570000,1.927961,15.322658,-4.850756,2.960032
63.580000,2.062729,14.058628,-7.602333,2.893096
63.590000,2.197116,11.351320,-8.866132,2.826541
63.600000,2.293294,9.651645,-8.602241,2.759858
63.610000,2.373039,7.434589,-8.008170,2.699058
63.620000,2.436515,5.609548,-6.791238,2.644787
63.630000,2.484580,3.447974,-5.296556,2.598296
63.640000,2.512664,2.266137,-4.611139,2.563285
63.650000,2.528173,1.293125,-2.675805,2.534454
63.660000,2.536994,0.536565,-2.068557,2.516643
63.670000,2.539292,-0.020378,-1.323077,2.509243
63.680000,2.537972,-0.153134,-1.299786,2.511931
63.690000,2.536313,-0.160966,-0.865865,2.522714
63.700000,2.535096,-0.083516,-0.352634,2.542544
63.710000,2.535096,0.022988,0.830769,2.567335
63.720000,2.535535,0.093629,1.289285,2.600222
63.730000,2.537867,0.344258,2.208959,2.637208
63.740000,2.543032,0.575824,2.529717,2.675600
63.750000,2.551481,1.075335,2.855583,2.714120
63.760000,2.564370,1.331474,1.848182,2.733207
63.770000,2.578162,1.506442,1.545024,2.769195
63.780000,2.596193,1.631960,2.109102,2.800845
63.790000,2.614463,1.797327,1.869938,2.827488
63.800000,2.635286,2.273523,1.899171,2.846719
63.810000,2.658878,2.309816,0.985656,2.856575
63.820000,2.679136,2.082928,0.221785,2.855621
63.830000,2.699627,1.950422,0.147657,2.842204
63.840000,2.719261,1.876518,-0.316630,2.814197
63.850000,2.734268,1.348971,-1.088671,2.773177
63.860000,2.744188,0.661241,-1.771315,2.718517
63.870000,2.747196,-0.021079,-2.560142,2.650136
63.880000,2.744797,-0.523211,-4.012582,2.568704
63.890000,2.736217,-1.201073,-5.094564,2.490401
63.900000,2.720507,-1.896955,-3.017346,2.455799
63.910000,2.696574,-2.369476,-2.547390,2.399709
63.920000,2.668635,-2.936438,-3.681721,2.327507
63.930000,2.635542,-3.380220,-3.530123,2.238735
63.940000,2.600658,-4.182633,-4.492131,2.132611
63.950000,2.550736,-4.795604,-4.646154,2.032484
63.960000,2.500512,-5.522995,-4.062014,1.925636
63.970000,2.445236,-6.189759,-4.171848,1.807153
63.980000,2.381935,-6.896218,-4.269653,1.697280
63.990000,2.309787,-7.462323,-3.252743,1.599398
64.000000,2.230348,-7.725329,-2.421180,1.494049
64.010000,2.148839,-8.055843,-2.790904,1.388673
64.020000,2.061298,-8.412424,-2.312958,1.288606
64.030000,1.980180,-8.789303,-2.144818,1.207469
64.040000,1.880756,-8.954130,-1.105906,1.139875
64.050000,1.794041,-8.992530,-0.030769,1.090117
64.060000,1.705484,-8.466395,1.355519,1.059889
64.070000,1.626016,-7.892587,1.563461,1.048976
64.080000,1.553808,-7.622057,2.597600,1.059762
64.090000,1.474700,-6.525181,4.022748,1.091913
64.100000,1.420995,-5.673343,3.911762,1.147077
64.110000,1.378013,-4.095358,4.349551,1.219587
64.120000,1.343683,-2.951339,4.983767,1.304735
64.130000,1.322599,-1.422746,5.692308,1.424534
64.140000,1.317044,0.125479,5.447150,1.561396
64.150000,1.326672,1.600018,7.531486,1.727070
64.160000,1.350772,2.950122,7.897665,1.905946
64.170000,1.392024,5.066062,7.283596,2.017461
64.180000,1.448640,6.372992,5.939559,2.113965
64.190000,1.508627,6.897495,4.910063,2.220173
64.200000,1.577439,7.558443,2.988870,2.294692
64.210000,1.659817,7.953456,1.456328,2.389938
64.220000,1.743905,7.935284,4.285504,2.554605
64.230000,1.823443,8.717069,4.724602,2.718506
64.240000,1.924521,9.662398,4.510354,2.876543
64.250000,2.021108,10.600123,4.936476,3.041544
64.260000,2.130172,11.654111,4.488195,3.191686
64.270000,2.251462,11.714218,4.277875,3.339670
64.280000,2.369888,12.086893,3.793786,3.482278
64.290000,2.492133,12.522481,3.132949,3.620882
64.300000,2.623086,12.826438,1.826402,3.738682
64.310000,2.760379,12.933965,1.207763,3.844759
64.320000,2.878397,13.005117,0.565825,3.937404
64.330000,3.010282,12.337246,-0.574166,4.009555
64.340000,3.144340,11.765734,-1.292882,4.065192
64.350000,3.246274,11.657577,-2.906966,4.103129
64.360000,3.363661,10.430769,-2.430769,4.125817
64.370000,3.468511,9.644521,-3.448442,4.132505
64.380000,3.563779,8.450253,-3.897902,4.120906
64.390000,3.634245,7.575184,-4.540488,4.091621
64.400000,3.708023,6.349159,-5.165450,4.046659
64.410000,3.758992,5.247915,-5.508256,3.980423
64.420000,3.803383,3.691322,-5.368080,3.905944
64.430000,3.831684,2.321687,-5.293557,3.807410
64.440000,3.846014,0.625823,-5.452568,3.698970
64.450000,3.845161,-0.586225,-6.295125,3.572861
64.460000,3.831038,-2.264111,-7.034894,3.440615
64.470000,3.806642,-2.965615,-7.395031,3.293721
64.480000,3.762270,-4.450861,-7.357785,3.146046
64.490000,3.712409,-6.259218,-7.903418,2.976227
64.500000,3.642996,-7.365925,-7.675011,2.803651
64.510000,3.563628,-8.791407,-6.704154,2.615996
64.520000,3.463475,-10.230006,-7.132831,2.428668
64.530000,3.356998,-11.194788,-5.892432,2.239403
64.540000,3.246485,-12.175749,-5.760547,2.056340
64.550000,3.103971,-13.112992,-4.199089,1.880421
64.560000,2.971776,-13.973542,-4.271231,1.756942
64.570000,2.837641,-14.111232,-2.519559,1.584721
64.580000,2.694553,-14.307692,-3.107692,1.418147
64.590000,2.551765,-14.699272,-1.991658,1.258721
64.600000,2.397894,-15.174530,-1.855209,1.105634
64.610000,2.249264,-15.141108,-2.113364,0.968834
64.620000,2.096699,-15.175407,-1.343990,0.843062
64.630000,1.949666,-14.844424,-0.773237,0.721958
64.640000,1.795983,-14.692905,-0.519730,0.610166
64.650000,1.651852,-14.469680,0.028898,0.510170
64.660000,1.505147,-13.879662,1.073489,0.416693
64.670000,1.377598,-13.391339,1.761082,0.332701
64.680000,1.247600,-13.161546,1.350789,0.247992
64.690000,1.120417,-12.197485,1.680888,0.172701
64.700000,0.989763,-11.653475,1.507584,0.095110
64.710000,0.888255,-10.945685,0.918668,0.020655
64.720000,0.780223,-11.020031,0.925269,-0.048589
64.730000,0.669849,-9.976336,0.993759,-0.122641
64.740000,0.576639,-9.485894,-0.049041,-0.198145
64.750000,0.480821,-9.432967,-0.334319,-0.280518
64.760000,0.386512,-9.199781,0.064015,-0.362279
64.770000,0.300428,-9.196179,-0.052181,-0.443684
64.780000,0.211743,-9.056110,-0.747666,-0.542043
64.790000,0.118091,-8.931482,-1.587512,-0.654408
64.800000,0.029921,-8.744597,-1.944551,-0.771145
64.810000,-0.058312,-9.300984,-2.238480,-0.879392
64.820000,-0.149335,-9.182985,-2.226082,-1.021133
64.830000,-0.246004,-9.982689,-3.710674,-1.168421
64.840000,-0.346602,-10.299725,-3.836051,-1.317518
64.850000,-0.453516,-11.037200,-3.847006,-1.471363
64.860000,-0.567198,-11.443728,-4.327605,-1.646941
64.870000,-0.685536,-12.127199,-4.127382,-1.818460
64.880000,-0.817825,-12.493161,-4.029809,-2.004259
64.890000,-0.948681,-13.688917,-4.793367,-2.195001
64.900000,-1.080178,-14.280723,-4.733919,-2.369162
64.910000,-1.241226,-14.801672,-4.502324,-2.563333
64.920000,-1.386885,-15.200437,-2.968151,-2.750518
64.930000,-1.534693,-15.700984,-3.209591,-2.928276
64.940000,-1.690186,-16.216008,-1.498969,-3.106973
64.950000,-1.851168,-16.156330,-0.158710,-3.275314
64.960000,-2.011148,-16.140492,-1.495422,-3.430892
64.970000,-2.173756,-16.069838,-1.852933,-3.568625
64.980000,-2.345722,-16.262997,-1.382984,-3.697701
64.990000,-2.495679,-16.003578,-1.494917,-3.819204
65.000000,-2.659520,-15.869784,0.429563,-3.923285
65.010000,-2.812173,-15.342688,2.492308,-4.006009
65.020000,-2.963404,-14.844948,2.375343,-4.069401
65.030000,-3.105793,-13.539767,3.325921,-4.111198
65.040000,-3.243507,-12.614518,5.261683,-4.130741
65.050000,-3.368072,-11.658387,4.374730,-4.128855
65.060000,-3.473558,-10.144788,5.697264,-4.105505
65.070000,-3.563468,-8.737420,5.168613,-4.059129
65.080000,-3.643818,-7.073724,5.753846,-3.992249
65.090000,-3.701647,-5.622006,6.000006,-3.903889
65.100000,-3.747706,-3.892970,6.749997,-3.799154
65.110000,-3.775394,-1.845334,6.595775,-3.683197
65.120000,-3.784251,-0.174590,6.804379,-3.549076
65.130000,-3.777461,1.392825,8.093781,-3.396301
65.140000,-3.754167,3.044788,7.354609,-3.236639
65.150000,-3.715073,4.657824,9.315357,-3.061385
65.160000,-3.662474,6.220466,8.140654,-2.873455
65.170000,-3.590493,7.883489,7.475272,-2.687714
65.180000,-3.505957,9.293903,7.292308,-2.513569
65.190000,-3.400059,10.363479,6.239801,-2.333885
65.200000,-3.296101,11.591344,5.754633,-2.157006
65.210000,-3.166351,12.370839,5.511083,-1.987200
65.220000,-3.045517,12.997833,2.308549,-1.841388
65.230000,-2.906570,13.380012,3.843246,-1.689946
65.240000,-2.771865,14.001617,3.075916,-1.553582
65.250000,-2.618061,14.307853,1.330980,-1.438422
65.260000,-2.492131,14.035834,0.830769,-1.324862
65.270000,-2.340926,14.036833,-0.584830,-1.234423
65.280000,-2.209264,13.669019,-1.689762,-1.160449
65.290000,-2.089934,13.015543,-3.099099,-1.127052
65.300000,-1.958207,11.900478,-3.981851,-1.103650
65.310000,-1.840599,10.853726,-3.829749,-1.077753
65.320000,-1.738151,9.533195,-3.533053,-1.062757
65.330000,-1.651683,8.655626,-3.476923,-1.052087
65.340000,-1.567046,7.757750,-3.525465,-1.048973
65.350000,-1.492650,6.980094,-3.339742,-1.051887
65.360000,-1.423907,5.894701,-2.883792,-1.063927
65.370000,-1.374791,4.582151,-2.963051,-1.091030
65.380000,-1.328162,3.995254,-3.786582,-1.134877
65.390000,-1.295707,2.868632,-3.865520,-1.191240
65.400000,-1.272237,1.858643,-3.363397,-1.260708
65.410000,-1.259057,0.659060,-3.505725,-1.338230
65.420000,-1.257079,-0.274049,-3.820415,-1.418796
65.430000,-1.263096,-1.071292,-5.019078,-1.503473
65.440000,-1.278037,-1.806332,-4.724230,-1.570072
65.450000,-1.302807,-2.644031,-3.234092,-1.635480
65.460000,-1.331539,-3.233341,-4.424633,-1.719140
65.470000,-1.365063,-4.021208,-4.040671,-1.812562
65.480000,-1.407209,-4.480860,-4.786458,-1.908734
65.490000,-1.455656,-5.379737,-3.884927,-1.995219
65.500000,-1.511117,-5.750074,-3.381845,-2.090114
65.510000,-1.572243,-6.270947,-3.160242,-2.177064
65.520000,-1.638127,-6.848877,-2.802084,-2.266950
65.530000,-1.702519,-7.147011,-2.016907,-2.359161
65.540000,-1.774799,-7.456735,-2.058630,-2.442393
65.550000,-1.853884,-7.349811,-1.169632,-2.505063
65.560000,-1.930509,-7.455534,-0.737625,-2.567698
65.570000,-2.001843,-7.771403,-0.554029,-2.629064
65.580000,-2.079060,-7.288713,-0.718301,-2.685140
65.590000,-2.149416,-6.839710,-0.059655,-2.728449
65.600000,-2.223906,-7.016510,0.051918,-2.768423
65.610000,-2.289429,-6.456148,0.970101,-2.799077
65.620000,-2.356395,-6.288868,0.830769,-2.825425
65.630000,-2.416435,-5.773895,1.793410,-2.843244
65.640000,-2.467853,-5.398128,0.607122,-2.854011
65.650000,-2.519221,-4.842258,1.789695,-2.857600
65.660000,-2.567266,-4.242716,1.408356,-2.855089
65.670000,-2.608066,-3.411546,1.924431,-2.847953
65.680000,-2.640725,-2.909512,1.636941,-2.834749
65.690000,-2.668364,-2.598307,1.494945,-2.815850
65.700000,-2.692495,-1.898674,1.735212,-2.796679
65.710000,-2.711048,-1.506985,1.038021,-2.774514
65.720000,-2.722507,-0.908992,1.272420,-2.748645
65.730000,-2.729445,-0.505445,1.093287,-2.717583
65.740000,-2.731937,-0.096927,0.554517,-2.690694
65.750000,-2.730742,0.183696,1.248668,-2.661219
65.760000,-2.728081,0.361830,2.458163,-2.629866
65.770000,-2.722326,0.616358,2.148679,-2.602027
65.780000,-2.713886,1.023385,1.865722,-2.576799
65.790000,-2.703893,1.162125,2.354279,-2.557088
65.800000,-2.690241,1.291191,1.450549,-2.540072
65.810000,-2.675574,1.446487,1.576232,-2.525874
65.820000,-2.662766,1.592525,0.937252,-2.516841
65.830000,-2.646735,1.516292,0.907033,-2.511473
65.840000,-2.632404,1.524907,0.406861,-2.509050
65.850000,-2.618098,1.382079,0.430688,-2.510733
65.860000,-2.605647,1.018172,-0.128234,-2.518455
65.870000,-2.594224,1.075189,0.006069,-2.530883
65.880000,-2.586003,0.777925,-0.358522,-2.551509
65.890000,-2.579658,0.443956,-0.609709,-2.575137
65.900000,-2.577058,0.104696,-0.587809,-2.604806
65.910000,-2.577674,-0.143678,-1.114737,-2.640495
65.920000,-2.580195,-0.359976,-2.125765,-2.683361
65.930000,-2.586583,-0.782284,-2.717323,-2.725365
65.940000,-2.596030,-1.159998,-2.587704,-2.775155
65.950000,-2.607867,-1.472560,-3.718153,-2.827716
65.960000,-2.625936,-1.942456,-3.634677,-2.877519
65.970000,-2.648818,-2.412363,-2.770673,-2.926812
65.980000,-2.676014,-2.647119,-3.009381,-2.978157
65.990000,-2.704625,-3.033561,-2.173209,-3.024710
66.000000,-2.735504,-3.644205,-2.479020,-3.073280
66.010000,-2.770099,-3.668781,-2.120747,-3.118529
66.020000,-2.807179,-3.721294,-1.891554,-3.163154
66.030000,-2.847157,-3.892482,-1.884014,-3.199154
66.040000,-2.887027,-3.581621,-1.471884,-3.223762
66.050000,-2.925211,-3.800208,-0.271904,-3.235940
66.060000,-2.960988,-3.808295,-0.224278,-3.235894
66.070000,-2.998138,-3.537798,0.930421,-3.220650
66.080000,-3.028275,-3.087691,1.160949,-3.190969
66.090000,-3.054827,-2.258034,2.093852,-3.142914
66.100000,-3.072935,-1.501917,2.217400,-3.080936
66.110000,-3.084039,-0.597536,3.556551,-3.000026
66.120000,-3.084819,0.291314,3.781823,-2.910116
66.130000,-3.078801,1.027705,5.005626,-2.829146
66.140000,-3.062979,1.964695,3.997780,-2.757191
66.150000,-3.040331,2.517064,4.066228,-2.679512
66.160000,-3.007825,3.506446,4.384753,-2.564313
66.170000,-2.966970,4.565638,5.223389,-2.426743
66.180000,-2.922397,5.212133,6.929735,-2.243452
66.190000,-2.858564,6.829216,7.096918,-2.073247
66.200000,-2.785778,7.803015,7.491949,-1.860430
66.210000,-2.699523,9.304797,7.477534,-1.630888
66.220000,-2.591713,11.258162,8.769231,-1.395577
66.230000,-2.473245,12.710072,9.201312,-1.144698
66.240000,-2.328405,14.469553,8.470259,-0.889016
66.250000,-2.186765,15.895000,7.196536,-0.640410
66.260000,-2.007421,16.537530,0.821192,-0.393234
66.270000,-1.855581,16.075753,0.893822,-0.180423
66.280000,-1.712299,15.989379,0.982898,0.002027
66.290000,-1.538277,16.046443,1.832873,0.166470
66.300000,-1.380366,16.004415,1.458503,0.337503
66.310000,-1.211850,16.180466,1.142490,0.488356
66.320000,-1.066106,16.084429,1.785578,0.645187
66.330000,-0.898829,16.040413,0.663397,0.872772
66.340000,-0.735462,16.024274,0.872313,1.141683
66.350000,-0.571343,16.028671,-0.018865,1.377187
66.360000,-0.401769,16.108750,1.665759,1.598778
66.370000,-0.246179,16.216372,0.886058,1.825577
66.380000,-0.078544,16.044236,1.269670,2.023370
66.390000,0.071092,16.183772,0.585505,2.214248
66.400000,0.227224,16.007448,1.774573,2.383264
66.410000,0.390378,16.041556,0.493642,2.543704
66.420000,0.547510,16.057753,1.349893,2.687322
66.430000,0.717922,15.999378,2.135230,2.816313
66.440000,0.878517,16.109087,0.985252,2.916967
66.450000,1.039835,16.062460,1.026445,3.013742
66.460000,1.209144,16.143787,0.509116,3.090116
66.470000,1.360753,16.054828,0.542703,3.149580
66.480000,1.536162,16.080885,1.587688,3.192874
66.490000,1.677427,16.056739,1.516176,3.222246
66.500000,1.848751,16.108041,1.554633,3.235929
66.510000,1.996870,16.035593,0.566783,3.235907
66.520000,2.160390,15.354228,-5.078259,3.222946
66.530000,2.308278,13.653442,-6.744343,3.198371
66.540000,2.442744,12.103401,-7.450139,3.161710
66.550000,2.539547,10.559373,-7.613710,3.118517
66.560000,2.631048,8.214834,-6.876381,3.068192
66.570000,2.704676,6.426700,-6.149099,3.016059
66.580000,2.761450,4.988762,-5.347650,2.965270
66.590000,2.802017,3.284267,-4.611637,2.932544
66.600000,2.833851,2.245878,-3.968267,2.896963
66.610000,2.851438,1.538519,-2.850152,2.858563
66.620000,2.860827,0.612424,-2.331553,2.828666
66.630000,2.863165,0.012668,-1.457575,2.788457
66.640000,2.861247,-0.352500,-2.207719,2.754697
66.650000,2.855657,-0.690923,-2.436758,2.719394
66.660000,2.846580,-1.023380,-2.623296,2.688379
66.670000,2.833477,-1.328705,-2.218152,2.660250
66.680000,2.818835,-1.637232,-0.989116,2.630262
66.690000,2.802334,-1.843874,-2.121464,2.600760
66.700000,2.780981,-1.997105,-2.001174,2.572390
66.710000,2.761112,-1.965945,-1.830236,2.547497
66.720000,2.740101,-2.363735,-1.104868,2.529939
66.730000,2.717018,-2.211804,-1.259636,2.518220
66.740000,2.694223,-2.017066,-1.119167,2.510439
66.750000,2.673854,-2.041754,-0.579478,2.509118
66.760000,2.652069,-1.983046,-0.539623,2.512598
66.770000,2.634385,-1.694676,-0.241424,2.519897
66.780000,2.618801,-1.565837,-0.023643,2.532114
66.790000,2.607177,-1.158077,1.191569,2.551742
66.800000,2.597396,-0.764557,0.921575,2.574241
66.810000,2.592417,-0.389483,0.767195,2.600743
66.820000,2.590410,-0.040741,0.830769,2.626043
66.830000,2.591336,0.126194,1.507692,2.653419
66.840000,2.593697,0.333793,1.554803,2.680582
66.850000,2.597871,0.600356,1.411107,2.710195
66.860000,2.604839,0.784167,2.251531,2.740258
66.870000,2.615464,1.076960,2.450554,2.767200
66.880000,2.627378,1.440548,1.994351,2.792822
66.890000,2.642777,1.595274,1.569231,2.816462
66.900000,2.658508,1.786507,1.256530,2.831438
66.910000,2.675933,1.732313,1.300260,2.846482
66.920000,2.692795,1.848583,0.833385,2.854901
66.930000,2.711973,1.687790,0.543696,2.857542
66.940000,2.728473,1.495803,0.203728,2.854179
66.950000,2.742808,1.524236,0.238163,2.843786
66.960000,2.755651,1.175062,0.137771,2.825537
66.970000,2.765767,0.856684,-0.762800,2.802514
66.980000,2.772648,0.531506,-0.813549,2.771030
66.990000,2.775807,0.095344,-1.372026,2.726028
67.000000,2.774609,-0.266718,-2.114470,2.676659
67.010000,2.770590,-0.605557,-3.415385,2.615255
67.020000,2.760798,-1.198939,-4.016653,2.547488
67.030000,2.746734,-1.694468,-3.370012,2.486470
67.040000,2.723815,-2.518865,-3.961541,2.411851
67.050000,2.697520,-2.978916,-3.452747,2.328744
67.060000,2.666153,-3.616262,-3.943083,2.240856
67.070000,2.626866,-4.518521,-4.153846,2.145725
67.080000,2.581437,-4.955847,-3.616836,2.052072
67.090000,2.528338,-5.423539,-3.960829,1.952152
67.100000,2.464342,-6.260502,-3.823476,1.857811
67.110000,2.397464,-6.600864,-3.437670,1.755513
67.120000,2.338320,-7.229335,-3.614958,1.653689
67.130000,2.263853,-7.680757,-3.751701,1.547744
67.140000,2.186605,-8.240989,-3.039109,1.449990
67.150000,2.103956,-8.484276,-2.124802,1.358261
67.160000,2.017782,-8.777531,-2.283000,1.274728
67.170000,1.935792,-8.561611,-1.200000,1.205823
67.180000,1.850531,-8.434439,-0.284933,1.147288
67.190000,1.765475,-8.460049,0.150371,1.103188
67.200000,1.682384,-8.092117,0.303488,1.072155
67.210000,1.596378,-7.500790,1.703485,1.053130
67.220000,1.532331,-6.894044,2.062425,1.049519
67.230000,1.466034,-6.054035,2.778780,1.061956
67.240000,1.406630,-5.048703,3.193022,1.089683
67.250000,1.357647,-4.462885,3.046154,1.132226
67.260000,1.322130,-3.604736,3.664719,1.188401
67.270000,1.293543,-2.508510,3.915793,1.257798
67.280000,1.275417,-1.084403,4.631266,1.338208
67.290000,1.270504,-0.119360,4.406971,1.430384
67.300000,1.275282,0.807171,4.673142,1.497323
67.310000,1.287822,1.714118,4.562004,1.575951
67.320000,1.308500,2.532758,4.057767,1.645508
67.330000,1.337697,3.144937,4.701696,1.734751
67.340000,1.372277,3.582133,3.892636,1.826129
67.350000,1.411523,4.598995,3.896694,1.931364
67.360000,1.462760,5.204153,2.940393,2.016633
67.370000,1.521285,6.026359,4.375395,2.170426
67.380000,1.584701,7.021232,5.672253,2.332167
67.390000,1.656795,7.888763,5.813166,2.492544
67.400000,1.737207,8.628988,6.758002,2.669094
67.410000,1.829986,10.080304,5.019896,2.819442
67.420000,1.933127,10.410480,4.985427,2.982391
67.430000,2.057101,11.694883,3.635779,3.145507
67.440000,2.165833,12.467474,4.043832,3.309829
67.450000,2.297816,13.175374,3.515952,3.447814
67.460000,2.429963,13.133963,2.820673,3.584962
67.470000,2.565495,13.440897,1.843156,3.711505
67.480000,2.686314,13.116347,1.822652,3.819658
67.490000,2.822528,13.342262,0.618114,3.916244
67.500000,2.953738,12.832243,-0.194751,3.995304
67.510000,3.095833,12.417511,-1.009677,4.058192
67.520000,3.206484,12.005310,-2.234422,4.102532
67.530000,3.319565,11.193542,-3.331156,4.127262
67.540000,3.428958,10.521175,-3.472306,4.131959
67.550000,3.525531,9.423674,-4.530882,4.116964
67.560000,3.609555,7.896674,-4.924876,4.084472
67.570000,3.686821,6.679911,-4.959331,4.035357
67.580000,3.741395,5.091821,-5.692308,3.964417
67.590000,3.784388,3.916664,-5.575208,3.878569
67.600000,3.813934,2.218038,-5.352158,3.783332
67.610000,3.827698,0.644941,-5.569441,3.666510
67.620000,3.826932,-0.602715,-6.565740,3.545373
67.630000,3.812153,-2.076283,-6.807271,3.412699
67.640000,3.784099,-3.563362,-7.700381,3.266044
67.650000,3.746240,-4.846712,-7.248319,3.122117
67.660000,3.690951,-5.980815,-5.569231,3.025358
67.670000,3.630904,-6.609160,-4.252460,2.929353
67.680000,3.550608,-7.545962,-3.508541,2.822328
67.690000,3.477406,-8.057521,-3.540655,2.719910
67.700000,3.394032,-8.433023,-3.275862,2.612167
67.710000,3.305062,-8.416767,-2.572378,2.493671
67.720000,3.209862,-9.158081,-3.470843,2.338670
67.730000,3.122409,-9.907220,-5.310274,2.154972
67.740000,3.023420,-10.405669,-3.997987,1.983439
67.750000,2.900393,-11.357095,-4.594314,1.829597
67.760000,2.783881,-12.207275,-4.078115,1.664355
67.770000,2.656960,-12.550861,-3.830540,1.508734
67.780000,2.536324,-12.992422,-3.103736,1.359417
67.790000,2.409020,-13.647473,-3.006479,1.214700
67.800000,2.270550,-13.936881,-2.704966,1.081781
67.810000,2.123794,-13.774683,-0.843599,0.958974
67.820000,1.990982,-13.820752,-0.852509,0.831317
67.830000,1.849524,-13.996774,-0.580287,0.721175
67.840000,1.716185,-13.483075,-0.565101,0.616939
67.850000,1.585261,-13.611247,0.036803,0.521407
67.860000,1.452468,-13.261538,0.646154,0.434425
67.870000,1.327761,-12.421441,1.259812,0.348689
67.880000,1.207284,-11.744468,1.709542,0.272849
67.890000,1.082725,-11.772327,0.940893,0.201057
67.900000,0.976327,-11.059673,1.367437,0.130567
67.910000,0.873450,-10.365291,1.057577,0.060527
67.920000,0.771985,-10.309709,0.720442,-0.004796
67.930000,0.676804,-9.415487,0.642474,-0.073143
67.940000,0.575611,-9.035097,0.877354,-0.137013
67.950000,0.492166,-8.877980,0.406682,-0.207325
67.960000,0.404335,-8.551714,0.065908,-0.277488
67.970000,0.324516,-7.939683,-0.148216,-0.348075
67.980000,0.242147,-8.222798,0.147160,-0.423853
67.990000,0.158663,-7.957410,-0.601661,-0.510625
68.000000,0.086386,-7.918079,-1.280642,-0.610890
68.010000,0.007930,-8.285730,-2.730954,-0.710735
68.020000,-0.075899,-8.337533,-2.276652,-0.822887
68.030000,-0.158236,-8.550463,-2.535695,-0.928378
68.040000,-0.239903,-8.619479,-1.609510,-1.011172
68.050000,-0.323588,-8.769884,-1.614155,-1.091556
68.060000,-0.423192,-9.147894,-0.944896,-1.179579
68.070000,-0.504744,-9.151196,-1.527098,-1.261893
68.080000,-0.595860,-8.909833,-1.138404,-1.360156
68.090000,-0.685365,-8.768975,-1.426438,-1.458399
68.100000,-0.769629,-8.689781,-1.248130,-1.554509
68.110000,-0.868454,-9.184274,-2.395730,-1.688633
68.120000,-0.953925,-9.607081,-2.973930,-1.831763
68.130000,-1.046614,-9.579266,-3.829408,-1.977413
68.140000,-1.150232,-10.451241,-4.671389,-2.122776
68.150000,-1.255052,-10.679783,-3.367933,-2.276006
68.160000,-1.365963,-11.226082,-3.200066,-2.441917
68.170000,-1.482850,-11.826051,-3.998671,-2.600663
68.180000,-1.619962,-12.365305,-3.066829,-2.737382
68.190000,-1.742837,-13.081421,-3.548957,-2.911955
68.200000,-1.869301,-13.130547,-3.645713,-3.093755
68.210000,-1.993262,-13.815790,-3.168201,-3.213617
68.220000,-2.136270,-13.884937,-1.016332,-3.289089
68.230000,-2.283674,-13.685774,0.284458,-3.374036
68.240000,-2.419577,-13.034942,1.360081,-3.462824
68.250000,-2.554674,-12.929095,0.143894,-3.571951
68.260000,-2.678864,-12.312088,-0.026247,-3.677009
68.270000,-2.794728,-11.752933,-0.030769,-3.774756
68.280000,-2.916648,-11.432968,0.092308,-3.856103
68.290000,-3.031401,-11.441621,0.406088,-3.939646
68.300000,-3.136245,-11.195966,1.049043,-4.000420
68.310000,-3.251708,-10.495137,1.547445,-4.056339
68.320000,-3.353285,-10.019602,1.695150,-4.096931
68.330000,-3.443659,-9.112999,2.264916,-4.120708
68.340000,-3.534409,-8.559243,2.535050,-4.131480
68.350000,-3.619984,-7.733794,2.822818,-4.130665
68.360000,-3.692920,-6.676510,3.276216,-4.118650
68.370000,-3.752544,-5.516199,3.755631,-4.088350
68.380000,-3.800832,-4.962637,3.784615,-4.045056
68.390000,-3.844447,-3.817293,3.518700,-3.993040
68.400000,-3.875436,-2.649441,3.404735,-3.927300
68.410000,-3.894633,-1.339717,3.874441,-3.853547
68.420000,-3.901923,-0.251377,4.033667,-3.762318
68.430000,-3.898186,0.848152,5.036829,-3.666018
68.440000,-3.885671,1.707456,5.767192,-3.554864
68.450000,-3.861349,3.086275,5.638134,-3.437134
68.460000,-3.828466,3.906594,5.603700,-3.315947
68.470000,-3.781472,4.831877,6.018270,-3.190732
68.480000,-3.730703,5.938350,6.139730,-3.040504
68.490000,-3.662355,7.249789,6.186276,-2.890250
68.500000,-3.586159,8.066358,5.577821,-2.745967
68.510000,-3.503220,9.026111,5.090380,-2.604334
68.520000,-3.407538,9.811473,4.316028,-2.457467
68.530000,-3.298176,10.486294,4.469404,-2.296815
68.540000,-3.198453,11.525361,4.246275,-2.121259
68.550000,-3.082334,12.373777,4.803490,-1.940475
68.560000,-2.957447,12.696861,5.028002,-1.769791
68.570000,-2.823390,13.238653,3.100667,-1.613098
68.580000,-2.685420,14.033895,2.111229,-1.469295
68.590000,-2.545508,14.024012,2.211224,-1.345025
68.600000,-2.401747,14.079576,1.400946,-1.238767
68.610000,-2.262535,13.685672,-1.849057,-1.157164
68.620000,-2.132562,13.372044,0.115047,-1.097523
68.630000,-1.990690,12.796816,-2.919187,-1.062525
68.640000,-1.865319,11.452697,-3.540774,-1.049095
68.650000,-1.757052,10.869690,-5.031855,-1.058121
68.660000,-1.668548,9.273562,-4.610257,-1.086856
68.670000,-1.572669,7.953847,-5.725006,-1.117470
68.680000,-1.507198,6.443002,-5.723174,-1.179905
68.690000,-1.448653,4.962637,-6.184615,-1.259528
68.700000,-1.405897,3.099503,-6.016015,-1.354581
68.710000,-1.382297,1.494594,-6.489893,-1.462310
68.720000,-1.375269,0.160201,-6.126872,-1.582973
68.730000,-1.381696,-1.278344,-6.821248,-1.706677
68.740000,-1.401099,-2.586605,-8.120381,-1.832674
68.750000,-1.432333,-3.827011,-7.132389,-1.958718
68.760000,-1.482793,-5.331741,-6.899136,-2.078788
68.770000,-1.536845,-6.297378,-5.924080,-2.206081
68.780000,-1.599537,-6.925884,-4.788709,-2.322966
68.790000,-1.674887,-7.936284,-4.016409,-2.429240
68.800000,-1.755331,-8.215368,-2.861481,-2.529105
68.810000,-1.849579,-8.494822,-2.246154,-2.613563
68.820000,-1.928852,-8.985454,-1.460450,-2.689386
68.830000,-2.027628,-9.016945,-0.203308,-2.749982
68.840000,-2.113909,-8.543166,-0.384375,-2.799501
68.850000,-2.191837,-8.493563,1.126295,-2.833318
68.860000,-2.272775,-7.860091,1.698134,-2.852335
68.870000,-2.348661,-7.346009,2.450811,-2.857553
68.880000,-2.418175,-6.805005,2.553846,-2.851413
68.890000,-2.483099,-5.867656,2.941136,-2.836376
68.900000,-2.530772,-5.047270,2.582011,-2.815485
68.910000,-2.577503,-3.811985,2.431632,-2.788076
68.920000,-2.609014,-3.131624,2.560968,-2.755461
68.930000,-2.636635,-2.346197,2.486608,-2.719516
68.940000,-2.654593,-1.405226,2.230780,-2.683508
68.950000,-2.664707,-0.748692,2.339978,-2.647527
68.960000,-2.669375,-0.082992,1.631381,-2.613588
68.970000,-2.667914,0.254151,1.702687,-2.591845
68.980000,-2.664116,0.443682,1.990761,-2.573553
68.990000,-2.658022,0.618733,0.970953,-2.560234
69.000000,-2.651493,0.844428,1.767051,-2.544997
69.010000,-2.642804,0.956889,1.294202,-2.534991
69.020000,-2.632977,1.064498,1.200000,-2.524702
69.030000,-2.622813,0.933163,1.475131,-2.514727
69.040000,-2.612722,0.964135,0.719536,-2.509217
69.050000,-2.602955,1.003767,1.111208,-2.511786
69.060000,-2.592980,0.966461,0.466891,-2.519059
69.070000,-2.583799,0.848352,0.352018,-2.528746
69.080000,-2.576352,0.598084,-0.287379,-2.550606
69.090000,-2.572715,0.266755,-0.291740,-2.583690
69.100000,-2.570954,-0.018734,-1.423763,-2.626599
69.110000,-2.572480,-0.219816,-1.910416,-2.679546
69.120000,-2.577831,-0.787701,-3.293344,-2.742253
69.130000,-2.587346,-1.287844,-3.292308,-2.806512
69.140000,-2.603738,-1.931856,-3.642413,-2.873640
69.150000,-2.628600,-2.633516,-4.318683,-2.940956
69.160000,-2.656981,-2.916630,-3.516977,-3.007019
69.170000,-2.689175,-3.460272,-2.655643,-3.071366
69.180000,-2.728692,-4.122206,-3.062420,-3.124700
69.190000,-2.766338,-4.302373,-2.281143,-3.171930
69.200000,-2.814016,-4.491117,-1.569231,-3.208457
69.210000,-2.858755,-4.629093,-1.704021,-3.230759
69.220000,-2.904140,-4.332505,0.299938,-3.237573
69.230000,-2.941902,-4.042514,0.352583,-3.227935
69.240000,-2.980396,-3.668525,1.238207,-3.198237
69.250000,-3.013373,-3.086919,2.386454,-3.148407
69.260000,-3.041358,-1.867108,3.285144,-3.072824
69.270000,-3.055199,-0.912568,4.000204,-2.972667
69.280000,-3.058480,0.091302,4.793888,-2.882201
69.290000,-3.052006,1.101994,4.584398,-2.808276
69.300000,-3.036613,1.791608,4.748898,-2.726621
69.310000,-3.013182,2.687667,4.154181,-2.625048
69.320000,-2.981436,3.687168,5.935289,-2.518737
69.330000,-2.940987,4.413164,5.784357,-2.359171
69.340000,-2.887778,5.940755,7.669606,-2.177289
69.350000,-2.817317,7.289779,7.578941,-1.997322
69.360000,-2.745473,8.414800,8.042177,-1.782302
69.370000,-2.653268,10.174157,8.273731,-1.555941
69.380000,-2.546161,11.468883,9.021105,-1.313060
69.390000,-2.410286,13.111088,8.094520,-1.024327
69.400000,-2.282400,15.045675,9.898237,-0.724011
69.410000,-2.121621,16.514802,4.770437,-0.415747
69.420000,-1.956405,16.436866,-0.461538,-0.089824
69.430000,-1.777491,16.119221,0.180357,0.223677
69.440000,-1.623662,16.030500,0.210086,0.547329
69.450000,-1.470988,16.048318,0.246567,0.855040
69.460000,-1.308316,16.153307,1.357558,1.150810
69.470000,-1.149329,16.032742,1.475709,1.430112
69.480000,-0.987499,16.063251,2.016456,1.695244
69.490000,-0.824750,16.123746,1.447499,1.951852
69.500000,-0.658508,16.130328,0.686916,2.193715
69.510000,-0.504908,16.002764,2.417807,2.398053
69.520000,-0.334979,16.051533,1.087771,2.583024
69.530000,-0.188773,16.040179,1.619941,2.670268
69.540000,-0.042592,16.085887,1.737250,2.731771
69.550000,0.130171,16.233242,1.293754,2.792885
69.560000,0.297729,16.172497,0.715513,2.885701
69.570000,0.463073,16.034477,1.171272,2.992291
69.580000,0.620769,16.016475,2.183607,3.085800
69.590000,0.799777,16.162358,1.295307,3.157137
69.600000,0.937380,16.007202,0.976092,3.203721
69.610000,1.097315,16.169274,2.365644,3.217936
69.620000,1.240394,16.070507,0.866460,3.229290
69.630000,1.426013,16.089951,0.179649,3.236791
69.640000,1.603013,16.026772,0.978088,3.234995
69.650000,1.749807,16.016363,0.106132,3.217762
69.660000,1.908495,16.032372,1.227518,3.183247
69.670000,2.067334,15.451857,-5.214889,3.137007
69.680000,2.216252,13.984080,-7.799370,3.078097
69.690000,2.343978,11.507039,-8.455440,3.031835
69.700000,2.457181,10.072324,-7.807183,2.995166
69.710000,2.534460,7.997201,-7.237677,2.954229
69.720000,2.608565,6.440537,-6.204369,2.914121
69.730000,2.664374,4.931556,-4.818658,2.872642
69.740000,2.706513,3.356949,-4.933936,2.822116
69.750000,2.733397,2.202961,-3.896981,2.764459
69.760000,2.748491,1.008897,-3.089427,2.711520
69.770000,2.754407,0.113250,-2.860756,2.663746
69.780000,2.751803,-0.529169,-2.254070,2.621482
69.790000,2.744635,-0.840690,-2.940610,2.586682
69.800000,2.732711,-1.402394,-2.556588,2.558141
69.810000,2.717643,-1.600188,-1.915656,2.534447
69.820000,2.699978,-1.928267,-1.882011,2.519248
69.830000,2.682067,-1.960015,-0.970566,2.510546
69.840000,2.663424,-1.784794,-0.758809,2.509432
69.850000,2.644530,-1.557872,-0.363290,2.515200
69.860000,2.628783,-1.321759,0.238239,2.526150
69.870000,2.614442,-1.155983,0.461915,2.546424
69.880000,2.604364,-0.896921,1.041219,2.575152
69.890000,2.596981,-0.476477,0.729208,2.607662
69.900000,2.594606,-0.049103,1.619195,2.646424
69.910000,2.596127,0.250304,2.660599,2.686288
69.920000,2.601091,0.681319,2.669557,2.726310
69.930000,2.608812,0.991812,2.548944,2.764469
69.940000,2.620548,1.388745,2.721641,2.798921
69.950000,2.634883,1.714622,2.206939,2.826589
69.960000,2.652194,1.987690,1.741566,2.846354
69.970000,2.671337,2.021348,0.993388,2.856487
69.980000,2.690812,1.846210,0.443989,2.857577
69.990000,2.710047,1.975702,0.698718,2.855418
70.000000,2.727248,1.642328,0.306194,2.849609
70.010000,2.743307,1.463908,-0.135746,2.842918
70.020000,2.755615,1.199468,-0.221237,2.829046
70.030000,2.766327,0.918945,-0.334773,2.809338
70.040000,2.773604,0.549349,-0.810728,2.772397
70.050000,2.776951,0.070753,-1.726041,2.722516
70.060000,2.775807,-0.303297,-2.296451,2.661523
70.070000,2.770548,-0.723537,-3.236791,2.589789
70.080000,2.759815,-1.396178,-4.092308,2.510930
70.090000,2.738990,-2.332501,-5.052342,2.417530
70.100000,2.714738,-2.673942,-3.991706,2.322455
70.110000,2.681883,-4.027986,-5.039600,2.217791
70.120000,2.639510,-4.821783,-5.014018,2.110438
70.130000,2.590037,-5.376433,-5.232417,1.992613
70.140000,2.530915,-6.281644,-4.584900,1.874245
70.150000,2.464667,-7.143949,-4.512380,1.762834
70.160000,2.382947,-7.688438,-3.514449,1.649652
70.170000,2.303434,-8.073675,-3.367098,1.546423
70.180000,2.224248,-8.543713,-2.350708,1.457521
70.190000,2.140128,-9.021400,-2.095221,1.360856
70.200000,2.051629,-9.143963,-2.108907,1.276892
70.210000,1.960510,-8.785597,-1.019298,1.204039
70.220000,1.872743,-8.927065,-0.648995,1.140094
70.230000,1.785403,-9.065912,0.583161,1.092398
70.240000,1.700181,-8.308469,1.271456,1.063452
70.250000,1.619777,-8.080345,1.386111,1.049792
70.260000,1.542682,-7.033163,2.567216,1.053444
70.270000,1.475012,-6.481596,3.017626,1.075196
70.280000,1.415709,-5.045363,4.352158,1.117416
70.290000,1.364924,-3.828571,4.462994,1.177592
70.300000,1.331324,-2.907360,5.336408,1.256017
70.310000,1.307505,-1.733364,4.885435,1.353397
70.320000,1.297103,-0.474230,4.948613,1.463687
70.330000,1.300253,0.729150,6.268071,1.589719
70.340000,1.316662,2.010841,7.519404,1.728860
70.350000,1.344189,3.558860,6.760580,1.867761
70.360000,1.387033,4.601939,7.148819,2.015173
70.370000,1.448627,6.447752,5.216539,2.119234
70.380000,1.496949,6.650063,4.861903,2.232202
70.390000,1.584103,7.902586,5.768012,2.424530
70.400000,1.667148,8.949987,7.212761,2.622097
70.410000,1.763362,10.366857,6.106581,2.817703
70.420000,1.872655,11.155642,7.235671,3.010553
70.430000,1.991479,12.339471,6.365699,3.198269
70.440000,2.122693,13.458709,4.470337,3.365398
70.450000,2.256224,14.035910,3.244331,3.520723
70.460000,2.401699,14.336774,1.783065,3.665290
70.470000,2.543489,14.747274,1.203869,3.799478
70.480000,2.692146,14.844499,0.680342,3.911862
70.490000,2.837434,14.685648,-0.398544,3.998578
70.500000,2.980960,14.405630,-1.122731,4.067750
70.510000,3.125216,13.697136,-3.169613,4.111399
70.520000,3.246237,12.647623,-4.061459,4.131851
70.530000,3.373487,10.969071,-4.616803,4.126378
70.540000,3.482707,10.193548,-6.002069,4.097056
70.550000,3.571611,8.723477,-6.588127,4.039146
70.560000,3.640355,7.032513,-7.182729,3.960258
70.570000,3.699423,5.289960,-6.806159,3.856270
70.580000,3.738175,3.596082,-6.789875,3.782670
70.590000,3.763818,1.877665,-5.077961,3.713504
70.600000,3.774462,0.378731,-4.115548,3.644121
70.610000,3.772625,-0.607320,-4.283239,3.580195
70.620000,3.762284,-1.359638,-4.081037,3.504086
70.630000,3.743785,-1.880313,-4.485270,3.408936
70.640000,3.717677,-2.966462,-5.562306,3.279736
70.650000,3.681147,-4.193350,-6.330828,3.131324
70.660000,3.634851,-5.351971,-7.318252,2.961820
70.670000,3.566991,-6.897870,-6.395674,2.805779
70.680000,3.500982,-7.985800,-7.260342,2.628559
70.690000,3.408121,-9.061085,-6.690912,2.466414
70.700000,3.310437,-10.137391,-5.884550,2.291245
70.710000,3.212532,-10.953018,-4.624117,2.120675
70.720000,3.092078,-11.850065,-4.839246,1.959032
70.730000,2.974573,-12.334466,-4.304895,1.809580
70.740000,2.842164,-13.255624,-3.454276,1.647162
70.750000,2.699622,-13.320949,-3.263028,1.501388
70.760000,2.568301,-14.013270,-2.376778,1.356098
70.770000,2.424888,-14.111293,-2.210246,1.212672
70.780000,2.283561,-14.210765,-2.230377,1.075601
70.790000,2.132910,-14.559620,-1.380207,0.950503
70.800000,2.000788,-13.899616,0.059870,0.840633
70.810000,1.864821,-13.869161,-0.533961,0.730103
70.820000,1.732680,-13.654543,0.251675,0.620959
70.830000,1.589021,-12.960701,-0.183505,0.520052
70.840000,1.463428,-13.117025,0.738117,0.434729
70.850000,1.332984,-12.488820,1.131563,0.354982
70.860000,1.208784,-11.810839,0.986981,0.272999
70.870000,1.098520,-11.556510,1.391295,0.196381
70.880000,0.977285,-11.065317,1.868626,0.161129
70.890000,0.877278,-10.510360,2.081937,0.112002
70.900000,0.769740,-9.882042,1.627676,0.044305
70.910000,0.678001,-8.893164,0.337350,-0.023784
70.920000,0.595133,-8.577138,0.656741,-0.081232
70.930000,0.513357,-8.338216,1.377587,-0.149569
70.940000,0.422881,-8.427789,-0.055727,-0.229329
70.950000,0.353497,-7.752294,-0.915075,-0.312583
70.960000,0.267372,-7.484637,-1.095763,-0.403725
70.970000,0.193934,-7.774165,-1.768434,-0.498702
70.980000,0.113792,-8.116541,-1.241146,-0.603169
70.990000,0.036737,-8.166151,-2.266030,-0.720450
71.000000,-0.057558,-8.528508,-1.594287,-0.830970
71.010000,-0.138163,-8.881281,-3.692989,-0.976640
71.020000,-0.237492,-9.292683,-3.662016,-1.126198
71.030000,-0.323743,-9.905484,-4.310726,-1.288637
71.040000,-0.441584,-10.847665,-4.769231,-1.463449
71.050000,-0.552845,-11.486604,-4.524515,-1.643919
71.060000,-0.662932,-12.242410,-4.761436,-1.836981
71.070000,-0.793422,-13.152298,-4.809076,-2.027886
71.080000,-0.929440,-14.015478,-4.584615,-2.226038
71.090000,-1.076934,-14.701670,-5.634117,-2.432337
71.100000,-1.218766,-15.693033,-5.176120,-2.635815
71.110000,-1.365961,-16.197665,-1.999863,-2.822000
71.120000,-1.550821,-16.186513,-0.022238,-2.990613
71.130000,-1.705909,-16.196928,-0.553668,-3.162568
71.140000,-1.877044,-16.092308,1.435691,-3.319354
71.150000,-2.024344,-16.154855,-0.181095,-3.489755
71.160000,-2.197497,-15.998125,-0.608509,-3.626705
71.170000,-2.348184,-16.076397,-1.411048,-3.755589
71.180000,-2.506867,-16.189011,-1.200000,-3.852804
71.190000,-2.664976,-16.094461,-0.062594,-3.944927
71.200000,-2.825669,-15.624871,2.675345,-4.026657
71.210000,-2.980157,-15.065581,2.067857,-4.086217
71.220000,-3.119684,-14.030112,3.369837,-4.122327
71.230000,-3.259750,-13.083560,3.595927,-4.132607
71.240000,-3.378864,-11.464907,5.188611,-4.117939
71.250000,-3.487178,-9.977310,5.598813,-4.077076
71.260000,-3.572322,-8.263910,5.764509,-4.014870
71.270000,-3.644310,-6.649467,5.634401,-3.931095
71.280000,-3.707094,-4.505476,7.054678,-3.826401
71.290000,-3.740052,-2.655027,7.601941,-3.697442
71.300000,-3.757911,-0.796736,7.985011,-3.544147
71.310000,-3.756044,0.937757,8.350022,-3.380865
71.320000,-3.735110,2.709833,9.387776,-3.199372
71.330000,-3.698352,4.713593,8.346471,-3.065943
71.340000,-3.647807,6.060987,5.624840,-2.972200
71.350000,-3.578275,6.990217,4.489531,-2.872436
71.360000,-3.510565,7.148685,2.937378,-2.785404
71.370000,-3.434713,7.885085,2.344945,-2.702371
71.380000,-3.348181,8.229042,3.092947,-2.559012
71.390000,-3.268061,8.474871,4.795851,-2.410594
71.400000,-3.176622,9.215444,4.735535,-2.238967
71.410000,-3.075498,10.244421,4.816075,-2.079309
71.420000,-2.963505,10.974808,5.025927,-1.911347
71.430000,-2.844724,11.689443,5.301210,-1.753093
71.440000,-2.735703,12.144867,4.298077,-1.602944
71.450000,-2.609654,12.479775,4.180874,-1.467524
71.460000,-2.477184,13.087551,1.332484,-1.349941
71.470000,-2.349612,13.292299,1.291988,-1.251518
71.480000,-2.216399,13.407023,-0.027157,-1.169991
71.490000,-2.088702,12.974282,-1.200000,-1.110070
71.500000,-1.950804,11.707736,-1.626866,-1.070008
71.510000,-1.852822,11.200718,-2.386394,-1.051610
71.520000,-1.735038,10.337244,-4.878548,-1.050424
71.530000,-1.646409,9.438374,-4.458722,-1.066058
71.540000,-1.563023,7.919836,-5.029254,-1.096309
71.550000,-1.492918,6.287360,-4.896790,-1.140959
71.560000,-1.436516,5.006181,-4.851746,-1.178690
71.570000,-1.388192,4.013705,-4.170029,-1.209373
71.580000,-1.356355,2.633836,-3.412345,-1.251098
71.590000,-1.331188,1.897661,-3.532151,-1.298683
71.600000,-1.317225,0.966315,-3.536184,-1.363875
71.610000,-1.313230,0.069413,-3.203713,-1.434829
71.620000,-1.316907,-0.773456,-4.082492,-1.514127
71.630000,-1.328501,-1.407334,-4.930936,-1.599572
71.640000,-1.347560,-2.260698,-4.926514,-1.675844
71.650000,-1.374343,-2.900105,-4.033050,-1.757774
71.660000,-1.408350,-3.568198,-3.886160,-1.837505
71.670000,-1.449588,-4.554836,-4.211510,-1.930646
71.680000,-1.495219,-4.898118,-3.932209,-2.035197
71.690000,-1.552634,-5.787508,-4.827989,-2.141302
71.700000,-1.610641,-6.089476,-3.672707,-2.245937
71.710000,-1.679808,-6.967259,-3.205523,-2.342424
71.720000,-1.745226,-6.899371,-2.327745,-2.425834
71.730000,-1.822732,-7.585050,-2.274454,-2.510501
71.740000,-1.898734,-7.797032,-1.531604,-2.586356
71.750000,-1.980264,-8.016801,-1.255240,-2.653825
71.760000,-2.054799,-7.759041,-0.645078,-2.714203
71.770000,-2.136861,-7.717465,0.648492,-2.765051
71.780000,-2.213660,-7.616695,1.196271,-2.803386
71.790000,-2.287548,-6.896187,0.950827,-2.830760
71.800000,-2.353450,-6.814267,0.946713,-2.848516
71.810000,-2.418644,-6.476008,1.537136,-2.856644
71.820000,-2.481103,-5.689539,1.805476,-2.856981
71.830000,-2.532570,-4.804043,2.220349,-2.849686
71.840000,-2.574957,-3.935376,2.036790,-2.834762
71.850000,-2.615244,-3.728692,1.899584,-2.821748
71.860000,-2.644599,-2.707923,2.199042,-2.807943
71.870000,-2.672927,-2.144740,1.622666,-2.783732
71.880000,-2.690406,-1.559205,1.691724,-2.752330
71.890000,-2.701757,-1.143508,1.664048,-2.727681
71.900000,-2.711563,-0.525359,1.345858,-2.695251
71.910000,-2.714008,-0.040208,0.787817,-2.660153
71.920000,-2.712604,0.262802,1.955999,-2.629064
71.930000,-2.708773,0.495759,2.413732,-2.596889
71.940000,-2.701707,0.877060,2.231088,-2.570182
71.950000,-2.691423,1.037288,2.136632,-2.546317
71.960000,-2.680088,1.346554,1.983170,-2.528834
71.970000,-2.665566,1.419804,1.447171,-2.515620
71.980000,-2.651765,1.542857,1.350265,-2.509476
71.990000,-2.637013,1.432238,0.953846,-2.510317
72.000000,-2.622461,1.276079,0.091142,-2.517412
72.010000,-2.608452,1.327323,0.149301,-2.532416
72.020000,-2.597933,0.878847,-0.681009,-2.555334
72.030000,-2.590326,0.536345,-0.752581,-2.584891
72.040000,-2.587358,0.196819,-1.114930,-2.619922
72.050000,-2.587358,-0.151583,-1.734835,-2.662297
72.060000,-2.589817,-0.388658,-2.736230,-2.708176
72.070000,-2.596621,-0.814427,-2.923841,-2.759169
72.080000,-2.607089,-1.223640,-3.379323,-2.814505
72.090000,-2.623051,-1.595211,-3.394258,-2.870277
72.100000,-2.643455,-2.269744,-3.499631,-2.926959
72.110000,-2.669655,-2.786307,-2.793806,-2.988076
72.120000,-2.699328,-3.270097,-2.507110,-3.040335
72.130000,-2.733332,-3.384494,-2.771878,-3.090757
72.140000,-2.769245,-3.913057,-2.045154,-3.138169
72.150000,-2.807697,-3.625556,-1.410816,-3.177780
72.160000,-2.848419,-4.048402,-0.677099,-3.208306
72.170000,-2.890815,-3.671952,-0.695942,-3.227452
72.180000,-2.930106,-4.073529,-0.368841,-3.237258
72.190000,-2.970389,-3.372234,0.585586,-3.233894
72.200000,-3.001949,-3.496315,0.646154,-3.215368
72.210000,-3.032912,-2.807247,2.227706,-3.185620
72.220000,-3.057994,-2.136508,2.204274,-3.135739
72.230000,-3.075640,-1.395676,2.853594,-3.068709
72.240000,-3.084959,-0.453845,3.524174,-2.979226
72.250000,-3.084401,0.438933,4.766034,-2.876431
72.260000,-3.074265,1.467104,5.437508,-2.758632
72.270000,-3.053370,2.458207,5.998972,-2.620142
72.280000,-3.019464,3.682499,7.320440,-2.464110
72.290000,-2.976826,5.267792,7.173200,-2.294701
72.300000,-2.915078,6.711730,7.232995,-2.098674
72.310000,-2.832216,8.292333,7.989088,-1.891158
72.320000,-2.750700,9.873290,8.525903,-1.651453
72.330000,-2.638811,11.360551,8.642887,-1.409405
72.340000,-2.519843,12.955054,7.034394,-1.165808
72.350000,-2.375765,14.592980,8.013526,-0.913688
72.360000,-2.225963,16.036995,6.665289,-0.669449
72.370000,-2.066416,16.432669,0.769428,-0.397318
72.380000,-1.888991,16.058642,-0.513200,-0.143620
72.390000,-1.735756,16.105639,1.718102,0.073615
72.400000,-1.565685,15.997581,1.230151,0.324397
72.410000,-1.412689,16.002430,1.608906,0.572789
72.420000,-1.259604,16.050252,0.921093,0.833418
72.430000,-1.089050,16.092308,2.707140,1.101533
72.440000,-0.937532,16.115931,1.067709,1.361366
72.450000,-0.773754,16.007799,0.381342,1.592681
72.460000,-0.602181,16.159372,1.521763,1.811571
72.470000,-0.440413,16.045975,0.224911,2.012236
72.480000,-0.289960,16.114807,1.343934,2.207533
72.490000,-0.125678,15.999274,1.112774,2.385880
72.500000,0.026695,16.063897,1.181840,2.528049
72.510000,0.190962,15.991201,0.972194,2.677618
72.520000,0.355133,16.134918,1.216882,2.796592
72.530000,0.511474,16.191508,1.128624,2.912418
72.540000,0.669998,16.007202,1.726086,3.007260
72.550000,0.839539,15.980359,0.964974,3.087413
72.560000,0.992460,16.127284,1.691098,3.152004
72.570000,1.168012,16.172497,1.534099,3.194132
72.580000,1.334894,16.091652,1.200000,3.221925
72.590000,1.481478,16.100920,0.840769,3.236098
72.600000,1.637847,16.067315,1.297641,3.235593
72.610000,1.814421,16.121871,1.984314,3.223114
72.620000,1.970542,16.093295,0.656524,3.197547
72.630000,2.119128,15.282853,-4.919863,3.163839
72.640000,2.270072,13.566738,-6.765115,3.120424
72.650000,2.389811,11.494485,-7.793674,3.074611
72.660000,2.496344,9.651826,-7.405531,3.022517
72.670000,2.589291,7.725700,-6.646431,2.959534
72.680000,2.650456,5.718038,-6.820534,2.898882
72.690000,2.703213,4.502405,-5.925060,2.837702
72.700000,2.735984,2.852747,-5.018003,2.777557
72.710000,2.756332,1.280262,-4.384402,2.716148
72.720000,2.762647,0.193199,-3.384131,2.659610
72.730000,2.761110,-0.462906,-3.750122,2.610687
72.740000,2.753170,-1.057830,-3.525351,2.570858
72.750000,2.738936,-1.642599,-3.086423,2.539695
72.760000,2.721146,-1.868324,-2.345769,2.519597
72.770000,2.702595,-2.092959,-1.502654,2.509912
72.780000,2.680130,-1.896662,-0.617781,2.510508
72.790000,2.662220,-1.779750,-0.009160,2.520094
72.800000,2.641847,-1.803133,0.353191,2.537308
72.810000,2.628412,-1.254454,0.083604,2.560197
72.820000,2.616193,-1.032989,0.932095,2.583821
72.830000,2.608809,-0.578257,1.320331,2.612799
72.840000,2.605344,-0.114590,0.489063,2.640297
72.850000,2.606130,0.132982,1.575658,2.672461
72.860000,2.608721,0.354234,2.108608,2.702559
72.870000,2.613093,0.507860,2.272114,2.734776
72.880000,2.621268,0.905266,2.057051,2.768538
72.890000,2.633121,1.277564,2.629230,2.797458
72.900000,2.646240,1.331089,1.953299,2.826137
72.910000,2.662325,1.590688,1.948826,2.846068
72.920000,2.680065,1.921475,1.601416,2.853967
72.930000,2.696075,1.657698,1.015786,2.856948
72.940000,2.717147,1.806593,0.788373,2.857089
72.950000,2.734216,1.683200,-0.031879,2.848662
72.960000,2.747420,1.194441,0.018746,2.828316
72.970000,2.760548,1.039061,-0.999800,2.794078
72.980000,2.766080,0.692819,-0.949990,2.766489
72.990000,2.770848,0.138214,-0.463220,2.739098
73.000000,2.770531,-0.133284,-0.770261,2.704050
73.010000,2.768044,-0.356466,-1.662045,2.666258
73.020000,2.762501,-0.600607,-2.793357,2.626793
73.030000,2.753529,-1.050039,-2.867518,2.565721
73.040000,2.740655,-1.659087,-3.582511,2.496668
73.050000,2.719873,-2.230753,-3.838477,2.421328
73.060000,2.696137,-2.856992,-4.203910,2.351360
73.070000,2.662816,-3.294367,-3.518777,2.280741
73.080000,2.626934,-3.706127,-3.585169,2.197950
73.090000,2.586489,-4.535622,-3.951100,2.114228
73.100000,2.540079,-5.023798,-3.450119,2.025969
73.110000,2.486250,-5.695566,-3.476923,1.928776
73.120000,2.431160,-6.120364,-3.936180,1.828604
73.130000,2.359825,-6.463570,-2.945938,1.734567
73.140000,2.301363,-7.131500,-3.719811,1.639095
73.150000,2.230385,-7.388518,-2.819361,1.547959
73.160000,2.149705,-7.684324,-2.315343,1.464937
73.170000,2.076414,-7.657621,-1.553079,1.379284
73.180000,1.998045,-7.794420,-1.500437,1.311405
73.190000,1.919353,-8.067639,-1.448805,1.244952
73.200000,1.839658,-8.137195,-0.467652,1.185770
73.210000,1.760371,-7.566449,0.064320,1.136575
73.220000,1.686345,-7.751051,0.042850,1.097463
73.230000,1.603721,-7.157881,0.499898,1.070678
73.240000,1.538277,-6.829422,1.301306,1.053371
73.250000,1.474882,-6.344713,1.692308,1.049045
73.260000,1.421693,-5.365969,2.000000,1.055805
73.270000,1.367637,-4.884887,2.202554,1.074996
73.280000,1.325205,-3.892215,2.633302,1.106016
73.290000,1.289288,-3.143209,3.097845,1.147439
73.300000,1.262887,-2.108773,3.161513,1.208783
73.310000,1.246065,-1.404088,3.257900,1.276411
73.320000,1.237665,-0.275222,3.554200,1.353334
73.330000,1.239530,0.540807,4.721238,1.436940
73.340000,1.249796,1.216329,4.960426,1.539304
73.350000,1.268638,2.173297,5.895634,1.647085
73.360000,1.296465,3.273707,5.022882,1.765459
73.370000,1.335397,4.211126,5.516041,1.888101
73.380000,1.388654,5.332185,6.127796,2.023335
73.390000,1.446137,6.482666,4.680446,2.127391
73.400000,1.518698,7.267711,4.569307,2.265882
73.410000,1.592071,7.650177,4.023202,2.381700
73.420000,1.671068,8.717417,5.267431,2.555171
73.430000,1.765510,9.297720,5.410299,2.736299
73.440000,1.865882,10.532871,4.591284,2.888411
73.450000,1.979458,11.245612,4.531197,3.061832
73.460000,2.102933,11.898453,5.737101,3.219006
73.470000,2.215186,12.595151,4.097006,3.370613
73.480000,2.343667,13.409038,2.779585,3.515806
73.490000,2.491434,13.474551,2.014420,3.637975
73.500000,2.616030,13.207552,1.929790,3.755826
73.510000,2.740564,13.641376,1.369609,3.857196
73.520000,2.879927,13.130170,-0.432031,3.946422
73.530000,3.008535,12.926903,-1.506667,4.016144
73.540000,3.141730,12.091432,-1.698439,4.074335
73.550000,3.253891,11.634063,-2.636793,4.111403
73.560000,3.363647,10.582169,-2.540198,4.130615
73.570000,3.469666,9.655328,-3.996979,4.130656
73.580000,3.565927,8.519183,-4.680337,4.112251
73.590000,3.642924,7.550219,-4.787276,4.075914
73.600000,3.711693,5.727525,-4.276802,4.026205
73.610000,3.762927,4.632923,-5.323077,3.952770
73.620000,3.802785,3.335403,-5.832923,3.859697
73.630000,3.826506,1.614682,-5.511030,3.753308
73.640000,3.835164,0.181167,-6.059327,3.630474
73.650000,3.828460,-1.276594,-6.668441,3.506865
73.660000,3.809476,-2.281131,-8.511481,3.365186
73.670000,3.776614,-4.004073,-7.538340,3.218824
73.680000,3.727499,-5.265292,-6.805298,3.068227
73.690000,3.666787,-6.556846,-6.832342,2.907460
73.700000,3.599125,-8.040771,-6.390901,2.745700
73.710000,3.516565,-9.176797,-6.659378,2.569545
73.720000,3.420296,-10.211897,-5.445867,2.398161
73.730000,3.305927,-11.083172,-5.685690,2.222206
73.740000,3.195669,-11.929733,-4.334962,2.052921
73.750000,3.076688,-12.602641,-4.394350,1.884996
73.760000,2.941534,-13.283246,-3.268274,1.721176
73.770000,2.796433,-14.193083,-4.501774,1.559736
73.780000,2.668772,-14.223971,-2.768752,1.405624
73.790000,2.524027,-14.684227,-3.063836,1.260204
73.800000,2.370354,-14.716512,-2.095505,1.126526
73.810000,2.223546,-14.756193,-1.039706,0.998180
73.820000,2.081852,-14.286029,-0.700217,0.876282
73.830000,1.938094,-14.253325,-0.648706,0.756046
73.840000,1.779678,-14.116248,-0.119499,0.648412
73.850000,1.653881,-13.493058,0.801883,0.547229
73.860000,1.518295,-13.485289,0.655961,0.449837
73.870000,1.375134,-12.851815,1.115629,0.368516
73.880000,1.249086,-12.561630,1.229427,0.289896
73.890000,1.123666,-11.923576,2.184615,0.229935
73.900000,1.024115,-11.100148,1.441144,0.160939
73.910000,0.917869,-10.513588,1.545842,0.096335
73.920000,0.809025,-10.151627,1.996521,0.055062
73.930000,0.706621,-9.399937,2.028798,0.016366
73.940000,0.613670,-8.337222,2.258865,-0.035484
73.950000,0.536468,-8.259085,0.937796,-0.097845
73.960000,0.461256,-8.002807,0.869967,-0.152433
73.970000,0.379130,-7.268310,0.502395,-0.211236
73.980000,0.312183,-6.784805,-0.191654,-0.276859
73.990000,0.240914,-7.095810,-0.645518,-0.351832
74.000000,0.167476,-7.065201,-0.903852,-0.423379
74.010000,0.098057,-7.141965,-0.864975,-0.500551
74.020000,0.033825,-6.589659,-2.414198,-0.608206
74.030000,-0.044159,-7.352897,-3.334782,-0.732801
74.040000,-0.115071,-7.809876,-4.618421,-0.870120
74.050000,-0.192599,-8.335438,-4.503975,-1.018004
74.060000,-0.285661,-9.012600,-4.516672,-1.178043
74.070000,-0.374181,-9.915061,-4.797579,-1.343948
74.080000,-0.478195,-10.607121,-4.689214,-1.516488
74.090000,-0.598594,-11.309697,-4.295994,-1.699851
74.100000,-0.719143,-12.275907,-5.432611,-1.872032
74.110000,-0.846342,-13.378448,-6.801198,-2.039611
74.120000,-0.966905,-13.788228,-3.943863,-2.202641
74.130000,-1.119070,-14.018995,-2.936996,-2.362121
74.140000,-1.245703,-14.332017,-3.182524,-2.530167
74.150000,-1.394137,-14.722307,-1.797081,-2.693266
74.160000,-1.554369,-14.923467,-1.547082,-2.842812
74.170000,-1.706977,-15.252212,-1.115593,-2.997155
74.180000,-1.845819,-15.169231,-1.287769,-3.155817
74.190000,-2.007520,-15.366442,-2.196010,-3.299165
74.200000,-2.156102,-15.352098,-1.698514,-3.445192
74.210000,-2.305227,-15.439573,-0.837649,-3.565082
74.220000,-2.463054,-15.161321,0.110759,-3.687633
74.230000,-2.610300,-14.627145,-0.068924,-3.794597
74.240000,-2.753526,-14.215070,1.268725,-3.889684
74.250000,-2.895390,-13.825288,1.430184,-3.976016
74.260000,-3.034530,-13.307790,2.000000,-4.039663
74.270000,-3.163033,-12.474427,2.402088,-4.089343
74.280000,-3.283080,-11.800475,2.380092,-4.118364
74.290000,-3.393762,-10.683866,3.300278,-4.131888
74.300000,-3.494274,-9.923145,3.600000,-4.128003
74.310000,-3.582089,-8.246213,4.843603,-4.106744
74.320000,-3.660340,-7.204168,4.939062,-4.070479
74.330000,-3.728247,-5.858607,4.520881,-4.018447
74.340000,-3.779971,-4.559648,5.183664,-3.951393
74.350000,-3.812536,-3.254087,5.356249,-3.870684
74.360000,-3.836807,-1.627430,4.703163,-3.775903
74.370000,-3.845846,-0.269931,5.478041,-3.666475
74.380000,-3.841289,0.957404,6.267778,-3.554012
74.390000,-3.825341,2.348453,6.356524,-3.450809
74.400000,-3.799804,2.875151,6.771758,-3.305423
74.410000,-3.761701,4.535834,6.023475,-3.179549
74.420000,-3.709270,5.588859,6.747745,-3.025675
74.430000,-3.644018,7.034511,6.842271,-2.874625
74.440000,-3.564226,8.016904,5.951642,-2.720440
74.450000,-3.486531,8.946987,5.254556,-2.567768
74.460000,-3.382284,9.844240,4.892890,-2.417129
74.470000,-3.288481,10.452794,4.340446,-2.270550
74.480000,-3.176939,11.121537,4.443850,-2.125236
74.490000,-3.063826,11.760987,3.373061,-1.986742
74.500000,-2.946001,11.902767,2.965413,-1.863853
74.510000,-2.817468,12.264274,3.076276,-1.727119
74.520000,-2.681329,12.338247,2.177247,-1.582576
74.530000,-2.571157,13.115366,1.269187,-1.457876
74.540000,-2.440107,12.622290,1.973604,-1.340304
74.550000,-2.309510,12.862533,1.308751,-1.241612
74.560000,-2.183024,12.665766,0.008362,-1.164347
74.570000,-2.056807,12.550686,-1.346944,-1.109454
74.580000,-1.936476,11.552864,-2.209445,-1.070027
74.590000,-1.826255,10.677809,-3.347804,-1.051735
74.600000,-1.721906,10.012232,-3.688295,-1.051273
74.610000,-1.617787,8.434786,-3.856081,-1.070241
74.620000,-1.548019,7.181505,-3.991523,-1.105198
74.630000,-1.477203,6.411990,-4.787631,-1.154527
74.640000,-1.420290,4.848606,-5.549757,-1.220733
74.650000,-1.383781,3.627339,-4.949256,-1.302160
74.660000,-1.358197,1.830463,-4.683721,-1.392363
74.670000,-1.345648,0.572671,-4.948328,-1.491334
74.680000,-1.347463,-0.680067,-5.747648,-1.601743
74.690000,-1.360576,-1.647734,-6.177589,-1.700183
74.700000,-1.385804,-3.149129,-5.979628,-1.818111
74.710000,-1.421946,-4.178984,-5.775187,-1.939797
74.720000,-1.467251,-5.354305,-5.283163,-2.048610
74.730000,-1.526359,-5.854411,-4.715147,-2.167377
74.740000,-1.585182,-6.943103,-4.340392,-2.275433
74.750000,-1.658262,-7.282581,-3.588652,-2.383917
74.760000,-1.739989,-8.082128,-3.365112,-2.480366
74.770000,-1.817332,-8.463748,-2.713402,-2.568197
74.780000,-1.911551,-8.667844,-2.163743,-2.644538
74.790000,-1.989122,-8.869176,-0.898596,-2.712138
74.800000,-2.073336,-8.674156,0.061576,-2.767020
74.810000,-2.161732,-8.035951,0.366125,-2.806480
74.820000,-2.247870,-7.703210,0.898543,-2.835961
74.830000,-2.315541,-7.625229,1.605513,-2.852381
74.840000,-2.385670,-6.717534,2.307692,-2.857591
74.850000,-2.448700,-6.006419,2.204066,-2.852634
74.860000,-2.511479,-5.010681,2.718203,-2.838527
74.870000,-2.554959,-4.474179,2.991352,-2.816516
74.880000,-2.595581,-3.920876,2.023947,-2.790047
74.890000,-2.627332,-2.906971,2.411509,-2.760879
74.900000,-2.653735,-2.052747,2.307692,-2.726096
74.910000,-2.668437,-1.349360,1.995509,-2.689670
74.920000,-2.677491,-0.657707,2.025323,-2.650964
74.930000,-2.680438,0.055913,1.449465,-2.613479
74.940000,-2.678005,0.381432,1.900158,-2.581407
74.950000,-2.672955,0.575824,2.530403,-2.554340
74.960000,-2.665249,0.976466,1.984984,-2.532537
74.970000,-2.654798,1.060819,2.019605,-2.516971
74.980000,-2.641672,1.279568,1.055115,-2.509565
74.990000,-2.627739,1.353895,0.993162,-2.510433
75.000000,-2.615912,1.265758,0.490485,-2.519840
75.010000,-2.604786,0.923085,0.223062,-2.536836
75.020000,-2.595486,0.841364,-0.613031,-2.559524
75.030000,-2.588395,0.448990,-0.610421,-2.579325
75.040000,-2.585099,0.220164,-0.750311,-2.600378
75.050000,-2.584491,-0.091490,-0.433632,-2.621957
75.060000,-2.585705,-0.171415,-1.364259,-2.647560
75.070000,-2.588581,-0.340278,-2.702353,-2.691842
75.080000,-2.593529,-0.778561,-2.666204,-2.744370
75.090000,-2.603761,-1.208791,-2.923077,-2.793246
75.100000,-2.619539,-1.802630,-2.939976,-2.848185
75.110000,-2.637091,-2.219089,-3.042712,-2.908191
75.120000,-2.660610,-2.654255,-3.395365,-2.966363
75.130000,-2.688251,-3.034205,-2.622753,-3.024248
75.140000,-2.720358,-3.450786,-2.252789,-3.073580
75.150000,-2.757981,-3.797119,-2.219015,-3.120505
75.160000,-2.795935,-4.137693,-2.068802,-3.161007
75.170000,-2.838313,-3.840927,-0.902892,-3.196232
75.180000,-2.876078,-3.950666,-1.321550,-3.220359
75.190000,-2.916606,-4.005987,-0.797196,-3.234207
75.200000,-2.953369,-3.728677,0.632776,-3.237015
75.210000,-2.994113,-3.590808,1.705116,-3.225034
75.220000,-3.024574,-2.881538,1.275983,-3.197466
75.230000,-3.050428,-2.436434,2.180933,-3.153345
75.240000,-3.071610,-1.461484,2.477984,-3.093510
75.250000,-3.082538,-0.892021,3.488845,-3.016632
75.260000,-3.085565,0.100097,3.800451,-2.928999
75.270000,-3.079158,1.047973,4.812732,-2.815266
75.280000,-3.062669,2.264063,6.156248,-2.681000
75.290000,-3.036596,3.140358,7.559213,-2.529585
75.300000,-2.995986,4.807657,7.275434,-2.359185
75.310000,-2.940444,6.038298,7.602345,-2.194307
75.320000,-2.869998,7.246759,6.867137,-2.012170
75.330000,-2.788020,8.860179,7.994761,-1.801551
75.340000,-2.694451,10.510311,7.268255,-1.569621
75.350000,-2.579811,11.741451,9.779016,-1.313501
75.360000,-2.446304,13.717333,7.328705,-1.123812
75.370000,-2.314152,14.697420,6.506355,-0.890366
75.380000,-2.144801,15.830885,5.986749,-0.645501
75.390000,-1.997635,16.534669,0.911916,-0.381471
75.400000,-1.833052,16.153633,0.448932,-0.067299
75.410000,-1.680474,16.141337,0.910064,0.226283
75.420000,-1.501867,16.097293,1.584532,0.367854
75.430000,-1.349201,16.106359,0.765699,0.555378
75.440000,-1.187159,15.999764,1.183788,0.754588
75.450000,-1.039964,16.130316,1.604976,0.966709
75.460000,-0.857149,16.042101,0.361395,1.170345
75.470000,-0.698483,16.119837,1.181131,1.351113
75.480000,-0.550245,16.159487,0.879860,1.506941
75.490000,-0.393913,16.040426,1.187883,1.691451
75.500000,-0.223614,16.214662,1.222855,1.869999
75.510000,-0.070169,16.057143,1.274701,2.035137
75.520000,0.093918,16.024829,1.372811,2.209372
75.530000,0.250296,15.988255,1.747788,2.371721
75.540000,0.414146,16.116761,0.892611,2.520244
75.550000,0.584462,16.008427,1.266975,2.639504
75.560000,0.733014,16.099067,0.732972,2.751174
75.570000,0.909792,16.021483,1.699242,2.839889
75.580000,1.058860,16.018113,0.810345,2.928023
75.590000,1.223175,16.049921,1.591205,3.013646
75.600000,1.388126,16.175777,0.450728,3.080809
75.610000,1.544708,16.069450,0.707661,3.134403
75.620000,1.707719,16.053799,1.963884,3.177986
75.630000,1.870210,16.063050,0.463008,3.209511
75.640000,2.024250,15.901428,-1.338923,3.229279
75.650000,2.189991,15.024068,-5.042405,3.237357
75.660000,2.321763,13.504554,-5.999007,3.234690
75.670000,2.447957,11.855756,-5.666844,3.222396
75.680000,2.566541,10.416428,-6.048363,3.204057
75.690000,2.659053,8.795436,-5.630769,3.175047
75.700000,2.742292,7.413073,-5.630769,3.143732
75.710000,2.803442,5.968107,-5.451243,3.106661
75.720000,2.856030,4.775384,-4.381916,3.063085
75.730000,2.894496,3.123361,-4.434851,3.010846
75.740000,2.922636,2.106423,-4.166243,2.957598
75.750000,2.938160,1.043403,-3.187494,2.906318
75.760000,2.943576,0.176775,-2.517988,2.858358
75.770000,2.941933,-0.424802,-2.975558,2.808958
75.780000,2.935007,-0.909122,-3.272232,2.759088
75.790000,2.922477,-1.571051,-3.211653,2.718843
75.800000,2.905371,-1.924453,-2.368163,2.678655
75.810000,2.885990,-2.261812,-2.767409,2.637944
75.820000,2.862022,-2.237471,-2.246216,2.607822
75.830000,2.836419,-2.764503,-1.682439,2.578298
75.840000,2.807172,-2.926114,-1.699073,2.551516
75.850000,2.782025,-2.635784,-0.945958,2.534186
75.860000,2.753303,-2.769287,-1.323341,2.519918
75.870000,2.727344,-2.478903,-0.249396,2.510918
75.880000,2.700830,-2.429455,-0.614489,2.509100
75.890000,2.675773,-2.212133,0.072295,2.511886
75.900000,2.654961,-2.074134,0.790315,2.520506
75.910000,2.637024,-1.678586,0.436119,2.533835
75.920000,2.621771,-1.372587,1.003512,2.554842
75.930000,2.610121,-0.935795,0.953846,2.581390
75.940000,2.603600,-0.516819,1.235461,2.612117
75.950000,2.600710,-0.065934,0.953846,2.644789
75.960000,2.601558,0.212476,1.733483,2.682678
75.970000,2.604735,0.419438,2.675385,2.719329
75.980000,2.611518,0.765707,2.783555,2.755456
75.990000,2.622267,1.142942,2.092666,2.788112
76.000000,2.635128,1.621092,2.341562,2.815116
76.010000,2.650323,1.737428,2.230391,2.836614
76.020000,2.667954,1.953277,1.722374,2.851097
76.030000,2.687415,1.928674,0.850871,2.857456
76.040000,2.705890,1.727784,0.459358,2.854260
76.050000,2.723121,1.682934,-0.023971,2.840927
76.060000,2.739330,1.401324,-0.446783,2.816197
76.070000,2.751201,1.068163,-1.076628,2.781486
76.080000,2.758596,0.571110,-1.534894,2.737174
76.090000,2.761311,-0.005665,-1.816495,2.677151
76.100000,2.758496,-0.494552,-3.560406,2.607483
76.110000,2.750579,-1.177080,-4.251038,2.527636
76.120000,2.736257,-1.818473,-4.531115,2.441597
76.130000,2.713082,-2.445099,-4.075046,2.348205
76.140000,2.680066,-3.287614,-4.754889,2.246502
76.150000,2.642816,-4.065977,-4.476556,2.147855
76.160000,2.597507,-5.235684,-5.908938,2.034499
76.170000,2.541695,-5.542843,-4.147682,1.919664
76.180000,2.475767,-6.583372,-4.907378,1.801163
76.190000,2.408963,-6.993450,-4.074768,1.683322
76.200000,2.334449,-7.943834,-3.191848,1.568893
76.210000,2.243103,-8.439975,-3.058329,1.466504
76.220000,2.160497,-8.720974,-2.259546,1.368138
76.230000,2.075898,-9.247979,-2.467709,1.279024
76.240000,1.984157,-9.207683,-1.747033,1.204452
76.250000,1.891466,-9.105701,-0.521089,1.140602
76.260000,1.799666,-8.934285,0.310189,1.092450
76.270000,1.716227,-8.862111,1.033013,1.062567
76.280000,1.631589,-8.209204,1.842791,1.049654
76.290000,1.550147,-7.310524,2.573238,1.054410
76.300000,1.483132,-6.566564,3.133881,1.077946
76.310000,1.424548,-5.742517,3.382449,1.119198
76.320000,1.376393,-4.312206,4.714447,1.180080
76.330000,1.337760,-3.131932,4.471161,1.261808
76.340000,1.313031,-1.817867,4.968566,1.360899
76.350000,1.302492,-0.425642,5.252503,1.478898
76.360000,1.306739,1.049930,6.246434,1.599874
76.370000,1.321609,2.302023,7.132208,1.747497
76.380000,1.351036,3.317183,7.316425,1.897776
76.390000,1.396591,5.315685,6.889508,2.052850
76.400000,1.453526,6.284135,7.300481,2.229867
76.410000,1.524099,7.829866,6.714303,2.394952
76.420000,1.617748,9.286824,6.494962,2.579609
76.430000,1.706750,10.100443,6.617694,2.765758
76.440000,1.817036,11.321861,5.629533,2.936551
76.450000,1.949079,12.364955,4.061643,3.110901
76.460000,2.078305,13.130196,4.099661,3.288033
76.470000,2.188535,13.750411,3.481624,3.405596
76.480000,2.334030,13.740589,1.574441,3.499753
76.490000,2.476394,13.957148,-0.258435,3.575831
76.500000,2.598945,13.401979,-0.191198,3.653729
76.510000,2.738978,12.696345,-1.603925,3.729309
76.520000,2.860007,12.340525,-2.280628,3.793609
76.530000,2.984138,11.792194,-2.134253,3.857955
76.540000,3.084412,10.711263,-0.965741,3.917198
76.550000,3.200070,10.108445,-1.659853,3.985618
76.560000,3.290544,9.563372,-1.076911,4.048638
76.570000,3.385812,9.045140,-0.828277,4.092280
76.580000,3.477358,8.722804,-1.726436,4.120769
76.590000,3.566029,7.937582,-2.142906,4.131917
76.600000,3.642610,7.374565,-3.207935,4.131078
76.610000,3.706960,6.550359,-3.106354,4.118743
76.620000,3.768623,5.332763,-3.169599,4.091509
76.630000,3.812756,4.139723,-3.897673,4.046130
76.640000,3.858216,3.401014,-4.099541,3.987849
76.650000,3.883289,2.254239,-4.560261,3.925303
76.660000,3.901292,1.183277,-4.600578,3.838211
76.670000,3.906119,0.058382,-3.634207,3.745402
76.680000,3.900762,-0.991911,-5.872694,3.641924
76.690000,3.886415,-1.944180,-5.646900,3.529945
76.700000,3.860247,-2.673711,-6.272042,3.408459
76.710000,3.819749,-4.239000,-6.133635,3.280119
76.720000,3.771162,-5.278317,-5.761341,3.148127
76.730000,3.721665,-6.372091,-5.627320,3.029567
76.740000,3.643495,-7.357985,-5.522178,2.891432
76.750000,3.572403,-7.861596,-4.656337,2.721571
76.760000,3.487518,-9.028631,-5.745641,2.564103
76.770000,3.391102,-9.806819,-4.952379,2.416418
76.780000,3.289487,-10.534621,-4.338462,2.257860
76.790000,3.178971,-11.467145,-3.810612,2.091224
76.800000,3.059558,-11.960030,-3.941526,1.949342
76.810000,2.931557,-12.839682,-2.808109,1.812420
76.820000,2.810944,-13.103533,-3.453638,1.663757
76.830000,2.669408,-13.025679,-2.573676,1.521709
76.840000,2.547427,-13.531684,-2.099799,1.377933
76.850000,2.410016,-13.616052,-2.412877,1.248786
76.860000,2.270664,-13.727603,-2.045806,1.124165
76.870000,2.133766,-13.488522,-1.127346,1.011512
76.880000,2.004893,-13.669301,-0.462629,0.907323
76.890000,1.877071,-13.024841,0.259142,0.816113
76.900000,1.747120,-12.599613,0.437159,0.739381
76.910000,1.611071,-12.173533,1.999126,0.684288
76.920000,1.497409,-11.715952,2.028628,0.584712
76.930000,1.387094,-10.861178,0.334634,0.488392
76.940000,1.265837,-10.719732,-0.135735,0.392137
76.950000,1.164318,-10.346836,0.071636,0.301994
76.960000,1.064833,-10.646803,0.097360,0.223866
76.970000,0.965229,-9.954045,0.220950,0.146113
76.980000,0.858753,-9.985426,0.153483,0.068216
76.990000,0.767078,-9.365034,0.419833,-0.003454
77.000000,0.674226,-9.091330,0.131618,-0.076419
77.010000,0.574742,-9.194777,-0.239147,-0.143598
77.020000,0.487261,-8.962818,0.314326,-0.214426
77.030000,0.405148,-8.240902,-0.172744,-0.292718
77.040000,0.323254,-8.552324,-0.863560,-0.377096
77.050000,0.242212,-8.133703,-1.129643,-0.472495
77.060000,0.150935,-8.449745,-1.063628,-0.565967
77.070000,0.075460,-8.093819,-1.649898,-0.673263
77.080000,-0.009082,-8.699394,-2.768066,-0.790731
77.090000,-0.100194,-9.000465,-3.529022,-0.921154
77.100000,-0.187590,-9.512987,-3.621798,-1.056443
77.110000,-0.286649,-9.614625,-3.109874,-1.202816
77.120000,-0.392008,-10.713047,-3.891303,-1.350153
77.130000,-0.496957,-11.197151,-4.359375,-1.513804
77.140000,-0.605821,-11.675091,-4.599106,-1.683818
77.150000,-0.720040,-12.117567,-4.022969,-1.867197
77.160000,-0.853425,-13.189928,-5.627497,-2.053947
77.170000,-0.978941,-13.700447,-5.003529,-2.238420
77.180000,-1.118121,-14.510777,-5.593669,-2.432469
77.190000,-1.278264,-15.057359,-3.677094,-2.616081
77.200000,-1.424735,-15.558367,-4.615234,-2.796940
77.210000,-1.574942,-15.929978,-3.264197,-2.975293
77.220000,-1.749545,-16.215788,-1.003265,-3.142590
77.230000,-1.914635,-16.136131,-1.285195,-3.302960
77.240000,-2.057232,-16.129262,-0.827228,-3.461123
77.250000,-2.224057,-16.160972,-1.543851,-3.607042
77.260000,-2.377987,-16.203224,-1.384860,-3.736628
77.270000,-2.538463,-16.023589,-0.948041,-3.843309
77.280000,-2.701260,-15.810524,0.830769,-3.916764
77.290000,-2.850766,-14.984618,2.797635,-3.972623
77.300000,-2.987092,-13.924388,3.767448,-4.021198
77.310000,-3.122987,-12.732336,4.054994,-4.063545
77.320000,-3.262352,-11.613796,4.215385,-4.089966
77.330000,-3.377009,-10.680923,3.926357,-4.116566
77.340000,-3.473642,-9.594731,3.846154,-4.131112
77.350000,-3.562295,-8.568047,3.842606,-4.130627
77.360000,-3.643734,-7.529424,4.258721,-4.116945
77.370000,-3.714520,-6.621400,3.601822,-4.086457
77.380000,-3.773122,-5.347991,3.945029,-4.045277
77.390000,-3.819748,-3.568711,4.660704,-3.994810
77.400000,-3.850047,-3.041244,4.248759,-3.923399
77.410000,-3.873825,-1.833764,3.535671,-3.856274
77.420000,-3.885456,-0.460704,3.974187,-3.780532
77.430000,-3.885363,0.349246,5.113299,-3.680036
77.440000,-3.874610,1.477013,4.999216,-3.579762
77.450000,-3.857751,2.354090,6.101129,-3.469070
77.460000,-3.828210,3.821036,5.797650,-3.353396
77.470000,-3.784789,4.655878,4.662867,-3.234554
77.480000,-3.735125,5.500676,5.623753,-3.113244
77.490000,-3.676926,6.536578,5.413625,-2.958745
77.500000,-3.610019,7.513695,6.222612,-2.813488
77.510000,-3.524280,8.416272,5.126916,-2.670835
77.520000,-3.437314,9.225148,4.734171,-2.525556
77.530000,-3.341410,10.152354,4.482065,-2.361022
77.540000,-3.233196,10.685714,4.400000,-2.215178
77.550000,-3.122699,11.174255,3.431084,-2.089674
77.560000,-3.014886,11.520111,2.709512,-1.951395
77.570000,-2.882542,11.881226,3.055038,-1.819800
77.580000,-2.772797,12.535219,2.367862,-1.689436
77.590000,-2.639469,12.300046,2.045047,-1.582735
77.600000,-2.512674,12.206596,1.116415,-1.491114
77.610000,-2.400083,12.260812,0.347617,-1.396625
77.620000,-2.282176,11.802204,-0.215431,-1.324161
77.630000,-2.158532,11.585655,-0.855917,-1.251364
77.640000,-2.046686,11.271270,-1.261627,-1.190607
77.650000,-1.939205,10.290832,-1.576366,-1.144973
77.660000,-1.840426,9.790922,-1.176153,-1.103949
77.670000,-1.746063,9.121309,-1.852625,-1.072679
77.680000,-1.648826,8.700123,-2.711619,-1.055051
77.690000,-1.569482,7.746250,-2.511875,-1.049013
77.700000,-1.500614,6.809607,-3.347309,-1.054427
77.710000,-1.436984,6.093245,-2.859220,-1.068796
77.720000,-1.384085,4.791149,-2.691354,-1.093820
77.730000,-1.341480,4.197143,-3.842979,-1.129936
77.740000,-1.302458,3.096454,-3.273911,-1.173182
77.750000,-1.277723,2.037848,-3.770630,-1.227986
77.760000,-1.262067,1.200384,-3.125707,-1.297933
77.770000,-1.255910,0.223030,-3.643648,-1.373690
77.780000,-1.258256,-0.545642,-4.222829,-1.452711
77.790000,-1.267828,-1.407978,-3.804675,-1.510342
77.800000,-1.285569,-2.113856,-3.747785,-1.566411
77.810000,-1.307106,-2.501265,-3.110605,-1.638618
77.820000,-1.336397,-3.084869,-4.087261,-1.718800
77.830000,-1.374557,-3.725714,-2.941862,-1.781056
77.840000,-1.408934,-4.344134,-3.184417,-1.859250
77.850000,-1.458117,-4.924047,-3.102997,-1.933017
77.860000,-1.504168,-5.225321,-3.254767,-2.011243
77.870000,-1.559474,-5.177033,-2.024378,-2.080654
77.880000,-1.611670,-5.262825,-1.754665,-2.141286
77.890000,-1.670773,-5.564372,-1.648585,-2.196587
77.900000,-1.731624,-5.908535,-2.443552,-2.295907
77.910000,-1.797878,-6.241634,-1.943737,-2.360017
77.920000,-1.857205,-6.536264,-2.710111,-2.455449
77.930000,-1.925762,-6.920923,-2.721264,-2.541472
77.940000,-1.990550,-7.083890,-1.994462,-2.621360
77.950000,-2.063285,-6.964004,-1.599208,-2.690001
77.960000,-2.138281,-7.324559,-2.362776,-2.747024
77.970000,-2.203659,-7.386098,-0.471733,-2.789396
77.980000,-2.274857,-7.164545,0.485921,-2.822389
77.990000,-2.344022,-6.715684,1.375105,-2.844364
78.000000,-2.411173,-6.202159,1.109346,-2.855657
78.010000,-2.470159,-5.861664,1.358402,-2.856978
78.020000,-2.519750,-5.041110,1.612323,-2.848467
78.030000,-2.567057,-4.287248,1.855635,-2.831795
78.040000,-2.605888,-3.503064,2.746884,-2.809033
78.050000,-2.639520,-2.675049,2.459945,-2.780179
78.060000,-2.664118,-2.053781,2.201681,-2.747363
78.070000,-2.680392,-1.563940,1.913957,-2.710421
78.080000,-2.690948,-0.645246,1.575588,-2.673661
78.090000,-2.694171,-0.134850,1.598351,-2.639184
78.100000,-2.693408,0.213574,2.159268,-2.604510
78.110000,-2.689333,0.502905,2.655934,-2.573498
78.120000,-2.681894,0.851566,2.565098,-2.547935
78.130000,-2.671538,1.032712,1.979011,-2.528296
78.140000,-2.659310,1.376156,1.212617,-2.515698
78.150000,-2.645802,1.474561,1.301001,-2.509252
78.160000,-2.630189,1.344266,0.743987,-2.511455
78.170000,-2.617004,1.380844,0.171328,-2.521334
78.180000,-2.606024,1.011112,-0.075217,-2.540240
78.190000,-2.595949,0.813540,-0.587086,-2.566188
78.200000,-2.589287,0.333616,-0.813507,-2.602198
78.210000,-2.587739,0.032381,-1.287857,-2.643077
78.220000,-2.589014,-0.224378,-2.247566,-2.692963
78.230000,-2.593485,-0.700893,-2.799070,-2.742823
78.240000,-2.603687,-1.157769,-3.412367,-2.802790
78.250000,-2.619646,-1.854236,-3.415385,-2.865679
78.260000,-2.637353,-2.275999,-3.073042,-2.930554
78.270000,-2.662118,-2.937300,-3.846154,-2.992865
78.280000,-2.693924,-3.436075,-3.293643,-3.046545
78.290000,-2.727673,-3.645056,-2.117950,-3.084660
78.300000,-2.763348,-3.414216,-1.866606,-3.112760
78.310000,-2.801580,-3.834620,-1.065394,-3.140987
78.320000,-2.840954,-3.950600,-0.742594,-3.164767
78.330000,-2.882446,-3.979796,-0.552919,-3.189917
78.340000,-2.915754,-3.494505,-0.628780,-3.215639
78.350000,-2.952729,-3.578634,-0.549718,-3.232910
78.360000,-2.985622,-3.394075,-0.412762,-3.237573
78.370000,-3.017118,-3.152003,0.092308,-3.230245
78.380000,-3.045760,-2.822637,0.618385,-3.209895
78.390000,-3.072228,-2.037549,1.095907,-3.181080
78.400000,-3.089347,-1.564141,2.414579,-3.131703
78.410000,-3.102235,-0.840916,2.486142,-3.068562
78.420000,-3.105783,-0.008569,2.932845,-2.982894
78.430000,-3.102217,0.701723,4.573069,-2.873985
78.440000,-3.089123,1.614513,5.945611,-2.758086
78.450000,-3.065608,2.882450,6.038494,-2.631261
78.460000,-3.031789,3.951909,6.950104,-2.491923
78.470000,-2.988032,5.266452,6.150222,-2.308338
78.480000,-2.921879,6.494901,8.153401,-2.130193
78.490000,-2.854172,7.993963,7.464070,-1.929646
78.500000,-2.761996,9.759631,7.645537,-1.700105
78.510000,-2.654070,11.055949,7.945732,-1.478741
78.520000,-2.544587,12.274510,8.590810,-1.232739
78.530000,-2.410152,13.905325,9.381267,-0.971938
78.540000,-2.258288,15.771999,7.302449,-0.726540
78.550000,-2.097305,16.422235,2.165300,-0.457572
78.560000,-1.922087,16.308469,0.646154,-0.206805
78.570000,-1.759326,16.047397,0.927128,0.055807
78.580000,-1.611229,16.132881,1.078948,0.345239
78.590000,-1.437047,16.069868,1.405684,0.601522
78.600000,-1.279224,16.030084,1.637950,0.850960
78.610000,-1.115221,16.094669,0.966709,1.109849
78.620000,-0.964154,16.143881,1.115885,1.345171
78.630000,-0.802545,16.013469,1.484002,1.579113
78.640000,-0.638536,16.139992,0.855536,1.809230
78.650000,-0.484424,16.035859,1.212956,2.021102
78.660000,-0.315167,16.142217,1.114722,2.202848
78.670000,-0.158314,16.033833,1.115453,2.382666
78.680000,0.002735,16.071652,-0.150499,2.546692
78.690000,0.163290,16.010021,1.288266,2.689025
78.700000,0.328936,16.171404,0.929721,2.818479
78.710000,0.486055,16.190111,1.160895,2.925270
78.720000,0.651215,16.031843,0.769072,2.997219
78.730000,0.802570,16.192022,1.899401,3.056468
78.740000,0.967751,16.027297,0.177898,3.106589
78.750000,1.121223,16.236098,0.696921,3.150031
78.760000,1.289784,16.149332,1.333055,3.178655
78.770000,1.451288,16.152566,0.641621,3.205595
78.780000,1.605222,16.081524,1.782646,3.224259
78.790000,1.773735,15.997669,1.105449,3.233860
78.800000,1.935658,15.969257,1.721365,3.237622
78.810000,2.100104,15.749393,-1.718766,3.234681
78.820000,2.227783,14.582777,-5.557268,3.223983
78.830000,2.374120,13.123776,-6.577752,3.207152
78.840000,2.501340,10.878596,-6.318228,3.186659
78.850000,2.605272,9.381723,-7.316730,3.160144
78.860000,2.695759,7.739537,-5.818069,3.126477
78.870000,2.764705,6.411626,-6.307692,3.076661
78.880000,2.813564,5.135748,-5.699550,3.025442
78.890000,2.856604,3.571127,-5.102984,2.971986
78.900000,2.884326,2.213028,-4.125029,2.908168
78.910000,2.900997,0.964454,-3.839794,2.842633
78.920000,2.904494,-0.129432,-3.961952,2.776791
78.930000,2.899786,-0.823972,-3.818236,2.716399
78.940000,2.888034,-1.640794,-3.306856,2.662781
78.950000,2.869091,-2.191114,-3.839906,2.615348
78.960000,2.848712,-2.489164,-2.906486,2.575972
78.970000,2.823282,-2.800496,-1.897753,2.545151
78.980000,2.794528,-2.729225,-1.337875,2.523595
78.990000,2.764705,-2.988038,-1.197921,2.511671
79.000000,2.734906,-2.790171,-0.649745,2.509345
79.010000,2.708019,-2.835857,-0.019178,2.516264
79.020000,2.681282,-2.410540,0.398346,2.531909
79.030000,2.660432,-1.880148,1.180703,2.555060
79.040000,2.643062,-1.533335,1.228209,2.585075
79.050000,2.630670,-0.838838,1.540757,2.618686
79.060000,2.624335,-0.422098,1.745295,2.657033
79.070000,2.623246,0.111232,1.460243,2.697121
79.080000,2.626167,0.445750,2.299529,2.735652
79.090000,2.632570,0.774755,2.920068,2.771137
79.100000,2.641375,1.152533,2.209189,2.802618
79.110000,2.654158,1.346339,2.142957,2.819099
79.120000,2.667675,1.636372,1.621841,2.831898
79.130000,2.685714,1.718845,1.110642,2.843101
79.140000,2.701685,1.804761,0.834956,2.851561
79.150000,2.715026,1.450749,1.067988,2.856435
79.160000,2.732170,1.465671,0.943120,2.857431
79.170000,2.747259,1.186400,0.820631,2.851108
79.180000,2.761448,1.147602,-0.190776,2.835477
79.190000,2.770374,0.958779,-0.658364,2.809527
79.200000,2.778032,0.546503,-0.861262,2.773654
79.210000,2.780766,0.139616,-1.174891,2.727126
79.220000,2.780003,-0.224219,-2.923178,2.672698
79.230000,2.775723,-0.730667,-3.391082,2.603557
79.240000,2.765253,-1.337717,-4.099089,2.529169
79.250000,2.746629,-1.929917,-5.014523,2.444887
79.260000,2.723557,-2.588246,-3.748277,2.350793
79.270000,2.693801,-3.219878,-4.551550,2.257703
79.280000,2.648766,-4.741019,-3.908449,2.155705
79.290000,2.602903,-5.332968,-5.161536,2.057260
79.300000,2.552848,-5.866309,-3.784615,1.954819
79.310000,2.490925,-6.309788,-4.319274,1.856942
79.320000,2.421443,-6.906376,-3.155255,1.752493
79.330000,2.351039,-7.254544,-3.179974,1.646646
79.340000,2.280942,-7.770671,-3.290504,1.548739
79.350000,2.187748,-7.973690,-1.691418,1.459340
79.360000,2.106647,-8.686182,-2.157124,1.373523
79.370000,2.030394,-8.335565,-1.336303,1.286667
79.380000,1.944781,-8.370367,-1.076846,1.211478
79.390000,1.854468,-8.806685,-0.102845,1.158594
79.400000,1.768430,-8.382384,0.302805,1.112940
79.410000,1.692169,-7.986107,0.932157,1.079102
79.420000,1.608194,-7.477757,1.395572,1.057099
79.430000,1.540671,-7.244433,1.576011,1.049008
79.440000,1.477764,-6.238404,2.400139,1.056879
79.450000,1.413950,-5.397161,2.766211,1.084241
79.460000,1.367189,-4.750775,3.493774,1.125393
79.470000,1.324796,-3.601967,2.900172,1.181067
79.480000,1.295088,-2.611476,3.645550,1.254704
79.490000,1.277966,-1.408191,4.569928,1.343685
79.500000,1.271649,-0.061919,4.635264,1.446683
79.510000,1.276901,1.016015,5.858274,1.562308
79.520000,1.293040,2.295144,5.753599,1.689311
79.530000,1.320839,3.198987,6.661455,1.822385
79.540000,1.360282,4.656550,6.328138,1.968054
79.550000,1.414567,6.143245,6.836204,2.129039
79.560000,1.481973,7.314888,6.744823,2.300615
79.570000,1.559649,8.600262,6.982371,2.465774
79.580000,1.649408,9.684278,6.011309,2.628225
79.590000,1.748767,10.609021,5.101836,2.799036
79.600000,1.872362,11.751827,5.047391,2.951548
79.610000,1.979435,11.985663,3.433558,3.062321
79.620000,2.110448,12.366614,2.103822,3.155803
79.630000,2.226229,12.274324,1.364683,3.251906
79.640000,2.353501,11.993617,0.657168,3.356551
79.650000,2.458313,12.399154,-0.215385,3.456633
79.660000,2.587208,11.608684,-0.030020,3.548933
79.670000,2.704885,11.151320,0.437842,3.633027
79.680000,2.805886,11.470219,-0.279269,3.716594
79.690000,2.926443,11.118338,-0.882910,3.788058
79.700000,3.024901,10.190959,-0.900875,3.841037
79.710000,3.134267,9.949739,-0.539897,3.924722
79.720000,3.231605,9.800130,-0.334038,3.994381
79.730000,3.319244,9.026889,-0.272176,4.046302
79.740000,3.411993,8.616399,-0.709626,4.085823
79.750000,3.496860,8.411427,-1.342765,4.113816
79.760000,3.581517,7.695727,-2.124444,4.130242
79.770000,3.654777,7.046783,-1.323587,4.131759
79.780000,3.714925,6.326805,-2.768896,4.121820
79.790000,3.778459,4.811650,-2.809310,4.099661
79.800000,3.822891,4.454433,-2.803168,4.065644
79.810000,3.862647,3.355914,-3.326438,4.016717
79.820000,3.891991,2.473393,-3.577088,3.947638
79.830000,3.910560,1.383364,-3.734801,3.875904
79.840000,3.919089,0.341212,-4.138474,3.787545
79.850000,3.915727,-0.830769,-5.197987,3.688004
79.860000,3.903419,-1.729980,-5.663507,3.579123
79.870000,3.880245,-2.575494,-4.930741,3.456337
79.880000,3.847548,-3.821034,-5.520987,3.335797
79.890000,3.803736,-5.017203,-5.773247,3.204944
79.900000,3.744324,-6.223733,-6.769777,3.037140
79.910000,3.682629,-7.177680,-6.190027,2.885067
79.920000,3.598182,-8.359088,-6.268758,2.705629
79.930000,3.514798,-9.934030,-6.676486,2.518432
79.940000,3.412213,-10.517060,-6.132933,2.325729
79.950000,3.285032,-11.725818,-6.184615,2.134246
79.960000,3.172425,-12.904152,-4.520421,1.957232
79.970000,3.045936,-13.513997,-4.291377,1.774920
79.980000,2.900785,-14.272269,-3.947510,1.599809
79.990000,2.756166,-15.034697,-2.815552,1.431889
80.000000,2.607732,-15.179881,-2.691093,1.313553
80.010000,2.466584,-15.184792,-1.056499,1.224888
80.020000,2.307761,-15.122933,0.839528,1.138276
80.030000,2.157596,-14.426588,2.148765,1.054825
80.040000,2.027225,-13.889100,1.284796,0.973663
80.050000,1.892496,-13.082808,1.670949,0.883805
80.060000,1.765585,-12.047494,1.303595,0.796835
80.070000,1.646077,-11.797106,1.241819,0.709531
80.080000,1.524394,-11.105511,1.025078,0.626355
80.090000,1.415678,-11.114827,0.388401,0.544739
80.100000,1.310067,-10.834850,0.661467,0.463000
80.110000,1.205938,-10.204837,0.001145,0.396497
80.120000,1.100594,-9.909383,1.220119,0.336208
80.130000,1.009958,-9.153082,0.830769,0.261173
80.140000,0.912642,-8.965499,0.147474,0.199618
80.150000,0.830939,-8.979144,0.548894,0.140023
80.160000,0.745373,-8.463026,0.188143,0.078929
80.170000,0.659426,-8.230371,0.942984,0.025227
80.180000,0.582957,-7.241126,-0.030769,-0.034741
80.190000,0.509235,-7.114064,-0.092475,-0.097525
80.200000,0.435523,-7.600093,0.381652,-0.159117
80.210000,0.366468,-6.913481,-0.198144,-0.216562
80.220000,0.296043,-6.926789,0.006738,-0.283322
80.230000,0.224632,-6.897467,-0.931322,-0.341584
80.240000,0.154969,-6.917205,-0.974512,-0.411626
80.250000,0.091338,-7.081523,-1.044135,-0.480721
80.260000,0.024706,-6.334875,-1.227686,-0.555618
80.270000,-0.037028,-6.567912,-1.732721,-0.643374
80.280000,-0.105392,-6.801567,-2.287106,-0.734756
80.290000,-0.170766,-7.127154,-1.369910,-0.814565
80.300000,-0.243752,-7.279437,-2.035464,-0.895862
80.310000,-0.317596,-7.059887,-1.289812,-0.982759
80.320000,-0.382524,-7.114833,-1.853849,-1.064905
80.330000,-0.463785,-7.356650,-1.338432,-1.162933
80.340000,-0.550264,-7.520906,-1.367407,-1.247276
80.350000,-0.626475,-7.869139,-1.628248,-1.339962
80.360000,-0.703876,-8.299630,-1.775039,-1.431582
80.370000,-0.789729,-8.488531,-3.823925,-1.577722
80.380000,-0.870396,-8.806094,-2.456528,-1.717612
80.390000,-0.974008,-9.758156,-3.472416,-1.840391
80.400000,-1.062475,-9.960612,-4.525848,-2.025449
80.410000,-1.160789,-10.443376,-3.442154,-2.125368
80.420000,-1.263620,-10.914684,-2.537515,-2.253057
80.430000,-1.382188,-11.222387,-2.487494,-2.375598
80.440000,-1.489950,-11.229372,-2.676190,-2.503429
80.450000,-1.618834,-11.607438,-2.570405,-2.658097
80.460000,-1.727960,-11.960997,-3.526749,-2.824395
80.470000,-1.858619,-12.580311,-3.370190,-2.988152
80.480000,-1.977643,-12.671981,-3.038498,-3.137792
80.490000,-2.102938,-13.110960,-2.135096,-3.265316
80.500000,-2.245897,-13.205858,-2.213768,-3.417052
80.510000,-2.378089,-13.584323,-1.982896,-3.558303
80.520000,-2.514636,-13.787054,-1.053437,-3.679350
80.530000,-2.653055,-13.663645,-0.368322,-3.789393
80.540000,-2.791133,-13.411360,-0.073603,-3.895220
80.550000,-2.923183,-13.104916,0.451498,-3.976404
80.560000,-3.052616,-12.728198,2.056723,-4.042331
80.570000,-3.188347,-12.118644,2.070348,-4.089746
80.580000,-3.289869,-11.205156,2.827608,-4.119476
80.590000,-3.402951,-10.438414,2.780715,-4.132202
80.600000,-3.503544,-9.289544,4.119583,-4.127597
80.610000,-3.590326,-8.079629,4.855818,-4.103305
80.620000,-3.666711,-7.240417,4.350457,-4.066503
80.630000,-3.732431,-5.366167,4.957272,-4.010923
80.640000,-3.780841,-4.247556,5.550339,-3.936468
80.650000,-3.815416,-3.207569,5.147157,-3.844737
80.660000,-3.837494,-1.310255,5.354698,-3.741314
80.670000,-3.842794,0.014928,5.970637,-3.623593
80.680000,-3.835198,1.095017,7.032714,-3.498302
80.690000,-3.815032,2.584916,7.367739,-3.363741
80.700000,-3.779826,4.258460,7.079188,-3.223909
80.710000,-3.732155,5.113051,6.837413,-3.069838
80.720000,-3.672000,6.619148,6.553846,-2.908433
80.730000,-3.594083,8.041980,6.786888,-2.737346
80.740000,-3.516321,8.940095,6.529153,-2.562413
80.750000,-3.411913,10.168350,5.209220,-2.391943
80.760000,-3.314509,10.930571,6.116157,-2.218992
80.770000,-3.197439,12.044091,5.466396,-2.048452
80.780000,-3.075340,12.790518,4.756263,-1.889907
80.790000,-2.939732,13.390779,3.605558,-1.750997
80.800000,-2.806550,13.972781,1.585301,-1.618040
80.810000,-2.661114,13.824284,0.486564,-1.509794
80.820000,-2.521628,13.946540,1.015385,-1.392202
80.830000,-2.392515,13.912291,0.216803,-1.298234
80.840000,-2.250026,13.300717,0.459886,-1.214438
80.850000,-2.136009,12.858048,-1.570253,-1.146202
80.860000,-1.994914,12.040997,-1.949559,-1.096956
80.870000,-1.894304,11.178022,-2.203327,-1.064590
80.880000,-1.778290,10.490745,-2.521577,-1.050549
80.890000,-1.683509,9.489544,-4.552578,-1.050541
80.900000,-1.595655,8.296108,-4.732364,-1.065298
80.910000,-1.513033,6.820236,-3.966406,-1.090648
80.920000,-1.452520,5.731681,-4.184497,-1.124849
80.930000,-1.402213,4.772627,-4.085401,-1.154779
80.940000,-1.359979,3.670010,-4.451377,-1.192727
80.950000,-1.329337,2.705445,-3.149583,-1.227390
80.960000,-1.306072,1.784110,-3.049072,-1.275189
80.970000,-1.292892,0.802556,-2.349914,-1.322663
80.980000,-1.288052,0.070351,-2.430769,-1.379082
80.990000,-1.290465,-0.543229,-3.454804,-1.445354
81.000000,-1.298745,-1.201420,-3.840732,-1.513181
81.010000,-1.312396,-1.654807,-4.186217,-1.605161
81.020000,-1.334176,-2.552690,-4.406227,-1.700463
81.030000,-1.366750,-3.448181,-5.201180,-1.805310
81.040000,-1.404090,-4.471363,-5.231177,-1.905013
81.050000,-1.451604,-5.311668,-4.487727,-1.990021
81.060000,-1.509772,-5.388895,-3.011862,-2.080629
81.070000,-1.567366,-6.328430,-3.546824,-2.177674
81.080000,-1.626972,-6.823402,-2.837726,-2.278456
81.090000,-1.697643,-7.005444,-2.460066,-2.355010
81.100000,-1.773109,-7.070710,-2.229637,-2.435779
81.110000,-1.845339,-7.279914,-2.319800,-2.514996
81.120000,-1.919329,-7.873553,-1.753846,-2.579546
81.130000,-2.003731,-7.883655,-0.456087,-2.643445
81.140000,-2.073590,-7.624485,0.028641,-2.698491
81.150000,-2.151785,-7.135059,-0.312908,-2.744060
81.160000,-2.226032,-7.148267,-0.071443,-2.785274
81.170000,-2.289108,-7.005535,0.769231,-2.815100
81.180000,-2.356362,-6.368875,1.089709,-2.837722
81.190000,-2.417580,-6.236463,1.017010,-2.851276
81.200000,-2.478402,-5.609704,1.138462,-2.857345
81.210000,-2.526555,-5.009778,1.762116,-2.855047
81.220000,-2.572262,-4.358470,1.543985,-2.846975
81.230000,-2.613593,-3.866949,1.675754,-2.833336
81.240000,-2.645761,-2.874665,1.839698,-2.814105
81.250000,-2.672547,-2.293230,1.681764,-2.792341
81.260000,-2.691450,-1.643337,1.700969,-2.766673
81.270000,-2.705883,-1.118858,1.435341,-2.739939
81.280000,-2.715048,-0.694904,1.093701,-2.712762
81.290000,-2.719115,-0.134849,0.717595,-2.679391
81.300000,-2.718568,0.181018,1.570628,-2.646397
81.310000,-2.715303,0.412501,2.111786,-2.615369
81.320000,-2.709586,0.621577,2.269954,-2.591981
81.330000,-2.701688,0.909006,2.141638,-2.567447
81.340000,-2.691538,1.045967,1.622093,-2.545256
81.350000,-2.679071,1.477309,1.335878,-2.529970
81.360000,-2.663841,1.488944,1.317299,-2.518537
81.370000,-2.649910,1.536623,1.432037,-2.511261
81.380000,-2.634741,1.485944,0.808094,-2.509068
81.390000,-2.620875,1.230572,0.461538,-2.513013
81.400000,-2.607576,1.267300,0.425488,-2.526257
81.410000,-2.596862,0.885013,-1.045493,-2.541986
81.420000,-2.589361,0.582408,-0.130670,-2.570168
81.430000,-2.584126,0.341805,-0.966558,-2.606624
81.440000,-2.583256,-0.085587,-1.323077,-2.651577
81.450000,-2.585794,-0.412288,-2.682870,-2.704387
81.460000,-2.592063,-0.865932,-3.784615,-2.761228
81.470000,-2.602061,-1.431822,-3.227206,-2.800460
81.480000,-2.619268,-1.891914,-2.655454,-2.833678
81.490000,-2.638329,-1.919254,-2.391427,-2.880610
81.500000,-2.659822,-2.320928,-2.562897,-2.920627
81.510000,-2.686254,-2.632967,-1.770885,-2.961692
81.520000,-2.711660,-2.856555,-2.468613,-3.017733
81.530000,-2.741309,-2.951784,-2.799832,-3.069380
81.540000,-2.779338,-3.415258,-2.191208,-3.116951
81.550000,-2.809425,-3.685958,-1.907008,-3.159855
81.560000,-2.848115,-3.810237,-1.737803,-3.194211
81.570000,-2.886433,-3.863966,-0.968022,-3.217607
81.580000,-2.923799,-3.724603,-1.121074,-3.233635
81.590000,-2.960822,-3.868324,-0.001881,-3.237443
81.600000,-2.994843,-3.534483,-0.377691,-3.227182
81.610000,-3.030665,-3.076129,1.343098,-3.201336
81.620000,-3.053814,-2.424938,1.819322,-3.158832
81.630000,-3.075682,-1.626745,2.553846,-3.098234
81.640000,-3.086238,-0.743425,2.579202,-3.025692
81.650000,-3.088720,0.153441,3.765178,-2.931188
81.660000,-3.081552,1.271902,4.546455,-2.817663
81.670000,-3.067071,1.994004,6.679351,-2.685788
81.680000,-3.037181,3.094276,7.426673,-2.535552
81.690000,-3.000756,4.324063,7.563379,-2.366277
81.700000,-2.945835,5.749656,8.421617,-2.173863
81.710000,-2.876338,7.738052,8.200973,-1.972624
81.720000,-2.792765,8.995298,7.689028,-1.775657
81.730000,-2.680364,10.988507,7.273334,-1.537813
81.740000,-2.572137,12.363218,8.322333,-1.288293
81.750000,-2.449178,13.636544,7.763011,-1.034416
81.760000,-2.299435,15.170011,6.992897,-0.778379
81.770000,-2.148339,16.364487,4.906926,-0.523835
81.780000,-1.961984,16.326266,0.247145,-0.264705
81.790000,-1.814645,16.059623,1.039579,-0.049021
81.800000,-1.653834,16.018400,1.404295,0.132082
81.810000,-1.487391,15.995793,1.995783,0.297537
81.820000,-1.342617,16.158418,1.349640,0.451644
81.830000,-1.174346,16.051402,1.058094,0.679973
81.840000,-0.991911,16.131902,0.531771,0.882134
81.850000,-0.855359,16.050050,1.611626,1.105052
81.860000,-0.674310,16.013793,1.212721,1.317917
81.870000,-0.517021,16.070344,1.922626,1.519704
81.880000,-0.358695,16.180058,1.252261,1.719660
81.890000,-0.201096,16.076377,1.267552,1.908694
81.900000,-0.046956,16.175557,0.477235,2.125552
81.910000,0.136064,16.079526,1.556629,2.291984
81.920000,0.284985,16.004396,1.692308,2.482918
81.930000,0.456627,16.209501,1.394436,2.653710
81.940000,0.606042,16.118681,0.524406,2.795407
81.950000,0.760033,16.110643,1.572782,2.878401
81.960000,0.900664,16.046316,1.383795,2.949552
81.970000,1.078739,16.239926,0.831628,3.001159
81.980000,1.234587,15.936535,1.809857,3.049194
81.990000,1.398916,16.047360,1.477248,3.096091
82.000000,1.562765,16.090810,1.476826,3.135060
82.010000,1.715811,16.108815,1.179899,3.171043
82.020000,1.886522,16.132839,1.167678,3.196844
82.030000,2.057977,15.593829,-2.790876,3.217986
82.040000,2.208510,14.542107,-4.629049,3.233950
82.050000,2.342782,13.058428,-5.687195,3.237480
82.060000,2.464952,12.313353,-5.976850,3.229049
82.070000,2.576972,10.069508,-5.775580,3.210856
82.080000,2.675446,8.614002,-5.949132,3.180348
82.090000,2.747700,7.225379,-5.555593,3.139382
82.100000,2.811680,5.934765,-4.716318,3.096151
82.110000,2.862550,4.412634,-4.354155,3.047470
82.120000,2.899451,2.968428,-3.942966,2.989820
82.130000,2.923885,2.059786,-3.889403,2.932198
82.140000,2.937224,0.686476,-3.884451,2.872993
82.150000,2.939460,-0.165857,-3.149730,2.817096
82.160000,2.934390,-0.803327,-4.196411,2.762405
82.170000,2.923357,-1.452694,-3.078260,2.707951
82.180000,2.907118,-1.960010,-3.372213,2.658920
82.190000,2.885564,-2.392420,-3.097785,2.618634
82.200000,2.858519,-2.704855,-2.098108,2.582538
82.210000,2.834016,-2.898934,-1.537999,2.554217
82.220000,2.803247,-3.084334,-0.499240,2.531456
82.230000,2.771826,-3.130760,-0.794214,2.516981
82.240000,2.743510,-2.833968,-0.472614,2.510051
82.250000,2.713883,-2.719769,-0.169387,2.509600
82.260000,2.686064,-2.474801,0.417016,2.515404
82.270000,2.663978,-2.037388,0.257930,2.527320
82.280000,2.645907,-1.538328,0.978410,2.546330
82.290000,2.630053,-1.234192,1.256673,2.567459
82.300000,2.618513,-1.021207,0.904860,2.595203
82.310000,2.611728,-0.402877,0.294813,2.625551
82.320000,2.609865,-0.061585,1.200000,2.658346
82.330000,2.611211,0.195124,1.690739,2.679410
82.340000,2.614103,0.380384,1.589864,2.699632
82.350000,2.619834,0.676026,1.595918,2.724542
82.360000,2.626475,0.827383,1.751574,2.746882
82.370000,2.635732,1.097503,1.532588,2.771068
82.380000,2.647058,0.984480,1.813873,2.796321
82.390000,2.660184,1.374472,1.579646,2.817861
82.400000,2.675452,1.593109,1.265836,2.836580
82.410000,2.690167,1.552130,1.076923,2.851424
82.420000,2.707304,1.677198,0.936538,2.857411
82.430000,2.722372,1.545623,0.059082,2.854574
82.440000,2.738089,1.406505,-0.238395,2.841067
82.450000,2.751278,1.302864,-0.647605,2.815827
82.460000,2.762522,0.713420,-1.034030,2.783074
82.470000,2.768827,0.377754,-1.223616,2.734999
82.480000,2.769703,-0.103225,-2.377449,2.677856
82.490000,2.765801,-0.602395,-3.429443,2.606334
82.500000,2.757676,-1.235667,-3.862417,2.528024
82.510000,2.741963,-1.984101,-4.904436,2.437606
82.520000,2.715120,-2.831212,-4.864293,2.339810
82.530000,2.685833,-3.581375,-5.122345,2.241316
82.540000,2.647014,-4.440914,-4.492198,2.134418
82.550000,2.598684,-5.335048,-4.490742,2.033908
82.560000,2.537235,-5.729550,-3.087147,1.929593
82.570000,2.480168,-6.785989,-4.116758,1.818756
82.580000,2.411269,-6.789972,-3.542205,1.700185
82.590000,2.337130,-7.693927,-3.454251,1.586883
82.600000,2.252498,-8.322661,-3.655435,1.480615
82.610000,2.167936,-8.728050,-2.803238,1.378282
82.620000,2.082869,-8.967567,-1.972969,1.290074
82.630000,1.992456,-9.197901,-1.827611,1.216866
82.640000,1.901860,-8.993419,-1.169315,1.154780
82.650000,1.806718,-9.252573,-0.165146,1.103959
82.660000,1.714892,-8.569161,0.840568,1.069213
82.670000,1.642621,-7.866938,1.076923,1.051526
82.680000,1.561914,-7.621547,2.000318,1.050988
82.690000,1.493605,-6.779232,2.163656,1.068689
82.700000,1.430985,-5.629846,4.218601,1.105921
82.710000,1.380547,-4.272121,4.375476,1.165391
82.720000,1.337951,-3.389955,4.675573,1.239997
82.730000,1.313923,-2.016930,4.523077,1.329387
82.740000,1.299993,-0.605061,4.560287,1.423296
82.750000,1.299499,0.338857,4.525847,1.494097
82.760000,1.309217,1.242081,3.752724,1.567109
82.770000,1.325850,2.024895,4.052820,1.651764
82.780000,1.351104,2.576720,4.325722,1.731917
82.790000,1.385657,3.264647,4.212883,1.818822
82.800000,1.423238,4.469719,4.266667,1.920727
82.810000,1.471717,4.871726,4.880872,2.042361
82.820000,1.526939,6.105860,5.082949,2.201568
82.830000,1.592580,7.197133,6.250613,2.372978
82.840000,1.672685,8.016390,6.423630,2.546291
82.850000,1.752595,9.060616,6.631692,2.719260
82.860000,1.852060,10.348661,6.568559,2.891276
82.870000,1.970418,11.310852,5.815385,3.056880
82.880000,2.086324,11.889628,4.568604,3.205033
82.890000,2.196477,12.830501,3.143619,3.320602
82.900000,2.330145,12.895814,2.307692,3.470341
82.910000,2.457884,13.132181,0.446922,3.618336
82.920000,2.589794,13.506525,2.084775,3.749930
82.930000,2.725634,13.264614,2.330740,3.865067
82.940000,2.861470,13.309289,1.347288,3.961592
82.950000,2.992565,13.135073,-0.592522,4.035218
82.960000,3.123488,12.504911,-1.359183,4.089625
82.970000,3.244354,12.214796,-1.488953,4.122773
82.980000,3.368141,10.844651,-3.154722,4.132657
82.990000,3.464032,9.718778,-4.480031,4.120516
83.000000,3.560974,8.862703,-4.992242,4.086388
83.010000,3.635881,7.169320,-4.909148,4.051723
83.020000,3.697210,6.214787,-4.574780,4.015351
83.030000,3.755456,4.901552,-4.524650,3.959916
83.040000,3.795327,3.185983,-4.464493,3.905236
83.050000,3.823151,2.230403,-4.909224,3.838303
83.060000,3.837925,0.986141,-3.572010,3.772912
83.070000,3.842137,-0.084343,-4.173907,3.669284
83.080000,3.835847,-1.091236,-6.207050,3.532529
83.090000,3.816797,-2.461568,-7.384825,3.408802
83.100000,3.788963,-3.391039,-7.354265,3.249267
83.110000,3.745315,-4.697113,-7.033638,3.099884
83.120000,3.685347,-6.470572,-7.227598,2.940320
83.130000,3.617270,-7.818049,-7.287566,2.771150
83.140000,3.537557,-8.540070,-5.844271,2.617028
83.150000,3.441277,-9.864299,-5.591688,2.452576
83.160000,3.338064,-10.727352,-5.354470,2.274362
83.170000,3.223666,-11.686554,-5.578737,2.091233
83.180000,3.096301,-12.450659,-4.882364,1.917017
83.190000,2.971397,-13.345638,-4.821366,1.745801
83.200000,2.841459,-13.651759,-3.225370,1.578934
83.210000,2.695655,-14.155834,-2.493875,1.430012
83.220000,2.548127,-14.646413,-2.457985,1.279080
83.230000,2.402001,-14.824351,-1.522941,1.135729
83.240000,2.253979,-14.986530,-1.307588,1.009544
83.250000,2.107627,-14.985157,-0.595061,0.885382
83.260000,1.966029,-14.405701,-0.779916,0.772764
83.270000,1.818260,-14.412452,0.285347,0.666391
83.280000,1.676404,-13.817669,0.888309,0.565737
83.290000,1.541710,-13.816099,0.177272,0.472059
83.300000,1.409432,-13.051364,1.098773,0.389329
83.310000,1.264558,-12.827237,0.856650,0.303347
83.320000,1.160130,-11.702629,1.413756,0.227667
83.330000,1.041309,-11.404915,1.128984,0.159162
83.340000,0.927418,-11.112967,1.058250,0.088361
83.350000,0.825682,-10.509709,1.323948,0.017945
83.360000,0.723083,-10.107146,0.859507,-0.052902
83.370000,0.625872,-9.702412,0.304194,-0.122085
83.380000,0.533599,-8.890292,0.352571,-0.195049
83.390000,0.442761,-8.855105,1.185807,-0.246664
83.400000,0.358294,-8.258963,0.068485,-0.324122
83.410000,0.283274,-8.330848,0.116107,-0.382930
83.420000,0.200049,-7.494545,0.338393,-0.428713
83.430000,0.127301,-7.617433,0.810082,-0.476235
83.440000,0.049668,-6.835147,0.524528,-0.536795
83.450000,-0.021895,-7.134066,-0.245327,-0.588467
83.460000,-0.091905,-6.173161,0.388572,-0.644463
83.470000,-0.160716,-6.135919,-0.753939,-0.740646
83.480000,-0.226945,-6.786159,-2.976143,-0.844967
83.490000,-0.295057,-7.200720,-2.987974,-0.940062
83.500000,-0.363525,-7.448662,-2.330150,-1.053269
83.510000,-0.434833,-7.632052,-3.309503,-1.171263
83.520000,-0.517352,-8.089894,-3.886010,-1.294221
83.530000,-0.601876,-8.562546,-3.195019,-1.437124
83.540000,-0.695258,-9.018089,-3.161336,-1.547969
83.550000,-0.778754,-9.435208,-3.118638,-1.692119
83.560000,-0.885511,-9.955933,-3.599484,-1.838160
83.570000,-0.988738,-10.803963,-3.341026,-1.973828
83.580000,-1.092688,-11.252829,-3.933707,-2.133917
83.590000,-1.212512,-11.835848,-3.676540,-2.284524
83.600000,-1.328228,-11.973716,-2.600939,-2.433357
83.610000,-1.459544,-12.475594,-2.934897,-2.586851
83.620000,-1.587261,-12.919986,-2.448437,-2.731080
83.630000,-1.721090,-13.283300,-2.222698,-2.868716
83.640000,-1.857692,-13.153861,-1.669178,-3.005292
83.650000,-1.976859,-13.723531,-2.196811,-3.144060
83.660000,-2.108811,-13.680613,-1.627947,-3.283172
83.670000,-2.253820,-13.248283,-0.955768,-3.390972
83.680000,-2.382386,-13.636302,-1.213565,-3.513679
83.690000,-2.514072,-13.314605,-1.015831,-3.625008
83.700000,-2.655293,-13.260366,-0.294245,-3.733897
83.710000,-2.786937,-12.909411,0.217830,-3.827300
83.720000,-2.921365,-12.853214,-0.330692,-3.911557
83.730000,-3.031194,-12.161362,0.688881,-3.978693
83.740000,-3.160015,-11.498545,2.058061,-4.026775
83.750000,-3.259897,-11.185545,1.718638,-4.072987
83.760000,-3.370357,-10.253487,2.714767,-4.108074
83.770000,-3.467738,-9.509483,2.781718,-4.127994
83.780000,-3.556312,-8.280395,3.351997,-4.132694
83.790000,-3.636187,-7.552889,3.282451,-4.126458
83.800000,-3.704033,-6.716874,3.001916,-4.105636
83.810000,-3.762941,-5.662807,3.762184,-4.072316
83.820000,-3.814727,-4.394645,3.555202,-4.037840
83.830000,-3.851987,-3.236785,3.681254,-3.991496
83.840000,-3.879275,-2.354411,3.723053,-3.938025
83.850000,-3.898476,-1.511023,3.308217,-3.889989
83.860000,-3.907812,-0.511776,3.473996,-3.808022
83.870000,-3.907299,0.472808,4.259632,-3.721525
83.880000,-3.897977,1.432194,5.185681,-3.629029
83.890000,-3.879488,2.311452,6.095507,-3.525893
83.900000,-3.852883,3.091422,6.095522,-3.382230
83.910000,-3.812066,4.805270,6.998147,-3.242948
83.920000,-3.761017,5.851674,6.794055,-3.072334
83.930000,-3.702661,6.980356,7.157696,-2.899613
83.940000,-3.624704,7.978405,6.811465,-2.728759
83.950000,-3.532917,9.334942,6.471694,-2.550390
83.960000,-3.427144,11.091821,6.162505,-2.377916
83.970000,-3.326231,11.361713,5.275329,-2.198608
83.980000,-3.207792,12.106520,4.496239,-2.032748
83.990000,-3.079299,13.356754,3.880069,-1.871591
84.000000,-2.943942,13.428106,2.702120,-1.715656
84.010000,-2.793032,14.146460,2.029135,-1.581330
84.020000,-2.664279,14.429406,1.291635,-1.448706
84.030000,-2.522365,14.460461,0.995164,-1.336582
84.040000,-2.378557,14.084993,-0.644945,-1.247731
84.050000,-2.231805,13.540065,-1.759632,-1.174908
84.060000,-2.109174,12.938043,-2.025647,-1.115625
84.070000,-1.977656,12.286513,-2.643358,-1.074924
84.080000,-1.863752,11.814677,-3.704605,-1.053208
84.090000,-1.753098,10.277955,-3.886129,-1.050006
84.100000,-1.657480,9.298935,-4.365649,-1.064857
84.110000,-1.571240,8.029337,-4.392497,-1.095775
84.120000,-1.498161,6.798582,-5.071320,-1.141369
84.130000,-1.440890,4.950892,-5.075788,-1.203817
84.140000,-1.395821,3.855602,-5.615239,-1.280736
84.150000,-1.363887,2.230295,-5.876923,-1.363416
84.160000,-1.348585,0.854983,-4.936200,-1.459398
84.170000,-1.347404,-0.374510,-5.482202,-1.561265
84.180000,-1.357997,-1.347983,-6.955011,-1.668596
84.190000,-1.380368,-2.904587,-6.184845,-1.781095
84.200000,-1.408503,-3.667127,-5.935656,-1.897356
84.210000,-1.454999,-4.917182,-5.704246,-2.011271
84.220000,-1.503180,-5.687981,-5.725488,-2.128417
84.230000,-1.563492,-6.169705,-4.109880,-2.235315
84.240000,-1.635280,-7.145554,-4.378291,-2.339075
84.250000,-1.708531,-7.771840,-3.098516,-2.440275
84.260000,-1.791033,-8.146460,-2.971113,-2.530613
84.270000,-1.871152,-8.349586,-2.273995,-2.608302
84.280000,-1.956884,-8.511075,-2.004057,-2.677258
84.290000,-2.042104,-8.331738,0.207383,-2.733828
84.300000,-2.126282,-8.442897,0.056427,-2.780990
84.310000,-2.204958,-7.962028,0.769231,-2.815471
84.320000,-2.287152,-7.282272,1.064808,-2.840247
84.330000,-2.358030,-6.826950,2.038531,-2.853787
84.340000,-2.422969,-6.573367,1.647076,-2.857500
84.350000,-2.480333,-5.563553,2.708547,-2.851696
84.360000,-2.536890,-4.435755,2.388217,-2.837414
84.370000,-2.578936,-4.259196,1.969737,-2.816825
84.380000,-2.616931,-3.367996,2.491250,-2.791898
84.390000,-2.643638,-2.508625,2.304151,-2.762535
84.400000,-2.666514,-1.797802,2.061693,-2.728573
84.410000,-2.680738,-1.170701,1.973880,-2.693288
84.420000,-2.687925,-0.541688,2.097213,-2.657171
84.430000,-2.689593,0.068406,1.877307,-2.632744
84.440000,-2.687725,0.317326,1.486572,-2.613357
84.450000,-2.684154,0.436477,1.792607,-2.592597
84.460000,-2.677331,0.682029,1.772701,-2.573460
84.470000,-2.670645,0.778158,1.856252,-2.557362
84.480000,-2.660518,0.956458,1.410205,-2.545269
84.490000,-2.650893,1.078010,1.253930,-2.534217
84.500000,-2.640483,1.021866,0.895448,-2.523672
84.510000,-2.628948,1.111650,1.231920,-2.515503
84.520000,-2.619005,1.124757,1.318174,-2.511068
84.530000,-2.606083,0.921038,0.891718,-2.509033
84.540000,-2.596576,0.939248,0.071983,-2.510326
84.550000,-2.587308,0.833617,0.822796,-2.517483
84.560000,-2.579137,0.733185,0.056950,-2.535071
84.570000,-2.572641,0.419929,0.066319,-2.563454
84.580000,-2.569429,0.154800,-0.895646,-2.602678
84.590000,-2.569810,-0.191715,-1.839069,-2.652113
84.600000,-2.573115,-0.449711,-3.395242,-2.707725
84.610000,-2.581305,-0.984151,-3.582188,-2.772421
84.620000,-2.594168,-1.653570,-3.514917,-2.838127
84.630000,-2.615055,-2.185353,-3.930962,-2.910087
84.640000,-2.640745,-2.632474,-3.073073,-2.975433
84.650000,-2.668967,-3.433844,-3.380918,-3.039912
84.660000,-2.707579,-3.826669,-2.395101,-3.098954
84.670000,-2.748671,-4.415359,-2.363686,-3.153821
84.680000,-2.789958,-3.973635,-1.882548,-3.196974
84.690000,-2.837886,-4.305164,-1.190971,-3.223994
84.700000,-2.877790,-4.571943,-0.561228,-3.237138
84.710000,-2.921563,-4.115361,0.551592,-3.232444
84.720000,-2.963094,-3.816527,1.200000,-3.207216
84.730000,-2.995434,-3.299675,1.278035,-3.181720
84.740000,-3.028984,-2.887300,2.039598,-3.158131
84.750000,-3.050303,-1.989764,1.896929,-3.121019
84.760000,-3.066588,-1.360360,1.984429,-3.086198
84.770000,-3.075524,-0.579060,2.359361,-3.022301
84.780000,-3.077198,0.146901,2.861538,-2.923808
84.790000,-3.071599,0.908746,5.092946,-2.808534
84.800000,-3.056065,1.958548,6.609541,-2.669550
84.810000,-3.027179,3.574520,7.008568,-2.520613
84.820000,-2.986188,4.592249,7.676986,-2.353074
84.830000,-2.934901,5.939087,7.538462,-2.177448
84.840000,-2.871498,7.014301,5.504493,-2.073987
84.850000,-2.786146,8.241758,4.683948,-1.943092
84.860000,-2.698883,9.251262,5.320570,-1.741404
84.870000,-2.599886,10.165964,7.107692,-1.497071
84.880000,-2.490295,11.621464,8.259738,-1.226654
84.890000,-2.357108,13.658227,7.584815,-0.963350
84.900000,-2.222508,14.768913,8.831940,-0.728950
84.910000,-2.062937,16.367000,4.781173,-0.476350
84.920000,-1.902359,16.325765,0.584397,-0.196821
84.930000,-1.720354,16.147132,0.414540,0.077742
84.940000,-1.575997,16.152723,1.449045,0.374867
84.950000,-1.409217,16.028687,0.747530,0.673929
84.960000,-1.256729,16.111761,1.126681,0.935455
84.970000,-1.075783,16.108402,0.989192,1.204016
84.980000,-0.924219,16.135438,1.255756,1.474648
84.990000,-0.817943,16.031012,2.877072,1.637127
85.000000,-0.795313,15.974935,2.131254,1.658371
85.010000,-0.451543,16.106378,1.113273,1.813510
85.020000,-0.288236,16.195162,0.916879,2.050085
85.030000,-0.126716,16.020702,1.072204,2.273355
85.040000,0.033861,16.163935,2.428211,2.475830
85.050000,0.195276,16.085818,1.029859,2.657895
85.060000,0.355568,16.083284,0.780886,2.814282
85.070000,0.519251,16.072682,2.246862,2.943131
85.080000,0.693185,16.033169,0.883698,3.049574
85.090000,0.851225,16.108543,1.645685,3.127731
85.100000,1.002285,16.037991,0.960448,3.187344
85.110000,1.161079,16.171982,1.301127,3.222964
85.120000,1.339492,16.093423,0.789437,3.237128
85.130000,1.484240,16.074507,1.264589,3.231762
85.140000,1.642064,16.134508,0.941559,3.209804
85.150000,1.815271,16.092166,0.753336,3.173162
85.160000,1.970593,15.838659,-2.683654,3.125117
85.170000,2.118345,14.504662,-6.727964,3.066095
85.180000,2.254724,12.932879,-8.912615,3.004217
85.190000,2.378850,10.850818,-8.349478,2.941794
85.200000,2.464797,8.294677,-8.352962,2.875290
85.210000,2.545365,6.373165,-7.611315,2.810849
85.220000,2.596119,4.666453,-7.048893,2.748273
85.230000,2.630821,3.367416,-5.092831,2.701419
85.240000,2.654560,1.753624,-4.172463,2.670012
85.250000,2.666731,0.868124,-2.335683,2.645355
85.260000,2.671283,0.110844,-1.529190,2.623454
85.270000,2.670170,-0.221948,-1.451352,2.602248
85.280000,2.666848,-0.463747,-1.569231,2.585809
85.290000,2.661848,-0.512804,-1.659394,2.569422
85.300000,2.655101,-0.685569,-1.458321,2.553877
85.310000,2.647529,-0.783701,-1.820736,2.540094
85.320000,2.638214,-1.018974,-1.340190,2.528737
85.330000,2.628679,-0.882813,-1.960605,2.519006
85.340000,2.618424,-1.198507,-1.244510,2.513368
85.350000,2.608551,-1.090592,-0.830769,2.509826
85.360000,2.596527,-0.907839,-0.548376,2.509018
85.370000,2.587503,-0.909890,-0.111422,2.511146
85.380000,2.578870,-0.800302,-0.037244,2.515831
85.390000,2.571381,-0.742641,0.274657,2.522174
85.400000,2.565136,-0.594095,-0.338462,2.532766
85.410000,2.560948,-0.339814,-0.660350,2.550720
85.420000,2.558546,-0.134410,0.571638,2.577266
85.430000,2.558747,0.092728,0.687212,2.607033
85.440000,2.560273,0.249506,1.544214,2.641593
85.450000,2.563914,0.483906,2.290573,2.679604
85.460000,2.572023,0.865934,1.491771,2.716681
85.470000,2.580736,1.066586,3.519342,2.751393
85.480000,2.595438,1.427409,2.239106,2.783369
85.490000,2.611643,1.779279,1.884787,2.811481
85.500000,2.630245,1.809012,1.594286,2.834881
85.510000,2.650599,2.021904,1.874863,2.849792
85.520000,2.673733,2.046921,0.819821,2.857060
85.530000,2.693184,2.070613,0.400991,2.855430
85.540000,2.713714,1.543750,-0.053365,2.843071
85.550000,2.729151,1.442195,-0.593959,2.819772
85.560000,2.744251,1.197688,-1.078008,2.786272
85.570000,2.752126,0.764193,-1.330243,2.740129
85.580000,2.756352,0.023660,-1.957124,2.684481
85.590000,2.754616,-0.368122,-3.017051,2.617945
85.600000,2.747010,-0.927473,-4.029360,2.540759
85.610000,2.734385,-1.768847,-4.624767,2.451533
85.620000,2.713567,-2.375486,-4.526628,2.352211
85.630000,2.684358,-3.257086,-4.771865,2.256138
85.640000,2.644816,-4.443490,-5.162425,2.147795
85.650000,2.594653,-4.735706,-4.349356,2.032465
85.660000,2.545597,-5.875884,-5.236177,1.916449
85.670000,2.475443,-6.643007,-4.162380,1.801881
85.680000,2.410551,-7.476326,-4.082507,1.692904
85.690000,2.333662,-8.125451,-3.794161,1.580008
85.700000,2.253159,-8.319634,-3.245244,1.469872
85.710000,2.167291,-9.171923,-3.218849,1.368451
85.720000,2.076956,-9.010815,-1.351060,1.283823
85.730000,1.987728,-9.364711,-1.779941,1.205104
85.740000,1.894280,-8.921249,-0.866662,1.143238
85.750000,1.801365,-9.334350,0.431264,1.106383
85.760000,1.719297,-8.331804,1.554293,1.085228
85.770000,1.632812,-7.669887,2.402941,1.069632
85.780000,1.561756,-7.213866,2.300648,1.056557
85.790000,1.495733,-6.597054,2.146318,1.050019
85.800000,1.431847,-5.740241,2.172792,1.049893
85.810000,1.374987,-5.077216,2.547173,1.057227
85.820000,1.332278,-4.198529,2.458995,1.073921
85.830000,1.293496,-3.643793,2.390681,1.109808
85.840000,1.260141,-2.745626,2.704309,1.165066
85.850000,1.240522,-1.745983,3.283665,1.228808
85.860000,1.228069,-0.816284,3.986332,1.312936
85.870000,1.226316,0.229831,3.999569,1.400219
85.880000,1.233374,1.023023,6.143542,1.513818
85.890000,1.251684,1.941362,5.773874,1.607385
85.900000,1.276902,3.139767,5.250722,1.733224
85.910000,1.317741,3.938909,6.006263,1.865788
85.920000,1.365404,5.610337,5.958410,2.018871
85.930000,1.427358,6.419768,6.587131,2.169821
85.940000,1.499392,7.675493,6.400169,2.339872
85.950000,1.589037,9.110774,5.748238,2.508759
85.960000,1.682118,10.135556,5.317026,2.674522
85.970000,1.788487,10.632995,5.343655,2.845409
85.980000,1.890199,11.583904,4.948028,3.021563
85.990000,2.018239,12.426547,4.011212,3.186963
86.000000,2.137870,13.544329,3.409389,3.342701
86.010000,2.282090,13.587961,3.313713,3.476672
86.020000,2.422648,13.708467,1.146667,3.596263
86.030000,2.554678,13.771811,1.120636,3.716979
86.040000,2.689767,13.416296,1.707365,3.825259
86.050000,2.832256,13.400281,-0.622444,3.917401
86.060000,2.959862,12.988652,-0.832024,3.989634
86.070000,3.088412,12.583535,-1.887945,4.053589
86.080000,3.220081,11.858683,-2.074402,4.098485
86.090000,3.336960,10.825905,-3.128284,4.124966
86.100000,3.434066,9.953075,-3.035965,4.132626
86.110000,3.527236,8.881998,-3.579073,4.120895
86.120000,3.610350,7.721040,-4.508651,4.089619
86.130000,3.691389,6.583480,-5.222823,4.045248
86.140000,3.742007,5.431753,-4.839382,3.977029
86.150000,3.785460,3.981788,-5.889480,3.893564
86.160000,3.818536,2.184280,-5.873811,3.797397
86.170000,3.831999,0.996892,-6.074277,3.678579
86.180000,3.831400,-0.896956,-6.462961,3.547198
86.190000,3.818329,-1.986304,-7.545144,3.403837
86.200000,3.788084,-3.525792,-7.169231,3.262240
86.210000,3.747440,-4.758613,-7.192795,3.101877
86.220000,3.689842,-6.306885,-7.501695,2.932891
86.230000,3.620073,-7.379411,-6.891525,2.767071
86.240000,3.529135,-9.041115,-6.542022,2.596208
86.250000,3.441638,-9.912317,-6.270234,2.417875
86.260000,3.331013,-11.075551,-5.056736,2.248193
86.270000,3.219579,-11.807180,-4.474174,2.080970
86.280000,3.097088,-12.483789,-3.988112,1.927396
86.290000,2.967724,-13.135161,-3.876514,1.751998
86.300000,2.832838,-13.649338,-3.509419,1.590348
86.310000,2.680892,-14.389830,-3.621886,1.437420
86.320000,2.549549,-14.638407,-3.294611,1.285960
86.330000,2.407139,-14.667839,-2.740511,1.151663
86.340000,2.247508,-14.706454,-1.315709,1.014190
86.350000,2.109777,-14.551121,-0.707692,0.880328
86.360000,1.946909,-14.446777,-0.799595,0.761432
86.370000,1.803672,-14.388924,1.483528,0.651345
86.380000,1.673942,-14.208682,0.276923,0.553270
86.390000,1.533263,-13.529805,1.261270,0.475575
86.400000,1.402062,-12.867305,1.399011,0.397456
86.410000,1.275995,-12.321003,1.850200,0.328297
86.420000,1.153382,-11.881978,2.122885,0.255757
86.430000,1.040754,-11.177405,1.507692,0.183558
86.440000,0.933968,-10.444585,1.202189,0.115679
86.450000,0.831138,-10.222558,0.897705,0.048225
86.460000,0.728531,-9.347070,0.931410,-0.021414
86.470000,0.635390,-9.302276,0.582202,-0.088538
86.480000,0.540433,-8.986488,1.017391,-0.154166
86.490000,0.455456,-8.543584,-0.018891,-0.218308
86.500000,0.377043,-8.031641,-0.400000,-0.298699
86.510000,0.299874,-8.222086,-0.267170,-0.370344
86.520000,0.225884,-8.157384,-0.795403,-0.426293
86.530000,0.139685,-7.762113,-0.263373,-0.478616
86.540000,0.064333,-7.279753,-0.008164,-0.539568
86.550000,-0.004569,-7.330663,1.043423,-0.606799
86.560000,-0.081756,-7.008904,-0.781846,-0.691070
86.570000,-0.150668,-7.024559,-2.122507,-0.784331
86.580000,-0.217668,-7.459341,-1.179900,-0.875385
86.590000,-0.293519,-7.435641,-1.949916,-0.977351
86.600000,-0.365012,-7.784900,-3.237844,-1.089130
86.610000,-0.444117,-7.828722,-3.302298,-1.220824
86.620000,-0.530522,-8.447830,-2.973141,-1.345136
86.630000,-0.620799,-9.079226,-3.770632,-1.475132
86.640000,-0.718890,-9.388294,-3.411706,-1.599185
86.650000,-0.813009,-10.010489,-4.070601,-1.752842
86.660000,-0.919729,-10.815927,-3.946932,-1.883424
86.670000,-1.016304,-10.990358,-3.086038,-2.020391
86.680000,-1.131201,-11.018953,-3.402612,-2.183540
86.690000,-1.246931,-11.914076,-2.836948,-2.304434
86.700000,-1.372681,-12.016472,-2.722912,-2.453908
86.710000,-1.497618,-12.662902,-3.655910,-2.604580
86.720000,-1.612971,-12.939755,-3.327045,-2.734940
86.730000,-1.742565,-12.909783,-3.062037,-2.889361
86.740000,-1.876963,-13.272034,-3.469364,-3.037684
86.750000,-2.003485,-13.685187,-2.816810,-3.179657
86.760000,-2.140654,-13.832360,-2.431728,-3.300304
86.770000,-2.278932,-13.645368,-1.639110,-3.434306
86.780000,-2.428512,-13.659089,-0.361819,-3.550211
86.790000,-2.548748,-13.510379,0.181924,-3.649344
86.800000,-2.688966,-13.141327,-0.010208,-3.758570
86.810000,-2.804635,-12.699511,0.069031,-3.838926
86.820000,-2.947320,-12.632804,0.860715,-3.915644
86.830000,-3.061598,-11.784833,1.587249,-3.981299
86.840000,-3.182710,-11.232725,1.758715,-4.035450
86.850000,-3.292406,-10.531221,2.481061,-4.078032
86.860000,-3.391397,-10.172060,2.246154,-4.111238
86.870000,-3.491030,-9.192498,2.738778,-4.129140
86.880000,-3.576967,-7.989525,3.353435,-4.132229
86.890000,-3.647565,-7.538462,3.046154,-4.127645
86.900000,-3.717762,-6.394431,2.878444,-4.109462
86.910000,-3.772080,-5.214766,3.171023,-4.085811
86.920000,-3.821709,-4.766268,3.554684,-4.045524
86.930000,-3.864209,-3.535960,3.478917,-3.997467
86.940000,-3.889311,-2.319681,3.164022,-3.930233
86.950000,-3.907390,-1.260113,4.338221,-3.838070
86.960000,-3.912604,-0.007695,4.657111,-3.745417
86.970000,-3.906698,1.044698,4.933316,-3.651755
86.980000,-3.892457,1.910579,4.709279,-3.552586
86.990000,-3.868086,2.676069,5.525191,-3.445384
87.000000,-3.832686,4.227401,5.609075,-3.318397
87.010000,-3.785104,4.834495,5.375241,-3.200635
87.020000,-3.733784,5.644279,5.769539,-3.060525
87.030000,-3.668246,6.851463,5.177485,-2.928357
87.040000,-3.593530,7.657560,4.184527,-2.800786
87.050000,-3.510416,8.607734,4.664386,-2.649148
87.060000,-3.428219,9.208162,4.084146,-2.516515
87.070000,-3.315796,9.822109,3.590354,-2.370505
87.080000,-3.225887,10.335946,4.339868,-2.217828
87.090000,-3.110360,11.557206,4.011982,-2.087092
87.100000,-2.996757,11.829221,2.004697,-1.971964
87.110000,-2.884364,11.649982,2.604367,-1.838829
87.120000,-2.758729,11.869178,2.475387,-1.717681
87.130000,-2.638340,12.228096,1.446154,-1.607155
87.140000,-2.527039,12.486005,0.972386,-1.493592
87.150000,-2.393040,12.055836,0.438923,-1.393439
87.160000,-2.282648,11.805023,-0.215385,-1.309247
87.170000,-2.167530,11.578124,-0.363975,-1.227801
87.180000,-2.049978,11.313829,-0.635570,-1.165327
87.190000,-1.941249,10.621057,-1.329027,-1.119114
87.200000,-1.834746,10.330769,-1.678366,-1.080723
87.210000,-1.737789,9.765312,-2.746493,-1.058061
87.220000,-1.645161,8.420454,-3.127793,-1.049202
87.230000,-1.569942,7.954788,-3.164235,-1.052771
87.240000,-1.495093,6.918167,-3.381751,-1.069386
87.250000,-1.431350,5.850485,-3.704904,-1.099469
87.260000,-1.378890,4.949872,-4.124802,-1.142478
87.270000,-1.337575,3.501017,-3.712611,-1.191339
87.280000,-1.307701,2.347196,-3.322683,-1.249502
87.290000,-1.290401,1.494512,-3.646176,-1.321566
87.300000,-1.281567,0.292393,-4.063490,-1.401825
87.310000,-1.284243,-0.655189,-4.467513,-1.485398
87.320000,-1.295918,-1.410133,-4.906884,-1.572395
87.330000,-1.316780,-2.367237,-4.799790,-1.662189
87.340000,-1.342651,-2.925424,-4.500958,-1.758271
87.350000,-1.380889,-4.106696,-5.099315,-1.861895
87.360000,-1.421700,-4.864576,-4.615330,-1.957115
87.370000,-1.477971,-5.117002,-3.140641,-2.051888
87.380000,-1.536860,-6.424409,-3.668909,-2.138636
87.390000,-1.601415,-6.748462,-2.702895,-2.214338
87.400000,-1.666114,-6.774301,-1.549505,-2.294936
87.410000,-1.734491,-7.050720,-1.508722,-2.362515
87.420000,-1.809518,-7.143463,-1.816063,-2.446259
87.430000,-1.879655,-7.132765,-1.650285,-2.529259
87.440000,-1.950127,-7.689306,-2.052884,-2.600763
87.450000,-2.025379,-7.329875,-1.547543,-2.667698
87.460000,-2.103848,-7.207796,-1.022932,-2.722499
87.470000,-2.173428,-7.384954,-0.050652,-2.766956
87.480000,-2.247306,-7.124095,0.168985,-2.803953
87.490000,-2.318320,-6.953483,0.688581,-2.827577
87.500000,-2.386740,-6.591703,1.070740,-2.846030
87.510000,-2.444588,-5.893076,1.360418,-2.855825
87.520000,-2.496632,-5.184047,1.512555,-2.857105
87.530000,-2.546060,-4.554338,1.564641,-2.850097
87.540000,-2.588649,-4.147872,1.738298,-2.835985
87.550000,-2.625267,-3.084623,2.630745,-2.815603
87.560000,-2.655035,-2.602594,1.928314,-2.791610
87.570000,-2.678607,-2.016370,2.009559,-2.766261
87.580000,-2.694172,-1.416916,1.548685,-2.743749
87.590000,-2.706100,-0.778619,1.763234,-2.723935
87.600000,-2.711591,-0.414703,0.953846,-2.701756
87.610000,-2.713626,-0.032293,0.584615,-2.679036
87.620000,-2.712517,0.117060,1.182977,-2.656595
87.630000,-2.710622,0.265946,2.031266,-2.632364
87.640000,-2.706784,0.454204,2.133274,-2.610084
87.650000,-2.701084,0.697821,2.111734,-2.586965
87.660000,-2.692251,0.861986,1.849290,-2.561353
87.670000,-2.682269,1.089849,1.840026,-2.539899
87.680000,-2.669547,1.337372,1.751460,-2.524098
87.690000,-2.656000,1.286581,1.145931,-2.513303
87.700000,-2.642134,1.438634,0.684711,-2.509013
87.710000,-2.627436,1.437363,0.676355,-2.512350
87.720000,-2.613558,1.286448,0.547780,-2.522162
87.730000,-2.601939,1.089994,-0.004860,-2.539936
87.740000,-2.593392,0.844333,-0.864446,-2.563293
87.750000,-2.587182,0.382418,-0.409082,-2.594750
87.760000,-2.585069,0.026866,-0.895621,-2.629831
87.770000,-2.586417,-0.251131,-1.757915,-2.671332
87.780000,-2.589841,-0.463066,-2.739725,-2.715635
87.790000,-2.597570,-0.944110,-2.872908,-2.769734
87.800000,-2.610064,-1.513099,-3.273384,-2.823139
87.810000,-2.627392,-1.996752,-3.357179,-2.878130
87.820000,-2.648973,-2.433480,-2.719487,-2.933087
87.830000,-2.675409,-2.683268,-2.889406,-2.988427
87.840000,-2.705802,-3.099252,-2.047035,-3.042317
87.850000,-2.738252,-3.254281,-2.401912,-3.094731
87.860000,-2.773473,-3.843311,-2.396377,-3.140874
87.870000,-2.816891,-4.140687,-1.793912,-3.175072
87.880000,-2.854873,-3.957255,-1.237400,-3.206905
87.890000,-2.894240,-4.223000,-0.795884,-3.226021
87.900000,-2.934101,-4.094443,-0.256794,-3.235363
87.910000,-2.971881,-3.262712,0.941908,-3.236934
87.920000,-3.005562,-3.037254,0.743793,-3.225176
87.930000,-3.037094,-2.928461,1.177828,-3.200955
87.940000,-3.062181,-2.330970,2.033284,-3.159952
87.950000,-3.079922,-1.594782,1.727172,-3.099819
87.960000,-3.091516,-0.720760,2.787527,-3.028462
87.970000,-3.093779,0.171557,3.711130,-2.945412
87.980000,-3.087511,0.872034,4.833277,-2.850495
87.990000,-3.074410,1.855625,5.854566,-2.718586
88.000000,-3.049315,3.008358,6.533858,-2.571527
88.010000,-3.013202,4.286205,6.012290,-2.419512
88.020000,-2.960877,5.996233,7.770556,-2.231552
88.030000,-2.897684,7.068635,8.207388,-2.035376
88.040000,-2.811257,8.523256,7.554612,-1.841303
88.050000,-2.711111,10.571080,7.700374,-1.634198
88.060000,-2.608325,11.434877,7.962195,-1.404580
88.070000,-2.477384,13.002919,7.281675,-1.165046
88.080000,-2.350640,14.555736,7.187343,-0.899264
88.090000,-2.182412,15.907421,7.029047,-0.661564
88.100000,-2.040676,16.493028,0.966164,-0.396241
88.110000,-1.864445,16.136239,-0.165568,-0.158257
88.120000,-1.707487,16.196806,0.916726,0.123028
88.130000,-1.549232,16.099942,0.830769,0.370358
88.140000,-1.386868,16.134576,1.446154,0.626579
88.150000,-1.233327,16.051067,0.899020,0.874931
88.160000,-1.055885,16.184273,1.487754,1.136725
88.170000,-0.909936,16.113687,0.613608,1.389701
88.180000,-0.727796,16.084909,1.261538,1.596398
88.190000,-0.604453,16.203623,1.479415,1.734337
88.200000,-0.408299,16.077909,0.974137,1.879572
88.210000,-0.263989,16.176495,1.438582,2.059740
88.220000,-0.108501,16.026599,0.736886,2.248249
88.230000,0.052871,16.135811,1.391176,2.359269
88.240000,0.227950,16.051138,1.230204,2.506847
88.250000,0.395325,16.145608,1.498401,2.653162
88.260000,0.549252,16.062698,1.490051,2.796414
88.270000,0.714628,16.075754,1.750215,2.915208
88.280000,0.860334,16.141550,1.867487,3.009951
88.290000,1.038438,15.997642,0.953846,3.089235
88.300000,1.201059,16.036693,0.536446,3.149192
88.310000,1.350118,16.063458,1.189250,3.195010
88.320000,1.506477,16.217899,0.839776,3.222585
88.330000,1.674526,16.014400,1.689760,3.236210
88.340000,1.831656,16.211875,0.953824,3.235945
88.350000,1.992511,16.113792,-0.756804,3.222651
88.360000,2.152113,15.439307,-5.136450,3.199515
88.370000,2.296341,13.708144,-6.547736,3.166296
88.380000,2.422874,11.779359,-7.543280,3.125834
88.390000,2.530365,10.170630,-7.907692,3.078245
88.400000,2.614003,8.287512,-7.360944,3.031459
88.410000,2.690763,6.325471,-6.325485,2.979452
88.420000,2.742116,4.789934,-6.110834,2.919429
88.430000,2.781771,3.056832,-5.674120,2.862236
88.440000,2.804264,2.087867,-4.417846,2.804740
88.450000,2.817450,0.801502,-3.141453,2.749214
88.460000,2.819677,-0.181027,-2.696009,2.696103
88.470000,2.814418,-0.706137,-3.696571,2.646621
88.480000,2.803172,-1.350777,-3.389840,2.605794
88.490000,2.786691,-1.867791,-2.899894,2.573283
88.500000,2.769301,-2.115711,-2.217167,2.546190
88.510000,2.747428,-2.179705,-1.261979,2.526303
88.520000,2.722709,-2.480183,-1.238205,2.514129
88.530000,2.701822,-2.424642,-0.892308,2.509120
88.540000,2.677171,-2.054524,-0.136481,2.511144
88.550000,2.656898,-1.982641,-0.015750,2.520454
88.560000,2.638903,-1.740527,0.946385,2.536238
88.570000,2.623811,-1.446289,0.509507,2.556932
88.580000,2.612407,-0.851880,0.670853,2.581137
88.590000,2.605168,-0.535723,2.375154,2.609988
88.600000,2.602228,-0.143090,0.878552,2.642368
88.610000,2.602614,0.144819,1.447391,2.671936
88.620000,2.605460,0.376467,1.789564,2.699499
88.630000,2.610548,0.661891,1.986329,2.733507
88.640000,2.619257,1.155743,2.063645,2.765641
88.650000,2.629798,1.084481,2.325606,2.793373
88.660000,2.643626,1.549460,1.838229,2.817876
88.670000,2.659098,1.764744,1.354947,2.837474
88.680000,2.677927,1.802070,1.505725,2.850676
88.690000,2.696036,1.678112,0.548297,2.857121
88.700000,2.712098,1.674963,0.891199,2.855857
88.710000,2.729900,1.358242,0.628828,2.846815
88.720000,2.743513,1.449206,-0.642592,2.828147
88.730000,2.755236,1.184461,-1.150353,2.811402
88.740000,2.764747,0.682379,-0.407422,2.787208
88.750000,2.770245,0.388568,-0.826735,2.767882
88.760000,2.771992,0.002541,-0.575582,2.735107
88.770000,2.770848,-0.182951,-1.808223,2.675162
88.780000,2.766542,-0.662540,-3.380430,2.598704
88.790000,2.757278,-1.341246,-4.090030,2.506874
88.800000,2.740876,-2.205651,-5.122526,2.409437
88.810000,2.710572,-2.721029,-4.399966,2.330451
88.820000,2.678531,-3.491522,-4.181006,2.226507
88.830000,2.638519,-4.764311,-3.846154,2.120715
88.840000,2.586907,-5.514617,-5.156376,2.013733
88.850000,2.529314,-6.047625,-4.662783,1.883176
88.860000,2.466056,-7.016160,-3.649776,1.780066
88.870000,2.397202,-7.552370,-3.680703,1.664980
88.880000,2.311294,-8.069443,-3.417633,1.544238
88.890000,2.235755,-8.481601,-3.688356,1.429693
88.900000,2.140721,-8.849352,-2.797665,1.326925
88.910000,2.054190,-9.511648,-2.412821,1.232214
88.920000,1.961415,-9.558670,-1.636575,1.155867
88.930000,1.855186,-9.364854,-0.373567,1.100169
88.940000,1.772200,-9.156111,0.850030,1.064212
88.950000,1.681440,-8.845732,1.635077,1.049470
88.960000,1.598680,-8.100592,3.123333,1.056029
88.970000,1.524371,-7.094104,3.321055,1.083193
88.980000,1.460711,-5.869047,4.692072,1.121883
88.990000,1.407164,-5.274180,3.927007,1.152425
89.000000,1.361610,-3.822083,3.415385,1.187550
89.010000,1.330669,-2.688519,3.605331,1.223807
89.020000,1.305961,-2.104555,2.868117,1.270256
89.030000,1.292274,-1.073438,2.549842,1.313950
89.040000,1.285904,-0.353633,2.369231,1.372839
89.050000,1.286528,0.347495,2.953725,1.437124
89.060000,1.292943,0.814988,3.446941,1.496512
89.070000,1.306905,1.745866,3.667215,1.571362
89.080000,1.325912,2.209842,3.526887,1.660693
89.090000,1.350912,3.051389,5.081758,1.769845
89.100000,1.390423,4.415495,6.662309,1.908679
89.110000,1.434435,4.707222,5.827633,2.058128
89.120000,1.496207,6.639445,5.395738,2.207299
89.130000,1.565817,7.327473,6.284248,2.372957
89.140000,1.645111,8.483530,6.399934,2.539780
89.150000,1.730429,9.917090,6.023262,2.694941
89.160000,1.826908,10.614144,4.770668,2.860059
89.170000,1.948235,11.622924,5.268823,3.014123
89.180000,2.069044,12.163336,2.796739,3.164239
89.190000,2.179880,12.469201,2.967381,3.317383
89.200000,2.299889,12.762414,3.723077,3.452264
89.210000,2.444914,13.010948,4.085959,3.589798
89.220000,2.574079,13.256960,1.614497,3.702910
89.230000,2.698922,13.016586,1.529164,3.803503
89.240000,2.831956,13.189406,1.191276,3.905093
89.250000,2.964974,12.596193,-0.507781,3.985654
89.260000,3.086042,12.306227,-1.787179,4.040010
89.270000,3.209759,11.706517,-2.000094,4.085690
89.280000,3.329495,11.146093,-2.666514,4.113072
89.290000,3.436061,10.055518,-2.804850,4.130153
89.300000,3.524670,9.184808,-3.560428,4.129785
89.310000,3.606093,8.012241,-3.791725,4.114427
89.320000,3.674113,6.808159,-4.003621,4.091618
89.330000,3.743349,5.473219,-4.563189,4.061621
89.340000,3.793571,4.689360,-4.065163,4.024196
89.350000,3.833602,3.741625,-4.294889,3.985622
89.360000,3.863394,2.354143,-2.975780,3.933508
89.370000,3.883395,1.671380,-3.874443,3.877215
89.380000,3.892849,0.478313,-3.441891,3.789501
89.390000,3.892998,-0.366220,-5.369203,3.672929
89.400000,3.880914,-1.874486,-6.246154,3.545843
89.410000,3.861104,-2.606552,-5.815326,3.410550
89.420000,3.824683,-4.011982,-6.906930,3.262552
89.430000,3.777676,-5.461308,-7.248565,3.105105
89.440000,3.720468,-6.519298,-7.365231,2.942291
89.450000,3.644749,-7.718767,-6.144890,2.775404
89.460000,3.559445,-8.953969,-5.614884,2.596280
89.470000,3.452549,-10.320482,-5.716440,2.443356
89.480000,3.355021,-11.139839,-5.357980,2.268769
89.490000,3.237984,-12.034999,-4.766295,2.099960
89.500000,3.116803,-12.708712,-3.869047,1.923699
89.510000,2.969929,-13.414968,-4.367683,1.755337
89.520000,2.839288,-13.994364,-3.169457,1.592851
89.530000,2.700974,-14.398955,-3.358638,1.443111
89.540000,2.561863,-14.584923,-2.609563,1.295406
89.550000,2.412795,-14.941665,-1.857582,1.157581
89.560000,2.258517,-14.739871,-1.290429,1.024832
89.570000,2.119551,-14.616032,-1.120348,0.899933
89.580000,1.972894,-14.576105,-0.112930,0.783424
89.590000,1.829953,-14.292761,-0.602242,0.659255
89.600000,1.673312,-13.783654,0.006729,0.547066
89.610000,1.547447,-13.580751,-0.002779,0.446408
89.620000,1.403126,-13.781843,0.359965,0.353222
89.630000,1.269159,-12.688059,1.256694,0.265329
89.640000,1.158299,-12.352757,0.925663,0.181443
89.650000,1.034357,-12.382665,0.735191,0.101724
89.660000,0.919843,-11.326880,1.195853,0.028028
89.670000,0.795926,-10.783040,1.240246,-0.045035
89.680000,0.700908,-10.342835,1.156016,-0.124186
89.690000,0.595382,-10.105053,0.671825,-0.202670
89.700000,0.497461,-9.658809,0.276923,-0.288096
89.710000,0.403766,-9.324271,-0.513285,-0.377540
89.720000,0.304474,-9.431263,-1.013360,-0.474395
89.730000,0.216614,-9.062739,-0.972856,-0.578649
89.740000,0.125585,-9.159488,-1.592202,-0.689454
89.750000,0.033384,-9.509861,-2.688184,-0.816044
89.760000,-0.062524,-9.462982,-2.286246,-0.948095
89.770000,-0.162502,-9.973869,-2.737087,-1.078966
89.780000,-0.270354,-10.384638,-2.707370,-1.216297
89.790000,-0.374192,-10.559579,-2.541369,-1.362443
89.800000,-0.486528,-11.119594,-3.987364,-1.524406
89.810000,-0.593208,-11.883854,-3.345311,-1.636312
89.820000,-0.715503,-11.859414,-1.873589,-1.717291
89.830000,-0.823931,-11.619168,-0.479558,-1.840725
89.840000,-0.953035,-11.915792,-0.184852,-1.944755
89.850000,-1.069874,-11.665677,-0.964235,-2.042519
89.860000,-1.186593,-11.289781,-0.163404,-2.193034
89.870000,-1.304368,-11.625837,-2.332883,-2.358408
89.880000,-1.420649,-11.774866,-3.164054,-2.526274
89.890000,-1.523403,-12.489557,-2.967792,-2.666215
89.900000,-1.669383,-12.756743,-2.752726,-2.835794
89.910000,-1.797699,-13.345113,-3.766397,-3.020851
89.920000,-1.943948,-13.942342,-3.924454,-3.195432
89.930000,-2.076534,-14.662940,-4.234483,-3.369610
89.940000,-2.225430,-15.151648,-3.865953,-3.531633
89.950000,-2.372541,-15.284061,-2.275019,-3.681607
89.960000,-2.527621,-15.171151,-0.878207,-3.806634
89.970000,-2.681878,-15.217500,-0.667604,-3.919215
89.980000,-2.838063,-14.889549,0.569168,-4.007127
89.990000,-2.992141,-14.307792,1.615210,-4.073203
90.000000,-3.120941,-13.874019,3.050645,-4.114603
90.010000,-3.249774,-12.294505,3.635659,-4.132201
90.020000,-3.371133,-11.681371,4.967138,-4.124561
90.030000,-3.477193,-10.081353,5.111720,-4.094077
90.040000,-3.569340,-8.536555,6.145644,-4.039088
90.050000,-3.647619,-6.794710,6.221379,-3.960905
90.060000,-3.701874,-5.234565,7.081561,-3.873107
90.070000,-3.744555,-3.452126,6.056932,-3.762573
90.080000,-3.767997,-1.478949,7.012760,-3.642980
90.090000,-3.773234,0.191353,6.842392,-3.509807
90.100000,-3.763844,1.722344,7.302564,-3.372557
90.110000,-3.738321,3.192516,7.693607,-3.206702
90.120000,-3.695896,4.752251,8.143617,-3.040281
90.130000,-3.640253,5.894725,7.415385,-2.873098
90.140000,-3.572455,7.813401,7.752188,-2.733257
90.150000,-3.491357,8.580066,4.366143,-2.633097
90.160000,-3.397093,9.604133,3.135642,-2.502134
90.170000,-3.298801,9.780088,2.804840,-2.400954
90.180000,-3.199267,9.999341,2.743749,-2.293934
90.190000,-3.097717,10.303017,2.030660,-2.157061
90.200000,-2.986428,10.628958,2.951143,-2.008740
90.210000,-2.882484,11.022923,3.949461,-1.864554
90.220000,-2.767580,11.692352,2.615825,-1.726406
90.230000,-2.654883,11.916838,2.291376,-1.590902
90.240000,-2.516705,11.951726,2.455338,-1.471273
90.250000,-2.413285,12.035883,0.971369,-1.377263
90.260000,-2.285201,12.141161,-0.226813,-1.321951
90.270000,-2.172327,11.518595,-1.366015,-1.274780
90.280000,-2.050517,10.873665,-1.741117,-1.206789
90.290000,-1.942542,10.498168,-1.708877,-1.142765
90.300000,-1.837102,9.616359,-0.911482,-1.093415
90.310000,-1.750055,9.288143,-2.311881,-1.061948
90.320000,-1.659937,8.676681,-2.607210,-1.049532
90.330000,-1.578589,7.736524,-2.547921,-1.054435
90.340000,-1.499903,6.929977,-3.405175,-1.077017
90.350000,-1.442317,5.939039,-4.591192,-1.116739
90.360000,-1.385863,4.266360,-4.065613,-1.171438
90.370000,-1.349405,3.545795,-4.661925,-1.239109
90.380000,-1.323459,2.018191,-4.092308,-1.322478
90.390000,-1.307772,0.746939,-4.688772,-1.412484
90.400000,-1.306781,-0.347702,-5.021265,-1.514717
90.410000,-1.315368,-1.436548,-6.037273,-1.626681
90.420000,-1.336894,-2.575691,-6.462474,-1.741143
90.430000,-1.368469,-3.576403,-5.852156,-1.859996
90.440000,-1.412184,-4.421248,-5.377495,-1.973403
90.450000,-1.459821,-5.611150,-5.291428,-2.072201
90.460000,-1.524395,-6.257705,-3.338357,-2.140905
90.470000,-1.587244,-6.560822,-2.446925,-2.212455
90.480000,-1.649961,-6.762809,-1.540292,-2.279057
90.490000,-1.727377,-7.181657,-1.474899,-2.340720
90.500000,-1.796906,-6.702981,-0.824136,-2.388605
90.510000,-1.856039,-6.858179,-0.461743,-2.444428
90.520000,-1.938757,-6.806574,-0.323020,-2.499038
90.530000,-2.002918,-6.599940,-0.736622,-2.545758
90.540000,-2.064279,-6.424605,-0.184637,-2.592917
90.550000,-2.132600,-6.377012,0.358419,-2.634413
90.560000,-2.194323,-5.745872,-0.159566,-2.678004
90.570000,-2.250186,-5.782538,-0.388673,-2.717020
90.580000,-2.308029,-5.691769,0.266412,-2.742540
90.590000,-2.363896,-5.235705,0.227576,-2.781554
90.600000,-2.411510,-5.003340,0.038538,-2.814758
90.610000,-2.459483,-4.726628,0.173612,-2.835151
90.620000,-2.506743,-4.681139,0.461538,-2.848213
90.630000,-2.552333,-4.381719,0.383291,-2.856261
90.640000,-2.590410,-3.511275,0.881121,-2.856799
90.650000,-2.625651,-3.189755,1.030038,-2.848894
90.660000,-2.657842,-2.596586,1.561142,-2.834188
90.670000,-2.684528,-2.322100,1.507692,-2.814715
90.680000,-2.704636,-1.777158,1.279278,-2.788135
90.690000,-2.719862,-1.227980,1.780196,-2.758213
90.700000,-2.729068,-0.722969,1.438084,-2.726760
90.710000,-2.733689,-0.240462,0.919698,-2.693094
90.720000,-2.733463,0.151669,1.862263,-2.659122
90.730000,-2.730813,0.383560,1.728003,-2.625786
90.740000,-2.724871,0.760840,2.366431,-2.597183
90.750000,-2.715336,1.128885,1.826386,-2.569452
90.760000,-2.704090,1.260627,2.172524,-2.547165
90.770000,-2.690781,1.338082,1.630769,-2.530031
90.780000,-2.674779,1.572279,1.540904,-2.516995
90.790000,-2.658497,1.606428,1.058782,-2.510004
90.800000,-2.643749,1.690917,0.670301,-2.509970
90.810000,-2.628571,1.490984,0.491458,-2.517119
90.820000,-2.614773,1.318676,-1.078138,-2.532510
90.830000,-2.603485,0.928685,-0.383024,-2.555875
90.840000,-2.594583,0.668915,-0.743946,-2.585150
90.850000,-2.590163,0.225701,-1.142021,-2.623564
90.860000,-2.589934,-0.087958,-1.169552,-2.668598
90.870000,-2.592258,-0.396584,-2.714902,-2.708723
90.880000,-2.597961,-0.699581,-2.481028,-2.743873
90.890000,-2.608566,-1.121444,-2.359592,-2.771673
90.900000,-2.622281,-1.332683,-1.676285,-2.801190
90.910000,-2.637402,-1.609014,-1.997909,-2.837700
90.920000,-2.654997,-1.836509,-2.287329,-2.879883
90.930000,-2.675789,-2.050346,-2.137510,-2.911833
90.940000,-2.699347,-2.522049,-1.973699,-2.954615
90.950000,-2.723461,-2.411180,-1.273487,-2.987999
90.960000,-2.750743,-2.872458,-1.415045,-3.012511
90.970000,-2.777909,-2.975183,-1.560249,-3.051495
90.980000,-2.807065,-2.965664,-1.496164,-3.084669
90.990000,-2.834417,-3.175257,-1.391969,-3.116850
91.000000,-2.866007,-3.099413,-1.610766,-3.147863
91.010000,-2.896418,-3.060947,-1.812380,-3.180885
91.020000,-2.928848,-3.231155,-1.412472,-3.207426
91.030000,-2.958185,-3.224191,-1.058234,-3.226910
91.040000,-2.991788,-2.879044,-0.363312,-3.236043
91.050000,-3.018243,-2.971736,0.247443,-3.236171
91.060000,-3.046907,-2.825771,0.388768,-3.223405
91.070000,-3.070011,-2.207691,0.835611,-3.199500
91.080000,-3.091943,-1.852313,1.537283,-3.163401
91.090000,-3.106000,-1.119250,1.542707,-3.109237
91.100000,-3.113290,-0.414848,2.590517,-3.037443
91.110000,-3.113251,0.323749,2.882761,-2.948857
91.120000,-3.106510,1.039833,4.244213,-2.851912
91.130000,-3.091234,1.947579,5.229661,-2.729956
91.140000,-3.064369,3.005712,5.973939,-2.596196
91.150000,-3.029481,4.214930,6.662845,-2.444905
91.160000,-2.978852,5.702455,6.815697,-2.278505
91.170000,-2.908930,7.029509,6.984615,-2.112794
91.180000,-2.835108,8.101702,8.143739,-1.918319
91.190000,-2.742829,9.670658,7.325821,-1.702984
91.200000,-2.643336,11.251803,5.967376,-1.489465
91.210000,-2.518389,12.309178,6.715487,-1.289274
91.220000,-2.400298,13.722342,5.666682,-1.078182
91.230000,-2.249010,14.748637,5.513302,-0.848990
91.240000,-2.103042,15.643094,6.184615,-0.616518
91.250000,-1.940348,16.380406,1.772623,-0.387827
91.260000,-1.778721,16.289461,-0.174828,-0.161152
91.270000,-1.625360,16.145055,1.315285,0.082556
91.280000,-1.463147,15.980104,0.325919,0.312127
91.290000,-1.298791,16.091514,1.738579,0.576574
91.300000,-1.131989,16.150146,1.167615,0.836033
91.310000,-0.978691,16.170022,1.448611,1.100851
91.320000,-0.819377,16.111777,1.525386,1.363525
91.330000,-0.642198,16.139743,0.591025,1.607574
91.340000,-0.488252,16.025107,1.381055,1.841348
91.350000,-0.335862,16.135074,0.984000,2.054988
91.360000,-0.173934,16.039773,0.717960,2.250120
91.370000,-0.010543,16.042837,0.922964,2.420896
91.380000,0.154641,16.080341,1.357248,2.580895
91.390000,0.317896,16.145055,1.081148,2.712636
91.400000,0.466005,16.247333,1.432849,2.844250
91.410000,0.631338,16.090282,0.710223,2.955834
91.420000,0.790393,16.151453,0.350012,3.043142
91.430000,0.972284,15.996326,1.091076,3.119760
91.440000,1.123454,16.183077,0.586635,3.172268
91.450000,1.284535,16.066448,1.308297,3.211152
91.460000,1.442282,16.144640,0.119897,3.232158
91.470000,1.595302,16.100089,0.199105,3.237550
91.480000,1.769277,16.067219,2.307692,3.229482
91.490000,1.917923,16.111334,0.181535,3.208771
91.500000,2.087127,15.719670,-3.928600,3.177864
91.510000,2.231183,14.212570,-6.952869,3.150309
91.520000,2.362819,12.582424,-7.031490,3.125932
91.530000,2.471253,10.642779,-6.917857,3.098556
91.540000,2.568955,9.009759,-6.994474,3.067682
91.550000,2.653953,7.347336,-5.643958,3.026977
91.560000,2.716189,5.693720,-6.056985,2.972532
91.570000,2.761431,4.275084,-5.475353,2.916947
91.580000,2.795789,2.722137,-4.624034,2.858055
91.590000,2.817264,1.650408,-3.636228,2.799947
91.600000,2.828069,0.423060,-2.964830,2.748879
91.610000,2.827643,-0.324451,-3.476923,2.702291
91.620000,2.822254,-0.741405,-3.661538,2.654656
91.630000,2.811354,-1.213588,-3.684216,2.611640
91.640000,2.794638,-1.657493,-2.829085,2.574389
91.650000,2.776553,-2.015304,-2.260865,2.546802
91.660000,2.753856,-2.376148,-2.118026,2.526147
91.670000,2.730637,-2.335480,-0.953595,2.513451
91.680000,2.705840,-2.467507,-0.249876,2.509020
91.690000,2.680898,-2.186281,-0.071626,2.512202
91.700000,2.661324,-1.891728,0.532704,2.522865
91.710000,2.642614,-1.770130,0.415438,2.539288
91.720000,2.627131,-1.387454,0.679606,2.561977
91.730000,2.614420,-0.846802,1.069690,2.587790
91.740000,2.607877,-0.492991,1.076923,2.619546
91.750000,2.605669,-0.026842,0.689262,2.648753
91.760000,2.606813,0.177674,1.729130,2.677986
91.770000,2.609542,0.407791,2.142090,2.705084
91.780000,2.614790,0.616192,2.462934,2.734192
91.790000,2.624036,0.985439,2.333496,2.763524
91.800000,2.633649,1.233778,1.846405,2.791214
91.810000,2.646794,1.165459,1.738868,2.816542
91.820000,2.662782,1.574905,1.694732,2.836067
91.830000,2.680256,1.426673,1.082512,2.850070
91.840000,2.697696,1.526712,1.200000,2.857025
91.850000,2.714903,1.539019,0.678223,2.855679
91.860000,2.731216,1.414552,0.271255,2.845328
91.870000,2.744872,1.343879,-0.132199,2.825338
91.880000,2.756589,1.050549,-0.886491,2.794842
91.890000,2.764647,0.569280,-1.291616,2.756172
91.900000,2.768127,0.165375,-1.614629,2.710648
91.910000,2.766754,-0.290019,-2.148566,2.682415
91.920000,2.763046,-0.470044,-2.488309,2.644638
91.930000,2.756000,-0.911197,-2.373513,2.596773
91.940000,2.745105,-1.187259,-3.563960,2.538864
91.950000,2.729386,-1.615396,-3.907692,2.450884
91.960000,2.708077,-2.529835,-4.510350,2.361145
91.970000,2.676850,-3.032504,-4.481847,2.269823
91.980000,2.642933,-3.855561,-4.458134,2.177802
91.990000,2.595194,-4.884064,-4.134883,2.084694
92.000000,2.543255,-5.349283,-3.735713,1.989332
92.010000,2.491954,-6.017087,-3.786351,1.875006
92.020000,2.428999,-6.381497,-3.592537,1.765939
92.030000,2.355658,-7.237897,-3.936715,1.655840
92.040000,2.282132,-7.619778,-3.394646,1.554188
92.050000,2.205723,-8.008473,-2.416995,1.456231
92.060000,2.119408,-8.343972,-1.790862,1.372877
92.070000,2.037888,-8.760224,-1.865404,1.285864
92.080000,1.951417,-8.424949,-1.456123,1.216765
92.090000,1.865059,-8.874270,-1.225988,1.156821
92.100000,1.779390,-8.588532,-0.291823,1.105964
92.110000,1.692864,-7.913149,0.828950,1.072990
92.120000,1.615879,-7.715398,1.275222,1.052775
92.130000,1.543757,-6.777482,2.043833,1.049742
92.140000,1.475109,-6.545016,2.364845,1.062615
92.150000,1.417205,-5.373422,3.278077,1.092980
92.160000,1.367312,-4.332188,3.592403,1.137458
92.170000,1.326070,-3.582094,3.292591,1.198414
92.180000,1.299697,-2.019057,4.081987,1.274103
92.190000,1.283423,-0.959604,3.934923,1.364312
92.200000,1.278568,0.209628,4.839259,1.464003
92.210000,1.284787,0.984091,6.352002,1.590159
92.220000,1.302765,2.206776,8.017855,1.728276
92.230000,1.334832,3.826085,6.541832,1.873592
92.240000,1.380494,5.266540,6.809350,2.018465
92.250000,1.438794,6.063197,6.578568,2.166369
92.260000,1.505721,7.326745,6.865996,2.325493
92.270000,1.588112,8.378823,5.606519,2.476727
92.280000,1.679203,9.830620,4.683666,2.622550
92.290000,1.782033,10.649813,4.960721,2.794074
92.300000,1.888911,11.147364,5.369101,2.954831
92.310000,2.002760,11.950844,3.892664,3.119322
92.320000,2.118458,12.306073,3.712550,3.280483
92.330000,2.254406,12.848662,3.912042,3.436166
92.340000,2.385447,13.454884,3.291457,3.579511
92.350000,2.524877,13.885269,0.960707,3.707037
92.360000,2.653944,13.600201,1.616740,3.821716
92.370000,2.789932,13.914729,0.596048,3.912266
92.380000,2.935724,13.338813,-0.596954,3.987211
92.390000,3.068666,12.774569,-1.223686,4.049512
92.400000,3.191198,12.112763,-2.142054,4.095461
92.410000,3.310049,11.344526,-2.774591,4.123476
92.420000,3.419064,10.111464,-3.201541,4.132680
92.430000,3.520085,9.352384,-4.502544,4.123178
92.440000,3.600110,8.207765,-4.940016,4.096652
92.450000,3.677752,6.739326,-4.530675,4.052403
92.460000,3.734653,5.066910,-5.002660,3.996613
92.470000,3.780957,3.963214,-4.982263,3.917788
92.480000,3.814374,2.646455,-4.921095,3.822605
92.490000,3.833385,1.220295,-6.164380,3.714566
92.500000,3.835994,-0.294630,-6.449074,3.587583
92.510000,3.825070,-1.525256,-7.211829,3.451315
92.520000,3.801402,-3.121304,-7.739625,3.303621
92.530000,3.761746,-4.721598,-7.693154,3.137279
92.540000,3.707642,-6.049890,-7.431335,2.978222
92.550000,3.643947,-7.269177,-7.557880,2.799424
92.560000,3.552131,-8.686291,-6.553846,2.634996
92.570000,3.472031,-9.721491,-5.337842,2.461750
92.580000,3.363024,-10.775940,-5.585423,2.277431
92.590000,3.243543,-11.986813,-5.431374,2.097949
92.600000,3.129828,-12.780628,-5.220652,1.927633
92.610000,2.994147,-13.393588,-5.366481,1.760105
92.620000,2.854070,-14.207120,-3.791179,1.609843
92.630000,2.712026,-14.224717,-2.652143,1.466605
92.640000,2.555410,-14.452832,0.223942,1.331752
92.650000,2.421804,-14.569672,-1.568691,1.191071
92.660000,2.277312,-14.588365,-1.081446,1.065653
92.670000,2.119988,-14.493166,0.382597,0.941078
92.680000,1.992021,-14.333274,-0.155979,0.824482
92.690000,1.847075,-14.227905,1.220249,0.717357
92.700000,1.698392,-13.432363,-0.069266,0.612267
92.710000,1.576629,-13.449718,-0.270469,0.513355
92.720000,1.439256,-12.824737,-0.115033,0.429125
92.730000,1.322411,-12.426152,0.892308,0.350683
92.740000,1.188733,-11.671955,1.703409,0.278049
92.750000,1.085179,-11.830373,1.297855,0.204322
92.760000,0.965371,-10.770425,1.484609,0.139216
92.770000,0.866628,-10.439363,1.350581,0.077892
92.780000,0.764338,-10.005940,1.313880,0.018154
92.790000,0.674226,-9.206111,0.866233,-0.040984
92.800000,0.577721,-8.714348,0.219904,-0.105036
92.810000,0.493302,-8.407515,0.175900,-0.172033
92.820000,0.416352,-7.892977,-0.160726,-0.239881
92.830000,0.333054,-7.586763,-0.843526,-0.315678
92.840000,0.260376,-7.817391,-0.280470,-0.391899
92.850000,0.179602,-7.574478,-0.914627,-0.472744
92.860000,0.105173,-7.836338,-1.717562,-0.564421
92.870000,0.023300,-8.089949,-2.358005,-0.666844
92.880000,-0.049203,-7.919686,-2.035921,-0.769765
92.890000,-0.136226,-8.196490,-1.988438,-0.878724
92.900000,-0.210730,-8.694491,-3.169231,-1.007283
92.910000,-0.309218,-9.366490,-3.909592,-1.144282
92.920000,-0.393828,-9.678248,-4.413824,-1.294653
92.930000,-0.488046,-9.995823,-3.203173,-1.440473
92.940000,-0.591675,-10.973145,-4.038098,-1.596731
92.950000,-0.704647,-11.302734,-4.104531,-1.749770
92.960000,-0.824116,-11.976103,-3.807263,-1.908452
92.970000,-0.945357,-12.128978,-3.239968,-2.085382
92.980000,-1.063886,-13.156212,-4.397578,-2.255383
92.990000,-1.197849,-13.835192,-4.299166,-2.429133
93.000000,-1.330646,-14.106705,-3.655171,-2.599651
93.010000,-1.477830,-14.361186,-3.275911,-2.759147
93.020000,-1.620466,-14.781004,-2.731781,-2.927870
93.030000,-1.774946,-15.083053,-2.295342,-3.088816
93.040000,-1.925040,-15.199603,-1.651384,-3.242797
93.050000,-2.084315,-15.282636,-0.630788,-3.395669
93.060000,-2.236514,-15.429920,-1.096553,-3.524225
93.070000,-2.395508,-15.438414,-0.045191,-3.649199
93.080000,-2.539989,-15.001988,0.576916,-3.766327
93.090000,-2.687703,-14.964194,0.561865,-3.867490
93.100000,-2.850536,-14.188469,1.092295,-3.960406
93.110000,-2.976964,-14.035909,1.528608,-4.031728
93.120000,-3.107525,-13.048498,2.477949,-4.083682
93.130000,-3.246808,-11.750764,2.967548,-4.117394
93.140000,-3.349894,-11.497244,3.523516,-4.132103
93.150000,-3.461702,-10.188035,4.380424,-4.128074
93.160000,-3.551637,-8.726866,5.000471,-4.103440
93.170000,-3.640317,-7.402043,5.023348,-4.060566
93.180000,-3.703766,-5.952007,5.554455,-3.997293
93.190000,-3.757979,-4.548637,5.858686,-3.920090
93.200000,-3.792770,-3.152306,5.685726,-3.824017
93.210000,-3.815514,-1.622838,6.966798,-3.707051
93.220000,-3.821212,0.144894,6.430769,-3.583058
93.230000,-3.812904,1.659951,6.974786,-3.451412
93.240000,-3.786951,3.192208,6.781816,-3.301612
93.250000,-3.753692,4.226578,6.768913,-3.157047
93.260000,-3.702237,5.718840,6.881320,-3.004063
93.270000,-3.636731,6.804987,6.705721,-2.844353
93.280000,-3.562323,8.118530,5.790295,-2.704788
93.290000,-3.471477,8.932111,5.600226,-2.544872
93.300000,-3.380667,10.096805,5.198488,-2.382336
93.310000,-3.277277,10.654998,4.967933,-2.237056
93.320000,-3.166070,11.695678,2.651103,-2.146136
93.330000,-3.060193,11.833243,1.455261,-2.050963
93.340000,-2.934589,11.533817,1.420390,-1.939088
93.350000,-2.802667,11.506397,1.657921,-1.802499
93.360000,-2.701380,11.760248,2.243727,-1.660922
93.370000,-2.582328,11.720030,1.338485,-1.570527
93.380000,-2.462232,11.911217,-0.050623,-1.508742
93.390000,-2.350686,11.720509,-0.756032,-1.444982
93.400000,-2.232615,10.795489,-1.015759,-1.372293
93.410000,-2.125291,10.478453,-1.511471,-1.318434
93.420000,-2.027158,9.777680,-1.277402,-1.261569
93.430000,-1.930140,9.451451,-1.891483,-1.217019
93.440000,-1.831863,8.645644,-1.967748,-1.169199
93.450000,-1.752289,8.347287,-1.506582,-1.119991
93.460000,-1.675493,7.877086,-1.685045,-1.086214
93.470000,-1.595347,7.340415,-1.367171,-1.062528
93.480000,-1.528382,6.674651,-1.467561,-1.050615
93.490000,-1.467090,6.043023,-2.227991,-1.050324
93.500000,-1.410810,5.601734,-2.409315,-1.060336
93.510000,-1.360252,4.346018,-2.500445,-1.080460
93.520000,-1.314649,3.921799,-2.582016,-1.111085
93.530000,-1.282549,2.876949,-3.022561,-1.154597
93.540000,-1.259210,1.897833,-2.688728,-1.200548
93.550000,-1.241861,0.981344,-2.312939,-1.271087
93.560000,-1.235988,0.152674,-3.802322,-1.365249
93.570000,-1.239750,-0.795306,-4.809548,-1.469758
93.580000,-1.252768,-1.750474,-5.686091,-1.580865
93.590000,-1.275453,-2.872313,-5.550169,-1.703463
93.600000,-1.309563,-3.863979,-5.659514,-1.828164
93.610000,-1.354413,-5.379759,-6.035513,-1.952329
93.620000,-1.411394,-5.642739,-4.199877,-2.079056
93.630000,-1.474295,-6.770484,-4.509730,-2.197269
93.640000,-1.554387,-7.826689,-4.499488,-2.301023
93.650000,-1.629076,-8.425367,-3.592955,-2.392214
93.660000,-1.712505,-8.746240,-1.694520,-2.457940
93.670000,-1.796611,-8.732891,-0.328354,-2.506909
93.680000,-1.884275,-8.222100,-0.242456,-2.556621
93.690000,-1.968771,-8.217250,1.013878,-2.600080
93.700000,-2.049274,-7.732119,0.623059,-2.655224
93.710000,-2.125369,-6.971216,-0.375231,-2.711195
93.720000,-2.194758,-7.043562,0.541112,-2.760457
93.730000,-2.269783,-7.016558,-0.263929,-2.800055
93.740000,-2.328495,-6.410916,0.154141,-2.828877
93.750000,-2.394700,-6.156441,0.845498,-2.847695
93.760000,-2.455023,-5.928887,1.017474,-2.856034
93.770000,-2.506390,-5.129818,1.351463,-2.856815
93.780000,-2.554009,-4.243305,1.680687,-2.851112
93.790000,-2.595194,-3.927187,2.146371,-2.837678
93.800000,-2.630133,-3.299325,1.890307,-2.817236
93.810000,-2.660509,-2.597427,1.488353,-2.791176
93.820000,-2.682974,-1.927606,2.015696,-2.760177
93.830000,-2.699785,-1.229851,1.905036,-2.728035
93.840000,-2.707329,-0.658263,2.289551,-2.695135
93.850000,-2.710956,-0.108714,1.400120,-2.660253
93.860000,-2.709812,0.227071,1.774849,-2.625245
93.870000,-2.705768,0.495824,2.166125,-2.595444
93.880000,-2.699152,0.831511,2.123077,-2.566840
93.890000,-2.689147,0.990895,1.774626,-2.545252
93.900000,-2.676494,1.355026,1.569658,-2.528029
93.910000,-2.663161,1.494980,0.871262,-2.515185
93.920000,-2.647525,1.457649,1.477375,-2.509493
93.930000,-2.632653,1.491264,0.690706,-2.510382
93.940000,-2.619306,1.320111,0.521327,-2.519054
93.950000,-2.607344,1.213790,0.006637,-2.535630
93.960000,-2.597406,0.837034,-0.993457,-2.560020
93.970000,-2.589893,0.474372,-0.566649,-2.589341
93.980000,-2.586976,0.132558,-0.957917,-2.627899
93.990000,-2.587738,-0.171344,-1.323077,-2.670384
94.000000,-2.590791,-0.470330,-2.430769,-2.717384
94.010000,-2.597994,-0.849922,-2.474744,-2.774805
94.020000,-2.610082,-1.569958,-3.709509,-2.829071
94.030000,-2.627521,-2.048487,-3.802086,-2.887783
94.040000,-2.649315,-2.395898,-2.978256,-2.944706
94.050000,-2.678022,-2.840865,-3.170443,-2.996753
94.060000,-2.708136,-3.120922,-2.453275,-3.050293
94.070000,-2.740621,-3.259156,-2.343864,-3.097483
94.080000,-2.781516,-3.706165,-2.105440,-3.139186
94.090000,-2.820280,-3.922232,-1.791125,-3.179740
94.100000,-2.855971,-4.166220,-1.790007,-3.209914
94.110000,-2.898131,-4.192986,-0.734388,-3.230288
94.120000,-2.935707,-4.136239,-0.603906,-3.237616
94.130000,-2.977773,-3.751665,0.212669,-3.231412
94.140000,-3.010270,-3.403091,1.017984,-3.210950
94.150000,-3.037998,-2.683163,1.863909,-3.173985
94.160000,-3.062603,-2.102502,2.511954,-3.118912
94.170000,-3.077418,-1.209402,2.883476,-3.044939
94.180000,-3.084444,-0.207953,3.734224,-2.950758
94.190000,-3.080945,0.773160,4.580736,-2.847374
94.200000,-3.068237,1.710980,6.408005,-2.722924
94.210000,-3.043395,3.071728,6.369231,-2.578308
94.220000,-3.011104,4.250866,7.375217,-2.421286
94.230000,-2.957207,5.618035,7.292308,-2.247248
94.240000,-2.897263,7.101465,7.579415,-2.043501
94.250000,-2.816789,8.611193,8.478724,-1.830582
94.260000,-2.713120,10.072360,8.642359,-1.615761
94.270000,-2.610542,12.066461,7.570510,-1.386314
94.280000,-2.489025,12.885894,6.624448,-1.185118
94.290000,-2.348295,14.414651,6.399724,-0.922475
94.300000,-2.193311,15.689149,7.084455,-0.655832
94.310000,-2.037753,16.485813,1.399306,-0.378220
94.320000,-1.877829,16.173816,0.166382,-0.111805
94.330000,-1.712714,16.208450,1.572176,0.154380
94.340000,-1.555974,16.203125,0.907927,0.422997
94.350000,-1.396692,16.170820,1.003908,0.680226
94.360000,-1.232599,16.008952,1.878717,0.941764
94.370000,-1.057531,16.028004,0.489657,1.175062
94.380000,-0.892388,16.102103,0.953846,1.402602
94.390000,-0.745211,16.082702,0.780633,1.635870
94.400000,-0.574887,16.170828,1.650170,1.871985
94.410000,-0.419426,16.108751,1.754991,2.085048
94.420000,-0.252623,16.118681,1.728113,2.282948
94.430000,-0.087118,16.026805,0.843764,2.448140
94.440000,0.072085,16.229455,0.777425,2.612433
94.450000,0.217606,16.129182,1.717515,2.750335
94.460000,0.395271,16.168996,1.106598,2.868181
94.470000,0.542616,16.054248,1.020635,2.971607
94.480000,0.700737,16.184312,1.085427,3.063768
94.490000,0.868455,16.036532,1.113925,3.131877
94.500000,1.021858,16.102954,1.284393,3.180055
94.510000,1.195859,16.073589,1.827319,3.213905
94.520000,1.344270,16.076922,0.576841,3.232369
94.530000,1.506128,16.112539,1.528599,3.237466
94.540000,1.666068,16.087575,1.952242,3.228092
94.550000,1.829954,16.214599,-0.570751,3.207191
94.560000,2.000293,16.036781,-2.323120,3.175991
94.570000,2.145077,14.828108,-6.277395,3.133984
94.580000,2.297094,12.719547,-8.016082,3.084200
94.590000,2.416029,10.667211,-7.624277,3.033593
94.600000,2.504298,8.991168,-7.738859,2.981148
94.610000,2.588973,7.205107,-7.055580,2.916633
94.620000,2.647286,5.218590,-6.861538,2.851743
94.630000,2.691228,3.666976,-6.303290,2.789174
94.640000,2.720043,2.305380,-5.036466,2.730141
94.650000,2.735618,1.118481,-3.706487,2.673956
94.660000,2.739185,-0.075182,-3.337624,2.623573
94.670000,2.734952,-0.748048,-3.255237,2.582851
94.680000,2.724487,-1.293982,-2.705902,2.549378
94.690000,2.711684,-1.384914,-2.436332,2.526152
94.700000,2.695351,-1.472527,-1.865473,2.513055
94.710000,2.675529,-1.950012,-1.186272,2.509033
94.720000,2.658232,-1.928136,-0.667630,2.513841
94.730000,2.640692,-1.799304,-0.041280,2.527058
94.740000,2.623444,-1.396143,0.835558,2.548515
94.750000,2.613263,-0.977820,0.313260,2.572070
94.760000,2.605294,-0.716891,0.955557,2.587596
94.770000,2.599835,-0.346625,0.380418,2.600967
94.780000,2.598039,-0.016348,0.357827,2.627848
94.790000,2.598802,0.150451,1.303981,2.664887
94.800000,2.601595,0.393674,1.970477,2.704509
94.810000,2.606946,0.689818,2.847299,2.742186
94.820000,2.616406,1.081138,3.014267,2.776540
94.830000,2.629534,1.290798,1.665218,2.806616
94.840000,2.643564,1.750924,1.630769,2.831170
94.850000,2.660875,1.864019,2.012051,2.848217
94.860000,2.679536,1.680527,0.790211,2.856837
94.870000,2.700534,1.905437,0.574695,2.855600
94.880000,2.716424,1.744811,0.641026,2.842957
94.890000,2.733987,1.553887,-0.331194,2.819713
94.900000,2.747318,0.953746,-0.974826,2.781697
94.910000,2.755606,0.592209,-2.646186,2.731888
94.920000,2.758073,-0.047889,-2.149798,2.671840
94.930000,2.755377,-0.497660,-3.422178,2.602024
94.940000,2.746433,-1.035894,-3.928145,2.518835
94.950000,2.731447,-1.913606,-4.313004,2.435427
94.960000,2.707461,-2.522944,-4.715635,2.335891
94.970000,2.677435,-3.136718,-4.461538,2.230077
94.980000,2.635970,-4.652983,-5.226333,2.114096
94.990000,2.589494,-5.273750,-5.263854,2.004200
