time,angle,velocity,torque,control
0.000000,1.862936,-0.004396,-0.953846,0.000000
0.010000,1.862936,-0.004396,-0.116948,0.000000
0.020000,1.862936,-0.004396,0.151052,0.000000
0.030000,1.862936,0.002155,-0.368636,0.000000
0.040000,1.862936,-0.004396,-0.261512,0.000000
0.050000,1.862936,-0.004396,0.011872,0.000000
0.060000,1.862936,-0.004396,-0.259284,0.000000
0.070000,1.862936,-0.004396,-0.309528,0.000000
0.080000,1.862936,-0.002057,0.092308,0.000000
0.090000,1.862936,-0.004396,-0.346845,0.000000
0.100000,1.862936,0.002191,-0.153846,0.000000
0.110000,1.862936,-0.004396,0.235548,0.000000
0.120000,1.862936,-0.008480,0.270694,0.000000
0.130000,1.862936,-0.004396,-0.253406,0.000000
0.140000,1.862936,-0.008320,0.037364,0.000000
0.150000,1.862936,-0.004396,0.024223,0.000000
0.160000,1.862936,-0.004396,-0.012842,0.000000
0.170000,1.862936,-0.013187,0.512138,0.000000
0.180000,1.862936,-0.012244,0.001455,0.000000
0.190000,1.862936,-0.004396,0.696236,0.000000
0.200000,1.862936,-0.012528,0.240044,0.000000
0.210000,1.862936,-0.005519,0.422221,0.000000
0.220000,1.862936,-0.004396,0.525717,0.000000
0.230000,1.862936,-0.011983,0.359532,0.000000
0.240000,1.862936,-0.004396,0.036625,0.000000
0.250000,1.862936,-0.004396,0.253855,0.000000
0.260000,1.862936,0.003143,-0.157923,0.000000
0.270000,1.862936,-0.007201,0.067404,0.000000
0.280000,1.862936,-0.004396,-0.030769,0.000000
0.290000,1.862936,-0.011858,-0.192128,0.000000
0.300000,1.862936,0.002172,-0.291768,0.000000
0.310000,1.862936,-0.002407,0.306242,0.000000
0.320000,1.862936,-0.013187,-0.485494,0.000000
0.330000,1.862936,-0.006702,-0.176993,0.000000
0.340000,1.862936,0.003783,-0.291329,0.000000
0.350000,1.862936,0.001928,-0.148478,0.000000
0.360000,1.862936,-0.004396,-0.400000,0.000000
0.370000,1.862936,-0.006489,-0.259356,0.000000
0.380000,1.862936,-0.004396,0.392757,0.000000
0.390000,1.862936,0.003726,0.106360,0.000000
0.400000,1.862936,-0.004396,-0.440797,0.000000
0.410000,1.862936,0.001770,-0.278625,0.000000
0.420000,1.862936,-0.003723,-0.187154,0.000000
0.430000,1.862936,-0.004396,0.151706,0.000000
0.440000,1.862936,-0.013187,-1.144214,0.000000
0.450000,1.862936,-0.004396,0.135765,0.000000
0.460000,1.862936,-0.004708,-0.160396,0.000000
0.470000,1.862936,-0.001249,0.087758,0.000000
0.480000,1.862936,-0.009665,-0.338462,0.000000
0.490000,1.862936,-0.010259,-0.338462,0.000000
0.500000,1.862936,-0.004396,0.258903,0.000000
0.510000,1.862936,0.004396,-0.221455,0.000000
0.520000,1.862936,-0.004396,0.134993,0.000000
0.530000,1.862936,-0.004396,-0.214298,0.000000
0.540000,1.862936,-0.004396,-0.081748,0.000000
0.550000,1.862936,-0.002992,-0.001292,0.000000
0.560000,1.862936,-0.004396,0.116875,0.000000
0.570000,1.862936,-0.013096,-0.394272,0.000000
0.580000,1.862936,-0.002218,-0.047734,0.000000
0.590000,1.862936,-0.004396,0.062161,0.000000
0.600000,1.862936,0.004335,-0.334223,0.000000
0.610000,1.862936,-0.004396,0.143223,0.000000
0.620000,1.862936,-0.004396,-0.379369,0.000000
0.630000,1.862936,0.004396,-0.042641,0.000000
0.640000,1.862936,-0.006106,0.241007,0.000000
0.650000,1.862936,-0.008695,0.113009,0.000000
0.660000,1.862936,-0.004665,-0.006269,0.000000
0.670000,1.862936,-0.011354,0.169289,0.000000
0.680000,1.862936,-0.004396,-0.262888,0.000000
0.690000,1.862936,0.004396,-0.306896,0.000000
0.700000,1.862936,-0.003964,-0.147802,0.000000
0.710000,1.862936,-0.004396,0.073432,0.000000
0.720000,1.862936,0.000413,-0.381613,0.000000
0.730000,1.862936,-0.004396,0.209412,0.000000
0.740000,1.862936,-0.004396,-0.239826,0.000000
0.750000,1.862936,-0.011910,-0.319585,0.000000
0.760000,1.862936,-0.006105,0.273489,0.000000
0.770000,1.862936,-0.007796,0.082443,0.000000
0.780000,1.862936,-0.004336,0.325884,0.000000
0.790000,1.862936,-0.011439,0.462275,0.000000
0.800000,1.862936,0.000829,-0.373289,0.000000
0.810000,1.862936,-0.007772,-0.025880,0.000000
0.820000,1.862936,-0.009887,0.415340,0.000000
0.830000,1.862936,-0.010318,0.247760,0.000000
0.840000,1.862936,-0.010320,0.296992,0.000000
0.850000,1.862936,-0.008071,0.118033,0.000000
0.860000,1.862936,-0.001252,-0.132193,0.000000
0.870000,1.862936,-0.013187,-1.248376,0.000000
0.880000,1.862936,-0.004396,-0.008081,0.000000
0.890000,1.862936,-0.005392,0.500930,0.000000
0.900000,1.862936,-0.004396,0.058234,0.000000
0.910000,1.862936,-0.004409,0.215479,0.000000
0.920000,1.862936,-0.011410,-0.387563,0.000000
0.930000,1.862936,-0.004396,0.092308,0.000000
0.940000,1.862936,0.003024,-0.011573,0.000000
0.950000,1.862936,-0.011794,-0.011267,0.000000
0.960000,1.862936,-0.013031,-0.338462,0.000000
0.970000,1.862936,-0.006230,0.174199,0.000000
0.980000,1.862936,-0.002183,0.062163,0.000000
0.990000,1.862936,-0.004396,0.408995,0.000000
1.000000,1.862936,-0.001504,0.093123,0.000000
1.010000,1.862936,-0.004396,0.325567,0.000000
1.020000,1.862936,-0.004396,-0.461486,0.000000
1.030000,1.862936,-0.003136,0.303184,0.000000
1.040000,1.862936,-0.001964,0.542066,0.000000
1.050000,1.862936,-0.003275,0.029567,0.000000
1.060000,1.862936,0.002550,0.212318,0.000000
1.070000,1.862936,0.000420,-0.274963,0.000000
1.080000,1.862936,-0.003524,-0.556335,0.000000
1.090000,1.862936,-0.004396,-0.262692,0.000000
1.100000,1.862936,-0.000175,-0.311367,0.000000
1.110000,1.862936,-0.007506,0.157628,0.000000
1.120000,1.862936,-0.004396,-0.181763,0.000000
1.130000,1.862936,-0.004396,0.153846,0.000000
1.140000,1.862936,-0.004396,-0.153846,0.000000
1.150000,1.862936,-0.004396,-0.033973,0.000000
1.160000,1.862936,-0.004396,0.195195,0.000000
1.170000,1.862936,0.003905,0.249443,0.000000
1.180000,1.862936,-0.009723,0.746884,0.000000
1.190000,1.862936,-0.004396,0.113990,0.000000
1.200000,1.862936,-0.004396,-0.102992,0.000000
1.210000,1.862936,-0.004396,0.189577,0.000000
1.220000,1.862936,-0.011723,0.102596,0.000000
1.230000,1.862936,-0.003864,-0.319851,0.000000
1.240000,1.862936,-0.004396,0.064094,0.000000
1.250000,1.862936,0.004396,-0.203589,0.000000
1.260000,1.862936,-0.006049,0.544119,0.000000
1.270000,1.862936,0.000447,-0.248243,0.000000
1.280000,1.862936,-0.005810,0.102207,0.000000
1.290000,1.862936,-0.004396,0.252340,0.000000
1.300000,1.862936,-0.007996,-0.143248,0.000000
1.310000,1.862936,-0.012669,0.266051,0.000000
1.320000,1.862936,0.003118,0.013960,0.000000
1.330000,1.862936,-0.004396,0.150138,0.000000
1.340000,1.862936,-0.004396,-0.059060,0.000000
1.350000,1.862936,-0.003320,0.006869,0.000000
1.360000,1.862936,-0.012982,0.100894,0.000000
1.370000,1.862936,-0.003550,-1.300497,0.000000
1.380000,1.862936,0.004396,-0.121060,0.000000
1.390000,1.862936,-0.009948,-0.338462,0.000000
1.400000,1.862936,-0.009728,0.751065,0.000000
1.410000,1.862936,-0.004396,0.110934,0.000000
1.420000,1.862936,-0.014649,-0.112898,0.000000
1.430000,1.862936,-0.004396,-0.215385,0.000000
1.440000,1.862936,-0.012601,-0.038965,0.000000
1.450000,1.862936,-0.010463,-0.281255,0.000000
1.460000,1.862936,0.002867,-0.132444,0.000000
1.470000,1.862936,-0.004396,-0.215385,0.000000
1.480000,1.862936,0.000383,-0.048139,0.000000
1.490000,1.862936,-0.004396,0.397096,0.000000
1.500000,1.862936,-0.009646,0.043589,0.000000
1.510000,1.862936,-0.009400,0.101760,0.000000
1.520000,1.862936,-0.004396,0.314807,0.000000
1.530000,1.862936,-0.004396,-0.030769,0.000000
1.540000,1.862936,-0.004396,-0.049832,0.000000
1.550000,1.862936,-0.009369,0.063118,0.000000
1.560000,1.862936,0.002244,-0.214080,0.000000
1.570000,1.862936,-0.006807,0.018836,0.000000
1.580000,1.862936,-0.004396,0.165888,0.000000
1.590000,1.862936,-0.011920,-0.205411,0.000000
1.600000,1.862936,-0.004396,-0.002136,0.000000
1.610000,1.862936,-0.004396,-0.200873,0.000000
1.620000,1.862936,-0.004396,-0.081724,0.000000
1.630000,1.862936,0.004396,0.059970,0.000000
1.640000,1.862936,-0.004396,-0.012786,0.000000
1.650000,1.862936,-0.004396,0.057707,0.000000
1.660000,1.862936,-0.004396,0.038075,0.000000
1.670000,1.862936,-0.005840,0.157513,0.000000
1.680000,1.862936,-0.011869,-0.200005,0.000000
1.690000,1.862936,-0.002441,-0.242708,0.000000
1.700000,1.862936,-0.010015,0.181111,0.000000
1.710000,1.862936,-0.004396,-0.084564,0.000000
1.720000,1.862936,-0.001426,0.376756,0.000000
1.730000,1.862936,-0.011502,-0.071294,0.000000
1.740000,1.862936,-0.010199,0.259623,0.000000
1.750000,1.862936,0.004396,-0.117435,0.000000
1.760000,1.862936,-0.007130,-0.019869,0.000000
1.770000,1.862936,-0.001817,0.078405,0.000000
1.780000,1.862936,-0.004396,-0.372211,0.000000
1.790000,1.862936,-0.004396,-0.383083,0.000000
1.800000,1.862936,0.000915,-0.020492,0.000000
1.810000,1.862936,-0.004396,0.092308,0.000000
1.820000,1.862936,0.000598,-0.320249,0.000000
1.830000,1.862936,0.001109,0.406904,0.000000
1.840000,1.862936,-0.009476,-0.189408,0.000000
1.850000,1.862936,-0.004396,0.092308,0.000000
1.860000,1.862936,-0.003463,-0.176231,0.000000
1.870000,1.862936,0.003428,-0.030769,0.000000
1.880000,1.862936,-0.004396,-0.157426,0.000000
1.890000,1.862936,-0.000935,-0.103439,0.000000
1.900000,1.862936,-0.007575,0.160389,0.000000
1.910000,1.862936,-0.008784,-0.277495,0.000000
1.920000,1.862936,-0.013187,-0.069249,0.000000
1.930000,1.862936,0.009496,-0.523077,0.000000
1.940000,1.862936,-0.004396,-1.083178,0.000000
1.950000,1.862936,-0.004396,-1.472314,0.000000
1.960000,1.862936,-0.007367,0.088898,0.000000
1.970000,1.862936,-0.004396,-0.206463,0.000000
1.980000,1.862936,-0.008239,0.090457,0.000000
1.990000,1.862936,-0.009123,-0.125401,0.000000
2.000000,1.862936,-0.004396,0.008960,0.000000
2.010000,1.862936,-0.005667,-0.136049,0.000000
2.020000,1.862936,-0.011391,0.214068,0.000000
2.030000,1.862936,-0.004396,-0.030769,0.000000
2.040000,1.862936,-0.004396,-0.030769,0.000000
2.050000,1.862936,-0.011897,-0.053349,0.000000
2.060000,1.862936,-0.004396,-0.068085,0.000000
2.070000,1.862936,-0.013182,-0.215224,0.000000
2.080000,1.862936,-0.009268,0.406300,0.000000
2.090000,1.862936,-0.009854,-0.223836,0.000000
2.100000,1.862936,0.003671,-0.030769,0.000000
2.110000,1.862936,-0.004396,0.138602,0.000000
2.120000,1.862936,0.002973,-0.548375,0.000000
2.130000,1.862936,-0.007085,-0.058278,0.000000
2.140000,1.862936,0.001532,-0.784877,0.000000
2.150000,1.862936,-0.004396,-0.100942,0.000000
2.160000,1.862936,-0.004396,-0.283870,0.000000
2.170000,1.862936,-0.013187,-0.325752,0.000000
2.180000,1.862936,-0.004396,-0.179018,0.000000
2.190000,1.862936,-0.004396,0.211199,0.000000
2.200000,1.862936,-0.013199,-0.071913,0.000000
2.210000,1.862936,-0.007653,-0.108237,0.000000
2.220000,1.862936,0.000588,0.451357,0.000000
2.230000,1.862936,-0.013187,0.124137,0.000000
2.240000,1.862936,-0.009176,0.303855,0.000000
2.250000,1.862936,0.000424,0.189717,0.000000
2.260000,1.862936,-0.010313,-0.669808,0.000000
2.270000,1.862936,-0.013187,-0.143360,0.000000
2.280000,1.862936,-0.004396,-0.386770,0.000000
2.290000,1.862936,-0.004396,-0.030769,0.000000
2.300000,1.862936,-0.006259,0.357210,0.000000
2.310000,1.862936,-0.004396,-0.056112,0.000000
2.320000,1.862936,0.001857,0.283808,0.000000
2.330000,1.862936,-0.003249,0.097774,0.000000
2.340000,1.862936,-0.004396,-1.037280,0.000000
2.350000,1.862936,-0.000912,-0.195644,0.000000
2.360000,1.862936,-0.004396,-0.005234,0.000000
2.370000,1.862936,-0.004396,0.288407,0.000000
2.380000,1.862936,-0.009734,0.164808,0.000000
2.390000,1.862936,0.002217,-0.200135,0.000000
2.400000,1.862936,-0.004396,0.374259,0.000000
2.410000,1.862936,-0.010138,0.132506,0.000000
2.420000,1.862936,-0.000221,-1.039115,0.000000
2.430000,1.862936,-0.004396,-0.002403,0.000000
2.440000,1.862936,-0.005789,-0.030769,0.000000
2.450000,1.862936,-0.006384,-0.227112,0.000000
2.460000,1.862936,0.003827,-0.211403,0.000000
2.470000,1.862936,-0.005503,-0.084559,0.000000
2.480000,1.862936,0.003016,0.076612,0.000000
2.490000,1.862936,0.004396,-0.078422,0.000000
2.500000,1.862936,0.003986,-0.189584,0.000000
2.510000,1.862936,-0.004396,0.068532,0.000000
2.520000,1.862936,0.000089,-0.185240,0.000000
2.530000,1.862936,-0.004213,0.174285,0.000000
2.540000,1.862936,-0.004396,0.214805,0.000000
2.550000,1.862936,0.009022,0.017825,0.000000
2.560000,1.862936,-0.001140,0.333895,0.000000
2.570000,1.862936,-0.006107,-0.526354,0.000000
2.580000,1.862936,-0.003437,0.255665,0.000000
2.590000,1.862936,0.000622,0.329467,0.000000
2.600000,1.862936,-0.011281,-0.245068,0.000000
2.610000,1.862936,-0.004396,0.135570,0.000000
2.620000,1.862936,-0.004396,0.154834,0.000000
2.630000,1.862936,-0.004396,-0.213615,0.000000
2.640000,1.862936,0.004396,0.150529,0.000000
2.650000,1.862936,-0.004396,-0.127123,0.000000
2.660000,1.862936,-0.004396,0.076043,0.000000
2.670000,1.862936,-0.001065,-0.032664,0.000000
2.680000,1.862936,0.002753,0.103808,0.000000
2.690000,1.862936,-0.021664,0.331866,0.000000
2.700000,1.862936,-0.004396,-0.012070,0.000000
2.710000,1.862936,-0.004396,-0.119990,0.000000
2.720000,1.862936,-0.004396,1.107119,0.000000
2.730000,1.862936,-0.004396,-0.696920,0.000000
2.740000,1.862936,-0.004396,0.092308,0.000000
2.750000,1.862936,0.008635,-0.211021,0.000000
2.760000,1.862936,0.001970,-0.064727,0.000000
2.770000,1.862936,-0.004396,0.248338,0.000000
2.780000,1.862936,-0.004396,-0.318414,0.000000
2.790000,1.862936,0.004396,0.120045,0.000000
2.800000,1.862936,-0.020908,0.054874,0.000000
2.810000,1.862936,0.000871,0.005798,0.000000
2.820000,1.862936,-0.003024,-0.290473,0.000000
2.830000,1.862936,-0.007048,0.436066,0.000000
2.840000,1.862936,0.007460,-0.130991,0.000000
2.850000,1.862936,-0.013187,-0.203566,0.000000
2.860000,1.862936,-0.004396,-0.197751,0.000000
2.870000,1.862936,-0.004396,0.270528,0.000000
2.880000,1.862936,-0.007468,-0.273944,0.000000
2.890000,1.862936,0.003456,-0.024191,0.000000
2.900000,1.862936,-0.003522,-0.338462,0.000000
2.910000,1.862936,-0.004396,-0.189940,0.000000
2.920000,1.862936,0.003323,-0.647611,0.000000
2.930000,1.862936,0.001456,-0.133670,0.000000
2.940000,1.862936,-0.004396,0.147087,0.000000
2.950000,1.862936,-0.004396,-0.335619,0.000000
2.960000,1.862936,-0.004396,-0.283030,0.000000
2.970000,1.862936,0.013187,0.114069,0.000000
2.980000,1.862936,-0.004396,0.286473,0.000000
2.990000,1.862936,-0.001167,-0.026929,0.000000
3.000000,1.862936,-0.004396,0.652648,0.000000
3.010000,1.862936,-0.014457,-0.074991,0.000000
3.020000,1.862936,-0.002159,0.016204,0.000000
3.030000,1.862936,-0.004396,0.031234,0.000000
3.040000,1.862936,-0.008890,0.272778,0.000000
3.050000,1.862936,0.010267,-0.081863,0.000000
3.060000,1.862936,0.003460,0.684102,0.000000
3.070000,1.862936,-0.004156,0.097346,0.000000
3.080000,1.862936,-0.010613,-0.338462,0.000000
3.090000,1.862936,-0.004396,-0.025292,0.000000
3.100000,1.862936,-0.000070,0.034688,0.000000
3.110000,1.862936,-0.008218,-1.010012,0.000000
3.120000,1.862936,-0.004396,0.136966,0.000000
3.130000,1.862936,0.004260,0.146265,0.000000
3.140000,1.862936,-0.004396,-0.112334,0.000000
3.150000,1.862936,-0.004396,0.106274,0.000000
3.160000,1.862936,-0.004396,0.216725,0.000000
3.170000,1.862936,0.000996,-0.058655,0.000000
3.180000,1.862936,0.002461,0.689164,0.000000
3.190000,1.862936,0.004396,-0.120109,0.000000
3.200000,1.862936,-0.004396,-0.024313,0.000000
3.210000,1.862936,-0.011540,-0.295905,0.000000
3.220000,1.862936,-0.011535,0.119164,0.000000
3.230000,1.862936,-0.013187,-0.159635,0.000000
3.240000,1.862936,-0.004396,-0.015626,0.000000
3.250000,1.862936,-0.004396,-0.338462,0.000000
3.260000,1.862936,-0.004396,-0.146505,0.000000
3.270000,1.862936,-0.004396,0.138726,0.000000
3.280000,1.862936,-0.004396,0.058282,0.000000
3.290000,1.862936,-0.011443,-0.301850,0.000000
3.300000,1.862936,-0.004396,0.100276,0.000000
3.310000,1.862936,-0.004396,-0.612138,0.000000
3.320000,1.862936,-0.005220,-0.142300,0.000000
3.330000,1.862936,-0.012568,-0.295125,0.000000
3.340000,1.862936,-0.008985,-0.191386,0.000000
3.350000,1.862936,-0.004221,0.267156,0.000000
3.360000,1.862936,-0.004396,0.117956,0.000000
3.370000,1.862936,-0.004396,-0.276664,0.000000
3.380000,1.862936,-0.013187,-0.092204,0.000000
3.390000,1.862936,-0.011458,-0.009674,0.000000
3.400000,1.862936,-0.002004,0.092308,0.000000
3.410000,1.862936,-0.004396,-0.215385,0.000000
3.420000,1.862936,-0.004396,0.236111,0.000000
3.430000,1.862936,-0.004396,-0.309715,0.000000
3.440000,1.862936,0.004396,-0.136131,0.000000
3.450000,1.862936,-0.013187,0.267926,0.000000
3.460000,1.862936,-0.012857,-0.149225,0.000000
3.470000,1.862936,-0.004396,0.265823,0.000000
3.480000,1.862936,0.003268,-0.030769,0.000000
3.490000,1.862936,-0.004396,-0.884215,0.000000
3.500000,1.862936,-0.013187,-0.617214,0.000000
3.510000,1.862936,-0.004396,-0.044642,0.000000
3.520000,1.862936,-0.013187,-0.360964,0.000000
3.530000,1.862936,-0.004396,-0.191046,0.000000
3.540000,1.862936,-0.009122,-0.215385,0.000000
3.550000,1.862936,0.004396,-0.071977,0.000000
3.560000,1.862936,-0.006473,-0.103462,0.000000
3.570000,1.862936,-0.012579,0.151718,0.000000
3.580000,1.862936,-0.002788,0.142592,0.000000
3.590000,1.862936,-0.013187,0.267490,0.000000
3.600000,1.862936,0.002091,0.338462,0.000000
3.610000,1.862936,-0.010384,-0.293041,0.000000
3.620000,1.862936,-0.011378,0.115858,0.000000
3.630000,1.862936,-0.004396,-0.064490,0.000000
3.640000,1.862936,-0.004396,-0.083802,0.000000
3.650000,1.862936,-0.011061,-0.272907,0.000000
3.660000,1.862936,-0.005698,-0.573218,0.000000
3.670000,1.862936,-0.018696,0.092308,0.000000
3.680000,1.862936,-0.004396,0.010059,0.000000
3.690000,1.862936,-0.006507,-0.338462,0.000000
3.700000,1.862936,-0.009649,0.007498,0.000000
3.710000,1.862936,-0.001279,-0.066576,0.000000
3.720000,1.862936,-0.004396,0.308396,0.000000
3.730000,1.862936,-0.004396,-0.072302,0.000000
3.740000,1.862936,-0.004396,0.250858,0.000000
3.750000,1.862936,0.000346,0.361966,0.000000
3.760000,1.862936,-0.013187,0.153846,0.000000
3.770000,1.862936,0.000977,-0.170954,0.000000
3.780000,1.862936,-0.004396,-0.288075,0.000000
3.790000,1.862936,-0.004185,-0.328139,0.000000
3.800000,1.862936,0.002474,0.236566,0.000000
3.810000,1.862936,-0.013187,0.312252,0.000000
3.820000,1.862936,-0.006753,0.329542,0.000000
3.830000,1.862936,-0.010672,-0.303254,0.000000
3.840000,1.862936,-0.003248,0.528388,0.000000
3.850000,1.862936,0.002196,0.184637,0.000000
3.860000,1.862936,-0.004396,0.092308,0.000000
3.870000,1.862936,-0.002869,0.175225,0.000000
3.880000,1.862936,-0.010507,-0.022553,0.000000
3.890000,1.862936,0.004396,-0.305901,0.000000
3.900000,1.862936,-0.001179,0.338462,0.000000
3.910000,1.862936,-0.009577,0.338462,0.000000
3.920000,1.862936,-0.005882,0.245715,0.000000
3.930000,1.862936,-0.009610,0.078742,0.000000
3.940000,1.862936,-0.004396,0.395694,0.000000
3.950000,1.862936,0.004396,0.067632,0.000000
3.960000,1.862936,0.004396,0.419704,0.000000
3.970000,1.862936,-0.004396,-0.224349,0.000000
3.980000,1.862936,-0.001382,-0.116914,0.000000
3.990000,1.862936,-0.005009,0.291258,0.000000
4.000000,1.862936,-0.004396,-0.370359,0.000000
4.010000,1.862936,-0.013187,-0.028989,0.000000
4.020000,1.862936,-0.004958,-0.165663,0.000000
4.030000,1.862936,-0.006759,-0.170389,0.000000
4.040000,1.862936,-0.007784,-0.025648,0.000000
4.050000,1.862936,0.003739,0.411013,0.000000
4.060000,1.862936,-0.007273,-0.195245,0.000000
4.070000,1.862936,-0.004396,0.181541,0.000000
4.080000,1.862936,-0.006795,-0.080994,0.000000
4.090000,1.862936,-0.010708,-0.355811,0.000000
4.100000,1.862936,-0.007511,-0.304994,0.000000
4.110000,1.862936,-0.004396,0.274044,0.000000
4.120000,1.862936,0.003502,0.185114,0.000000
4.130000,1.862936,-0.009747,-0.038761,0.000000
4.140000,1.862936,-0.011816,-0.348060,0.000000
4.150000,1.862936,0.003137,0.101119,0.000000
4.160000,1.862936,0.002815,-0.227811,0.000000
4.170000,1.862936,0.008612,-0.030769,0.000000
4.180000,1.862936,-0.002965,-0.165328,0.000000
4.190000,1.862936,0.004344,0.581737,0.000000
4.200000,1.862936,-0.004590,-0.034854,0.000000
4.210000,1.862936,-0.001622,-0.014299,0.000000
4.220000,1.862936,0.001099,0.276929,0.000000
4.230000,1.862936,-0.004396,0.364352,0.000000
4.240000,1.862936,-0.007359,-0.111657,0.000000
4.250000,1.862936,0.003103,0.434401,0.000000
4.260000,1.862936,-0.004396,-0.228827,0.000000
4.270000,1.862936,0.003223,0.145635,0.000000
4.280000,1.862936,-0.006680,-0.670889,0.000000
4.290000,1.862936,-0.004396,0.023971,0.000000
4.300000,1.862936,-0.007663,0.162579,0.000000
4.310000,1.862936,-0.001022,-0.645501,0.000000
4.320000,1.862936,-0.004396,-0.030769,0.000000
4.330000,1.862936,0.003964,-1.561342,0.000000
4.340000,1.862936,-0.012355,-0.197908,0.000000
4.350000,1.862936,0.004396,-0.248714,0.000000
4.360000,1.862936,-0.011071,-0.316249,0.000000
4.370000,1.862936,-0.002881,-0.100841,0.000000
4.380000,1.862936,-0.000245,-0.208530,0.000000
4.390000,1.862936,-0.008661,0.055172,0.000000
4.400000,1.862936,-0.002479,-0.230640,0.000000
4.410000,1.862936,-0.004396,-0.000088,0.000000
4.420000,1.862936,0.001305,0.241100,0.000000
4.430000,1.862936,0.002512,-0.272531,0.000000
4.440000,1.862936,-0.020457,-0.388052,0.000000
4.450000,1.862936,-0.004396,0.197930,0.000000
4.460000,1.862936,-0.004396,0.039039,0.000000
4.470000,1.862936,-0.013187,-0.079337,0.000000
4.480000,1.862936,-0.013187,0.130281,0.000000
4.490000,1.862936,-0.004660,-0.929791,0.000000
4.500000,1.862936,0.003233,-0.030769,0.000000
4.510000,1.862936,-0.013187,-0.269151,0.000000
4.520000,1.862936,0.003583,0.209694,0.000000
4.530000,1.862936,-0.003343,0.006061,0.000000
4.540000,1.862936,-0.004396,0.146048,0.000000
4.550000,1.862936,-0.004852,0.276923,0.000000
4.560000,1.862936,0.001208,0.495353,0.000000
4.570000,1.862936,0.003532,0.105461,0.000000
4.580000,1.862936,-0.004396,0.054505,0.000000
4.590000,1.862936,-0.000333,-0.087647,0.000000
4.600000,1.862936,-0.017022,-0.297571,0.000000
4.610000,1.862936,-0.004396,0.095024,0.000000
4.620000,1.862936,-0.004505,-0.520781,0.000000
4.630000,1.862936,-0.013636,0.028975,0.000000
4.640000,1.862936,-0.010695,-0.081672,0.000000
4.650000,1.862936,0.004396,0.331204,0.000000
4.660000,1.862936,0.002738,0.142245,0.000000
4.670000,1.862936,-0.004396,0.153846,0.000000
4.680000,1.862936,0.002152,-0.259943,0.000000
4.690000,1.862936,-0.007966,0.034621,0.000000
4.700000,1.862936,-0.004396,-0.306425,0.000000
4.710000,1.862936,0.003196,-0.604151,0.000000
4.720000,1.862936,-0.004396,0.084591,0.000000
4.730000,1.862936,-0.003134,-0.074913,0.000000
4.740000,1.862936,0.001418,-0.101730,0.000000
4.750000,1.862936,-0.004396,0.276923,0.000000
4.760000,1.862936,0.004396,0.329645,0.000000
4.770000,1.862936,-0.004534,-0.197460,0.000000
4.780000,1.862936,-0.010180,0.163649,0.000000
4.790000,1.862936,0.004396,0.307539,0.000000
4.800000,1.862936,-0.004396,0.584615,0.000000
4.810000,1.862936,-0.004396,-0.035389,0.000000
4.820000,1.862936,-0.004396,0.508164,0.000000
4.830000,1.862936,-0.004396,0.092308,0.000000
4.840000,1.862936,0.004944,0.234686,0.000000
4.850000,1.862936,-0.004396,0.273254,0.000000
4.860000,1.862936,-0.012285,0.115956,0.000000
4.870000,1.862936,-0.003260,-0.336413,0.000000
4.880000,1.862936,-0.004396,0.092308,0.000000
4.890000,1.862936,-0.004396,0.112422,0.000000
4.900000,1.862936,0.000111,0.434662,0.000000
4.910000,1.862936,-0.006157,-0.067767,0.000000
4.920000,1.862936,-0.012888,-0.026582,0.000000
4.930000,1.862936,-0.008144,0.022640,0.000000
4.940000,1.862936,-0.004396,-0.057342,0.000000
4.950000,1.862936,-0.004396,-0.175361,0.000000
4.960000,1.862936,-0.002805,-0.231197,0.000000
4.970000,1.862936,-0.009312,0.001614,0.000000
4.980000,1.862936,-0.004645,0.635677,0.000000
4.990000,1.862936,-0.013187,-0.336073,0.000000
5.000000,1.860075,-1.538924,-36.394217,0.782006
5.010000,1.816349,-6.782958,-16.887896,0.773829
5.020000,1.719910,-9.585878,-7.292046,0.764311
5.030000,1.630202,-10.117909,-2.097716,0.752913
5.040000,1.525740,-10.078154,0.575625,0.741077
5.050000,1.425639,-9.400190,2.359886,0.726975
5.060000,1.336693,-8.712456,2.933390,0.709466
5.070000,1.250573,-8.123322,2.755692,0.690426
5.080000,1.172700,-7.078668,2.584248,0.669895
5.090000,1.104941,-6.491920,1.984296,0.647383
5.100000,1.042637,-5.502881,1.717990,0.622257
5.110000,0.983555,-5.526844,0.652621,0.598715
5.120000,0.939103,-4.994392,0.715548,0.572934
5.130000,0.890678,-4.556011,0.478990,0.546881
5.140000,0.847884,-3.994375,0.101091,0.519687
5.150000,0.809752,-3.832608,-0.138775,0.492090
5.160000,0.766074,-3.600892,-0.742288,0.462781
5.170000,0.731099,-3.639565,-0.461538,0.429661
5.180000,0.698248,-3.363804,-0.892308,0.396035
5.190000,0.664995,-3.336307,0.011471,0.360201
5.200000,0.628673,-3.367813,-1.529858,0.326919
5.210000,0.591923,-3.617827,-0.285481,0.291583
5.220000,0.561188,-3.453044,-1.148563,0.252301
5.230000,0.523615,-3.414990,-1.172235,0.220198
5.240000,0.491239,-3.740596,-1.025301,0.182039
5.250000,0.459612,-3.350129,-1.427005,0.143396
5.260000,0.422227,-3.751021,-1.323077,0.108259
5.270000,0.387949,-3.816673,-1.187417,0.068632
5.280000,0.351707,-3.755839,-1.505781,0.032914
5.290000,0.317142,-3.743529,-1.220406,-0.002523
5.300000,0.279468,-3.437605,-1.109753,-0.040653
5.310000,0.247204,-3.276729,-1.179662,-0.079410
5.320000,0.211106,-3.845803,-1.566367,-0.116686
5.330000,0.173628,-3.739686,-1.147582,-0.151078
5.340000,0.134023,-3.520818,-1.064967,-0.189711
5.350000,0.100207,-3.736485,-0.975603,-0.231142
5.360000,0.061683,-3.620363,-1.108479,-0.269192
5.370000,0.026665,-3.748712,-1.475738,-0.306297
5.380000,-0.011555,-3.950710,-1.280915,-0.344110
5.390000,-0.046467,-3.623469,-0.745839,-0.376548
5.400000,-0.086443,-3.392009,-1.146988,-0.408389
5.410000,-0.124051,-3.660479,-1.103450,-0.444199
5.420000,-0.162049,-3.662028,-1.277780,-0.475913
5.430000,-0.195532,-3.633677,-0.710846,-0.505572
5.440000,-0.230552,-3.658966,-1.063060,-0.537343
5.450000,-0.266507,-3.330699,-0.940344,-0.567850
5.460000,-0.299581,-2.995978,-1.016608,-0.593601
5.470000,-0.335006,-3.551117,-0.892308,-0.614327
5.480000,-0.366758,-3.360126,-0.962009,-0.634079
5.490000,-0.395377,-3.326811,-0.093079,-0.651178
5.500000,-0.427515,-2.768950,-0.529816,-0.671512
5.510000,-0.456611,-2.947485,0.623699,-0.687835
5.520000,-0.483753,-2.787221,-0.556172,-0.702589
5.530000,-0.511023,-2.512443,-0.247147,-0.717601
5.540000,-0.535993,-2.372710,-0.288264,-0.729988
5.550000,-0.558401,-2.200961,-0.265414,-0.741768
5.560000,-0.578853,-2.097867,-0.371042,-0.754752
5.570000,-0.599977,-1.834873,-0.746110,-0.767111
5.580000,-0.619128,-1.807659,-0.434499,-0.777302
5.590000,-0.637398,-1.753296,-0.665292,-0.785491
5.600000,-0.654159,-1.595153,-0.471950,-0.791921
5.610000,-0.668974,-1.593013,-0.611174,-0.795389
5.620000,-0.683566,-1.413747,-0.702422,-0.796770
5.630000,-0.696544,-1.099769,-0.586972,-0.795962
5.640000,-0.708179,-1.079006,-0.466392,-0.792781
5.650000,-0.717403,-0.939749,-0.292443,-0.787437
5.660000,-0.726770,-0.755704,-0.398414,-0.780387
5.670000,-0.732385,-0.564808,-0.523077,-0.771617
5.680000,-0.737583,-0.398977,0.186753,-0.759485
5.690000,-0.740252,-0.215422,-0.705879,-0.745938
5.700000,-0.741331,-0.012709,0.371687,-0.731759
5.710000,-0.741016,0.030769,0.814625,-0.712427
5.720000,-0.740635,0.074211,1.171030,-0.689737
5.730000,-0.738886,0.204420,1.507692,-0.666620
5.740000,-0.735837,0.441496,1.789299,-0.643674
5.750000,-0.730394,0.512923,2.448936,-0.618255
5.760000,-0.722119,0.857803,1.941147,-0.587349
5.770000,-0.712639,1.006025,2.819839,-0.554079
5.780000,-0.699723,1.426985,2.184615,-0.523083
5.790000,-0.683942,1.615043,2.011852,-0.487115
5.800000,-0.665167,1.908223,2.486142,-0.447289
5.810000,-0.647166,1.910639,1.754973,-0.408929
5.820000,-0.624352,2.550747,2.499673,-0.365857
5.830000,-0.597425,2.527691,2.168180,-0.325466
5.840000,-0.571165,3.038270,1.891224,-0.282544
5.850000,-0.542015,2.987725,1.918121,-0.238011
5.860000,-0.510397,3.140527,2.727364,-0.188412
5.870000,-0.476541,3.335879,2.307692,-0.133546
5.880000,-0.441756,3.602062,1.752001,-0.080822
5.890000,-0.403337,3.820088,1.885853,-0.031691
5.900000,-0.363074,3.652892,1.491548,0.022894
5.910000,-0.324616,4.195153,2.060295,0.080256
5.920000,-0.282722,4.224932,1.832055,0.137496
5.930000,-0.234447,4.306041,1.118292,0.178058
5.940000,-0.192728,4.504163,1.448499,0.219848
5.950000,-0.144105,4.681945,1.894858,0.263504
5.960000,-0.095514,4.156291,1.016867,0.308283
5.970000,-0.052302,4.848660,1.319838,0.356755
5.980000,-0.008273,4.696900,1.280945,0.398144
5.990000,0.039089,4.667117,1.014606,0.453347
6.000000,0.089884,4.661347,2.307692,0.523449
6.010000,0.135566,4.497108,2.381610,0.593229
6.020000,0.186288,5.298721,2.186006,0.663504
6.030000,0.235688,5.358586,1.753846,0.736340
6.040000,0.289574,5.291508,2.107504,0.809534
6.050000,0.347921,5.713176,1.947960,0.895606
6.060000,0.407419,6.026746,2.431142,0.982693
6.070000,0.473283,6.366775,2.184615,1.071372
6.080000,0.532701,6.575422,2.226968,1.157975
6.090000,0.605442,7.193466,2.072468,1.242537
6.100000,0.672944,7.251760,2.308885,1.328621
6.110000,0.746494,7.584379,1.472854,1.415325
6.120000,0.822487,7.688346,1.443115,1.503346
6.130000,0.899128,7.876996,2.654989,1.588207
6.140000,0.985215,7.524949,1.501118,1.666287
6.150000,1.059488,7.590807,1.259662,1.739563
6.160000,1.141004,7.685987,1.234229,1.806099
6.170000,1.224012,7.840402,0.382444,1.870006
6.180000,1.290476,7.726428,1.505873,1.933956
6.190000,1.369010,7.326323,0.523370,1.994185
6.200000,1.443886,7.726770,-0.004916,2.057798
6.210000,1.516232,7.278869,0.244640,2.118012
6.220000,1.589600,6.705590,0.540022,2.175888
6.230000,1.662394,6.914303,0.551787,2.231535
6.240000,1.732200,6.734701,0.427361,2.286561
6.250000,1.793592,6.658195,0.458191,2.338377
6.260000,1.860567,6.251900,0.265635,2.388975
6.270000,1.921092,6.194679,0.416175,2.435645
6.280000,1.988852,6.279894,0.456888,2.480023
6.290000,2.041467,5.885422,0.175680,2.522838
6.300000,2.100231,5.978819,0.137055,2.560620
6.310000,2.158398,5.507222,-0.137674,2.598322
6.320000,2.209537,5.328843,0.339246,2.635709
6.330000,2.262362,5.210573,-0.030769,2.669906
6.340000,2.310452,4.855058,0.085047,2.703096
6.350000,2.362456,4.227407,0.142191,2.732880
6.360000,2.404313,4.555392,-0.197871,2.762609
6.370000,2.447248,4.215020,0.092627,2.789695
6.380000,2.489967,3.983717,0.109208,2.814701
6.390000,2.529768,3.595679,0.371837,2.837653
6.400000,2.563368,3.468370,-0.223189,2.858185
6.410000,2.599949,3.528596,0.326555,2.876140
6.420000,2.636553,2.982496,-0.142935,2.892904
6.430000,2.662885,2.908279,0.037002,2.904077
6.440000,2.693142,2.455708,0.117449,2.912316
6.450000,2.719549,2.768831,0.006524,2.919034
6.460000,2.744917,2.105599,0.337659,2.927642
6.470000,2.766368,2.119127,-0.234744,2.935077
6.480000,2.786891,2.006005,-0.154713,2.941726
6.490000,2.805812,1.823475,0.231677,2.948540
6.500000,2.822896,1.655471,-0.021994,2.954704
6.510000,2.837976,1.448516,0.563684,2.961229
6.520000,2.851482,1.380744,0.628934,2.967025
6.530000,2.863724,1.204100,0.765098,2.972228
6.540000,2.876396,1.068290,0.300677,2.976210
6.550000,2.886345,1.137829,0.461538,2.979312
6.560000,2.895791,0.920066,0.480929,2.982125
6.570000,2.906071,0.825056,0.750767,2.984346
6.580000,2.913698,0.765111,0.432704,2.985898
6.590000,2.920642,0.750646,0.659376,2.986942
6.600000,2.927025,0.554753,0.806132,2.987522
6.610000,2.933220,0.528742,0.492384,2.987793
6.620000,2.937618,0.497297,0.440245,2.987846
6.630000,2.941662,0.349627,0.377540,2.987780
6.640000,2.945429,0.329670,0.945571,2.987646
6.650000,2.949378,0.329669,-0.030722,2.987421
6.660000,2.951808,0.245013,0.700888,2.987168
6.670000,2.953877,0.176889,0.851919,2.986908
6.680000,2.955482,0.118681,1.238052,2.986782
6.690000,2.956626,0.107821,0.995478,2.986824
6.700000,2.957771,0.122603,0.733305,2.987113
6.710000,2.958915,0.118681,0.970692,2.987751
6.720000,2.960605,0.138772,0.892136,2.988733
6.730000,2.961649,0.109890,0.984789,2.990024
6.740000,2.962597,0.080848,1.090095,2.992107
6.750000,2.963493,0.057120,1.260905,2.994792
6.760000,2.964218,0.083516,1.126329,2.997925
6.770000,2.964637,0.065229,0.747187,3.001810
6.780000,2.965689,0.109890,1.818340,3.006297
6.790000,2.966926,0.136264,1.559742,3.011143
6.800000,2.968658,0.216094,1.083420,3.017712
6.810000,2.971014,0.254332,1.534168,3.025052
6.820000,2.973863,0.283368,1.987730,3.033814
6.830000,2.976710,0.346307,1.570777,3.043724
6.840000,2.981516,0.560654,0.816456,3.053271
6.850000,2.986455,0.532923,1.351560,3.065496
6.860000,2.992485,0.482842,1.614174,3.079462
6.870000,2.998472,0.818553,1.597067,3.095122
6.880000,3.006274,0.852404,1.168619,3.112306
6.890000,3.015420,1.005164,1.520203,3.131529
6.900000,3.024135,0.955075,0.896278,3.152264
6.910000,3.035239,1.078925,1.509249,3.174939
6.920000,3.046196,1.330082,2.082106,3.198861
6.930000,3.059795,1.175764,1.028308,3.224513
6.940000,3.073608,1.503571,1.753846,3.244141
6.950000,3.091071,1.543676,1.409078,3.263389
6.960000,3.107209,1.752601,0.053187,3.281921
6.970000,3.124518,1.701265,1.735440,3.301359
6.980000,3.142279,1.831409,1.573133,3.324003
6.990000,3.160911,1.562046,1.927467,3.346183
7.000000,3.177878,1.630656,1.936743,3.370019
7.010000,3.198794,2.172720,1.402800,3.394438
7.020000,3.217611,2.129308,1.296669,3.427594
7.030000,3.238361,2.113404,1.263595,3.461637
7.040000,3.259365,2.122630,2.572303,3.499910
7.050000,3.283243,2.385205,1.638163,3.538846
7.060000,3.308839,2.337419,1.951884,3.580974
7.070000,3.336764,2.987315,1.822792,3.621575
7.080000,3.364814,3.076420,2.034983,3.666191
7.090000,3.395982,3.202712,2.766284,3.712751
7.100000,3.429810,3.567949,1.725296,3.761056
7.110000,3.461359,3.227764,1.938462,3.803223
7.120000,3.500767,3.761251,1.919052,3.852678
7.130000,3.539519,3.852090,1.774975,3.899825
7.140000,3.576725,3.830426,1.799181,3.934929
7.150000,3.612534,4.100275,1.155806,3.972279
7.160000,3.657480,4.176946,0.687660,4.004968
7.170000,3.693662,3.469307,0.898089,4.038986
7.180000,3.734727,3.930062,0.312913,4.072516
7.190000,3.771561,3.751435,0.910505,4.109917
7.200000,3.810730,3.586100,1.274477,4.147264
7.210000,3.851285,3.835823,0.817510,4.189968
7.220000,3.884260,3.873789,1.595906,4.233488
7.230000,3.922514,3.688311,1.368882,4.278945
7.240000,3.962621,3.826761,1.266165,4.324550
7.250000,4.004826,3.967026,1.200000,4.369136
7.260000,4.045709,4.408560,1.534410,4.414937
7.270000,4.087713,4.360101,0.963787,4.459082
7.280000,4.127414,4.296553,1.143265,4.507887
7.290000,4.167124,4.409493,1.227083,4.548844
7.300000,4.209541,4.134349,0.873585,4.592548
7.310000,4.252623,4.466031,1.021674,4.633901
7.320000,4.296086,4.335096,1.416870,4.676213
7.330000,4.337693,4.110083,0.741837,4.719824
7.340000,4.380236,4.381788,1.011454,4.760584
7.350000,4.426816,4.526502,1.629421,4.795443
7.360000,4.469506,3.988929,0.771355,4.829701
7.370000,4.509926,4.190665,0.603852,4.865561
7.380000,4.549353,4.229984,0.676648,4.899050
7.390000,4.593536,3.995583,0.953792,4.932618
7.400000,4.632153,4.123327,0.622755,4.962799
7.410000,4.670045,4.084759,0.560413,4.988893
7.420000,4.708297,3.717311,0.457304,5.014622
7.430000,4.741307,3.458767,0.463428,5.042593
7.440000,4.779364,3.270655,0.412713,5.067813
7.450000,4.810824,3.359075,0.502853,5.091632
7.460000,4.844113,3.398452,0.656707,5.114253
7.470000,4.876978,3.085747,0.230746,5.131283
7.480000,4.903733,3.210856,0.119449,5.148320
7.490000,4.935067,2.954030,0.247444,5.161231
7.500000,4.961028,2.520731,0.350068,5.172557
7.510000,4.988025,2.249440,0.004817,5.181553
7.520000,5.008577,2.193407,-0.378146,5.189582
7.530000,5.029618,2.081173,0.230023,5.195088
7.540000,5.050691,1.895627,0.074097,5.197818
7.550000,5.068935,1.599195,0.311593,5.198090
7.560000,5.083851,1.547583,0.082821,5.196420
7.570000,5.098313,1.308172,0.191336,5.192418
7.580000,5.108749,1.227692,0.148615,5.186481
7.590000,5.118959,0.804056,-0.013424,5.177086
7.600000,5.125783,0.721569,0.167922,5.164831
7.610000,5.131020,0.434770,-0.086777,5.148779
7.620000,5.134089,0.163925,-0.168352,5.131633
7.630000,5.134470,-0.041059,-0.185320,5.111220
7.640000,5.133728,-0.126046,-1.873594,5.090322
7.650000,5.132181,-0.236208,-1.459104,5.066881
7.660000,5.128367,-0.389866,-2.152134,5.039113
7.670000,5.123319,-0.716484,-1.947843,5.007428
7.680000,5.114690,-1.014400,-2.013788,4.973990
7.690000,5.104516,-1.129132,-2.648822,4.936770
7.700000,5.089410,-1.591742,-2.184615,4.903912
7.710000,5.074357,-1.923155,-2.615385,4.863273
7.720000,5.054451,-2.032344,-2.523590,4.822900
7.730000,5.032968,-2.193810,-2.785191,4.781637
7.740000,5.007338,-2.542486,-2.473251,4.735035
7.750000,4.982124,-2.765196,-2.459306,4.687095
7.760000,4.952762,-2.881223,-2.246154,4.634966
7.770000,4.916907,-3.484518,-2.894597,4.578444
7.780000,4.886882,-3.416144,-2.244486,4.518299
7.790000,4.847219,-4.153846,-2.615385,4.462543
7.800000,4.808896,-4.495664,-2.169790,4.403861
7.810000,4.762649,-4.604756,-1.784483,4.349009
7.820000,4.719228,-4.491373,-1.470382,4.286705
7.830000,4.671925,-4.887774,-2.698748,4.218636
7.840000,4.623361,-5.251269,-2.318372,4.152116
7.850000,4.570405,-5.238468,-1.824259,4.091096
7.860000,4.520173,-5.017436,-1.569231,4.021760
7.870000,4.466520,-5.387950,-2.089597,3.946468
7.880000,4.408971,-5.993782,-2.188269,3.872213
7.890000,4.347714,-5.969225,-2.000000,3.797377
7.900000,4.288441,-6.104418,-1.975587,3.728565
7.910000,4.223170,-6.222530,-1.442362,3.659192
7.920000,4.160448,-6.529143,-2.135455,3.582833
7.930000,4.093309,-6.728926,-2.231771,3.508141
7.940000,4.030355,-6.896703,-2.273174,3.430569
7.950000,3.962305,-7.111058,-1.678422,3.355364
7.960000,3.894337,-7.246530,-1.723804,3.281696
7.970000,3.823877,-7.220874,-1.641468,3.200298
7.980000,3.751191,-7.293253,-1.368739,3.120042
7.990000,3.677311,-7.203663,-1.711355,3.047016
8.000000,3.609383,-7.560066,-1.406553,2.983280
8.010000,3.537863,-6.926349,-1.073826,2.920933
8.020000,3.462011,-7.190086,-0.873774,2.871761
8.030000,3.394521,-7.108912,-0.721250,2.806510
8.040000,3.325932,-6.966956,-1.800677,2.716290
8.050000,3.256565,-6.934877,-1.730234,2.624570
8.060000,3.185097,-7.284974,-1.998878,2.537813
8.070000,3.103654,-7.153756,-2.355205,2.444863
8.080000,3.039163,-7.705397,-2.371957,2.354227
8.090000,2.953765,-7.966802,-2.280160,2.264979
8.100000,2.883703,-8.241497,-1.876923,2.178883
8.110000,2.801169,-8.201702,-1.540454,2.092862
8.120000,2.711174,-8.316432,-1.498880,2.007904
8.130000,2.635384,-8.263907,-1.898169,1.929458
8.140000,2.552686,-8.162611,-0.974390,1.862650
8.150000,2.472919,-7.945469,-1.542951,1.793724
8.160000,2.390095,-8.083459,-0.310526,1.718029
8.170000,2.310074,-7.988598,-0.646154,1.642966
8.180000,2.229265,-7.954069,-0.306056,1.569387
8.190000,2.155175,-7.560879,-0.624616,1.499213
8.200000,2.074691,-7.379794,-0.613894,1.434188
8.210000,2.002399,-7.555793,-0.631034,1.368845
8.220000,1.921050,-7.582972,-0.494142,1.307954
8.230000,1.845460,-7.449476,0.439507,1.247927
8.240000,1.773114,-6.926506,-0.442405,1.184651
8.250000,1.706402,-7.172529,-0.723053,1.122717
8.260000,1.634588,-6.988221,-0.679738,1.063975
8.270000,1.573421,-6.565311,-0.812987,1.009910
8.280000,1.500704,-6.969988,-0.051274,0.958035
8.290000,1.439462,-6.547082,-0.160611,0.906004
8.300000,1.372584,-6.468139,-0.498881,0.859555
8.310000,1.314405,-5.896138,-0.987722,0.812212
8.320000,1.253314,-6.001276,-0.220629,0.766286
8.330000,1.195363,-5.473244,-0.153748,0.723397
8.340000,1.133663,-5.766629,0.267319,0.683126
8.350000,1.080948,-4.918667,-0.785754,0.645051
8.360000,1.026969,-4.950626,0.030769,0.611497
8.370000,0.980458,-4.974132,0.384923,0.578560
8.380000,0.928917,-4.770248,-0.983725,0.545089
8.390000,0.884763,-4.587868,-0.413417,0.515037
8.400000,0.837251,-4.428755,0.019151,0.487472
8.410000,0.792412,-4.126679,-0.320570,0.460979
8.420000,0.754794,-4.154364,-0.262443,0.438385
8.430000,0.717691,-3.683414,-0.120815,0.417078
8.440000,0.678860,-3.506086,-0.435215,0.395015
8.450000,0.646695,-3.058687,-1.170988,0.376589
8.460000,0.612996,-2.866329,0.117365,0.357798
8.470000,0.579845,-2.677848,-0.923363,0.340148
8.480000,0.550906,-2.877875,-0.138258,0.324162
8.490000,0.526684,-2.781870,-0.944579,0.308962
8.500000,0.500218,-2.542120,0.153846,0.296091
8.510000,0.476074,-2.391349,-0.707692,0.282302
8.520000,0.452398,-2.224595,-0.352378,0.269663
8.530000,0.432727,-1.898269,-1.185108,0.258128
8.540000,0.410316,-1.946984,-0.885413,0.246893
8.550000,0.391628,-1.772919,-0.341939,0.236112
8.560000,0.375199,-1.649961,-0.676712,0.225778
8.570000,0.358259,-1.585596,0.116270,0.216352
8.580000,0.343002,-1.592495,-1.022141,0.206175
8.590000,0.327919,-1.533595,-0.775819,0.196697
8.600000,0.312069,-1.492113,-1.029409,0.186544
8.610000,0.298387,-1.191280,-0.694030,0.175919
8.620000,0.285982,-1.357286,-0.679598,0.165949
8.630000,0.273592,-1.261107,-0.864112,0.154937
8.640000,0.260870,-1.270913,-1.030214,0.143932
8.650000,0.248693,-1.010589,-1.480655,0.132173
8.660000,0.235967,-1.274448,-0.833426,0.120292
8.670000,0.225442,-1.217099,-0.766599,0.107694
8.680000,0.214332,-1.148753,-1.770062,0.094091
8.690000,0.202236,-1.188763,-1.076923,0.079174
8.700000,0.190525,-1.177694,-1.038297,0.062736
8.710000,0.178941,-1.343187,-1.253072,0.045075
8.720000,0.165631,-1.134157,-1.380902,0.026966
8.730000,0.152343,-1.364233,-1.525997,0.007314
8.740000,0.137105,-1.456568,-1.300565,-0.013177
8.750000,0.121807,-1.493521,-1.624799,-0.034523
8.760000,0.108866,-1.708780,-1.856761,-0.058093
8.770000,0.092287,-1.786979,-0.977665,-0.082284
8.780000,0.074315,-1.906635,-1.488007,-0.107908
8.790000,0.055915,-2.057296,-1.692308,-0.136145
8.800000,0.037217,-1.865848,-1.841523,-0.165539
8.810000,0.016721,-1.819755,-2.410372,-0.197269
8.820000,-0.004290,-2.149275,-1.608428,-0.234376
8.830000,-0.027982,-2.522307,-1.963843,-0.274123
8.840000,-0.054356,-2.767947,-2.362718,-0.314633
8.850000,-0.079714,-3.038042,-1.528254,-0.358836
8.860000,-0.107415,-3.026495,-1.995155,-0.403018
8.870000,-0.137585,-3.288952,-2.361059,-0.449539
8.880000,-0.173830,-3.501658,-2.452672,-0.500652
8.890000,-0.207684,-3.749260,-2.184615,-0.552682
8.900000,-0.245670,-3.855686,-1.638423,-0.604873
8.910000,-0.280410,-3.826806,-1.521024,-0.656142
8.920000,-0.319523,-3.936653,-1.950019,-0.705754
8.930000,-0.364082,-4.251002,-1.449778,-0.761111
8.940000,-0.405378,-4.673011,-2.139207,-0.813250
8.950000,-0.449894,-4.596176,-1.965951,-0.866278
8.960000,-0.495403,-4.895823,-1.938462,-0.924684
8.970000,-0.542643,-4.915112,-1.844531,-0.982479
8.980000,-0.591447,-5.165313,-1.556428,-1.040277
8.990000,-0.642250,-5.286660,-1.778075,-1.096796
9.000000,-0.691850,-5.430275,-1.819360,-1.155663
9.010000,-0.743535,-5.361551,-1.867658,-1.216329
9.020000,-0.799946,-5.444046,-1.213883,-1.267310
9.030000,-0.848922,-5.512831,-0.917777,-1.308850
9.040000,-0.900643,-5.484087,-0.725761,-1.347648
9.050000,-0.953614,-5.157508,-0.384628,-1.396019
9.060000,-1.008049,-5.270330,-0.523077,-1.435614
9.070000,-1.053038,-4.898524,-0.489199,-1.476526
9.080000,-1.109741,-4.729559,-0.665780,-1.523318
9.090000,-1.157986,-4.970637,-1.076923,-1.577349
9.100000,-1.202051,-5.007425,-1.424671,-1.633395
9.110000,-1.249556,-4.995969,-1.423114,-1.684733
9.120000,-1.298970,-4.892460,-1.135538,-1.734990
9.130000,-1.348634,-5.128910,-1.261538,-1.791246
9.140000,-1.401407,-5.049866,-1.790525,-1.844014
9.150000,-1.448959,-4.753139,-0.524382,-1.899112
9.160000,-1.500176,-5.108094,-1.572628,-1.955888
9.170000,-1.555782,-5.414409,-1.962843,-2.009877
9.180000,-1.606178,-5.388859,-0.750787,-2.056968
9.190000,-1.656048,-5.573581,-1.357405,-2.109553
9.200000,-1.709761,-5.249937,-0.832330,-2.156789
9.210000,-1.763002,-5.074929,-0.785128,-2.205371
9.220000,-1.811032,-5.259326,-0.979521,-2.248845
9.230000,-1.862544,-4.976879,-0.655063,-2.293445
9.240000,-1.911213,-5.093472,-0.003367,-2.340925
9.250000,-1.964132,-4.618458,-0.752342,-2.384787
9.260000,-2.010809,-4.607627,-1.149700,-2.422020
9.270000,-2.059158,-5.155006,-0.633429,-2.462229
9.280000,-2.106176,-4.728089,-0.635171,-2.500208
9.290000,-2.151783,-4.615740,-0.718840,-2.536366
9.300000,-2.201308,-4.654463,-0.093057,-2.569798
9.310000,-2.241421,-4.313484,-0.611085,-2.604896
9.320000,-2.287281,-4.326515,-0.523077,-2.635421
9.330000,-2.325086,-4.119413,-0.576581,-2.663663
9.340000,-2.370447,-4.210366,-0.348051,-2.689861
9.350000,-2.407142,-3.994603,-0.630962,-2.716116
9.360000,-2.444542,-3.687912,-0.115578,-2.737475
9.370000,-2.476423,-3.502466,-1.047226,-2.759215
9.380000,-2.511030,-3.173133,-0.370786,-2.777568
9.390000,-2.544115,-3.141797,-0.703982,-2.795255
9.400000,-2.575573,-2.707807,-0.873995,-2.812574
9.410000,-2.601342,-2.644269,-0.519401,-2.826630
9.420000,-2.628551,-2.474080,0.196029,-2.838997
9.430000,-2.653621,-2.486599,-0.197006,-2.848872
9.440000,-2.678930,-2.235270,-0.326703,-2.856535
9.450000,-2.700822,-2.195721,-0.209203,-2.862143
9.460000,-2.719184,-2.078348,-0.644802,-2.865085
9.470000,-2.737428,-1.896195,-0.061838,-2.866050
9.480000,-2.753286,-1.459420,0.372382,-2.864979
9.490000,-2.766452,-1.222183,-0.247589,-2.861599
9.500000,-2.778542,-1.146029,-0.039337,-2.856178
9.510000,-2.788048,-0.953936,-0.226858,-2.847739
9.520000,-2.795252,-0.681319,-0.153846,-2.837655
9.530000,-2.800991,-0.449761,0.077262,-2.823842
9.540000,-2.804673,-0.238666,-0.195098,-2.810831
9.550000,-2.805562,-0.001290,-0.142975,-2.792528
9.560000,-2.805180,0.048855,0.714735,-2.772657
9.570000,-2.804417,0.096919,1.371497,-2.751477
9.580000,-2.802589,0.255723,1.654327,-2.727002
9.590000,-2.798439,0.478299,2.178865,-2.702193
9.600000,-2.793241,0.695815,1.460228,-2.676269
9.610000,-2.784899,1.019060,1.485474,-2.650547
9.620000,-2.774620,0.970452,1.993163,-2.623996
9.630000,-2.761519,1.447269,2.193693,-2.593085
9.640000,-2.747959,1.472527,1.876923,-2.559921
9.650000,-2.729154,1.790640,1.709791,-2.524611
9.660000,-2.710585,2.065328,2.334220,-2.486719
9.670000,-2.689808,2.178558,2.440336,-2.447091
9.680000,-2.665317,2.595528,1.615563,-2.410392
9.690000,-2.640612,2.413148,1.913792,-2.369872
9.700000,-2.610350,2.896350,1.763791,-2.327269
9.710000,-2.585019,3.014009,2.103697,-2.283289
9.720000,-2.553914,3.354004,2.191576,-2.236952
9.730000,-2.521008,3.293500,2.137983,-2.191918
9.740000,-2.484175,3.712310,2.259703,-2.146809
9.750000,-2.449111,3.602831,1.520487,-2.103510
9.760000,-2.413375,3.995746,1.072059,-2.051557
9.770000,-2.373404,3.552931,2.118741,-2.002942
9.780000,-2.331034,4.182360,0.869798,-1.958536
9.790000,-2.293279,4.247324,1.422088,-1.912782
9.800000,-2.248635,4.323449,1.613470,-1.866975
9.810000,-2.205682,4.383862,1.225135,-1.823450
9.820000,-2.162072,4.445426,0.846845,-1.775053
9.830000,-2.122872,4.263848,1.461928,-1.728780
9.840000,-2.078426,4.483583,1.125476,-1.678481
9.850000,-2.034602,4.488970,1.115522,-1.629629
9.860000,-1.989911,4.478929,1.083663,-1.579832
9.870000,-1.943752,4.456799,1.342957,-1.527303
9.880000,-1.895768,4.908168,0.685898,-1.479123
9.890000,-1.847447,4.927925,1.084541,-1.427556
9.900000,-1.799070,4.801710,0.963487,-1.380946
9.910000,-1.753803,4.796250,1.259413,-1.333946
9.920000,-1.707965,4.256984,0.652704,-1.287552
9.930000,-1.659910,4.614294,0.426913,-1.242396
9.940000,-1.610160,4.426071,1.193755,-1.199515
9.950000,-1.564440,4.841033,0.503092,-1.160755
9.960000,-1.515689,4.403816,1.345931,-1.123231
9.970000,-1.471785,4.597002,0.392941,-1.094198
9.980000,-1.425836,4.610465,-0.262254,-1.069987
9.990000,-1.385765,4.001855,0.145079,-1.044722
10.000000,-1.343583,3.754117,-0.065731,-1.017652
10.010000,-1.302726,3.952988,0.220072,-0.990334
10.020000,-1.265564,3.840907,0.571629,-0.955917
10.030000,-1.230888,3.567525,1.157291,-0.923926
10.040000,-1.195740,3.373892,0.800395,-0.897634
10.050000,-1.163031,3.498473,0.780486,-0.869944
10.060000,-1.126763,3.162299,0.423721,-0.844833
10.070000,-1.096570,3.233932,0.863040,-0.819220
10.080000,-1.064414,3.027025,0.390955,-0.797311
10.090000,-1.030793,3.084348,0.391706,-0.779168
10.100000,-1.002802,3.004009,0.708935,-0.760808
10.110000,-0.975299,2.628699,0.815044,-0.749161
10.120000,-0.950354,2.692370,0.104384,-0.737478
10.130000,-0.924625,2.478918,0.040552,-0.727094
10.140000,-0.900697,2.363122,0.576165,-0.719425
10.150000,-0.879164,1.881803,0.276923,-0.711498
10.160000,-0.858468,1.956010,0.228968,-0.704983
10.170000,-0.840964,1.913589,-0.041813,-0.699870
10.180000,-0.826497,1.596090,0.524681,-0.695381
10.190000,-0.810110,1.437363,0.390370,-0.693106
10.200000,-0.797441,1.240130,0.338462,-0.691863
10.210000,-0.784939,1.168573,0.144962,-0.691975
10.220000,-0.773869,1.059871,0.144957,-0.693211
10.230000,-0.765655,0.794907,0.407922,-0.695562
10.240000,-0.757471,0.752021,0.100594,-0.699853
10.250000,-0.750945,0.580392,0.491905,-0.706001
10.260000,-0.746682,0.362384,0.355619,-0.715945
10.270000,-0.743055,0.294819,0.236629,-0.728434
10.280000,-0.741398,0.077889,0.428319,-0.743812
10.290000,-0.741398,-0.030830,-0.767315,-0.758685
10.300000,-0.741779,-0.080191,-1.087451,-0.778579
10.310000,-0.743305,-0.209660,-1.526295,-0.800635
10.320000,-0.746499,-0.338462,-1.353146,-0.824532
10.330000,-0.749717,-0.471177,-1.552856,-0.844838
10.340000,-0.756138,-0.675008,-2.269308,-0.862868
10.350000,-0.764744,-0.710342,-1.846254,-0.881382
10.360000,-0.774278,-1.130153,-1.986490,-0.902328
10.370000,-0.784959,-1.259865,-1.833044,-0.920741
10.380000,-0.797141,-1.137393,-1.315522,-0.943378
10.390000,-0.810196,-1.468885,-2.031381,-0.967929
10.400000,-0.826209,-1.645924,-1.606480,-0.987363
10.410000,-0.841984,-1.771429,-1.012219,-1.012159
10.420000,-0.858137,-1.865618,-1.839517,-1.046595
10.430000,-0.874961,-1.919272,-1.635821,-1.082523
10.440000,-0.895313,-2.105003,-1.922144,-1.120181
10.450000,-0.917964,-2.249257,-2.110826,-1.156966
10.460000,-0.941016,-2.536986,-1.921321,-1.193254
10.470000,-0.967177,-2.644385,-1.689947,-1.230055
10.480000,-0.995506,-2.642417,-1.667966,-1.265175
10.490000,-1.020162,-3.002198,-1.710385,-1.300581
10.500000,-1.048991,-2.787156,-1.712384,-1.336344
10.510000,-1.082328,-2.981032,-1.684770,-1.374390
10.520000,-1.114346,-2.924943,-1.692308,-1.414412
10.530000,-1.147031,-2.807216,-1.075997,-1.452726
10.540000,-1.179882,-3.186129,-0.845691,-1.497883
10.550000,-1.215998,-3.511305,-1.339526,-1.534584
10.560000,-1.247294,-3.296785,-1.359069,-1.572761
10.570000,-1.285089,-3.465765,-1.185946,-1.613415
10.580000,-1.320887,-3.760658,-1.537046,-1.649761
10.590000,-1.356323,-3.858038,-1.107543,-1.693076
10.600000,-1.396581,-3.665923,-0.430395,-1.730226
10.610000,-1.430919,-3.415813,-1.261538,-1.771211
10.620000,-1.471755,-3.813822,-1.391665,-1.804332
10.630000,-1.508367,-3.689589,-0.885774,-1.836440
10.640000,-1.549037,-3.839644,-1.231548,-1.874694
10.650000,-1.581575,-3.500482,-1.148313,-1.921453
10.660000,-1.624035,-3.903222,-1.277183,-1.965934
10.670000,-1.657773,-4.074725,-1.237561,-2.011143
10.680000,-1.701453,-4.060154,-1.680224,-2.055812
10.690000,-1.738242,-4.173382,-1.583877,-2.096593
10.700000,-1.781619,-4.045840,-1.109211,-2.136419
10.710000,-1.822412,-4.250153,-1.128241,-2.172607
10.720000,-1.862893,-3.992498,-0.945980,-2.206629
10.730000,-1.899643,-4.210148,-0.931976,-2.236252
10.740000,-1.941497,-3.937963,-0.447295,-2.262854
10.750000,-1.980633,-3.639351,-0.248232,-2.288365
10.760000,-2.012778,-3.560888,-0.098591,-2.311835
10.770000,-2.050899,-3.461269,-0.215385,-2.332521
10.780000,-2.084425,-3.466736,-0.608253,-2.351739
10.790000,-2.115198,-3.092734,-0.461538,-2.369804
10.800000,-2.146777,-2.818247,-0.388814,-2.385434
10.810000,-2.175568,-2.831909,-0.443336,-2.399244
10.820000,-2.200588,-2.812359,-0.656968,-2.410980
10.830000,-2.226481,-2.275229,0.457841,-2.420917
10.840000,-2.251791,-2.144066,-0.804889,-2.429138
10.850000,-2.274218,-2.174637,0.236926,-2.435938
10.860000,-2.293484,-1.768965,-0.360609,-2.440656
10.870000,-2.310563,-1.512470,-0.101003,-2.443371
10.880000,-2.327520,-1.407516,-0.296923,-2.444747
10.890000,-2.340398,-1.392484,-0.438082,-2.444361
10.900000,-2.353246,-1.292761,-0.224583,-2.442168
10.910000,-2.363160,-1.072934,-0.215385,-2.438474
10.920000,-2.373133,-0.800613,-0.175669,-2.433096
10.930000,-2.379816,-0.700216,-0.677915,-2.426277
10.940000,-2.385499,-0.499098,-0.679678,-2.418040
10.950000,-2.389359,-0.295092,-0.338462,-2.409285
10.960000,-2.391524,-0.136927,-0.237446,-2.399261
10.970000,-2.392042,0.004396,0.092308,-2.388237
10.980000,-2.392042,-0.000932,0.362709,-2.375854
10.990000,-2.391977,0.016202,1.017157,-2.362397
11.000000,-2.391279,0.109880,1.199297,-2.348419
11.010000,-2.389479,0.217850,1.259284,-2.333974
11.020000,-2.386546,0.373626,2.110756,-2.318346
11.030000,-2.382632,0.391151,2.082388,-2.302249
11.040000,-2.378026,0.591154,1.743845,-2.285863
11.050000,-2.370787,0.820844,1.648138,-2.268581
11.060000,-2.362859,0.865967,1.846212,-2.252099
11.070000,-2.353192,1.040017,1.028794,-2.236233
11.080000,-2.343896,1.018597,1.898619,-2.218912
11.090000,-2.331441,1.280763,1.006859,-2.202530
11.100000,-2.319497,1.207458,1.211552,-2.185067
11.110000,-2.307272,1.315742,1.507692,-2.168626
11.120000,-2.294387,1.252967,0.830879,-2.153410
11.130000,-2.280031,1.481730,1.012506,-2.137562
11.140000,-2.264947,1.497447,1.210182,-2.123491
11.150000,-2.251861,1.578530,1.013428,-2.111480
11.160000,-2.237704,1.426861,1.039717,-2.104371
11.170000,-2.223773,1.315259,0.640506,-2.097458
11.180000,-2.210360,1.195808,0.656398,-2.090831
11.190000,-2.197826,1.293034,0.554349,-2.083364
11.200000,-2.185264,1.239078,1.460474,-2.076406
11.210000,-2.173877,1.053766,1.240223,-2.069969
11.220000,-2.161587,0.996209,0.756152,-2.062678
11.230000,-2.152987,1.047653,0.322540,-2.056671
11.240000,-2.142946,0.792245,0.726704,-2.051346
11.250000,-2.133679,0.907490,0.780360,-2.047421
11.260000,-2.125639,0.728352,0.540510,-2.044703
11.270000,-2.117463,0.772310,0.852321,-2.043070
11.280000,-2.109727,0.628571,0.796891,-2.042898
11.290000,-2.102865,0.657318,0.383999,-2.044011
11.300000,-2.097568,0.544911,0.259248,-2.046529
11.310000,-2.092646,0.379572,1.049359,-2.050395
11.320000,-2.088937,0.396142,0.547580,-2.055842
11.330000,-2.085741,0.201034,0.288236,-2.061953
11.340000,-2.084192,0.118681,-0.066089,-2.070083
11.350000,-2.083429,0.038322,-0.172893,-2.079731
11.360000,-2.083429,-0.007010,-0.148813,-2.090660
11.370000,-2.083429,-0.006363,-0.980950,-2.102091
11.380000,-2.083810,-0.052402,-0.901341,-2.113347
11.390000,-2.084599,-0.128073,-1.548201,-2.129164
11.400000,-2.086762,-0.283042,-1.776591,-2.145269
11.410000,-2.089830,-0.403875,-1.562959,-2.163946
11.420000,-2.093290,-0.431099,-1.915356,-2.179547
11.430000,-2.100136,-0.665616,-1.373276,-2.197030
11.440000,-2.107614,-0.804985,-1.606109,-2.226573
11.450000,-2.116484,-1.083046,-1.991940,-2.260224
11.460000,-2.127792,-1.074782,-2.724950,-2.295599
11.470000,-2.142364,-1.512433,-2.355052,-2.334535
11.480000,-2.158932,-1.768718,-1.933737,-2.376023
11.490000,-2.179034,-1.955343,-2.580206,-2.418674
11.500000,-2.201092,-2.437134,-1.141475,-2.465648
11.510000,-2.229212,-2.486217,-2.442261,-2.514164
11.520000,-2.256753,-3.288005,-2.167777,-2.563473
11.530000,-2.290250,-3.337134,-2.017830,-2.616167
11.540000,-2.320333,-3.520144,-1.903702,-2.672183
11.550000,-2.359889,-3.660817,-1.940615,-2.731069
11.560000,-2.396052,-3.816593,-2.132884,-2.789891
11.570000,-2.438616,-4.372844,-2.384022,-2.850068
11.580000,-2.486832,-4.575637,-1.938462,-2.911464
11.590000,-2.532775,-4.887069,-2.147131,-2.971916
11.600000,-2.579437,-4.657543,-1.500477,-3.032029
11.610000,-2.627485,-5.144094,-1.904440,-3.089308
11.620000,-2.679159,-4.854180,-1.158391,-3.140307
11.630000,-2.728911,-5.026348,-1.100150,-3.192259
11.640000,-2.783507,-5.161155,-0.783540,-3.247791
11.650000,-2.836685,-5.383078,-1.109210,-3.299185
11.660000,-2.891707,-4.881318,-1.039904,-3.346364
11.670000,-2.944265,-4.986751,-1.129938,-3.397388
11.680000,-2.998840,-5.526671,-0.715402,-3.446677
11.690000,-3.050597,-5.304793,-0.280849,-3.497985
11.700000,-3.097322,-5.011900,-0.976300,-3.548645
11.710000,-3.148494,-5.069509,-1.306366,-3.599000
11.720000,-3.199732,-5.362815,-1.271318,-3.650649
11.730000,-3.253672,-5.283791,-1.076923,-3.699002
11.740000,-3.307743,-4.865594,-0.899470,-3.748725
11.750000,-3.354894,-5.214241,-1.418681,-3.795903
11.760000,-3.407997,-5.078182,-0.071425,-3.837969
11.770000,-3.456928,-4.846194,-0.938443,-3.881805
11.780000,-3.506325,-5.123160,-0.836466,-3.926782
11.790000,-3.555413,-4.575433,-1.055375,-3.966058
11.800000,-3.604753,-5.006593,-1.015385,-4.005169
11.810000,-3.650079,-4.884315,-0.741259,-4.051376
11.820000,-3.695667,-4.524204,-1.225934,-4.098593
11.830000,-3.744367,-4.491728,-0.922590,-4.140104
11.840000,-3.788140,-4.249947,-1.096407,-4.181177
11.850000,-3.833964,-4.797627,-1.139489,-4.217150
11.860000,-3.879687,-4.382370,-0.496656,-4.254191
11.870000,-3.927748,-4.503491,-0.857758,-4.287424
11.880000,-3.966420,-4.300999,-0.759291,-4.317702
11.890000,-4.007683,-4.375871,-0.719826,-4.337718
11.900000,-4.046189,-4.160068,0.436868,-4.353263
11.910000,-4.084597,-3.813411,0.364151,-4.366574
11.920000,-4.120600,-3.557224,0.153846,-4.381716
11.930000,-4.151454,-3.474330,0.031235,-4.393641
11.940000,-4.181608,-2.976138,0.665777,-4.404747
11.950000,-4.209521,-2.723830,-0.255947,-4.416221
11.960000,-4.236570,-2.417892,-0.491585,-4.426920
11.970000,-4.258668,-2.094585,0.236608,-4.435207
11.980000,-4.281371,-2.246154,-0.512508,-4.440615
11.990000,-4.299752,-2.025229,-0.346474,-4.443360
12.000000,-4.316983,-1.892828,-0.032726,-4.443244
12.010000,-4.332168,-1.539347,-0.315747,-4.439849
12.020000,-4.346543,-1.198969,-0.215385,-4.433804
12.030000,-4.356391,-0.993103,0.180827,-4.424049
12.040000,-4.366129,-0.805544,-0.233218,-4.411396
12.050000,-4.372175,-0.479121,-0.030769,-4.395810
12.060000,-4.376176,-0.310257,0.297480,-4.377196
12.070000,-4.377623,-0.026287,-0.447670,-4.355926
12.080000,-4.376998,0.071538,1.093841,-4.331391
12.090000,-4.375334,0.211316,1.630769,-4.303302
12.100000,-4.372341,0.412845,2.492272,-4.270232
12.110000,-4.365942,0.826225,2.196284,-4.235588
12.120000,-4.357413,1.111517,2.188615,-4.198591
12.130000,-4.345347,1.307424,2.430769,-4.157887
12.140000,-4.329511,1.711344,2.506724,-4.114648
12.150000,-4.311196,2.050078,2.580587,-4.068654
12.160000,-4.288274,2.347996,2.469806,-4.021134
12.170000,-4.264609,2.768541,2.877974,-3.969359
12.180000,-4.235896,2.708733,2.265989,-3.915379
12.190000,-4.204074,3.185304,2.187256,-3.857632
12.200000,-4.168566,3.878612,2.304314,-3.797048
12.210000,-4.131661,3.964213,2.636134,-3.735017
12.220000,-4.090179,4.227358,2.215598,-3.672486
12.230000,-4.043308,4.724669,1.945139,-3.611676
12.240000,-3.995616,4.802957,2.101902,-3.548308
12.250000,-3.948437,5.241797,2.494395,-3.479208
12.260000,-3.900275,5.344704,2.094764,-3.417364
12.270000,-3.848272,5.604468,1.525851,-3.373265
12.280000,-3.798047,5.697094,1.320203,-3.320890
12.290000,-3.737730,5.414624,0.882563,-3.275743
12.300000,-3.685328,5.407115,0.944470,-3.209357
12.310000,-3.629634,5.411064,1.015910,-3.151302
12.320000,-3.578608,5.447471,1.211151,-3.106783
12.330000,-3.527079,5.425598,0.346983,-3.045384
12.340000,-3.471279,5.511307,1.175557,-2.989308
12.350000,-3.409923,5.469789,1.074681,-2.915097
12.360000,-3.357613,5.751887,1.678331,-2.832703
12.370000,-3.303407,5.944619,2.144062,-2.749871
12.380000,-3.237723,5.690532,2.300677,-2.665384
12.390000,-3.172793,6.351659,2.681439,-2.578147
12.400000,-3.115900,6.601614,2.103589,-2.497302
12.410000,-3.040321,6.736249,1.762405,-2.413455
12.420000,-2.975842,7.115418,1.891550,-2.326563
12.430000,-2.901895,7.473742,2.198681,-2.242118
12.440000,-2.824651,7.207171,2.112549,-2.162168
12.450000,-2.752328,7.558601,1.692308,-2.107452
12.460000,-2.680660,7.538706,0.273955,-2.051278
12.470000,-2.598512,7.512000,-0.027685,-1.991670
12.480000,-2.529871,7.435124,-0.085673,-1.935560
12.490000,-2.458832,7.190476,-0.087913,-1.886776
12.500000,-2.388147,6.559992,0.193938,-1.836515
12.510000,-2.320909,6.574857,-0.341533,-1.787648
12.520000,-2.259230,5.863622,0.376724,-1.741912
12.530000,-2.198031,6.226760,0.175883,-1.695704
12.540000,-2.137354,5.787103,0.330815,-1.642492
12.550000,-2.075603,5.622689,0.229877,-1.585950
12.560000,-2.018992,5.790834,1.347467,-1.525865
12.570000,-1.965347,5.997611,0.671118,-1.462710
12.580000,-1.906891,5.796360,0.379812,-1.409794
12.590000,-1.851631,5.643246,1.131806,-1.349083
12.600000,-1.794795,5.610508,1.203529,-1.288534
12.610000,-1.735436,6.089307,1.251574,-1.231503
12.620000,-1.672928,6.159696,0.674734,-1.180849
12.630000,-1.625567,5.636084,1.091784,-1.132027
12.640000,-1.564744,5.736396,0.953846,-1.080460
12.650000,-1.506560,5.721884,0.070705,-1.033802
12.660000,-1.448891,5.643593,1.057722,-0.988089
12.670000,-1.399732,5.446597,0.554583,-0.940949
12.680000,-1.345433,4.910663,0.859834,-0.896726
12.690000,-1.294249,4.966987,0.915757,-0.857964
12.700000,-1.241404,4.834667,0.533407,-0.809396
12.710000,-1.189998,4.786904,0.809457,-0.766085
12.720000,-1.139953,4.734110,0.612239,-0.730882
12.730000,-1.092638,4.554272,-0.092970,-0.696990
12.740000,-1.045656,4.567282,0.006852,-0.660563
12.750000,-1.002674,4.617038,0.199555,-0.628309
12.760000,-0.956417,4.156410,0.211908,-0.591714
12.770000,-0.915354,4.114664,0.968761,-0.559131
12.780000,-0.871287,4.200784,0.595052,-0.523298
12.790000,-0.830293,3.679636,0.855636,-0.490975
12.800000,-0.793430,3.684001,0.727099,-0.457402
12.810000,-0.752754,3.911564,0.397177,-0.427011
12.820000,-0.716231,3.560816,0.627204,-0.396893
12.830000,-0.677577,3.207881,0.218221,-0.371460
12.840000,-0.644680,3.335451,0.313193,-0.345582
12.850000,-0.608553,3.463551,0.519393,-0.318782
12.860000,-0.576386,3.410500,0.752136,-0.293510
12.870000,-0.543750,3.137215,0.915767,-0.269798
12.880000,-0.510308,3.061866,0.912996,-0.246682
12.890000,-0.481379,3.177773,0.515529,-0.223889
12.900000,-0.452151,2.936606,0.418900,-0.202905
12.910000,-0.423390,3.112088,0.484615,-0.180073
12.920000,-0.394342,2.696504,0.900700,-0.160449
12.930000,-0.368772,2.584751,0.648594,-0.144038
12.940000,-0.341696,2.504235,0.514437,-0.128502
12.950000,-0.317051,2.349988,0.312873,-0.113635
12.960000,-0.294750,2.026758,0.195649,-0.102029
12.970000,-0.273203,2.249097,0.523354,-0.088630
12.980000,-0.251685,2.007414,0.415479,-0.076222
12.990000,-0.231426,1.784899,0.348263,-0.060687
13.000000,-0.213913,1.722703,0.593999,-0.044656
13.010000,-0.194120,1.860673,1.131466,-0.028056
13.020000,-0.177750,1.830684,1.243156,-0.011360
13.030000,-0.160095,1.945926,1.050799,0.003010
13.040000,-0.142448,1.785003,1.602711,0.017492
13.050000,-0.126637,1.727210,1.196933,0.033813
13.060000,-0.108882,1.658314,1.151380,0.051416
13.070000,-0.092623,1.637757,0.891481,0.067591
13.080000,-0.075534,1.859493,1.966303,0.084785
13.090000,-0.059770,1.786603,1.384432,0.101786
13.100000,-0.042994,1.664100,1.095908,0.116945
13.110000,-0.026248,1.771001,1.412893,0.134192
13.120000,-0.008643,1.808611,1.138462,0.149603
13.130000,0.006248,1.589198,1.209811,0.166307
13.140000,0.021823,1.694903,1.992765,0.184738
13.150000,0.039349,1.788383,1.345935,0.205713
13.160000,0.057442,1.964141,1.234030,0.226896
13.170000,0.073457,1.937248,1.563391,0.248687
13.180000,0.090187,1.897037,1.309788,0.270977
13.190000,0.108720,1.915199,0.967001,0.295723
13.200000,0.127080,2.048574,1.192385,0.319751
13.210000,0.147258,2.016900,1.431964,0.345063
13.220000,0.166555,1.888502,1.249596,0.368983
13.230000,0.187212,2.040379,1.723895,0.392889
13.240000,0.209652,2.155031,0.907068,0.419342
13.250000,0.229078,2.326716,1.190921,0.449816
13.260000,0.251322,1.970314,1.693585,0.481265
13.270000,0.276478,2.334728,1.260797,0.513601
13.280000,0.300137,2.502916,0.942830,0.549169
13.290000,0.325471,2.584136,1.581323,0.582755
13.300000,0.351747,2.421085,1.736878,0.620306
13.310000,0.379640,2.784435,0.986879,0.659292
13.320000,0.410103,2.927560,1.505880,0.700516
13.330000,0.439838,3.035548,1.984193,0.746070
13.340000,0.471509,3.276661,1.120960,0.784158
13.350000,0.505921,3.459333,1.658126,0.824103
13.360000,0.539214,3.810952,1.261617,0.866703
13.370000,0.573927,3.746630,1.784894,0.911943
13.380000,0.614307,3.876597,1.134655,0.960874
13.390000,0.647092,3.674166,1.564061,1.004421
13.400000,0.685456,3.499491,1.610125,1.051952
13.410000,0.728018,4.335004,1.436013,1.107230
13.420000,0.769048,3.969562,2.479071,1.179650
13.430000,0.810994,4.796662,2.414090,1.254181
13.440000,0.858964,4.883445,2.308194,1.330807
13.450000,0.906791,5.393037,2.549535,1.408527
13.460000,0.959570,5.684165,3.037075,1.489037
13.470000,1.022850,5.785162,2.268002,1.571799
13.480000,1.073865,6.139515,2.246154,1.629938
13.490000,1.137729,6.548367,0.987292,1.678600
13.500000,1.202453,6.466869,0.800545,1.728060
13.510000,1.261595,5.901154,0.500223,1.774284
13.520000,1.324217,6.123077,0.638526,1.820231
13.530000,1.377929,5.971793,-0.159770,1.875393
13.540000,1.435948,5.906691,0.368819,1.926003
13.550000,1.493783,5.676844,0.698071,1.983311
13.560000,1.552127,5.642645,0.561682,2.032629
13.570000,1.606324,4.993518,1.108472,2.078233
13.580000,1.658907,5.675903,0.548014,2.137976
13.590000,1.717397,5.161369,1.116134,2.189378
13.600000,1.767455,5.561215,0.950699,2.237678
13.610000,1.820618,5.001961,1.442406,2.303215
13.620000,1.877900,5.486388,0.945758,2.365251
13.630000,1.934842,5.779522,1.634823,2.436240
13.640000,1.986332,5.513951,1.707873,2.503003
13.650000,2.048944,5.445582,1.505690,2.565038
13.660000,2.102095,5.669930,1.407572,2.629207
13.670000,2.164707,5.794114,1.275211,2.699844
13.680000,2.225150,5.840152,1.932382,2.767722
13.690000,2.280659,5.915913,1.481596,2.841925
13.700000,2.348837,6.016791,2.154019,2.911202
13.710000,2.409344,6.567325,1.328546,2.976865
13.720000,2.473739,6.665801,1.212997,3.035756
13.730000,2.541313,6.604634,1.207526,3.108668
13.740000,2.607063,6.479159,1.614659,3.178338
13.750000,2.670913,6.738003,1.567945,3.242741
13.760000,2.738952,6.383183,0.844221,3.308263
13.770000,2.798606,6.622785,1.258463,3.369135
13.780000,2.862958,6.737247,0.781666,3.431526
13.790000,2.935703,6.534449,0.419399,3.488681
13.800000,2.998973,6.472991,0.948674,3.552206
13.810000,3.064244,6.637041,0.689708,3.612123
13.820000,3.131411,6.482141,0.663497,3.660771
13.830000,3.187631,6.212618,0.772282,3.724087
13.840000,3.253064,6.288178,1.438375,3.791332
13.850000,3.313539,6.007529,0.683814,3.856507
13.860000,3.381555,6.210189,0.900388,3.917058
13.870000,3.436647,6.274740,0.966684,3.976747
13.880000,3.500477,6.305187,0.819769,4.034074
13.890000,3.561819,6.072502,0.748575,4.089411
13.900000,3.629454,5.994142,0.841024,4.140736
13.910000,3.683022,6.030181,1.058202,4.186212
13.920000,3.747450,6.156804,0.400000,4.225726
13.930000,3.801590,5.789209,-0.092677,4.261465
13.940000,3.859302,5.621721,0.919705,4.296511
13.950000,3.910903,5.221072,-0.219163,4.326477
13.960000,3.960982,5.028183,-0.798835,4.352924
13.970000,4.010873,4.460682,-0.151213,4.376607
13.980000,4.055394,4.494828,-0.321750,4.390062
13.990000,4.098659,4.299059,-0.739566,4.401788
14.000000,4.134240,3.754936,-0.561553,4.411614
14.010000,4.168808,3.269397,-0.754874,4.419910
14.020000,4.204586,2.975810,-0.765141,4.427119
14.030000,4.230563,2.896782,-0.006132,4.434188
14.040000,4.258643,2.206760,-0.276271,4.439511
14.050000,4.280628,2.296991,-0.485671,4.443128
14.060000,4.300585,2.114066,-0.381462,4.443380
14.070000,4.319670,1.644491,-0.150468,4.440521
14.080000,4.335116,1.430829,-0.207484,4.434536
14.090000,4.346865,1.165465,-0.371870,4.425712
14.100000,4.356998,0.883229,0.433785,4.417784
14.110000,4.365178,0.719812,-0.164611,4.407491
14.120000,4.371162,0.423554,0.265081,4.396848
14.130000,4.374303,0.271688,0.101468,4.384538
14.140000,4.376029,0.069541,0.092308,4.371208
14.150000,4.375715,-0.055845,-0.286010,4.354710
14.160000,4.375170,-0.078507,-0.884397,4.339807
14.170000,4.374091,-0.154983,-1.176117,4.322537
14.180000,4.372282,-0.207190,-1.934284,4.303618
14.190000,4.368796,-0.479727,-1.921496,4.281999
14.200000,4.363581,-0.622546,-1.684770,4.258541
14.210000,4.355849,-0.809739,-1.704376,4.236094
14.220000,4.345570,-1.041961,-1.877396,4.206219
14.230000,4.335537,-1.207090,-2.202479,4.172387
14.240000,4.320131,-1.465467,-2.837778,4.137062
14.250000,4.304872,-1.664339,-2.537468,4.099805
14.260000,4.285491,-1.898032,-2.088062,4.065604
14.270000,4.264513,-2.182906,-2.936749,4.027008
14.280000,4.239875,-2.179795,-1.686683,3.991585
14.290000,4.216348,-2.714982,-1.940733,3.949402
14.300000,4.189932,-2.748656,-1.563284,3.907596
14.310000,4.161705,-2.886297,-2.007394,3.865657
14.320000,4.127843,-3.144657,-1.500701,3.821465
14.330000,4.094849,-3.528748,-2.151144,3.771992
14.340000,4.060110,-3.782272,-1.769266,3.724970
14.350000,4.026832,-3.567127,-1.471449,3.675549
14.360000,3.985477,-3.634948,-1.634506,3.629777
14.370000,3.947787,-3.859073,-1.104690,3.586929
14.380000,3.909448,-3.790910,-1.431170,3.543992
14.390000,3.872048,-3.768953,-1.318361,3.510119
14.400000,3.826871,-3.890516,-1.102937,3.473843
14.410000,3.788556,-3.762916,-1.645177,3.432977
14.420000,3.748120,-3.939949,-0.343427,3.394680
14.430000,3.708713,-3.923515,-1.490455,3.349549
14.440000,3.667614,-4.227814,-0.962171,3.311854
14.450000,3.630173,-4.029170,-1.501323,3.271907
14.460000,3.589679,-3.903617,-1.167641,3.224615
14.470000,3.549108,-3.989886,-1.394146,3.180114
14.480000,3.506640,-3.973004,-1.015385,3.142698
14.490000,3.466370,-4.184482,-1.591615,3.086642
14.500000,3.423171,-4.304167,-1.614296,3.037019
14.510000,3.381649,-4.538212,-1.241242,2.991895
14.520000,3.335222,-4.445245,-1.611330,2.941450
14.530000,3.292144,-4.380562,-1.280976,2.895551
14.540000,3.251645,-4.397319,-0.826078,2.850291
14.550000,3.202226,-4.491480,-1.328469,2.805005
14.560000,3.160982,-4.723558,-1.138392,2.757234
14.570000,3.112565,-4.586437,-1.219982,2.710742
14.580000,3.069420,-4.545014,-1.352732,2.666146
14.590000,3.022653,-4.789633,-0.887407,2.625679
14.600000,2.976593,-4.548501,-1.234012,2.585272
14.610000,2.926377,-4.630757,-0.609515,2.542881
14.620000,2.887169,-4.371281,-1.024695,2.504075
14.630000,2.838459,-4.586902,-0.815473,2.469656
14.640000,2.794023,-4.424328,-0.076678,2.439589
14.650000,2.754797,-4.371449,-0.276355,2.407367
14.660000,2.711772,-4.059596,-0.664094,2.374949
14.670000,2.673221,-3.732162,-0.309831,2.340369
14.680000,2.634753,-3.725417,-0.770014,2.308820
14.690000,2.594594,-3.857169,-0.069321,2.278390
14.700000,2.559012,-3.666657,-0.734847,2.251374
14.710000,2.525349,-3.365168,-0.506387,2.223996
14.720000,2.490001,-3.380589,-0.447133,2.200281
14.730000,2.454719,-3.579344,-0.458849,2.180094
14.740000,2.423293,-3.153541,-0.204580,2.164762
14.750000,2.389818,-3.053206,-0.276923,2.148057
14.760000,2.362331,-3.079184,-0.491773,2.132564
14.770000,2.334644,-2.620474,-0.319928,2.119811
14.780000,2.311141,-2.206078,0.031904,2.108395
14.790000,2.283746,-2.515824,-0.473075,2.099265
14.800000,2.263293,-2.193271,0.003524,2.089816
14.810000,2.241788,-2.011567,-0.865857,2.080395
14.820000,2.222669,-1.920736,-0.400154,2.072019
14.830000,2.204460,-1.754797,-0.498129,2.064626
14.840000,2.189653,-1.549090,-0.600235,2.058442
14.850000,2.173958,-1.546140,-0.612415,2.054098
14.860000,2.160859,-1.207120,-0.600185,2.049929
14.870000,2.147555,-1.143961,-0.940002,2.046505
14.880000,2.136668,-1.085714,-0.559351,2.044307
14.890000,2.126338,-0.988040,-0.694007,2.043192
14.900000,2.115748,-0.944378,-0.414792,2.042847
14.910000,2.109457,-0.777575,-0.609857,2.044055
14.920000,2.102329,-0.638172,-0.892308,2.046574
14.930000,2.095452,-0.474890,-0.215385,2.050268
14.940000,2.091579,-0.479121,-0.792420,2.054882
14.950000,2.087529,-0.325242,-0.431902,2.060353
14.960000,2.085274,-0.197802,-0.452419,2.067105
14.970000,2.083811,-0.083616,-0.707172,2.074711
14.980000,2.083429,0.019367,-0.259251,2.083371
14.990000,2.083429,0.004396,0.113976,2.092959
15.000000,2.083810,0.019666,0.412991,2.103949
15.010000,2.084364,0.069057,1.323077,2.115541
15.020000,2.085074,0.109343,0.930865,2.127145
15.030000,2.086862,0.176029,1.656599,2.137848
15.040000,2.089087,0.273999,1.456389,2.150652
15.050000,2.092608,0.381875,1.487932,2.165517
15.060000,2.096233,0.448544,1.454215,2.178097
15.070000,2.102983,0.586581,1.710402,2.192483
15.080000,2.110203,0.762719,0.395440,2.207986
15.090000,2.116811,0.954011,1.438028,2.220815
15.100000,2.125556,0.933650,1.366971,2.234904
15.110000,2.135554,1.104788,0.764603,2.245689
15.120000,2.145710,0.897949,1.523927,2.257690
15.130000,2.156561,1.066983,1.162273,2.269707
15.140000,2.166725,1.116869,1.301364,2.281866
15.150000,2.177691,1.070007,1.213128,2.293630
15.160000,2.189432,1.207841,0.894209,2.304556
15.170000,2.199790,1.115815,0.946402,2.316843
15.180000,2.211487,1.029136,1.127450,2.328708
15.190000,2.223109,1.236747,0.882638,2.340250
15.200000,2.234712,1.125890,0.813758,2.353573
15.210000,2.245691,1.100644,1.305890,2.364951
15.220000,2.257541,1.179693,1.029934,2.377279
15.230000,2.270031,1.192548,1.275803,2.388677
15.240000,2.280835,1.173072,1.289591,2.398821
15.250000,2.293132,1.147393,0.874847,2.408775
15.260000,2.304773,1.115034,1.010625,2.416498
15.270000,2.315561,1.184898,1.107956,2.422279
15.280000,2.326253,1.041424,0.705037,2.427693
15.290000,2.336299,0.972780,0.822994,2.432510
15.300000,2.346506,0.868987,0.908336,2.435778
15.310000,2.355665,0.871573,0.664491,2.438913
15.320000,2.363576,0.776113,1.183404,2.441633
15.330000,2.371003,0.727979,0.773975,2.443358
15.340000,2.377861,0.533414,1.039061,2.444357
15.350000,2.384584,0.616774,-0.285341,2.444785
15.360000,2.389711,0.543619,0.639248,2.444580
15.370000,2.394331,0.381967,0.898613,2.443471
15.380000,2.399309,0.432377,0.452546,2.440574
15.390000,2.402694,0.259678,0.480451,2.436392
15.400000,2.404998,0.224834,0.750798,2.431026
15.410000,2.406600,0.117267,0.566961,2.424061
15.420000,2.407301,0.021978,0.830769,2.415939
15.430000,2.407301,-0.013187,0.294891,2.406196
15.440000,2.407301,-0.013187,-0.057350,2.395005
15.450000,2.407060,-0.027533,-0.707692,2.386501
15.460000,2.406920,-0.050930,-0.997336,2.373005
15.470000,2.405776,-0.154351,-1.660476,2.357379
15.480000,2.403627,-0.277442,-1.770139,2.339565
15.490000,2.400435,-0.456180,-1.576838,2.321686
15.500000,2.394713,-0.555082,-1.338416,2.300439
15.510000,2.388805,-0.804141,-1.732740,2.281773
15.520000,2.379150,-0.931970,-1.790674,2.258278
15.530000,2.369500,-1.073674,-1.613710,2.235976
15.540000,2.358769,-1.208361,-2.107125,2.209604
15.550000,2.346563,-1.408615,-1.768821,2.184135
15.560000,2.330767,-1.704572,-2.100189,2.153682
15.570000,2.314348,-1.857240,-2.052714,2.124600
15.580000,2.296554,-1.955714,-1.524652,2.093455
15.590000,2.277042,-1.724775,-1.847460,2.062874
15.600000,2.256183,-2.207182,-1.918918,2.032851
15.610000,2.232478,-2.339015,-1.953808,1.998309
15.620000,2.209346,-2.248231,-1.807641,1.968497
15.630000,2.183258,-2.679625,-1.256849,1.934165
15.640000,2.156354,-2.746167,-1.930318,1.896730
15.650000,2.130334,-3.153002,-1.732202,1.859482
15.660000,2.099314,-3.183583,-1.625265,1.826038
15.670000,2.071789,-2.970073,-1.374963,1.796884
15.680000,2.041873,-3.142270,-1.985736,1.766336
15.690000,2.012752,-2.821274,-1.948075,1.732788
15.700000,1.981627,-2.919336,-1.144542,1.703240
15.710000,1.950526,-3.076166,-0.464495,1.671021
15.720000,1.916927,-3.173563,-1.084126,1.636436
15.730000,1.885851,-3.171657,-1.304923,1.600288
15.740000,1.855139,-3.049342,-1.327734,1.563165
15.750000,1.823961,-3.260953,-1.145129,1.527257
15.760000,1.790574,-3.275543,-1.551558,1.489420
15.770000,1.759019,-3.507172,-1.628447,1.450715
15.780000,1.725989,-3.453928,-1.584434,1.411775
15.790000,1.692299,-3.395780,-1.492542,1.370019
15.800000,1.654916,-3.499188,-1.437945,1.331263
15.810000,1.620813,-3.607341,-1.307032,1.292474
15.820000,1.586417,-3.728414,-1.725469,1.255196
15.830000,1.547426,-3.728930,-1.397270,1.220305
15.840000,1.512346,-3.502169,-0.437268,1.183510
15.850000,1.474954,-3.716532,-0.966125,1.147797
15.860000,1.438466,-3.636187,-0.552905,1.113267
15.870000,1.401327,-3.593603,-1.003164,1.077792
15.880000,1.364694,-3.674847,-1.311883,1.044229
15.890000,1.327828,-3.340206,-1.232795,1.012152
15.900000,1.289329,-3.677474,-0.621681,0.985877
15.910000,1.255080,-3.672904,-0.580169,0.961695
15.920000,1.220104,-3.556044,-0.403581,0.937960
15.930000,1.189861,-3.187144,-0.775367,0.915621
15.940000,1.156257,-3.432434,-0.692191,0.888473
15.950000,1.124404,-3.072365,-0.769373,0.863343
15.960000,1.094572,-2.778392,-0.636089,0.838386
15.970000,1.066542,-2.972925,-0.805160,0.813074
15.980000,1.036208,-2.910853,-0.306782,0.791323
15.990000,1.010501,-2.859298,-1.110244,0.771131
16.000000,0.981955,-2.616939,-0.991246,0.752289
16.010000,0.955967,-2.589577,-0.073115,0.736502
16.020000,0.929646,-2.205614,0.063089,0.723283
16.030000,0.906039,-2.351541,-0.212882,0.712087
16.040000,0.881884,-2.003947,-0.338462,0.703245
16.050000,0.860958,-1.992112,-0.631518,0.696879
16.060000,0.842953,-1.943601,-0.339645,0.693107
16.070000,0.824303,-1.938665,-1.281711,0.691736
16.080000,0.807950,-1.705376,0.004159,0.692955
16.090000,0.793460,-1.318057,-0.115754,0.697019
16.100000,0.781906,-0.999315,-0.427616,0.703874
16.110000,0.770665,-1.020948,-0.008177,0.712976
16.120000,0.763878,-0.664976,0.575936,0.724083
16.130000,0.757910,-0.423228,0.048266,0.736945
16.140000,0.754994,-0.230932,-0.199688,0.753651
16.150000,0.753986,0.024383,0.002806,0.773469
16.160000,0.754749,0.079798,0.753425,0.795266
16.170000,0.755966,0.158832,1.402979,0.818376
16.180000,0.758566,0.329602,1.754086,0.844290
16.190000,0.763168,0.570593,2.672770,0.873531
16.200000,0.769702,0.836282,2.666768,0.904668
16.210000,0.781252,1.139898,2.751510,0.938812
16.220000,0.793808,1.483589,2.248145,0.974726
16.230000,0.808095,1.740509,2.311670,1.011820
16.240000,0.826000,2.201124,2.730195,1.051015
16.250000,0.848475,2.035165,2.023705,1.091448
16.260000,0.871678,2.355789,2.016277,1.134329
16.270000,0.896493,2.890271,1.938462,1.174574
16.280000,0.922756,2.686561,1.956029,1.206141
16.290000,0.954304,3.081051,2.043329,1.239860
16.300000,0.984936,3.148558,1.825056,1.273550
16.310000,1.016251,3.298057,0.704154,1.306837
16.320000,1.046952,3.312329,1.409113,1.341463
16.330000,1.078038,3.163057,1.183844,1.377761
16.340000,1.109289,3.415385,1.192485,1.415281
16.350000,1.145179,3.249900,1.265603,1.457821
16.360000,1.177389,3.368285,1.518695,1.499008
16.370000,1.211640,3.518157,1.351464,1.540084
16.380000,1.248179,3.605374,1.414015,1.583713
16.390000,1.286364,3.763986,1.251986,1.625280
16.400000,1.320608,3.883497,1.644965,1.668129
16.410000,1.361349,4.073410,0.026761,1.713590
16.420000,1.397145,3.708656,0.348051,1.761245
16.430000,1.437452,4.056225,1.475413,1.813505
16.440000,1.477727,4.189690,1.526193,1.865773
16.450000,1.519060,4.114518,1.613394,1.916762
16.460000,1.565172,4.521705,1.362026,1.969566
16.470000,1.609623,4.404891,1.536055,2.019058
16.480000,1.652899,4.596702,0.966315,2.072459
16.490000,1.702348,4.454480,1.467538,2.122994
16.500000,1.746209,4.584422,1.327946,2.165019
16.510000,1.791974,4.307642,0.661362,2.206134
16.520000,1.838875,4.580248,0.904377,2.240722
16.530000,1.888771,4.682680,0.339398,2.268951
16.540000,1.926642,4.663736,0.092308,2.300007
16.550000,1.977275,4.254915,0.342158,2.333308
16.560000,2.018586,4.122436,0.030769,2.367323
16.570000,2.062737,3.918138,0.892308,2.407661
16.580000,2.098120,3.807163,1.231922,2.445458
16.590000,2.138353,3.859092,0.723251,2.483092
16.600000,2.178493,3.742825,0.281820,2.520888
16.610000,2.215417,3.822496,0.400383,2.559267
16.620000,2.253338,3.893374,0.887892,2.592641
16.630000,2.296644,3.592092,1.068280,2.620743
16.640000,2.333047,3.911641,0.530788,2.649924
16.650000,2.367848,3.942238,0.287782,2.676824
16.660000,2.403464,3.469865,0.794582,2.702559
16.670000,2.441859,3.423858,0.503305,2.726170
16.680000,2.473652,3.543388,0.236440,2.749336
16.690000,2.504024,3.370907,0.092308,2.768616
16.700000,2.536027,3.185984,0.319813,2.785620
16.710000,2.567860,2.890261,0.200651,2.802822
16.720000,2.594018,2.598133,0.305973,2.817986
16.730000,2.619709,2.583590,-0.275076,2.832038
16.740000,2.645015,2.592221,-0.177784,2.843138
16.750000,2.670459,2.202932,0.150421,2.852758
16.760000,2.689599,2.252610,0.480480,2.859723
16.770000,2.711153,1.626301,0.450964,2.864112
16.780000,2.728280,1.552273,0.360219,2.865952
16.790000,2.746311,1.549958,0.201107,2.865423
16.800000,2.760502,1.226743,0.183404,2.862663
16.810000,2.772386,1.186546,-0.278172,2.857105
16.820000,2.782880,1.021929,0.431736,2.849476
16.830000,2.791205,0.722079,-0.013967,2.840154
16.840000,2.797483,0.576345,0.103237,2.828053
16.850000,2.801855,0.265658,0.123255,2.813462
16.860000,2.803273,0.078312,-0.215385,2.796646
16.870000,2.803273,-0.057143,-0.122914,2.778064
16.880000,2.802591,-0.093629,-1.196178,2.757777
16.890000,2.800900,-0.224144,-2.006715,2.733954
16.900000,2.797105,-0.487912,-1.774522,2.709953
16.910000,2.791758,-0.615771,-2.331699,2.680997
16.920000,2.784277,-0.825582,-1.967896,2.652185
16.930000,2.775226,-1.004198,-2.577660,2.627303
16.940000,2.762935,-1.340156,-1.822433,2.600988
16.950000,2.747330,-1.517692,-1.688076,2.576235
16.960000,2.730643,-1.834354,-1.485581,2.545759
16.970000,2.714386,-1.904160,-1.981110,2.517285
16.980000,2.694672,-1.920464,-1.560025,2.487622
16.990000,2.675670,-1.772541,-1.802487,2.459252
17.000000,2.654426,-2.287859,-2.008530,2.424067
17.010000,2.628168,-2.189833,-2.012575,2.391453
17.020000,2.607520,-2.513276,-1.899505,2.354312
17.030000,2.580330,-2.543914,-1.638203,2.313582
17.040000,2.551311,-2.896718,-1.877187,2.275970
17.050000,2.522874,-3.024175,-1.732543,2.241499
17.060000,2.493057,-3.136547,-1.590226,2.199223
17.070000,2.461330,-3.159660,-1.592270,2.154696
17.080000,2.428344,-3.080709,-1.808307,2.111018
17.090000,2.393182,-3.288559,-1.636779,2.068120
17.100000,2.361576,-3.597397,-1.730069,2.017171
17.110000,2.323695,-3.756978,-1.801651,1.971393
17.120000,2.284877,-3.913113,-1.655498,1.930108
17.130000,2.248034,-3.879038,-1.710221,1.888447
17.140000,2.206280,-3.968195,-1.098315,1.845452
17.150000,2.166848,-4.281028,-1.296692,1.801914
17.160000,2.123513,-4.157996,-2.089272,1.754774
17.170000,2.082797,-4.359392,-1.375393,1.706040
17.180000,2.041875,-4.039010,-1.151299,1.655692
17.190000,2.002579,-4.458906,-0.891222,1.612804
17.200000,1.958751,-4.509281,-1.076923,1.566236
17.210000,1.913707,-4.431825,-1.692308,1.518355
17.220000,1.869176,-4.731548,-1.119904,1.474979
17.230000,1.824826,-4.487895,-1.255397,1.428674
17.240000,1.776937,-4.478139,-1.462263,1.382585
17.250000,1.733026,-4.606508,-1.226715,1.334229
17.260000,1.691422,-4.393354,-1.127140,1.288925
17.270000,1.645021,-4.381646,-1.327935,1.237774
17.280000,1.600040,-4.255772,-1.312858,1.195084
17.290000,1.553671,-4.692703,-1.227153,1.153252
17.300000,1.506553,-4.734427,-1.403036,1.109408
17.310000,1.464757,-4.483835,-0.974292,1.067259
17.320000,1.415083,-4.263030,-0.694383,1.015139
17.330000,1.374101,-4.392224,-1.542945,0.969438
17.340000,1.323369,-4.583723,-1.350999,0.925036
17.350000,1.280035,-4.600902,-1.092065,0.886207
17.360000,1.235260,-4.340411,-0.703102,0.846275
17.370000,1.193993,-4.293949,-1.006575,0.805106
17.380000,1.145315,-4.351451,-1.202769,0.763425
17.390000,1.103950,-4.398642,-1.215054,0.727858
17.400000,1.057687,-4.594479,-0.830769,0.683353
17.410000,1.016324,-4.246772,-1.074851,0.634742
17.420000,0.972475,-4.345703,-1.172672,0.594271
17.430000,0.929107,-3.909515,-0.674213,0.550155
17.440000,0.883920,-4.458553,-1.062198,0.509558
17.450000,0.843027,-4.409423,-0.575319,0.468399
17.460000,0.797518,-4.130475,-0.789491,0.427527
17.470000,0.755131,-4.364835,-1.569231,0.391909
17.480000,0.713785,-3.647884,-1.135095,0.357645
17.490000,0.674206,-3.990740,-0.546948,0.322856
17.500000,0.630076,-3.672700,-1.600477,0.291062
17.510000,0.591248,-4.148333,-0.412018,0.259762
17.520000,0.555065,-3.881570,-0.793019,0.229295
17.530000,0.515524,-3.668439,-1.119217,0.200270
17.540000,0.480462,-3.310557,-0.316146,0.170635
17.550000,0.440436,-3.774132,-1.318485,0.144249
17.560000,0.408809,-3.592927,-0.478043,0.118000
17.570000,0.375779,-3.520845,-0.945106,0.094641
17.580000,0.342660,-3.331357,-0.861591,0.069825
17.590000,0.308407,-3.216238,-1.031151,0.047146
17.600000,0.280234,-2.877806,-0.866584,0.025265
17.610000,0.249452,-2.714190,-0.272743,0.004892
17.620000,0.220278,-2.947252,-0.865391,-0.013895
17.630000,0.192849,-2.768765,-0.745920,-0.032865
17.640000,0.167825,-2.603008,-0.371620,-0.048920
17.650000,0.143180,-2.638791,-0.502604,-0.064474
17.660000,0.116022,-2.174276,-0.128245,-0.079595
17.670000,0.095890,-2.211431,-0.777201,-0.094150
17.680000,0.072968,-2.337621,-0.967466,-0.107118
17.690000,0.053178,-2.085818,-1.095812,-0.119666
17.700000,0.033489,-1.621978,-0.173053,-0.131002
17.710000,0.014167,-1.892883,-0.993132,-0.142168
17.720000,-0.003787,-1.716334,-0.689374,-0.152770
17.730000,-0.018890,-1.627492,-1.179518,-0.162701
17.740000,-0.035712,-1.556251,-0.603935,-0.172657
17.750000,-0.050786,-1.414228,-0.798740,-0.181680
17.760000,-0.065870,-1.189201,-0.707692,-0.190595
17.770000,-0.080058,-1.367808,-0.766376,-0.199355
17.780000,-0.091973,-1.265910,-0.707692,-0.208450
17.790000,-0.104191,-1.340659,-0.853727,-0.218262
17.800000,-0.116308,-1.006808,-0.622140,-0.227272
17.810000,-0.127285,-1.258474,-0.951588,-0.236631
17.820000,-0.138304,-1.142854,-1.150761,-0.246538
17.830000,-0.149752,-0.932306,-1.510188,-0.256545
17.840000,-0.160868,-1.233420,-1.015385,-0.268548
17.850000,-0.170358,-1.099009,-1.310501,-0.279849
17.860000,-0.181102,-1.015672,-0.356291,-0.293025
17.870000,-0.191741,-1.126991,-1.039418,-0.305690
17.880000,-0.202216,-1.078488,-1.715908,-0.319801
17.890000,-0.214430,-1.104880,-1.155376,-0.334193
17.900000,-0.225736,-1.137393,-1.434091,-0.349949
17.910000,-0.235926,-1.134998,-1.371276,-0.366171
17.920000,-0.248746,-1.181293,-1.480859,-0.384126
17.930000,-0.262232,-1.279121,-1.407418,-0.403053
17.940000,-0.275563,-1.497052,-1.395197,-0.422632
17.950000,-0.289960,-1.456996,-1.470762,-0.443644
17.960000,-0.303608,-1.550711,-1.323077,-0.468712
17.970000,-0.320756,-1.565817,-1.751014,-0.492421
17.980000,-0.337003,-1.834370,-1.663993,-0.518437
17.990000,-0.354705,-1.925790,-1.862495,-0.545774
18.000000,-0.373022,-1.964683,-2.020868,-0.574933
18.010000,-0.392882,-2.001994,-2.481553,-0.606293
18.020000,-0.415686,-2.083480,-2.040032,-0.639113
18.030000,-0.437140,-2.261266,-1.709484,-0.672093
18.040000,-0.462139,-2.645694,-1.559034,-0.707404
18.050000,-0.485258,-2.581878,-1.849520,-0.747652
18.060000,-0.513418,-2.720819,-1.506628,-0.789275
18.070000,-0.543308,-3.013387,-2.027994,-0.831182
18.080000,-0.572357,-3.010796,-2.203482,-0.877294
18.090000,-0.604957,-3.376143,-2.112788,-0.925941
18.100000,-0.639287,-3.584915,-2.368082,-0.973356
18.110000,-0.673467,-3.511046,-2.242508,-1.023194
18.120000,-0.710236,-4.099263,-1.935706,-1.071884
18.130000,-0.748756,-4.007182,-1.896977,-1.127094
18.140000,-0.791556,-4.154853,-2.315926,-1.183440
18.150000,-0.831845,-4.520320,-2.173943,-1.240651
18.160000,-0.880564,-4.636832,-2.000356,-1.302909
18.170000,-0.921240,-4.589132,-2.112280,-1.367438
18.180000,-0.971529,-5.002101,-2.308954,-1.427748
18.190000,-1.018513,-4.875066,-1.961757,-1.498146
18.200000,-1.071528,-5.300220,-1.186781,-1.564041
18.210000,-1.124820,-5.689957,-2.218559,-1.628266
18.220000,-1.181326,-5.432276,-1.205929,-1.685695
18.230000,-1.236267,-5.343812,-1.065887,-1.740667
18.240000,-1.293170,-5.792394,-1.207572,-1.792870
18.250000,-1.354395,-5.758212,-0.440032,-1.849715
18.260000,-1.412117,-5.500720,-1.630769,-1.927237
18.270000,-1.473630,-6.007068,-2.251974,-2.001462
18.280000,-1.527277,-6.245709,-2.114731,-2.073524
18.290000,-1.594259,-6.307585,-1.632639,-2.143780
18.300000,-1.649992,-6.332154,-1.606586,-2.215817
18.310000,-1.713814,-6.056728,-1.899241,-2.286946
18.320000,-1.779534,-6.118848,-1.432964,-2.364336
18.330000,-1.844551,-6.823158,-2.330203,-2.442236
18.340000,-1.910628,-7.013236,-2.205531,-2.529782
18.350000,-1.985340,-7.286806,-1.574518,-2.613884
18.360000,-2.054490,-7.256056,-2.075710,-2.697900
18.370000,-2.123614,-7.204486,-1.411571,-2.776229
18.380000,-2.201091,-7.419228,-2.061938,-2.850213
18.390000,-2.275388,-7.450719,-1.410589,-2.931349
18.400000,-2.353719,-7.822902,-1.806394,-3.011746
18.410000,-2.422433,-7.672822,-1.266693,-3.100890
18.420000,-2.502682,-7.829980,-1.811078,-3.190069
18.430000,-2.580644,-7.826824,-1.581558,-3.274952
18.440000,-2.664731,-7.797644,-1.529079,-3.361713
18.450000,-2.739261,-8.231504,-1.702730,-3.451808
18.460000,-2.824468,-8.274067,-1.454150,-3.536607
18.470000,-2.903626,-7.934635,-1.301236,-3.615575
18.480000,-2.992497,-8.544204,-1.427792,-3.699865
18.490000,-3.069043,-8.258524,-1.282690,-3.782597
18.500000,-3.157776,-8.047467,-1.200567,-3.860626
18.510000,-3.238648,-8.041043,-1.094430,-3.941597
18.520000,-3.315628,-8.366405,-1.121689,-4.020313
18.530000,-3.399897,-8.011610,-1.132944,-4.095735
18.540000,-3.488879,-8.381982,-0.541531,-4.169654
18.550000,-3.563210,-8.361463,-0.320423,-4.239165
18.560000,-3.646365,-8.010072,-1.126893,-4.312332
18.570000,-3.727481,-7.593420,-0.697375,-4.365748
18.580000,-3.801610,-7.482901,0.243185,-4.409168
18.590000,-3.870315,-7.128632,1.024712,-4.449296
18.600000,-3.941265,-7.059137,0.876469,-4.497523
18.610000,-4.015325,-6.785375,0.914097,-4.538379
18.620000,-4.076278,-5.933176,0.765356,-4.572139
18.630000,-4.137521,-5.585308,0.661881,-4.614558
18.640000,-4.201626,-5.846108,-0.086818,-4.657062
18.650000,-4.253333,-5.565077,0.435152,-4.692771
18.660000,-4.307109,-4.852573,0.096780,-4.731208
18.670000,-4.354474,-4.688832,0.037306,-4.766884
18.680000,-4.404466,-5.002370,0.161951,-4.798802
18.690000,-4.455199,-4.784528,-0.489383,-4.837747
18.700000,-4.500893,-4.835847,-0.613218,-4.876980
18.710000,-4.547768,-4.452577,-0.521446,-4.917620
18.720000,-4.589301,-3.925930,-0.247301,-4.953763
18.730000,-4.631330,-4.427938,-0.596415,-4.989586
18.740000,-4.671113,-3.771833,-0.561819,-5.020464
18.750000,-4.714921,-4.127039,-0.611651,-5.049792
18.760000,-4.754704,-3.991909,-1.517737,-5.074190
18.770000,-4.790972,-3.578491,-0.414837,-5.099392
18.780000,-4.827270,-3.717832,-0.551516,-5.121589
18.790000,-4.865001,-3.485832,-0.274118,-5.138386
18.800000,-4.897612,-3.388579,-0.467704,-5.154430
18.810000,-4.926184,-3.248352,-0.400000,-5.166966
18.820000,-4.957160,-2.846224,-0.037670,-5.179130
18.830000,-4.983394,-2.421827,0.364138,-5.187422
18.840000,-5.009341,-2.537951,0.006319,-5.193246
18.850000,-5.033853,-2.109338,0.225341,-5.197338
18.860000,-5.051779,-1.785325,-0.123787,-5.197940
18.870000,-5.069727,-1.536781,0.224730,-5.194545
18.880000,-5.086263,-1.304993,-0.068130,-5.187284
18.890000,-5.099785,-1.293750,0.150665,-5.176015
18.900000,-5.110896,-0.894083,0.153846,-5.160428
18.910000,-5.118300,-0.568755,0.072569,-5.142238
18.920000,-5.122239,-0.341825,-0.145998,-5.122512
18.930000,-5.124170,-0.043722,0.293127,-5.099587
18.940000,-5.123407,0.107843,1.160210,-5.073804
18.950000,-5.121881,0.243654,2.541766,-5.044250
18.960000,-5.118244,0.472154,2.468570,-5.012640
18.970000,-5.110955,0.818835,2.165295,-4.979407
18.980000,-5.101831,0.920845,2.068144,-4.943486
18.990000,-5.088706,1.419780,2.239733,-4.907062
19.000000,-5.073842,1.800647,2.134539,-4.869982
19.010000,-5.055594,2.043956,2.354797,-4.828249
19.020000,-5.032670,2.064450,2.975880,-4.788503
19.030000,-5.011626,2.698001,1.439686,-4.743924
19.040000,-4.983521,2.384710,2.968035,-4.699701
19.050000,-4.954469,3.078790,1.535848,-4.653923
19.060000,-4.925214,3.207157,1.365274,-4.604365
19.070000,-4.890584,3.453176,2.000290,-4.554573
19.080000,-4.857441,3.699490,1.989870,-4.501885
19.090000,-4.820371,3.786737,1.815385,-4.451568
19.100000,-4.779818,4.038074,1.995041,-4.401911
19.110000,-4.742854,4.214267,1.457886,-4.363385
19.120000,-4.699613,4.302728,1.609160,-4.327794
19.130000,-4.658572,4.135560,1.363261,-4.288284
19.140000,-4.612335,4.474937,0.839682,-4.250381
19.150000,-4.573764,4.321783,0.839628,-4.213781
19.160000,-4.530461,4.431587,0.664977,-4.184384
19.170000,-4.493155,3.962958,0.604060,-4.149188
19.180000,-4.451499,4.163610,0.487202,-4.112468
19.190000,-4.413374,3.768824,0.477342,-4.074172
19.200000,-4.373903,3.613155,1.053762,-4.031261
19.210000,-4.337123,3.674650,0.843381,-3.987947
19.220000,-4.299285,3.781497,1.581088,-3.947966
19.230000,-4.259972,4.037615,1.328878,-3.907530
19.240000,-4.218516,3.576842,1.089298,-3.862009
19.250000,-4.181064,4.164246,1.577319,-3.819695
19.260000,-4.137917,3.795786,0.937064,-3.774635
19.270000,-4.097440,4.185879,1.659680,-3.733091
19.280000,-4.056068,4.096190,1.356431,-3.695613
19.290000,-4.019464,3.760174,0.824759,-3.653902
19.300000,-3.977262,4.087851,1.076923,-3.617328
19.310000,-3.936599,3.953196,1.151942,-3.577532
19.320000,-3.896184,4.028811,1.032300,-3.538081
19.330000,-3.856405,4.229672,0.459327,-3.500739
19.340000,-3.813853,4.423004,0.522684,-3.468086
19.350000,-3.772812,3.875741,0.510833,-3.431577
19.360000,-3.733301,3.898937,1.137210,-3.398587
19.370000,-3.697097,3.944218,0.002953,-3.365538
19.380000,-3.654845,3.486639,0.797085,-3.335819
19.390000,-3.622205,3.673004,0.969171,-3.306309
19.400000,-3.585664,3.398221,0.951085,-3.276279
19.410000,-3.548538,3.730669,0.472734,-3.248568
19.420000,-3.514473,3.599015,1.422374,-3.222847
19.430000,-3.478483,3.277171,0.897149,-3.198320
19.440000,-3.449556,3.195091,0.702576,-3.175217
19.450000,-3.416707,3.166931,0.536016,-3.156855
19.460000,-3.383818,2.989275,0.255507,-3.140486
19.470000,-3.357162,2.582916,0.276923,-3.125494
19.480000,-3.328228,2.844987,0.503133,-3.110152
19.490000,-3.303643,2.545659,0.641378,-3.094628
19.500000,-3.280235,2.256575,0.800373,-3.082099
19.510000,-3.257254,2.049109,0.814737,-3.071515
19.520000,-3.236200,2.028773,0.232869,-3.059291
19.530000,-3.212792,2.004285,0.389445,-3.048881
19.540000,-3.195099,1.935284,0.561766,-3.038816
19.550000,-3.177940,1.849223,0.473918,-3.030338
19.560000,-3.161748,1.701099,0.558073,-3.022246
19.570000,-3.145753,1.531954,0.560697,-3.015107
19.580000,-3.130774,1.309793,0.592815,-3.009156
19.590000,-3.118141,1.521801,0.684885,-3.004136
19.600000,-3.105658,1.028638,0.963946,-2.999516
19.610000,-3.094962,1.091284,0.425991,-2.996240
19.620000,-3.084616,1.121169,1.386138,-2.993654
19.630000,-3.074517,0.842006,0.035660,-2.991241
19.640000,-3.065936,0.871500,0.578972,-2.989539
19.650000,-3.057967,0.676692,0.904539,-2.988202
19.660000,-3.051080,0.725275,0.495128,-2.987438
19.670000,-3.045073,0.538079,0.953846,-2.986960
19.680000,-3.040037,0.494029,0.709035,-2.986779
19.690000,-3.035159,0.417758,0.145581,-2.986821
19.700000,-3.030994,0.395850,0.461538,-2.987011
19.710000,-3.027607,0.269368,0.861049,-2.987291
19.720000,-3.024910,0.232967,1.304057,-2.987571
19.730000,-3.022445,0.274219,0.717167,-2.987784
19.740000,-3.019951,0.184606,0.738668,-2.987847
19.750000,-3.018368,0.111210,0.870833,-2.987705
19.760000,-3.017281,0.101099,0.167691,-2.987210
19.770000,-3.016136,0.099987,1.099558,-2.986378
19.780000,-3.014992,0.116161,0.769231,-2.985159
19.790000,-3.014098,0.089543,0.709436,-2.983199
19.800000,-3.013085,0.083516,1.056129,-2.980603
19.810000,-3.012290,0.093048,0.923385,-2.977383
19.820000,-3.010933,0.121151,1.547107,-2.973167
19.830000,-3.009726,0.139917,1.333466,-2.968348
19.840000,-3.008125,0.192456,1.443654,-2.962200
19.850000,-3.005548,0.268132,0.905481,-2.955206
19.860000,-3.002040,0.346615,0.718102,-2.947307
19.870000,-2.999367,0.311724,1.928260,-2.937096
19.880000,-2.995165,0.378134,1.351487,-2.926192
19.890000,-2.991290,0.431187,1.595931,-2.913382
19.900000,-2.985881,0.629936,1.109810,-2.901056
19.910000,-2.979574,0.699588,1.337259,-2.886093
19.920000,-2.972845,0.742758,1.755232,-2.868489
19.930000,-2.963704,0.885603,1.488298,-2.851817
19.940000,-2.954719,1.014932,1.729105,-2.832988
19.950000,-2.943497,1.199841,1.158581,-2.812623
19.960000,-2.933143,1.230101,1.371055,-2.789481
19.970000,-2.919964,1.389384,1.586602,-2.765812
19.980000,-2.906383,1.328088,2.089017,-2.741165
19.990000,-2.890071,1.535612,1.728155,-2.715640
20.000000,-2.874444,1.428131,1.702936,-2.685847
20.010000,-2.856873,1.595604,2.276434,-2.657769
20.020000,-2.836393,1.993877,2.034608,-2.629855
20.030000,-2.816284,2.201133,1.779023,-2.596762
20.040000,-2.795132,2.336029,1.446773,-2.559047
20.050000,-2.772510,2.113010,2.257154,-2.519949
20.060000,-2.747133,2.498133,1.589721,-2.480559
20.070000,-2.721397,2.604642,2.417284,-2.441361
20.080000,-2.692038,2.930174,1.613719,-2.399979
20.090000,-2.660927,2.984790,1.541668,-2.356657
20.100000,-2.628388,3.394854,1.213687,-2.309018
20.110000,-2.597655,3.500051,1.401093,-2.259870
20.120000,-2.560182,3.588648,1.977028,-2.215262
20.130000,-2.524919,3.433842,1.604969,-2.166856
20.140000,-2.487330,3.948156,2.395116,-2.116106
20.150000,-2.448433,4.091037,2.443542,-2.060011
20.160000,-2.407256,3.888240,1.380519,-2.009028
20.170000,-2.358436,4.393518,1.986014,-1.952964
20.180000,-2.317846,4.446525,1.830800,-1.892813
20.190000,-2.272707,4.490192,1.750944,-1.836630
20.200000,-2.219977,5.174723,1.642185,-1.780509
20.210000,-2.171894,5.121161,1.477910,-1.722865
20.220000,-2.122067,4.776204,1.618767,-1.659470
20.230000,-2.075645,5.431444,1.036701,-1.599695
20.240000,-2.021541,4.959537,1.406400,-1.530639
20.250000,-1.968215,5.427523,1.815385,-1.460168
20.260000,-1.912412,5.646126,2.154819,-1.395791
20.270000,-1.851124,5.838995,1.795165,-1.328848
20.280000,-1.797607,6.068622,1.898053,-1.260327
20.290000,-1.737332,5.824777,1.334378,-1.195519
20.300000,-1.672571,5.950831,1.235070,-1.135325
20.310000,-1.612750,6.372320,1.607483,-1.070559
20.320000,-1.550797,5.693613,1.310715,-1.001112
20.330000,-1.489564,6.122117,1.808996,-0.925636
20.340000,-1.428410,6.268789,1.736693,-0.860314
20.350000,-1.364927,6.551108,1.542865,-0.793907
20.360000,-1.298943,6.857428,1.066445,-0.726773
20.370000,-1.229429,6.671758,0.787678,-0.680724
20.380000,-1.166776,6.608042,0.735543,-0.627371
20.390000,-1.107517,6.023812,0.142456,-0.576393
20.400000,-1.043170,6.345301,0.493202,-0.521604
20.410000,-0.983354,6.078084,0.266943,-0.475820
20.420000,-0.922665,5.968479,0.717529,-0.410993
20.430000,-0.864466,5.924969,1.131022,-0.343989
20.440000,-0.800850,5.942120,1.508245,-0.273440
20.450000,-0.744351,5.999768,1.120937,-0.221728
20.460000,-0.684865,6.299184,1.219852,-0.169992
20.470000,-0.626974,5.828476,0.748227,-0.121215
20.480000,-0.566229,5.786004,0.639338,-0.075934
20.490000,-0.508661,5.521253,0.252795,-0.032232
20.500000,-0.453397,5.647814,0.287229,0.012713
20.510000,-0.394756,5.723454,-0.099335,0.068644
20.520000,-0.344457,5.300518,1.093566,0.125189
20.530000,-0.290994,5.688484,1.011521,0.178541
20.540000,-0.235715,5.671626,0.861764,0.227647
20.550000,-0.180577,5.280927,0.622201,0.277999
20.560000,-0.129164,4.895599,1.263970,0.320592
20.570000,-0.078780,5.290146,-0.057105,0.365007
20.580000,-0.025299,5.359611,1.179234,0.402841
20.590000,0.026457,5.326485,0.146901,0.438430
20.600000,0.073243,4.967308,-0.531787,0.478788
20.610000,0.121355,4.738365,0.797969,0.513938
20.620000,0.167150,4.792668,0.543548,0.550638
20.630000,0.211496,4.404246,0.577947,0.585089
20.640000,0.256789,4.231743,0.135014,0.617116
20.650000,0.299608,4.072895,0.515325,0.645643
20.660000,0.340771,4.040360,0.295402,0.672953
20.670000,0.380469,3.826991,0.137070,0.696610
20.680000,0.416832,3.668473,0.255350,0.719231
20.690000,0.453418,3.431032,0.301693,0.738158
20.700000,0.487859,3.291292,0.089525,0.755583
20.710000,0.521961,3.300884,0.003599,0.768469
20.720000,0.550015,2.819901,0.402816,0.778633
20.730000,0.579042,2.736722,0.012340,0.787035
20.740000,0.605291,2.362891,-0.355431,0.792432
20.750000,0.626507,2.283760,-0.374629,0.795717
20.760000,0.648745,1.977865,-0.162882,0.796790
20.770000,0.666299,1.575133,-0.170285,0.795598
20.780000,0.682569,1.508160,0.017901,0.792273
20.790000,0.698056,1.173469,0.581107,0.786060
20.800000,0.708120,1.006091,-0.215385,0.776182
20.810000,0.717222,0.704403,0.124961,0.763085
20.820000,0.724136,0.507698,-0.215385,0.748026
20.830000,0.727873,0.262539,-0.226559,0.729817
20.840000,0.729191,-0.023106,-0.269025,0.708266
20.850000,0.728428,-0.115605,-0.713816,0.684775
20.860000,0.726954,-0.212967,-1.570386,0.659595
20.870000,0.723850,-0.402672,-1.679028,0.631463
20.880000,0.717856,-0.663136,-2.232639,0.599405
20.890000,0.709106,-1.029889,-2.489210,0.566726
20.900000,0.697528,-1.112088,-3.169231,0.530237
20.910000,0.684343,-1.575713,-2.193843,0.493156
20.920000,0.667566,-1.818667,-1.824576,0.453252
20.930000,0.648191,-1.857447,-1.623872,0.412698
20.940000,0.623710,-2.386857,-1.831465,0.370048
20.950000,0.598527,-2.545329,-2.169910,0.326998
20.960000,0.573488,-2.875851,-2.068078,0.284775
20.970000,0.540759,-2.863634,-2.067833,0.240731
20.980000,0.511579,-3.160395,-1.966028,0.195100
20.990000,0.476028,-3.543086,-2.041812,0.149665
21.000000,0.444029,-3.570661,-2.536534,0.103212
21.010000,0.406877,-3.775064,-1.411772,0.056076
21.020000,0.366109,-3.406366,-1.268788,0.009289
21.030000,0.329677,-3.876290,-1.692239,-0.038184
21.040000,0.285058,-4.100983,-1.811089,-0.082773
21.050000,0.245376,-4.293348,-1.345511,-0.127685
21.060000,0.205714,-4.230083,-0.942158,-0.172036
21.070000,0.163612,-4.215269,-1.001950,-0.199130
21.080000,0.118550,-4.024868,-0.939275,-0.226482
21.090000,0.081924,-3.811810,-0.461538,-0.258914
21.100000,0.041762,-3.987272,-0.427521,-0.289308
21.110000,0.000828,-3.851543,-0.311583,-0.314177
21.120000,-0.036271,-3.538909,-0.942905,-0.343521
21.130000,-0.072099,-3.796851,-0.351672,-0.374308
21.140000,-0.105786,-3.636635,-0.671374,-0.402541
21.150000,-0.140461,-3.540705,-0.827633,-0.435875
21.160000,-0.173831,-3.405061,-0.941725,-0.468458
21.170000,-0.209207,-3.320393,-1.874318,-0.500499
21.180000,-0.241601,-3.578776,-1.188722,-0.530268
21.190000,-0.274989,-3.318336,-1.331474,-0.557603
21.200000,-0.303925,-3.346029,-0.694864,-0.584193
21.210000,-0.336209,-3.300786,-0.994142,-0.608627
21.220000,-0.368256,-2.970272,-0.994563,-0.632376
21.230000,-0.396978,-3.064370,-0.767383,-0.654261
21.240000,-0.429240,-3.057075,-0.734181,-0.675564
21.250000,-0.455313,-2.915744,-0.994975,-0.696556
21.260000,-0.485014,-2.724572,-1.088767,-0.713977
21.270000,-0.510291,-2.837616,-0.433868,-0.729637
21.280000,-0.537101,-2.568455,-0.697414,-0.743629
21.290000,-0.560903,-2.421978,-0.415389,-0.756592
21.300000,-0.585377,-2.104691,-0.382649,-0.767241
21.310000,-0.604263,-2.198218,-0.545470,-0.777461
21.320000,-0.624622,-1.946479,-0.624052,-0.784889
21.330000,-0.643339,-2.050878,-0.824264,-0.790028
21.340000,-0.660812,-1.790412,-0.534671,-0.793542
21.350000,-0.675565,-1.700740,-0.619927,-0.795230
21.360000,-0.689955,-1.242680,-0.696256,-0.795004
21.370000,-0.701982,-1.273137,-0.174788,-0.792783
21.380000,-0.713282,-0.872560,-0.018825,-0.788636
21.390000,-0.721856,-0.845507,-0.195472,-0.782786
21.400000,-0.729586,-0.583977,-0.213149,-0.774965
21.410000,-0.734122,-0.508638,-0.246350,-0.765302
21.420000,-0.738381,-0.291236,0.119521,-0.753844
21.430000,-0.740201,-0.117166,-0.257830,-0.740470
21.440000,-0.740253,0.030261,-0.382228,-0.724568
21.450000,-0.739872,0.062492,-0.030769,-0.707857
21.460000,-0.739109,0.101099,1.147297,-0.689701
21.470000,-0.737287,0.222209,1.507692,-0.670783
21.480000,-0.733676,0.407066,1.711863,-0.650942
21.490000,-0.729116,0.557381,1.974610,-0.626969
21.500000,-0.722342,0.774809,1.152062,-0.602682
21.510000,-0.713364,0.883387,1.968208,-0.577182
21.520000,-0.701847,1.238001,1.660546,-0.554103
21.530000,-0.689727,1.467505,1.792362,-0.525980
21.540000,-0.676256,1.620116,2.089086,-0.501034
21.550000,-0.660190,1.619811,2.126166,-0.478415
21.560000,-0.642676,1.832410,2.712509,-0.449903
21.570000,-0.622469,2.037028,2.008693,-0.421351
21.580000,-0.601764,2.012239,1.013160,-0.392264
21.590000,-0.581077,1.919077,2.483180,-0.358836
21.600000,-0.559759,2.358822,1.822179,-0.325993
21.610000,-0.535549,2.527658,1.138462,-0.293911
21.620000,-0.512974,2.152681,1.572565,-0.259228
21.630000,-0.484418,2.816087,1.382193,-0.223854
21.640000,-0.459908,2.895446,1.595116,-0.188959
21.650000,-0.428987,2.506594,1.087981,-0.156865
21.660000,-0.401685,3.161916,1.133560,-0.128426
21.670000,-0.370000,3.070332,1.025675,-0.096767
21.680000,-0.340929,2.845732,1.249527,-0.063836
21.690000,-0.312816,2.628005,1.196344,-0.030636
21.700000,-0.281752,2.856492,0.657946,-0.001461
21.710000,-0.249193,2.902668,0.775825,0.032448
21.720000,-0.219725,3.345881,0.882980,0.061295
21.730000,-0.185624,3.256610,1.200000,0.096599
21.740000,-0.159883,3.125917,1.992688,0.127555
21.750000,-0.126691,3.322035,1.644733,0.163141
21.760000,-0.094063,3.237558,1.413000,0.194637
21.770000,-0.063233,3.123560,1.235692,0.231388
21.780000,-0.030539,3.244877,0.774313,0.269788
21.790000,0.002005,2.903792,0.965764,0.305668
21.800000,0.034492,3.074043,1.103979,0.339939
21.810000,0.070341,3.073978,0.953212,0.374275
21.820000,0.102780,3.226784,1.248513,0.407502
21.830000,0.138584,3.440608,0.994089,0.438353
21.840000,0.171120,3.134779,0.872989,0.470322
21.850000,0.205365,3.328099,0.975346,0.499387
21.860000,0.239061,3.170455,1.151626,0.529152
21.870000,0.269052,3.030518,0.611627,0.559662
21.880000,0.303486,3.476923,0.829405,0.587743
21.890000,0.334518,3.279336,0.735607,0.613744
21.900000,0.366640,3.249366,0.341823,0.639431
21.910000,0.397117,3.191264,0.738591,0.664228
21.920000,0.431366,3.063736,0.435402,0.686897
21.930000,0.458950,2.988271,0.544250,0.708473
21.940000,0.484619,2.599248,0.828929,0.728707
21.950000,0.516610,2.473490,0.098988,0.746755
21.960000,0.540290,2.787174,0.283702,0.765134
21.970000,0.567718,2.536836,0.492491,0.779300
21.980000,0.591892,2.512892,0.684414,0.792732
21.990000,0.614847,2.081294,-0.082480,0.805399
22.000000,0.635388,2.096053,0.356056,0.817653
22.010000,0.656553,2.176647,0.441986,0.826331
22.020000,0.678836,1.946834,0.631493,0.834459
22.030000,0.693582,1.708216,0.461538,0.839530
22.040000,0.712216,1.652628,0.318050,0.844622
22.050000,0.728078,1.510748,0.070280,0.849395
22.060000,0.741239,1.346516,0.548710,0.853317
22.070000,0.753998,1.350770,0.599396,0.856232
22.080000,0.765128,0.979929,0.597330,0.857685
22.090000,0.774985,0.970609,-0.099803,0.858135
22.100000,0.783525,0.742857,0.905642,0.857464
22.110000,0.791564,0.736236,0.466341,0.855729
22.120000,0.798165,0.527531,0.212307,0.853302
22.130000,0.803962,0.523038,0.031248,0.850270
22.140000,0.808222,0.455170,-0.060473,0.845652
22.150000,0.811469,0.244536,0.869658,0.839738
22.160000,0.813475,0.163125,0.960671,0.833105
22.170000,0.814641,0.089093,1.073400,0.826128
22.180000,0.815023,0.019348,0.141226,0.817531
22.190000,0.815023,-0.013187,-0.617786,0.808161
22.200000,0.815023,-0.021978,-0.738700,0.797666
22.210000,0.814641,-0.057143,-1.058265,0.788083
22.220000,0.814139,-0.077511,-0.634011,0.777824
22.230000,0.813038,-0.145055,-0.991011,0.766921
22.240000,0.811398,-0.239573,-1.276952,0.756129
22.250000,0.808053,-0.403870,-1.456712,0.744066
22.260000,0.803737,-0.451527,-1.117885,0.732102
22.270000,0.798965,-0.546963,-1.563426,0.720106
22.280000,0.792730,-0.684100,-1.684776,0.706958
22.290000,0.786166,-0.757305,-1.764817,0.695170
22.300000,0.778908,-0.839895,-1.323858,0.684167
22.310000,0.770173,-0.952641,-1.258315,0.671956
22.320000,0.761901,-0.934600,-1.246009,0.661251
22.330000,0.751698,-0.909890,-0.953846,0.651691
22.340000,0.742726,-0.991895,-1.037852,0.642685
22.350000,0.732732,-0.822359,-1.347183,0.632281
22.360000,0.723433,-0.913177,-1.440402,0.623433
22.370000,0.714377,-0.874644,-1.517476,0.614342
22.380000,0.704032,-1.110563,-0.645727,0.606295
22.390000,0.694136,-0.993629,-0.687819,0.599752
22.400000,0.684362,-0.957628,-0.751698,0.594459
22.410000,0.675792,-0.926383,-0.944861,0.589818
22.420000,0.667022,-0.836163,-0.951850,0.585496
22.430000,0.658678,-0.848630,-0.346250,0.582577
22.440000,0.651094,-0.769083,-0.444400,0.581036
22.450000,0.643447,-0.766503,-0.868662,0.580934
22.460000,0.637225,-0.688789,-0.139357,0.582226
22.470000,0.631460,-0.435165,-0.766533,0.585153
22.480000,0.626619,-0.470330,-0.592875,0.589427
22.490000,0.623160,-0.321334,-0.567657,0.595892
22.500000,0.619821,-0.239111,-0.578472,0.603284
22.510000,0.618563,-0.107044,-0.242538,0.613235
22.520000,0.618181,0.013187,-0.268780,0.623272
22.530000,0.618563,0.004653,0.215385,0.635592
22.540000,0.618944,0.048352,0.791633,0.649367
22.550000,0.619395,0.088302,1.233496,0.666267
22.560000,0.621193,0.236907,1.055722,0.684897
22.570000,0.624481,0.330135,1.253403,0.704832
22.580000,0.628427,0.547576,1.986880,0.727983
22.590000,0.635130,0.785582,2.386786,0.754233
22.600000,0.643798,1.075349,1.960873,0.780905
22.610000,0.655788,1.248883,1.615889,0.808562
22.620000,0.668466,1.362906,2.409426,0.838364
22.630000,0.684214,1.450376,2.540963,0.870984
22.640000,0.700408,1.578058,2.019925,0.905960
22.650000,0.721030,2.141814,1.745765,0.941937
22.660000,0.740187,2.413600,1.815385,0.982649
22.670000,0.763560,2.513742,1.935932,1.023493
22.680000,0.790767,2.806955,1.935959,1.068771
22.690000,0.816254,2.682819,2.199363,1.114094
22.700000,0.846805,3.031900,2.091990,1.160235
22.710000,0.878496,3.425882,0.772843,1.197433
22.720000,0.912902,3.481430,1.679408,1.243551
22.730000,0.946703,3.684624,1.507692,1.293449
22.740000,0.984710,3.483726,2.239156,1.346751
22.750000,1.023874,3.947526,1.670665,1.396317
22.760000,1.061454,3.997358,2.178280,1.455577
22.770000,1.104576,3.977311,1.987453,1.513169
22.780000,1.151979,4.370080,2.343503,1.573908
22.790000,1.197785,4.462579,2.138182,1.635888
22.800000,1.241123,5.127790,2.234300,1.702751
22.810000,1.296501,5.300607,2.661382,1.764363
22.820000,1.340542,5.382829,2.321605,1.832991
22.830000,1.395073,5.357646,1.975631,1.908214
22.840000,1.456033,5.846114,1.925040,1.979623
22.850000,1.510980,6.126457,1.271635,2.052470
22.860000,1.570960,6.274459,1.962471,2.126060
22.870000,1.631717,6.358414,1.791734,2.193872
22.880000,1.696002,6.394461,1.860516,2.262797
22.890000,1.761696,6.277256,1.740011,2.338173
22.900000,1.825551,6.578153,1.137260,2.412886
22.910000,1.888143,6.764604,1.277734,2.486866
22.920000,1.957381,6.945762,1.581138,2.562352
22.930000,2.025239,7.092901,1.623769,2.636111
22.940000,2.094584,7.185451,1.337472,2.711377
22.950000,2.166111,7.323047,1.264239,2.789824
22.960000,2.237037,7.040461,1.535143,2.858742
22.970000,2.307476,7.260824,0.940810,2.923545
22.980000,2.378181,7.246271,1.005044,3.006550
22.990000,2.455792,7.364186,1.399266,3.080622
23.000000,2.522099,7.279634,1.330231,3.159637
23.010000,2.592799,7.289331,1.811262,3.236235
23.020000,2.669343,7.153563,0.717214,3.315367
23.030000,2.740032,7.575058,1.376266,3.394068
23.040000,2.817766,7.588884,1.420216,3.474368
23.050000,2.892225,7.512365,1.326962,3.541403
23.060000,2.965460,7.634822,0.557446,3.614630
23.070000,3.043141,7.630054,0.951463,3.690547
23.080000,3.116947,7.232570,1.734570,3.755703
23.090000,3.199341,7.424240,0.874874,3.818981
23.100000,3.268334,7.439807,0.042718,3.884008
23.110000,3.340499,7.231946,1.282662,3.950940
23.120000,3.413999,7.318681,1.232461,4.018760
23.130000,3.486386,7.064819,0.900233,4.078066
23.140000,3.549214,7.153135,1.500261,4.140166
23.150000,3.623253,6.808190,0.983838,4.197362
23.160000,3.687017,6.920107,0.230978,4.254395
23.170000,3.760390,6.349062,0.896492,4.309867
23.180000,3.827750,6.326488,0.762778,4.367763
23.190000,3.887576,6.371461,0.383927,4.419233
23.200000,3.948759,6.297320,0.301775,4.468857
23.210000,4.012810,5.893996,0.717983,4.516885
23.220000,4.070357,5.889697,0.267306,4.563116
23.230000,4.134958,5.868909,0.148407,4.607167
23.240000,4.187214,5.768399,0.883825,4.651547
23.250000,4.241772,5.698033,0.449682,4.693725
23.260000,4.293928,5.257834,-0.079341,4.731717
23.270000,4.346585,5.068786,0.153846,4.768133
23.280000,4.396353,5.173762,0.396304,4.800080
23.290000,4.446819,4.807457,-0.386625,4.827511
23.300000,4.492293,4.580232,-0.150678,4.847544
23.310000,4.533526,4.298191,-1.143066,4.865772
23.320000,4.575342,3.550581,-0.725828,4.881599
23.330000,4.613175,3.947842,-0.108081,4.898842
23.340000,4.650628,3.241157,-0.267026,4.913979
23.350000,4.683390,3.242694,-0.248024,4.928171
23.360000,4.710080,2.963263,-0.101065,4.939685
23.370000,4.739759,2.396648,0.168970,4.951864
23.380000,4.766883,2.543532,-0.262592,4.958888
23.390000,4.789482,2.312065,-0.224568,4.966490
23.400000,4.809034,2.142069,-0.122480,4.974082
23.410000,4.829942,1.788885,0.215385,4.980573
23.420000,4.848436,1.756370,0.314909,4.985293
23.430000,4.863616,1.532213,0.554401,4.988016
23.440000,4.877532,1.474075,0.400000,4.988438
23.450000,4.891873,1.297172,0.443487,4.986687
23.460000,4.901839,1.094592,0.153846,4.982408
23.470000,4.911537,0.860508,0.117291,4.976039
23.480000,4.918936,0.712002,0.124890,4.968167
23.490000,4.923726,0.483027,0.321365,4.956831
23.500000,4.928473,0.284647,-0.019273,4.944175
23.510000,4.929999,0.057019,0.335871,4.929289
23.520000,4.929999,-0.048352,-0.264651,4.911937
23.530000,4.929236,-0.092308,-0.477553,4.895050
23.540000,4.928092,-0.182477,-1.442845,4.876435
23.550000,4.925318,-0.350455,-2.016705,4.854531
23.560000,4.921896,-0.372253,-1.845056,4.830578
23.570000,4.915686,-0.698778,-1.844865,4.805403
23.580000,4.907986,-1.022110,-2.061538,4.779554
23.590000,4.898733,-1.139456,-1.703910,4.752134
23.600000,4.886715,-1.116629,-2.663896,4.724042
23.610000,4.870793,-1.360793,-1.551370,4.694450
23.620000,4.855061,-1.625408,-1.647834,4.663280
23.630000,4.837750,-1.828301,-0.946554,4.635552
23.640000,4.820717,-1.740483,-1.219515,4.615238
23.650000,4.797683,-2.068867,-1.657698,4.591117
23.660000,4.774868,-2.332849,-0.994601,4.568147
23.670000,4.754942,-2.227657,-1.300430,4.538924
23.680000,4.729754,-2.275086,-1.076923,4.517147
23.690000,4.707471,-2.394069,-1.280260,4.492343
23.700000,4.685162,-2.350024,-1.192240,4.463614
23.710000,4.662235,-2.473995,-1.192993,4.438477
23.720000,4.640559,-2.400668,-1.079071,4.414880
23.730000,4.613062,-2.431669,-0.901750,4.391206
23.740000,4.589925,-2.354758,-0.743875,4.361902
23.750000,4.564621,-2.667538,-1.296332,4.331530
23.760000,4.540251,-2.354596,-1.315362,4.305444
23.770000,4.514166,-2.472027,-0.764277,4.281336
23.780000,4.489430,-2.693299,-1.299011,4.254707
23.790000,4.463183,-2.783170,-1.594223,4.224319
23.800000,4.438726,-2.589195,-0.813905,4.196108
23.810000,4.412236,-2.676522,-1.052869,4.169935
23.820000,4.385280,-2.811669,-1.123824,4.146096
23.830000,4.360013,-2.717054,-1.278629,4.117669
23.840000,4.331540,-2.801965,-0.922122,4.087143
23.850000,4.306828,-2.744155,-0.879874,4.059331
23.860000,4.278940,-2.862107,-1.019252,4.021789
23.870000,4.251208,-2.898773,-1.630769,3.981919
23.880000,4.223071,-3.048906,-1.554515,3.939212
23.890000,4.190348,-3.116304,-1.749708,3.896905
23.900000,4.158657,-3.288769,-1.704979,3.852487
23.910000,4.129345,-3.430856,-2.458716,3.810232
23.920000,4.094935,-3.686893,-1.876923,3.769518
23.930000,4.058265,-3.693752,-1.794787,3.732196
23.940000,4.023168,-3.605202,-0.966367,3.698570
23.950000,3.985116,-3.366793,-1.257634,3.674150
23.960000,3.950650,-3.400729,-0.359996,3.654193
23.970000,3.915672,-3.506476,-0.425859,3.636527
23.980000,3.882259,-3.460904,-0.083542,3.617617
23.990000,3.849517,-3.089855,0.064561,3.600799
24.000000,3.819688,-2.883304,-0.297422,3.583117
24.010000,3.790969,-2.630440,-0.437553,3.564676
24.020000,3.766324,-2.585462,-0.980028,3.541655
24.030000,3.740696,-2.313877,-0.903399,3.520255
24.040000,3.713749,-2.457884,-0.455603,3.502756
24.050000,3.691557,-2.544090,-1.220263,3.483573
24.060000,3.668384,-2.411380,-0.941522,3.467636
24.070000,3.645922,-2.262219,-1.015385,3.452491
24.080000,3.624193,-2.157548,-0.379373,3.438775
24.090000,3.602908,-1.985501,-0.897302,3.425747
24.100000,3.582514,-2.078556,-1.226257,3.414903
24.110000,3.562866,-2.015813,-0.326337,3.404883
24.120000,3.543495,-1.724372,-0.901641,3.395448
24.130000,3.528168,-1.858635,-0.700282,3.387726
24.140000,3.511620,-1.718823,-0.760828,3.380198
24.150000,3.498138,-1.396657,-1.147193,3.374060
24.160000,3.484086,-1.336485,-0.312793,3.368944
24.170000,3.472328,-1.168515,-0.662971,3.364539
24.180000,3.460283,-1.124672,-0.373674,3.361074
24.190000,3.449839,-1.028885,-0.556484,3.358156
24.200000,3.440333,-0.793770,-0.955881,3.355980
24.210000,3.430926,-0.857143,-0.845221,3.354288
24.220000,3.423448,-0.627010,-1.049125,3.352998
24.230000,3.416315,-0.613048,-0.707692,3.352092
24.240000,3.410755,-0.610989,-0.802957,3.351329
24.250000,3.405327,-0.483084,-1.831805,3.350673
24.260000,3.400612,-0.418782,-1.069908,3.350039
24.270000,3.396289,-0.482302,-0.816368,3.349317
24.280000,3.392847,-0.300991,-0.785368,3.348345
24.290000,3.389783,-0.281510,-0.714394,3.347146
24.300000,3.387044,-0.279544,-0.694697,3.345449
24.310000,3.384267,-0.233039,-1.382092,3.343446
24.320000,3.382353,-0.206593,-1.641541,3.340722
24.330000,3.379600,-0.296405,-1.472753,3.337178
24.340000,3.376910,-0.269842,-1.100868,3.332952
24.350000,3.374752,-0.190985,-1.653803,3.327835
24.360000,3.372816,-0.250549,-1.058527,3.321563
24.370000,3.369828,-0.294505,-1.271691,3.313832
24.380000,3.366668,-0.337441,-1.749462,3.304488
24.390000,3.362784,-0.516534,-0.740340,3.294002
24.400000,3.358326,-0.409387,-1.686048,3.282339
24.410000,3.353262,-0.580396,-1.515693,3.268482
24.420000,3.346742,-0.737596,-1.315442,3.253067
24.430000,3.340009,-0.751648,-2.184615,3.237449
24.440000,3.331511,-0.885657,-2.082589,3.219837
24.450000,3.322567,-0.951401,-2.027308,3.200400
24.460000,3.312313,-1.159596,-1.568812,3.177142
24.470000,3.300768,-1.297868,-1.799084,3.152189
24.480000,3.286196,-1.471490,-2.142265,3.125513
24.490000,3.273393,-1.367509,-0.806010,3.095327
24.500000,3.256392,-1.573206,-1.898742,3.064701
24.510000,3.238019,-1.837687,-1.735894,3.032896
24.520000,3.217360,-2.058743,-1.510522,2.997987
24.530000,3.196354,-2.243371,-1.654271,2.961959
24.540000,3.173858,-2.324195,-1.810845,2.923111
24.550000,3.149837,-2.579160,-2.100821,2.879503
24.560000,3.120503,-2.879765,-2.441272,2.835264
24.570000,3.093834,-3.083092,-1.822024,2.788226
24.580000,3.061279,-2.910753,-1.954584,2.740447
24.590000,3.030212,-3.497466,-2.213160,2.696407
24.600000,2.997275,-3.516630,-1.350407,2.660321
24.610000,2.959718,-3.540993,-1.233791,2.629468
24.620000,2.922180,-3.440504,-1.394831,2.586555
24.630000,2.881429,-3.942085,-1.828337,2.529857
24.640000,2.847465,-3.931335,-1.814014,2.469138
24.650000,2.805949,-4.141022,-2.386096,2.410483
24.660000,2.765599,-4.423214,-2.600719,2.343640
24.670000,2.718839,-4.574694,-2.604385,2.277059
24.680000,2.673933,-4.996533,-2.467743,2.205314
24.690000,2.619372,-5.134364,-2.592082,2.134921
24.700000,2.571170,-5.431322,-1.914395,2.062774
24.710000,2.516201,-5.863669,-2.081618,1.984920
24.720000,2.453567,-5.786930,-2.212838,1.909926
24.730000,2.394133,-5.971860,-2.246154,1.825957
24.740000,2.335314,-6.356854,-2.670918,1.740339
24.750000,2.263542,-6.514913,-2.037768,1.656517
24.760000,2.199905,-7.141775,-2.254559,1.575674
24.770000,2.132056,-7.184087,-1.583701,1.494828
24.780000,2.057614,-7.348129,-1.655850,1.404926
24.790000,1.982847,-7.161153,-2.064996,1.315326
24.800000,1.912965,-7.657623,-2.468807,1.231952
24.810000,1.830321,-7.911435,-1.437420,1.144477
24.820000,1.754855,-7.865635,-1.406944,1.049619
24.830000,1.674517,-8.221441,-2.431130,0.950925
24.840000,1.589107,-8.170578,-1.692230,0.860978
24.850000,1.504359,-8.279062,-2.314580,0.765931
24.860000,1.420210,-8.693496,-1.569231,0.675529
24.870000,1.341374,-8.836435,-1.885585,0.579977
24.880000,1.254276,-8.525947,-1.460685,0.485571
24.890000,1.166325,-9.107829,-1.673306,0.391800
24.900000,1.075828,-8.706300,-1.446154,0.295099
24.910000,0.987204,-9.186953,-1.016530,0.227453
24.920000,0.894777,-8.709852,-0.379206,0.164988
24.930000,0.811641,-8.490551,0.085795,0.106792
24.940000,0.726264,-8.773699,0.200255,0.040065
24.950000,0.642826,-8.291533,0.289275,-0.026070
24.960000,0.553734,-8.057143,-0.469159,-0.099509
24.970000,0.483190,-7.822581,-1.665838,-0.194901
24.980000,0.403752,-8.002487,-1.442286,-0.285418
24.990000,0.321815,-8.226561,-1.963508,-0.378979
25.000000,0.245071,-7.673741,-1.821079,-0.472754
25.010000,0.155237,-8.347723,-1.865274,-0.563266
25.020000,0.078461,-8.155959,-0.803232,-0.647944
25.030000,-0.005810,-8.663264,-1.783020,-0.730477
25.040000,-0.088175,-8.628571,-1.561047,-0.812580
25.050000,-0.175865,-8.662805,-1.146427,-0.894317
25.060000,-0.261679,-8.858588,-0.876170,-0.970345
25.070000,-0.338421,-8.345747,-0.702679,-1.048517
25.080000,-0.428562,-8.153299,-0.687452,-1.121262
25.090000,-0.510025,-8.212160,-0.887571,-1.194083
25.100000,-0.590677,-8.480900,0.021496,-1.259576
25.110000,-0.670027,-7.763833,-0.211833,-1.326140
25.120000,-0.747531,-7.610522,-0.847030,-1.385736
25.130000,-0.828418,-7.833319,0.038543,-1.448338
25.140000,-0.903293,-7.253796,0.028868,-1.509926
25.150000,-0.972199,-7.300124,0.342538,-1.560278
25.160000,-1.043886,-6.943852,-0.036647,-1.616471
25.170000,-1.112055,-7.089461,-0.338462,-1.669094
25.180000,-1.182905,-6.805039,-0.214784,-1.715310
25.190000,-1.251383,-6.122917,0.153207,-1.760316
25.200000,-1.310034,-5.941072,0.082556,-1.803429
25.210000,-1.369319,-6.057502,0.188426,-1.845684
25.220000,-1.423738,-5.648176,-0.142378,-1.878854
25.230000,-1.482334,-5.693555,0.395635,-1.901901
25.240000,-1.533391,-5.168228,0.962296,-1.923470
25.250000,-1.585645,-4.812596,0.872677,-1.943974
25.260000,-1.628796,-4.413975,0.394180,-1.967775
25.270000,-1.673338,-3.908941,0.220125,-1.985426
25.280000,-1.714269,-3.643956,0.461538,-2.007558
25.290000,-1.745405,-3.660789,-0.115291,-2.024346
25.300000,-1.783339,-3.507476,-0.204670,-2.038808
25.310000,-1.815015,-2.891747,-0.204977,-2.052942
25.320000,-1.843280,-2.688631,0.200073,-2.065664
25.330000,-1.871674,-2.806848,-0.533811,-2.080368
25.340000,-1.894430,-2.141427,-0.539133,-2.093742
25.350000,-1.918587,-2.413705,-0.142961,-2.104535
25.360000,-1.940949,-2.232925,-0.484395,-2.112968
25.370000,-1.962188,-1.843169,-0.295604,-2.119624
25.380000,-1.980553,-1.687012,-0.373309,-2.124516
25.390000,-1.997450,-1.608452,-0.087573,-2.127321
25.400000,-2.014761,-1.511284,-0.116791,-2.127770
25.410000,-2.027053,-1.139995,-0.436138,-2.126060
25.420000,-2.040157,-1.156216,-0.285972,-2.122991
25.430000,-2.049069,-0.918681,-0.263983,-2.117336
25.440000,-2.057915,-0.694761,-0.014441,-2.109648
25.450000,-2.063606,-0.670761,0.149348,-2.100289
25.460000,-2.068328,-0.357527,-0.020388,-2.088724
25.470000,-2.071367,-0.240496,0.001527,-2.077504
25.480000,-2.072660,-0.015192,-0.167879,-2.065700
25.490000,-2.072366,0.017083,0.660149,-2.049624
25.500000,-2.072051,0.029241,1.202650,-2.032820
25.510000,-2.071221,0.152285,1.221850,-2.016596
25.520000,-2.069043,0.254233,1.343002,-1.998137
25.530000,-2.065808,0.410777,1.770436,-1.979039
25.540000,-2.059750,0.533110,2.008691,-1.957940
25.550000,-2.053341,0.915683,1.463229,-1.935714
25.560000,-2.044025,0.920614,1.432627,-1.911804
25.570000,-2.033479,1.120879,1.641571,-1.887631
25.580000,-2.020941,1.408104,2.073523,-1.866342
25.590000,-2.006868,1.430705,1.763167,-1.844219
25.600000,-1.991617,1.540510,1.920419,-1.822340
25.610000,-1.975459,1.674760,1.875471,-1.795812
25.620000,-1.957225,1.732776,1.608944,-1.773219
25.630000,-1.937902,1.886282,1.449190,-1.749299
25.640000,-1.918961,1.958179,1.150110,-1.725957
25.650000,-1.899867,1.973799,1.027070,-1.701081
25.660000,-1.880331,2.161318,1.053855,-1.675150
25.670000,-1.857610,2.144899,1.958164,-1.648377
25.680000,-1.836202,2.256541,1.036057,-1.623439
25.690000,-1.813098,2.307403,0.342453,-1.602544
25.700000,-1.792297,2.136447,1.079609,-1.579996
25.710000,-1.766949,2.314680,0.915625,-1.558893
25.720000,-1.746919,2.314261,0.846328,-1.536198
25.730000,-1.723722,2.208900,1.248613,-1.511819
25.740000,-1.699949,2.216584,1.032728,-1.490892
25.750000,-1.678138,2.193209,0.737836,-1.470180
25.760000,-1.653647,2.378704,1.792678,-1.452597
25.770000,-1.633558,2.456062,0.736724,-1.434376
25.780000,-1.611888,2.051091,0.590547,-1.416145
25.790000,-1.588480,2.190848,1.066652,-1.399652
25.800000,-1.567823,2.105420,0.926554,-1.382970
25.810000,-1.548036,2.160406,1.111903,-1.367536
25.820000,-1.529022,1.879983,0.792545,-1.353862
25.830000,-1.508806,1.917355,0.476043,-1.342156
25.840000,-1.492388,1.733126,0.616397,-1.330971
25.850000,-1.472665,1.895048,0.358401,-1.321729
25.860000,-1.457396,1.735098,0.744307,-1.313135
25.870000,-1.440835,1.583610,0.389028,-1.306471
25.880000,-1.425993,1.372991,0.648285,-1.301218
25.890000,-1.411945,1.144356,0.594155,-1.296906
25.900000,-1.398627,1.302249,0.470061,-1.294296
25.910000,-1.386846,1.160901,0.204050,-1.293133
25.920000,-1.377515,0.806512,0.884353,-1.293336
25.930000,-1.368526,0.769919,0.343965,-1.295247
25.940000,-1.360272,0.637591,0.812926,-1.298195
25.950000,-1.353603,0.620542,0.487220,-1.303114
25.960000,-1.348429,0.466312,0.754055,-1.309153
25.970000,-1.344849,0.294505,0.618839,-1.316552
25.980000,-1.342222,0.191772,0.422878,-1.325318
25.990000,-1.340933,0.060210,0.268542,-1.336416
26.000000,-1.341077,-0.030769,-0.142048,-1.348629
26.010000,-1.341077,-0.023648,-0.358732,-1.361134
26.020000,-1.341478,-0.074280,-1.135342,-1.375485
26.030000,-1.342885,-0.167978,-1.721640,-1.389992
26.040000,-1.344511,-0.233674,-1.064868,-1.406187
26.050000,-1.347561,-0.417444,-1.138946,-1.423554
26.060000,-1.351977,-0.528108,-1.955879,-1.442185
26.070000,-1.358840,-0.700105,-1.427669,-1.460610
26.080000,-1.366445,-0.945070,-1.784642,-1.479275
26.090000,-1.375826,-1.033306,-1.414469,-1.500221
26.100000,-1.385663,-1.149437,-1.659529,-1.520849
26.110000,-1.397896,-1.136985,-2.104459,-1.543830
26.120000,-1.411416,-1.244286,-1.259226,-1.566356
26.130000,-1.425580,-1.580812,-1.630769,-1.589944
26.140000,-1.441012,-1.780485,-1.617782,-1.613643
26.150000,-1.458454,-1.905332,-1.654416,-1.637380
26.160000,-1.476047,-1.882743,-0.961993,-1.663463
26.170000,-1.495942,-1.873981,-1.274988,-1.687597
26.180000,-1.514219,-1.877479,-1.001758,-1.715772
26.190000,-1.535025,-2.209318,-1.572698,-1.743198
26.200000,-1.556708,-2.445749,-1.663680,-1.773272
26.210000,-1.578964,-2.051332,-1.521694,-1.798921
26.220000,-1.602560,-2.553280,-1.305217,-1.825192
26.230000,-1.627959,-2.352371,-1.188084,-1.850284
26.240000,-1.650360,-2.428687,-1.169410,-1.876094
26.250000,-1.675524,-2.358489,-1.184220,-1.899470
26.260000,-1.700187,-2.352081,-1.299622,-1.926684
26.270000,-1.722105,-2.450452,-1.176687,-1.950285
26.280000,-1.748191,-2.536112,-1.471730,-1.977298
26.290000,-1.772660,-2.657973,-1.435378,-2.002413
26.300000,-1.799160,-2.523965,-1.603668,-2.028135
26.310000,-1.822059,-2.560807,-1.308207,-2.051518
26.320000,-1.846378,-2.471907,-0.577166,-2.071995
26.330000,-1.871096,-2.405131,-0.160710,-2.089362
26.340000,-1.897171,-2.395262,-1.022449,-2.105777
26.350000,-1.921506,-2.365142,-0.338462,-2.122862
26.360000,-1.943463,-2.190951,-0.733770,-2.144656
26.370000,-1.966216,-2.284207,-0.556801,-2.165787
26.380000,-1.988409,-2.238105,-0.836512,-2.187084
26.390000,-2.011450,-1.971930,-0.734741,-2.205723
26.400000,-2.031851,-2.233891,-1.175437,-2.222137
26.410000,-2.051522,-1.995949,-0.755052,-2.238242
26.420000,-2.073412,-2.295920,-0.869476,-2.251024
26.430000,-2.094410,-1.792129,-0.669722,-2.263914
26.440000,-2.112313,-1.759142,-0.800741,-2.273610
26.450000,-2.129808,-1.794396,-0.830769,-2.283048
26.460000,-2.147300,-1.689371,-0.400000,-2.290579
26.470000,-2.164814,-1.640565,-1.009226,-2.296930
26.480000,-2.178799,-1.341519,-0.607023,-2.302350
26.490000,-2.192942,-1.296473,-0.463152,-2.305761
26.500000,-2.207449,-1.310258,-0.606192,-2.307603
26.510000,-2.218223,-1.072822,-0.124074,-2.307751
26.520000,-2.227636,-0.840656,-0.273854,-2.306192
26.530000,-2.237565,-0.875077,-1.497027,-2.303324
26.540000,-2.244388,-0.613526,-0.309551,-2.298353
26.550000,-2.250896,-0.522295,-0.673527,-2.292616
26.560000,-2.255371,-0.448193,-0.473332,-2.283758
26.570000,-2.258553,-0.222334,-0.125327,-2.273958
26.580000,-2.259750,-0.057143,-0.094574,-2.262636
26.590000,-2.260052,0.018400,-0.062923,-2.249155
26.600000,-2.259670,0.026934,0.820677,-2.234457
26.610000,-2.258982,0.127622,0.657207,-2.218631
26.620000,-2.257249,0.245173,1.001655,-2.199757
26.630000,-2.254306,0.406838,1.539939,-2.178717
26.640000,-2.250219,0.454652,1.795164,-2.155327
26.650000,-2.243449,0.600019,1.604084,-2.133579
26.660000,-2.236164,0.978964,1.326018,-2.111224
26.670000,-2.226026,0.875132,1.950534,-2.084893
26.680000,-2.213284,1.321661,1.537422,-2.059750
26.690000,-2.200660,1.340834,1.443425,-2.032650
26.700000,-2.185091,1.661089,1.669880,-2.011060
26.710000,-2.168514,1.750451,1.121401,-1.988375
26.720000,-2.151164,1.720277,1.027249,-1.966220
26.730000,-2.133066,1.922006,1.328161,-1.942726
26.740000,-2.114104,2.008791,0.917617,-1.916865
26.750000,-2.094164,2.005356,1.725970,-1.892311
26.760000,-2.073087,2.211238,1.676337,-1.861986
26.770000,-2.052167,2.373256,1.530120,-1.830129
26.780000,-2.027819,2.194722,1.425013,-1.794409
26.790000,-2.006725,2.333324,1.862131,-1.758721
26.800000,-1.980067,2.654452,1.182174,-1.722507
26.810000,-1.953723,2.738648,1.999526,-1.687350
26.820000,-1.926803,2.585166,1.648554,-1.654723
26.830000,-1.897179,3.150117,1.388078,-1.620251
26.840000,-1.867333,2.953118,1.154936,-1.583547
26.850000,-1.836987,2.958883,1.583139,-1.544369
26.860000,-1.804278,3.179732,1.497300,-1.512006
26.870000,-1.773036,3.414033,1.481482,-1.475351
26.880000,-1.741901,2.910791,1.529836,-1.436419
26.890000,-1.709010,3.521912,1.628030,-1.398647
26.900000,-1.674580,3.188227,1.454257,-1.361801
26.910000,-1.640853,3.330855,1.533307,-1.326131
26.920000,-1.605281,3.403039,1.507692,-1.289101
26.930000,-1.570544,3.497450,1.446154,-1.255552
26.940000,-1.536647,3.550082,1.364808,-1.220899
26.950000,-1.501266,3.435899,1.486067,-1.188361
26.960000,-1.466431,3.587577,0.584953,-1.156297
26.970000,-1.432107,3.451436,0.892308,-1.122104
26.980000,-1.394335,3.509991,1.058180,-1.089728
26.990000,-1.361316,3.170032,0.461538,-1.059314
27.000000,-1.325673,3.100909,1.105983,-1.027511
27.010000,-1.295002,3.269211,0.764758,-0.997505
27.020000,-1.261771,3.410063,0.310918,-0.971261
27.030000,-1.228201,3.297537,0.258332,-0.946319
27.040000,-1.195363,2.846413,0.646154,-0.923521
27.050000,-1.165929,2.975073,0.778235,-0.899176
27.060000,-1.131936,3.051940,0.567370,-0.878034
27.070000,-1.105784,2.944193,0.377799,-0.858469
27.080000,-1.075803,2.736232,1.015074,-0.840668
27.090000,-1.048480,2.758162,0.415721,-0.824226
27.100000,-1.024313,2.524993,0.689585,-0.809115
27.110000,-0.996149,2.191933,0.039366,-0.796941
27.120000,-0.976159,2.183298,0.523077,-0.785972
27.130000,-0.952753,2.209096,0.092308,-0.777276
27.140000,-0.933963,2.114770,0.550616,-0.770803
27.150000,-0.913063,1.732285,0.159492,-0.765777
27.160000,-0.895739,1.549901,-0.006302,-0.763119
27.170000,-0.880365,1.318882,0.073335,-0.762572
27.180000,-0.866506,1.311556,0.075757,-0.764055
27.190000,-0.854867,1.062568,0.081011,-0.767944
27.200000,-0.844915,0.825155,-0.244322,-0.774244
27.210000,-0.835809,0.800095,0.126098,-0.782687
27.220000,-0.829773,0.449798,0.564170,-0.793373
27.230000,-0.825256,0.408791,0.111125,-0.805795
27.240000,-0.822904,0.162502,-0.600695,-0.820733
27.250000,-0.822271,-0.023069,-0.069388,-0.836574
27.260000,-0.822652,-0.065934,-0.545090,-0.857928
27.270000,-0.823490,-0.159012,-1.692308,-0.880091
27.280000,-0.826348,-0.373626,-1.828887,-0.905873
27.290000,-0.830348,-0.442426,-2.125786,-0.934569
27.300000,-0.837384,-0.770911,-2.038013,-0.963278
27.310000,-0.846451,-0.916296,-2.065832,-0.995697
27.320000,-0.859095,-1.361982,-2.035355,-1.028644
27.330000,-0.873140,-1.636885,-2.604726,-1.063209
27.340000,-0.890598,-1.929670,-2.995098,-1.098719
27.350000,-0.908808,-2.084455,-2.178938,-1.138983
27.360000,-0.931377,-2.026607,-2.001259,-1.177476
27.370000,-0.954702,-2.579869,-2.335363,-1.222258
27.380000,-0.982988,-2.825836,-2.224793,-1.266548
27.390000,-1.011084,-3.011370,-1.539799,-1.306953
27.400000,-1.043929,-3.529060,-2.333003,-1.352109
27.410000,-1.072254,-3.381121,-1.490336,-1.395706
27.420000,-1.105965,-3.679257,-2.760256,-1.448466
27.430000,-1.141183,-3.635194,-1.409134,-1.497932
27.440000,-1.180030,-3.867894,-1.726969,-1.540811
27.450000,-1.222314,-3.930761,-0.700129,-1.551067
27.460000,-1.260955,-3.694018,-0.846795,-1.588824
27.470000,-1.296025,-3.648146,-1.300894,-1.658060
27.480000,-1.333461,-3.816193,-2.924449,-1.729959
27.490000,-1.377038,-4.460347,-2.716470,-1.802053
27.500000,-1.421444,-4.830194,-2.942247,-1.878016
27.510000,-1.468759,-4.893471,-2.685520,-1.955219
27.520000,-1.521536,-5.521332,-3.230346,-2.034389
27.530000,-1.574809,-5.918466,-2.739130,-2.115290
27.540000,-1.631212,-5.711470,-2.378193,-2.194005
27.550000,-1.701238,-6.397317,-2.833833,-2.276769
27.560000,-1.765569,-6.601266,-2.410155,-2.361297
27.570000,-1.825064,-6.951042,-2.553846,-2.442639
27.580000,-1.892952,-6.940516,-1.753513,-2.522228
27.590000,-1.964776,-6.995601,-1.484386,-2.603991
27.600000,-2.044395,-7.594055,-1.589630,-2.683044
27.610000,-2.113831,-7.408913,-1.780557,-2.759918
27.620000,-2.186487,-7.676717,-1.507692,-2.830982
27.630000,-2.261111,-7.163067,-0.917683,-2.895457
27.640000,-2.335987,-7.567807,-0.658867,-2.936796
27.650000,-2.404393,-6.932998,0.280180,-2.982791
27.660000,-2.480719,-7.042508,0.119821,-3.018962
27.670000,-2.545822,-6.711715,1.244142,-3.052183
27.680000,-2.606044,-6.024143,0.619580,-3.095939
27.690000,-2.670136,-5.934599,0.418495,-3.132511
27.700000,-2.722836,-5.237841,0.543705,-3.166081
27.710000,-2.780264,-5.215868,-0.078890,-3.212074
27.720000,-2.829137,-5.230651,-0.122253,-3.246497
27.730000,-2.880453,-5.089039,-0.514701,-3.294568
27.740000,-2.929802,-4.822647,-0.941379,-3.338179
27.750000,-2.979123,-4.824920,-0.477965,-3.382093
27.760000,-3.024047,-4.697509,-0.665512,-3.425556
27.770000,-3.073202,-4.324245,-1.331948,-3.466167
27.780000,-3.117141,-4.481917,-1.360841,-3.504816
27.790000,-3.161431,-4.315059,-1.080090,-3.544475
27.800000,-3.205084,-4.623683,-0.755044,-3.579492
27.810000,-3.248668,-4.427244,-1.015385,-3.614823
27.820000,-3.294643,-4.293235,-0.709545,-3.645881
27.830000,-3.335230,-4.192225,-0.235393,-3.676773
27.840000,-3.374835,-3.888233,-0.555894,-3.707201
27.850000,-3.413600,-3.661187,-0.250110,-3.732379
27.860000,-3.452402,-4.098645,-0.777818,-3.759224
27.870000,-3.488536,-3.724109,-0.837020,-3.782765
27.880000,-3.523274,-3.327360,-0.090726,-3.803230
27.890000,-3.557673,-3.438854,-0.435036,-3.823164
27.900000,-3.588032,-3.124598,-0.235815,-3.840136
27.910000,-3.621274,-2.946777,-0.283247,-3.855938
27.920000,-3.646543,-2.810020,-0.216221,-3.868611
27.930000,-3.675134,-2.395289,0.153846,-3.878655
27.940000,-3.700069,-2.375571,0.040830,-3.887345
27.950000,-3.721469,-2.253554,-0.273044,-3.894133
27.960000,-3.743120,-1.963571,0.004355,-3.898599
27.970000,-3.761717,-1.836494,0.067619,-3.901891
27.980000,-3.780803,-1.615403,-0.215385,-3.903251
27.990000,-3.793824,-1.450351,-0.037420,-3.902862
28.000000,-3.808303,-1.328656,-0.011243,-3.900993
28.010000,-3.819642,-1.072939,-0.467650,-3.897696
28.020000,-3.828734,-0.910557,-0.295879,-3.892103
28.030000,-3.837057,-0.603698,-0.032201,-3.885385
28.040000,-3.842171,-0.580338,0.179398,-3.875830
28.050000,-3.846460,-0.357539,-0.029235,-3.865430
28.060000,-3.849279,-0.189011,-0.338462,-3.852623
28.070000,-3.849660,0.029780,-0.459908,-3.840527
28.080000,-3.849279,0.014385,0.710510,-3.825539
28.090000,-3.848898,0.057143,0.743751,-3.809162
28.100000,-3.848008,0.153773,0.846513,-3.794844
28.110000,-3.845661,0.281462,1.837106,-3.776295
28.120000,-3.842288,0.434858,1.611451,-3.756493
28.130000,-3.836909,0.586489,1.683236,-3.734296
28.140000,-3.828637,0.766297,1.740209,-3.714127
28.150000,-3.820448,0.857125,1.847720,-3.690319
28.160000,-3.810151,1.138462,1.818282,-3.666423
28.170000,-3.797388,1.391105,1.289891,-3.642607
28.180000,-3.783737,1.463541,1.919546,-3.615372
28.190000,-3.767460,1.715241,1.346113,-3.591845
28.200000,-3.751257,1.700397,1.813280,-3.565195
28.210000,-3.732128,1.878930,1.600890,-3.539582
28.220000,-3.715336,1.982761,1.350839,-3.519110
28.230000,-3.693631,1.948812,0.910804,-3.497149
28.240000,-3.673661,1.972796,0.925927,-3.468061
28.250000,-3.653682,1.915219,1.664647,-3.440156
28.260000,-3.630923,2.210185,1.679093,-3.410287
28.270000,-3.606867,2.175183,1.070709,-3.382385
28.280000,-3.585046,2.408241,1.785829,-3.352421
28.290000,-3.560511,2.303632,1.365713,-3.325176
28.300000,-3.533891,2.648003,0.934240,-3.300422
28.310000,-3.511737,2.541962,1.070842,-3.272616
28.320000,-3.483782,2.805123,1.070287,-3.245543
28.330000,-3.458423,2.789728,0.548304,-3.217589
28.340000,-3.433991,2.698925,1.261538,-3.189088
28.350000,-3.406517,2.528173,1.188673,-3.164068
28.360000,-3.381663,2.664819,0.474790,-3.141944
28.370000,-3.353603,2.525256,0.994680,-3.117148
28.380000,-3.327256,2.663130,1.149753,-3.092358
28.390000,-3.300743,2.782992,0.970781,-3.069129
28.400000,-3.275792,2.484322,0.817196,-3.046577
28.410000,-3.248280,2.684368,1.387470,-3.026483
28.420000,-3.224198,2.342143,0.351795,-3.005994
28.430000,-3.200916,2.489130,0.309767,-2.986635
28.440000,-3.177211,2.485106,0.599449,-2.967086
28.450000,-3.154927,2.104358,0.979257,-2.948736
28.460000,-3.130496,2.110960,0.948676,-2.933487
28.470000,-3.108407,2.166347,0.461538,-2.918136
28.480000,-3.087437,1.909750,0.663436,-2.904431
28.490000,-3.068151,2.142993,0.728613,-2.891922
28.500000,-3.046596,2.052747,0.778728,-2.881242
28.510000,-3.028600,1.891927,0.611848,-2.871007
28.520000,-3.009958,1.685679,0.685275,-2.862316
28.530000,-2.993686,1.564602,0.881296,-2.853549
28.540000,-2.978490,1.528287,0.228377,-2.846706
28.550000,-2.964352,1.431559,0.657639,-2.841243
28.560000,-2.950838,1.450408,0.436063,-2.836424
28.570000,-2.938668,1.145709,0.865062,-2.832977
28.580000,-2.926376,1.081450,0.807623,-2.830459
28.590000,-2.916881,1.041230,-0.357648,-2.828887
28.600000,-2.906947,0.796509,0.898640,-2.828246
28.610000,-2.899257,0.698623,0.654099,-2.828543
28.620000,-2.891850,0.607385,1.011350,-2.829630
28.630000,-2.885330,0.577305,0.351416,-2.831491
28.640000,-2.880341,0.466858,0.749800,-2.834184
28.650000,-2.876158,0.365100,0.331052,-2.838047
28.660000,-2.873456,0.250158,1.251960,-2.842573
28.670000,-2.871147,0.206593,0.256587,-2.847854
28.680000,-2.869464,0.118901,0.470755,-2.854217
28.690000,-2.868887,0.012770,0.036608,-2.860292
28.700000,-2.868887,-0.004396,0.153846,-2.867218
28.710000,-2.868887,-0.002545,-0.114976,-2.874804
28.720000,-2.869268,-0.031627,-0.181615,-2.883849
28.730000,-2.869598,-0.071114,-1.043214,-2.893019
28.740000,-2.870413,-0.101099,-1.015385,-2.901406
28.750000,-2.871557,-0.142174,-1.158629,-2.910144
28.760000,-2.873099,-0.163364,-1.045910,-2.919222
28.770000,-2.874811,-0.193670,-2.430769,-2.929495
28.780000,-2.877370,-0.319969,-1.619367,-2.940181
28.790000,-2.881166,-0.395000,-1.584104,-2.950283
28.800000,-2.886180,-0.575786,-1.517904,-2.960601
28.810000,-2.890959,-0.485269,-1.121246,-2.970880
28.820000,-2.897759,-0.639575,-1.265410,-2.979921
28.830000,-2.904537,-0.754310,-1.181367,-2.988794
28.840000,-2.911121,-0.740326,-1.384615,-2.997318
28.850000,-2.918844,-0.812365,-0.587231,-3.004350
28.860000,-2.926033,-0.698279,-0.496760,-3.011591
28.870000,-2.934830,-0.855342,-1.015385,-3.017778
28.880000,-2.942098,-0.677629,-1.346098,-3.022969
28.890000,-2.949926,-0.680192,-0.788174,-3.028598
28.900000,-2.957264,-0.669417,-1.184268,-3.033497
28.910000,-2.964540,-0.766098,-0.502172,-3.036706
28.920000,-2.972272,-0.701788,-0.952939,-3.037955
28.930000,-2.977753,-0.642577,-0.395641,-3.036991
28.940000,-2.983740,-0.554186,-0.783365,-3.033818
28.950000,-2.988912,-0.494339,-0.428445,-3.028076
28.960000,-2.992610,-0.341346,0.036594,-3.020150
28.970000,-2.995536,-0.250549,-0.214829,-3.011234
28.980000,-2.997444,-0.098779,-0.257553,-3.002510
28.990000,-2.997826,0.009213,-0.030769,-2.991580
29.000000,-2.997444,0.004396,0.147312,-2.978969
29.010000,-2.997354,0.059214,0.830769,-2.964116
29.020000,-2.996337,0.094019,1.434172,-2.948613
29.030000,-2.994714,0.226952,1.553025,-2.929574
29.040000,-2.991589,0.353180,1.899749,-2.907543
29.050000,-2.987006,0.622961,1.692308,-2.886088
29.060000,-2.979174,0.826628,1.630769,-2.866077
29.070000,-2.970233,0.996753,1.658438,-2.841708
29.080000,-2.959969,1.183369,1.652065,-2.814154
29.090000,-2.946807,1.342032,1.865709,-2.784758
29.100000,-2.934536,1.534490,1.849012,-2.755959
29.110000,-2.916783,1.758113,1.264009,-2.724954
29.120000,-2.899346,1.817767,2.000000,-2.691062
29.130000,-2.880234,2.025021,1.815385,-2.648591
29.140000,-2.859122,2.140215,1.997343,-2.607450
29.150000,-2.834932,2.616447,2.086814,-2.572929
29.160000,-2.807717,2.357263,1.795087,-2.532737
29.170000,-2.779683,3.108495,1.738486,-2.488773
29.180000,-2.752155,3.274725,2.184615,-2.447010
29.190000,-2.719383,3.273938,2.061493,-2.395490
29.200000,-2.684472,3.468510,2.211185,-2.347650
29.210000,-2.652399,3.572287,2.229549,-2.293415
29.220000,-2.612573,3.718685,2.218726,-2.238800
29.230000,-2.574555,3.787267,2.219739,-2.187967
29.240000,-2.534587,4.338258,1.602572,-2.134831
29.250000,-2.487774,4.164266,2.237841,-2.073202
29.260000,-2.444894,4.485566,1.772723,-2.015161
29.270000,-2.401952,4.678610,1.962808,-1.950071
29.280000,-2.352783,5.074350,3.206345,-1.880346
29.290000,-2.302664,5.090947,1.687141,-1.815621
29.300000,-2.250017,5.485517,2.180783,-1.742586
29.310000,-2.191977,5.600431,2.694729,-1.670886
29.320000,-2.139916,6.039394,1.715808,-1.598720
29.330000,-2.078269,5.783002,1.776523,-1.525530
29.340000,-2.012346,6.208237,1.382803,-1.445701
29.350000,-1.950309,6.446827,2.107969,-1.368081
29.360000,-1.884268,6.684081,1.687950,-1.285321
29.370000,-1.819577,6.608822,1.587649,-1.209470
29.380000,-1.748391,7.115776,1.345379,-1.133825
29.390000,-1.681789,7.244362,1.506560,-1.050119
29.400000,-1.608504,7.090930,1.308745,-0.969279
29.410000,-1.536595,7.423587,2.243406,-0.880113
29.420000,-1.459873,7.308900,0.772696,-0.797551
29.430000,-1.392448,7.584209,1.905796,-0.710830
29.440000,-1.314468,7.928328,1.874863,-0.617555
29.450000,-1.229191,7.887215,1.850281,-0.529497
29.460000,-1.148258,7.883251,1.366128,-0.446029
29.470000,-1.070665,8.114023,1.472834,-0.360038
29.480000,-0.990620,8.502584,2.148545,-0.267596
29.490000,-0.914532,8.497151,1.785124,-0.185542
29.500000,-0.823782,7.987520,1.280858,-0.096169
29.510000,-0.747012,8.287290,1.504015,-0.007976
29.520000,-0.661079,8.126645,1.387602,0.082529
29.530000,-0.571089,8.371523,1.174785,0.176061
29.540000,-0.484487,8.895812,1.310796,0.262015
29.550000,-0.401438,9.031890,0.285973,0.351821
29.560000,-0.313321,8.838111,0.848691,0.431554
29.570000,-0.231649,8.978185,0.771064,0.518312
29.580000,-0.142948,8.742695,1.073885,0.595692
29.590000,-0.049094,8.909253,1.231438,0.681727
29.600000,0.038471,8.582708,0.582365,0.762156
29.610000,0.123139,8.672348,0.422359,0.846992
29.620000,0.203213,8.337144,1.281756,0.925176
29.630000,0.291294,8.345870,0.378638,0.996848
29.640000,0.373893,8.435171,0.091135,1.076851
29.650000,0.455966,8.432362,0.800404,1.159027
29.660000,0.533112,8.127473,1.200000,1.240346
29.670000,0.621271,8.205729,1.139232,1.321246
29.680000,0.701744,8.115709,0.690574,1.404354
29.690000,0.780064,8.301459,1.036636,1.484133
29.700000,0.867936,7.829627,2.050637,1.556691
29.710000,0.945787,7.984666,1.532659,1.628658
29.720000,1.021936,8.254037,-0.086185,1.699254
29.730000,1.111186,8.246583,0.458349,1.775831
29.740000,1.186254,7.781102,0.099179,1.843855
29.750000,1.265979,7.714527,0.320970,1.910153
29.760000,1.342822,7.589208,0.312289,1.972791
29.770000,1.414444,7.422507,1.134104,2.037697
29.780000,1.487292,7.375909,-0.151103,2.099810
29.790000,1.566126,6.859356,0.791813,2.165774
29.800000,1.633684,7.068134,0.250195,2.227501
29.810000,1.699650,7.157020,0.379461,2.285305
29.820000,1.776429,6.935406,0.562877,2.342727
29.830000,1.840680,6.567884,-0.069087,2.390363
29.840000,1.905760,6.680897,-0.321175,2.432739
29.850000,1.970060,6.497703,-0.036051,2.478571
29.860000,2.030203,5.747129,0.003251,2.518416
29.870000,2.089996,5.895799,-0.209348,2.561438
29.880000,2.149102,5.150588,0.105141,2.604566
29.890000,2.202116,5.390113,0.107734,2.641967
29.900000,2.253014,5.183302,0.555395,2.679546
29.910000,2.305780,4.904084,0.215385,2.710983
29.920000,2.353504,4.665396,0.099440,2.745969
29.930000,2.400571,4.498504,-0.027253,2.776790
29.940000,2.447222,4.569829,-0.040724,2.807272
29.950000,2.489859,4.338210,0.237602,2.834814
29.960000,2.529938,3.817895,-0.006712,2.859945
29.970000,2.573134,4.046247,0.374307,2.884781
29.980000,2.610471,3.463458,0.073106,2.909078
29.990000,2.642780,3.446237,0.346008,2.929688
30.000000,2.678178,2.957576,0.096966,2.947438
30.010000,2.710797,3.326248,0.192795,2.963377
30.020000,2.740530,3.094910,-0.211521,2.979612
30.030000,2.767801,2.822144,-0.209150,2.991035
30.040000,2.796619,2.514162,0.216685,3.001430
30.050000,2.820427,2.636774,0.465620,3.011766
30.060000,2.843913,2.118259,-0.176419,3.018494
30.070000,2.863139,1.934619,-0.002648,3.024761
30.080000,2.884314,1.852095,0.247506,3.029465
30.090000,2.900166,1.665920,0.184375,3.033270
30.100000,2.916829,1.474661,-0.137231,3.035654
30.110000,2.929034,1.342280,0.545770,3.037255
30.120000,2.942190,1.045062,0.106712,3.037952
30.130000,2.953432,1.082441,0.680521,3.037615
30.140000,2.962427,0.875328,0.567741,3.036439
30.150000,2.970668,0.816552,0.203605,3.034698
30.160000,2.977294,0.566244,0.517557,3.032171
30.170000,2.983179,0.524651,0.153467,3.028715
30.180000,2.987586,0.409695,0.610495,3.024668
30.190000,2.991437,0.250413,1.571465,3.020238
30.200000,2.992921,0.155106,0.461538,3.014540
30.210000,2.994407,0.091648,0.120020,3.007920
30.220000,2.994774,-0.021511,0.462847,3.001890
30.230000,2.994774,-0.005988,0.131061,2.995641
30.240000,2.994774,-0.016983,-0.055926,2.987979
30.250000,2.994392,-0.030769,-0.442224,2.980138
30.260000,2.994392,-0.022683,-0.722506,2.972720
30.270000,2.994011,-0.035248,-1.167487,2.965770
30.280000,2.993373,-0.101235,-0.745219,2.959295
30.290000,2.992427,-0.136264,-0.699650,2.952265
30.300000,2.990310,-0.239123,-1.187616,2.943466
30.310000,2.988107,-0.283196,-1.179382,2.934642
30.320000,2.985081,-0.321876,-1.386098,2.927533
30.330000,2.981230,-0.466254,-1.507195,2.918365
30.340000,2.976615,-0.436866,-0.952516,2.910413
30.350000,2.972015,-0.564226,-1.321784,2.901654
30.360000,2.966280,-0.568540,-1.488854,2.893602
30.370000,2.960453,-0.631121,-1.078895,2.886390
30.380000,2.954226,-0.654945,-1.167486,2.879416
30.390000,2.947347,-0.693813,-1.432275,2.872762
30.400000,2.940875,-0.632122,-1.532548,2.866398
30.410000,2.934095,-0.720599,-0.317502,2.861212
30.420000,2.927398,-0.671280,-0.509977,2.856572
30.430000,2.920749,-0.692068,-0.772277,2.850637
30.440000,2.914824,-0.658746,-0.927240,2.846217
30.450000,2.907942,-0.563100,-0.828815,2.841512
30.460000,2.901944,-0.678288,-0.254868,2.838297
30.470000,2.896081,-0.576425,-0.914223,2.834728
30.480000,2.890611,-0.510007,-0.270352,2.832133
30.490000,2.885422,-0.528958,-0.790027,2.830284
30.500000,2.879803,-0.470330,-0.920722,2.829011
30.510000,2.875833,-0.393052,-1.083373,2.828336
30.520000,2.871444,-0.401510,-0.877886,2.828264
30.530000,2.867593,-0.345370,-0.747223,2.828980
30.540000,2.864057,-0.350307,-0.790608,2.830686
30.550000,2.861257,-0.241354,-0.490892,2.833896
30.560000,2.859502,-0.148551,-0.459416,2.838152
30.570000,2.858405,-0.092708,-1.229368,2.843107
30.580000,2.857824,-0.036074,-0.130493,2.849142
30.590000,2.857824,0.004855,-0.241328,2.856504
30.600000,2.857824,-0.000772,0.284387,2.864903
30.610000,2.857824,0.010626,0.171773,2.873823
30.620000,2.858206,0.039566,0.830769,2.883735
30.630000,2.858968,0.097474,-0.037091,2.896398
30.640000,2.860450,0.202497,1.464683,2.909706
30.650000,2.862928,0.303297,1.346472,2.924666
30.660000,2.866799,0.419666,1.357218,2.940551
30.670000,2.871162,0.487595,1.506953,2.957154
30.680000,2.877236,0.607987,1.409130,2.976973
30.690000,2.884920,0.840807,1.926246,2.995375
30.700000,2.893737,0.903454,1.789376,3.014823
30.710000,2.903501,1.188171,1.183890,3.035076
30.720000,2.915193,1.182418,1.488852,3.058170
30.730000,2.928591,1.360210,1.411755,3.079803
30.740000,2.941791,1.340466,1.697723,3.103113
30.750000,2.957887,1.488217,1.336328,3.127481
30.760000,2.973586,1.748147,1.306440,3.153157
30.770000,2.990810,1.836235,2.481416,3.177231
30.780000,3.009127,1.602083,0.918708,3.203268
30.790000,3.027604,1.774187,1.875039,3.229758
30.800000,3.048829,2.227816,1.589613,3.261453
30.810000,3.069982,2.154754,1.531414,3.297002
30.820000,3.094252,2.106199,1.979030,3.332532
30.830000,3.116829,2.579052,1.685476,3.369670
30.840000,3.142909,2.438717,1.581037,3.405889
30.850000,3.170935,2.758044,1.371605,3.442113
30.860000,3.196357,2.810935,2.027267,3.478664
30.870000,3.225715,2.887912,1.550439,3.513109
30.880000,3.256704,2.971552,1.522818,3.546139
30.890000,3.289512,3.120955,1.300105,3.574241
30.900000,3.320934,3.259593,0.520724,3.598993
30.910000,3.351552,3.019153,1.007447,3.628535
30.920000,3.383313,3.179209,1.230426,3.657332
30.930000,3.412739,3.128056,1.399025,3.682892
30.940000,3.441636,2.737088,0.850396,3.709500
30.950000,3.471569,3.049585,0.488187,3.733827
30.960000,3.501531,2.791400,0.913266,3.758398
30.970000,3.531666,2.931391,1.140003,3.780328
30.980000,3.558643,2.653976,0.368188,3.802008
30.990000,3.586036,2.878772,0.527147,3.820554
31.000000,3.612866,2.777758,0.863387,3.838408
31.010000,3.637952,2.611665,0.603212,3.853474
31.020000,3.664153,2.495011,0.502962,3.866297
31.030000,3.687888,2.224034,0.474284,3.877579
31.040000,3.707819,2.109383,0.428949,3.886957
31.050000,3.728581,2.089485,0.255912,3.892531
31.060000,3.748364,1.913901,0.341635,3.896966
31.070000,3.766213,1.665556,0.097449,3.900421
31.080000,3.780626,1.625814,0.471161,3.902354
31.090000,3.794408,1.390711,0.527570,3.903283
31.100000,3.807744,0.998749,0.731445,3.902745
31.110000,3.818022,1.069245,0.242389,3.900222
31.120000,3.827124,0.847151,0.600221,3.895702
31.130000,3.835524,0.673026,0.374830,3.889674
31.140000,3.840887,0.441789,1.055014,3.881190
31.150000,3.845184,0.406450,0.219413,3.870905
31.160000,3.847774,0.193973,0.106941,3.859392
31.170000,3.848516,0.015419,0.023433,3.848724
31.180000,3.848516,-0.009738,-0.134466,3.837044
31.190000,3.848448,-0.033915,-1.089900,3.820861
31.200000,3.847409,-0.116100,-1.245827,3.809476
31.210000,3.845994,-0.220756,-1.579363,3.794065
31.220000,3.842957,-0.317564,-1.422947,3.776700
31.230000,3.839742,-0.338080,-2.250157,3.759857
31.240000,3.834807,-0.587631,-1.761576,3.733416
31.250000,3.828078,-0.846041,-2.213810,3.703375
31.260000,3.819700,-1.050548,-2.189354,3.671979
31.270000,3.807255,-1.140255,-2.677613,3.643096
31.280000,3.792930,-1.604396,-1.903636,3.610580
31.290000,3.777886,-1.890972,-2.370468,3.579769
31.300000,3.759315,-2.067191,-1.718334,3.549373
31.310000,3.739607,-1.773239,-2.035411,3.512605
31.320000,3.717003,-2.389023,-2.076920,3.472683
31.330000,3.693634,-2.605533,-2.016278,3.431399
31.340000,3.666023,-2.726803,-2.030525,3.385453
31.350000,3.638323,-2.632967,-1.753846,3.336402
31.360000,3.604908,-3.078612,-2.345792,3.290306
31.370000,3.575483,-3.292911,-2.082463,3.240587
31.380000,3.538698,-3.568954,-2.103837,3.186284
31.390000,3.501854,-3.989730,-2.377245,3.133480
31.400000,3.464751,-4.077893,-1.955232,3.086037
31.410000,3.423855,-4.155456,-1.987865,3.028038
31.420000,3.381707,-4.453087,-2.331953,2.972925
31.430000,3.337093,-4.504269,-2.134048,2.916667
31.440000,3.287341,-4.843204,-1.629657,2.861630
31.450000,3.242946,-4.861021,-1.791402,2.802209
31.460000,3.195593,-4.839796,-1.422359,2.743235
31.470000,3.143080,-5.285943,-2.001494,2.678484
31.480000,3.091794,-5.302735,-2.226838,2.618660
31.490000,3.041471,-5.021019,-2.141192,2.555634
31.500000,2.982872,-5.629644,-2.181759,2.496029
31.510000,2.933830,-5.380384,-1.595287,2.430169
31.520000,2.876292,-5.746980,-1.446336,2.371562
31.530000,2.818889,-5.825286,-1.872565,2.303271
31.540000,2.758031,-5.828124,-1.224585,2.242952
31.550000,2.696815,-6.103677,-1.568171,2.186903
31.560000,2.642631,-6.117531,-0.710968,2.126600
31.570000,2.579234,-5.945681,-1.277831,2.066022
31.580000,2.520865,-5.942305,-0.587326,2.007426
31.590000,2.464066,-6.246090,-0.966221,1.955641
31.600000,2.402490,-5.586323,-1.264969,1.891606
31.610000,2.342800,-5.887988,-1.654439,1.835728
31.620000,2.281158,-6.201446,-0.795951,1.772191
31.630000,2.224119,-5.757689,-0.831333,1.714640
31.640000,2.166623,-6.006754,-1.001124,1.658291
31.650000,2.107779,-6.214978,-0.661675,1.604887
31.660000,2.052513,-6.031627,0.148998,1.554979
31.670000,1.987983,-5.737272,-0.130992,1.506605
31.680000,1.934080,-5.486614,-0.135475,1.457432
31.690000,1.881659,-5.596079,-1.051975,1.412084
31.700000,1.823804,-5.426675,-0.926162,1.357123
31.710000,1.765597,-5.204845,-0.828328,1.309061
31.720000,1.713451,-5.206596,-0.762921,1.262625
31.730000,1.660454,-5.522863,-0.432565,1.220193
31.740000,1.611991,-4.939624,-0.722531,1.179776
31.750000,1.561264,-4.757590,-0.710292,1.138294
31.760000,1.511535,-4.728536,-0.308354,1.101314
31.770000,1.461754,-4.866675,-0.519156,1.063738
31.780000,1.413613,-4.354564,-0.384785,1.027156
31.790000,1.370231,-4.508636,-1.173098,0.996225
31.800000,1.322594,-4.485099,-0.343341,0.966417
31.810000,1.282987,-4.330877,-0.438211,0.940198
31.820000,1.239753,-4.281059,-0.117035,0.914349
31.830000,1.200791,-3.959200,-0.441716,0.891072
31.840000,1.163817,-3.577327,-0.190486,0.870017
31.850000,1.129299,-3.415308,0.272149,0.850365
31.860000,1.095716,-2.979553,-0.215385,0.833009
31.870000,1.062104,-2.976692,-0.789254,0.818157
31.880000,1.030594,-2.577011,-0.019639,0.803507
31.890000,1.006287,-2.758201,-0.680844,0.791556
31.900000,0.980454,-2.156350,-0.153846,0.781280
31.910000,0.954352,-2.579384,-0.591958,0.773809
31.920000,0.931214,-1.894476,-0.257172,0.767979
31.930000,0.912527,-1.941996,-0.406114,0.764302
31.940000,0.894726,-1.857562,-0.142352,0.762604
31.950000,0.879664,-1.438818,-0.105146,0.763011
31.960000,0.864937,-1.217038,-0.025048,0.765574
31.970000,0.852624,-1.189962,-0.152976,0.769912
31.980000,0.842544,-1.029160,-0.162569,0.776134
31.990000,0.833228,-0.705275,0.130005,0.785065
32.000000,0.828279,-0.546163,-0.330952,0.797236
32.010000,0.823383,-0.332137,0.068401,0.810956
32.020000,0.821508,-0.098309,-0.214202,0.825279
32.030000,0.821508,0.017972,0.361050,0.840822
32.040000,0.821880,0.021978,1.062625,0.860194
32.050000,0.822820,0.142969,2.297269,0.881302
32.060000,0.825489,0.354948,1.749985,0.900220
32.070000,0.829477,0.413670,2.311239,0.922431
32.080000,0.834871,0.739563,1.894251,0.940776
32.090000,0.842988,0.905412,1.788534,0.961949
32.100000,0.851925,1.044523,1.946588,0.983019
32.110000,0.863217,1.088987,2.354914,1.001875
32.120000,0.874687,1.256022,1.505681,1.019522
32.130000,0.888225,1.544621,2.081465,1.042612
32.140000,0.902582,1.518684,2.073482,1.067413
32.150000,0.917660,1.518338,1.899577,1.090884
32.160000,0.935095,1.775036,1.862021,1.120179
32.170000,0.952163,1.863743,1.999990,1.154388
32.180000,0.971040,2.210425,1.878283,1.194446
32.190000,0.993245,2.376682,1.680440,1.232632
32.200000,1.016863,2.405412,2.389324,1.273246
32.210000,1.040799,2.719107,2.086072,1.314015
32.220000,1.068759,2.716770,2.000000,1.352776
32.230000,1.098082,2.843845,1.631236,1.394370
32.240000,1.129142,3.148519,1.562555,1.437403
32.250000,1.160765,3.403687,1.187897,1.479591
32.260000,1.194746,3.566101,1.282663,1.518221
32.270000,1.232353,3.415498,1.629975,1.562923
32.280000,1.266779,3.361510,1.649887,1.605512
32.290000,1.305600,3.907692,1.630769,1.646339
32.300000,1.340122,3.964808,1.657575,1.688749
32.310000,1.380618,3.599913,1.272339,1.727546
32.320000,1.420726,4.291769,1.952590,1.769098
32.330000,1.455868,4.134376,1.331991,1.809552
32.340000,1.498565,3.746620,0.899612,1.845186
32.350000,1.536676,3.923523,0.889048,1.884822
32.360000,1.574007,4.088685,0.858626,1.921865
32.370000,1.613047,3.741403,0.962361,1.957957
32.380000,1.656255,3.761477,1.370677,1.989793
32.390000,1.689663,3.768441,1.196417,2.023144
32.400000,1.730265,3.643956,1.187043,2.055964
32.410000,1.766197,3.392600,0.864139,2.086125
32.420000,1.803326,3.821145,0.783271,2.114577
32.430000,1.839472,3.737976,0.347853,2.140258
32.440000,1.874203,3.565466,0.804001,2.163999
32.450000,1.910214,3.402925,0.346431,2.186787
32.460000,1.940302,3.083256,0.410951,2.207206
32.470000,1.975530,3.102293,0.350549,2.226814
32.480000,2.001012,2.886018,0.187205,2.242350
32.490000,2.031837,2.661785,0.358089,2.257131
32.500000,2.056180,2.681712,0.238543,2.269842
32.510000,2.080531,2.356499,0.310876,2.280327
32.520000,2.105681,2.222747,0.080549,2.290164
32.530000,2.129083,1.921065,0.507206,2.297625
32.540000,2.147300,1.732460,0.148027,2.303271
32.550000,2.166063,1.764707,0.664851,2.306513
32.560000,2.183282,1.608858,0.053572,2.307874
32.570000,2.198968,1.405708,0.224627,2.307148
32.580000,2.210580,1.082961,-0.201088,2.304204
32.590000,2.222280,1.164638,0.336888,2.299145
32.600000,2.231515,0.893467,0.326590,2.292062
32.610000,2.238970,0.690742,0.069661,2.285379
32.620000,2.244654,0.388839,0.321340,2.277573
32.630000,2.248126,0.326854,0.208814,2.268328
32.640000,2.250413,0.136886,0.071482,2.258304
32.650000,2.251278,-0.003368,0.485507,2.248777
32.660000,2.250896,0.000448,-0.674533,2.238945
32.670000,2.250896,-0.021978,-0.726259,2.227695
32.680000,2.250390,-0.059899,-1.133900,2.215646
32.690000,2.249114,-0.177345,-1.240248,2.203564
32.700000,2.246905,-0.293865,-1.552725,2.189720
32.710000,2.243968,-0.306150,-1.644940,2.175293
32.720000,2.240052,-0.489997,-1.583825,2.158980
32.730000,2.234096,-0.622431,-1.478191,2.143625
32.740000,2.227776,-0.700471,-0.979121,2.127116
32.750000,2.219380,-0.887548,-1.479473,2.107720
32.760000,2.210320,-0.883516,-1.480494,2.083857
32.770000,2.199207,-1.122351,-1.952104,2.060537
32.780000,2.186957,-1.332572,-1.718768,2.037490
32.790000,2.173016,-1.377433,-1.791111,2.015425
32.800000,2.158436,-1.588643,-1.482910,1.992238
32.810000,2.142633,-1.698357,-1.566784,1.965963
32.820000,2.123908,-1.941399,-1.732242,1.938910
32.830000,2.104708,-1.901000,-1.272476,1.911743
32.840000,2.086846,-1.974683,-1.484981,1.884501
32.850000,2.066201,-2.242748,-1.678449,1.857632
32.860000,2.044932,-1.985093,-1.200961,1.830808
32.870000,2.023922,-2.377465,-1.630076,1.804145
32.880000,1.999783,-2.414731,-1.317550,1.775906
32.890000,1.976946,-2.251671,-1.236334,1.748371
32.900000,1.950664,-2.475759,-1.338688,1.723479
32.910000,1.927939,-2.144174,-1.647178,1.699010
32.920000,1.902778,-2.628130,-1.630308,1.671011
32.930000,1.877367,-2.334467,-1.585811,1.646458
32.940000,1.851669,-2.652167,-1.031139,1.620955
32.950000,1.827388,-2.344584,-1.527261,1.596776
32.960000,1.799568,-2.845785,-1.161295,1.572000
32.970000,1.777030,-2.286016,-1.653841,1.549883
32.980000,1.749674,-2.623027,-0.405875,1.528482
32.990000,1.724124,-2.597748,-1.382333,1.505541
33.000000,1.700419,-2.632826,-1.015443,1.484409
33.010000,1.675871,-2.482371,-1.330634,1.464594
33.020000,1.651697,-2.612680,-1.261538,1.445239
33.030000,1.629226,-2.093459,-2.170410,1.427025
33.040000,1.608483,-2.310417,-1.175415,1.408141
33.050000,1.585662,-2.262884,-1.172215,1.390017
33.060000,1.563853,-2.109187,-0.923524,1.374166
33.070000,1.543690,-1.927607,-0.636734,1.360765
33.080000,1.523030,-2.227803,-0.769679,1.346932
33.090000,1.502268,-1.982683,-0.636872,1.334896
33.100000,1.483769,-1.884309,-0.367517,1.324791
33.110000,1.466207,-1.738574,-0.304773,1.315679
33.120000,1.448276,-1.499322,0.028560,1.309120
33.130000,1.433051,-1.612220,-0.608014,1.303403
33.140000,1.417504,-1.601736,-0.533730,1.298895
33.150000,1.403507,-1.287457,-0.477301,1.295954
33.160000,1.392605,-1.251506,-0.466218,1.293907
33.170000,1.380001,-0.879859,-0.792762,1.293017
33.180000,1.370717,-0.892798,-1.172154,1.293758
33.190000,1.363021,-0.679498,-0.626636,1.295854
33.200000,1.355064,-0.632932,-0.113478,1.299300
33.210000,1.349135,-0.594478,-0.463106,1.304728
33.220000,1.344988,-0.391209,-0.588843,1.310986
33.230000,1.340987,-0.336372,-0.526120,1.319014
33.240000,1.338929,-0.126075,-0.526423,1.328538
33.250000,1.338407,-0.002629,-0.255427,1.338611
33.260000,1.338788,0.004396,0.091789,1.348960
33.270000,1.338788,0.021818,0.516358,1.361376
33.280000,1.339425,0.077670,0.851679,1.376638
33.290000,1.340696,0.145654,1.931119,1.392391
33.300000,1.342968,0.276165,1.451462,1.409638
33.310000,1.346176,0.356044,1.323077,1.427290
33.320000,1.351663,0.646114,1.446435,1.444372
33.330000,1.357917,0.754799,1.696719,1.465501
33.340000,1.365943,0.826775,2.195808,1.484615
33.350000,1.376534,1.058912,1.630769,1.505632
33.360000,1.386254,1.271649,1.478462,1.527796
33.370000,1.398591,1.165437,1.971338,1.551718
33.380000,1.413614,1.420160,1.613059,1.572956
33.390000,1.429089,1.631156,1.472580,1.595318
33.400000,1.443446,1.670385,1.081359,1.618605
33.410000,1.463210,1.659332,1.776494,1.644182
33.420000,1.481208,1.668723,1.604034,1.669345
33.430000,1.499393,1.956071,1.814442,1.694134
33.440000,1.518751,1.916148,1.656433,1.717380
33.450000,1.537994,2.041346,1.927645,1.743140
33.460000,1.561166,2.108148,0.843832,1.764407
33.470000,1.580242,1.955582,0.821069,1.788394
33.480000,1.602451,2.091618,1.144553,1.813579
33.490000,1.626442,2.246558,0.950467,1.833973
33.500000,1.647313,1.891902,1.440320,1.858937
33.510000,1.671127,2.169809,0.619214,1.881710
33.520000,1.691619,2.437471,1.078855,1.904343
33.530000,1.715377,2.200403,1.102531,1.928070
33.540000,1.737020,2.488564,0.170541,1.948540
33.550000,1.760852,2.464721,-0.048539,1.968376
33.560000,1.782536,2.005135,0.900785,1.988039
33.570000,1.805445,2.286543,1.221108,2.008254
33.580000,1.829185,2.131855,0.801643,2.027091
33.590000,1.849334,2.146961,0.733272,2.043679
33.600000,1.872754,2.333633,0.778982,2.057782
33.610000,1.893989,1.944472,0.456794,2.071337
33.620000,1.911971,1.946750,0.585398,2.083366
33.630000,1.931669,1.799870,0.838009,2.093526
33.640000,1.950404,1.860717,0.701761,2.103552
33.650000,1.967275,1.676807,0.592551,2.110852
33.660000,1.984035,1.647911,0.541534,2.118584
33.670000,1.997153,1.312604,1.033935,2.123694
33.680000,2.011688,1.293262,0.334643,2.126825
33.690000,2.025039,1.310981,0.023059,2.127848
33.700000,2.035915,1.092932,1.289091,2.126891
33.710000,2.046450,0.874725,0.750041,2.123870
33.720000,2.055286,0.772588,0.077769,2.118953
33.730000,2.061497,0.542509,0.109587,2.112145
33.740000,2.067228,0.527202,0.181211,2.103607
33.750000,2.071449,0.317510,0.301796,2.092478
33.760000,2.073892,0.131932,0.360526,2.079900
33.770000,2.073892,-0.024439,0.065223,2.065486
33.780000,2.073752,-0.059509,-0.411845,2.047397
33.790000,2.073033,-0.096736,-1.138922,2.028239
33.800000,2.071221,-0.254422,-1.317914,2.005792
33.810000,2.067637,-0.454420,-2.037122,1.978569
33.820000,2.062371,-0.586351,-2.406470,1.950144
33.830000,2.054248,-0.897812,-1.857657,1.920749
33.840000,2.044294,-1.086575,-2.097731,1.890452
33.850000,2.031858,-1.494753,-2.033673,1.856799
33.860000,2.017447,-1.545755,-2.996174,1.823158
33.870000,1.998139,-2.039820,-2.408464,1.782962
33.880000,1.979880,-2.146598,-2.324877,1.738895
33.890000,1.957351,-2.511376,-2.358830,1.698572
33.900000,1.931995,-2.842173,-2.488240,1.651915
33.910000,1.904277,-3.004547,-2.184615,1.595653
33.920000,1.873492,-3.000481,-2.593360,1.536848
33.930000,1.838124,-3.634363,-2.326452,1.493970
33.940000,1.805373,-3.806485,-2.263150,1.451293
33.950000,1.765269,-4.159066,-2.064039,1.407169
33.960000,1.727041,-3.886750,-1.546626,1.353823
33.970000,1.683777,-4.303993,-1.559250,1.292917
33.980000,1.641346,-4.495003,-2.725502,1.231091
33.990000,1.597169,-4.616641,-2.226493,1.166538
34.000000,1.552597,-4.994746,-1.653968,1.100248
34.010000,1.505418,-5.043812,-2.287669,1.033021
34.020000,1.452549,-4.954317,-1.711722,0.964543
34.030000,1.396556,-5.463780,-1.146662,0.900775
34.040000,1.345276,-5.202328,-1.592046,0.831556
34.050000,1.288916,-5.651976,-2.108596,0.751777
34.060000,1.229511,-6.202198,-2.570636,0.670223
34.070000,1.168322,-6.342296,-1.873195,0.594525
34.080000,1.103530,-6.313079,-1.978766,0.518556
34.090000,1.036351,-6.800327,-2.059247,0.440140
34.100000,0.973607,-6.477240,-1.468121,0.351752
34.110000,0.901825,-7.195144,-2.373841,0.271879
34.120000,0.831784,-7.155776,-1.576453,0.182545
34.130000,0.759761,-7.341014,-1.733861,0.110314
34.140000,0.680620,-7.381971,-1.443530,0.038364
34.150000,0.603897,-7.769794,-1.892895,-0.048338
34.160000,0.536146,-7.224852,-1.289850,-0.124289
34.170000,0.458386,-7.747294,-1.977010,-0.212036
34.180000,0.382823,-7.892357,-1.746613,-0.301613
34.190000,0.302030,-7.840890,-1.410693,-0.386510
34.200000,0.227104,-7.931168,-1.618332,-0.475080
34.210000,0.148502,-8.154333,-1.475685,-0.554423
34.220000,0.059419,-8.233809,-1.265756,-0.642278
34.230000,-0.022737,-7.934977,-1.876923,-0.727009
34.240000,-0.099948,-8.319633,-1.200000,-0.805307
34.250000,-0.182134,-8.155120,-0.621256,-0.888066
34.260000,-0.267735,-8.015243,-1.393797,-0.976711
34.270000,-0.343204,-8.416879,-1.865539,-1.057075
34.280000,-0.426762,-8.160908,-1.138462,-1.142571
34.290000,-0.510871,-8.296789,-0.879604,-1.221540
34.300000,-0.590651,-8.054672,-1.327236,-1.298485
34.310000,-0.675012,-8.508196,-1.070620,-1.371232
34.320000,-0.756618,-8.245165,-0.240513,-1.436364
34.330000,-0.837219,-8.181515,-0.749916,-1.509252
34.340000,-0.917248,-7.590487,-1.367629,-1.590400
34.350000,-0.995325,-8.168066,-0.654556,-1.667848
34.360000,-1.072612,-7.612727,-1.170304,-1.741569
34.370000,-1.159277,-7.806307,-1.338261,-1.813789
34.380000,-1.230598,-7.719844,-1.033986,-1.893179
34.390000,-1.306389,-7.721071,-0.865210,-1.955598
34.400000,-1.389184,-7.588235,-0.427453,-2.013268
34.410000,-1.456423,-7.401884,-0.447582,-2.079330
34.420000,-1.537949,-7.434370,0.048008,-2.139643
34.430000,-1.608686,-7.055868,-0.562274,-2.197418
34.440000,-1.680812,-7.347900,-0.795392,-2.256737
34.450000,-1.748151,-6.621277,-0.395876,-2.320986
34.460000,-1.818533,-6.768472,-0.665870,-2.379716
34.470000,-1.883384,-6.757800,0.030782,-2.435280
34.480000,-1.949338,-6.182898,-0.812733,-2.492679
34.490000,-2.014098,-6.223895,-0.515844,-2.544332
34.500000,-2.071142,-6.215485,-0.750629,-2.596546
34.510000,-2.132913,-6.315244,-0.159629,-2.642808
34.520000,-2.199790,-5.745805,-0.302571,-2.688176
34.530000,-2.257930,-5.903297,-0.242992,-2.734407
34.540000,-2.311993,-5.481982,-0.076077,-2.778949
34.550000,-2.373884,-5.724705,-0.452853,-2.824109
34.560000,-2.424921,-4.887718,-0.171792,-2.862099
34.570000,-2.474151,-5.282218,-0.140839,-2.900212
34.580000,-2.527440,-5.094990,-0.689625,-2.939783
34.590000,-2.578123,-5.126342,0.009541,-2.974712
34.600000,-2.621465,-4.773968,-0.474913,-3.009857
34.610000,-2.669965,-4.728621,-0.464174,-3.042379
34.620000,-2.714929,-4.423941,-0.268410,-3.071236
34.630000,-2.756823,-4.423473,-0.148180,-3.101200
34.640000,-2.800199,-4.139362,-0.736611,-3.126067
34.650000,-2.836445,-3.950893,-0.283541,-3.150170
34.660000,-2.875247,-3.251845,-0.566631,-3.173261
34.670000,-2.910117,-3.234837,-0.231123,-3.192850
34.680000,-2.944031,-3.061973,0.310525,-3.211830
34.690000,-2.976148,-2.957812,0.084950,-3.230213
34.700000,-3.008556,-2.950578,0.039247,-3.246698
34.710000,-3.038608,-2.789149,-0.208653,-3.262182
34.720000,-3.064393,-2.615385,-0.246168,-3.274176
34.730000,-3.088904,-2.418242,0.035239,-3.286811
34.740000,-3.111884,-2.123601,-0.839256,-3.296644
34.750000,-3.133901,-2.210701,-0.215385,-3.305224
34.760000,-3.155505,-1.936940,-0.301389,-3.313078
34.770000,-3.173624,-1.661942,-0.590936,-3.320664
34.780000,-3.189407,-1.611763,-0.056772,-3.326366
34.790000,-3.205732,-1.481024,-0.031218,-3.331714
34.800000,-3.221175,-1.414309,-0.353086,-3.335680
34.810000,-3.233748,-1.327008,-0.663966,-3.338946
34.820000,-3.244640,-1.251753,-0.653116,-3.341850
34.830000,-3.256197,-0.971186,-0.586312,-3.343845
34.840000,-3.265465,-0.872996,-0.793444,-3.345697
34.850000,-3.273716,-0.675552,-0.344205,-3.347223
34.860000,-3.280859,-0.675096,-0.498169,-3.348261
34.870000,-3.288567,-0.531868,-1.393301,-3.349117
34.880000,-3.293445,-0.658116,-0.888373,-3.349785
34.890000,-3.298566,-0.437607,-0.931624,-3.350412
34.900000,-3.303654,-0.458690,-1.172267,-3.350920
34.910000,-3.307567,-0.294883,-1.559980,-3.351506
34.920000,-3.310636,-0.330059,-0.935146,-3.352147
34.930000,-3.313914,-0.283791,-1.221156,-3.352977
34.940000,-3.316230,-0.238818,-0.687717,-3.354059
34.950000,-3.318666,-0.267683,-1.009101,-3.355524
34.960000,-3.320989,-0.250549,-0.813354,-3.357304
34.970000,-3.323134,-0.191095,-0.874526,-3.359334
34.980000,-3.324750,-0.145055,-0.156538,-3.362207
34.990000,-3.326276,-0.164716,-1.153009,-3.365450
